[0.000000] (-) TimerEvent: {}
[0.000145] (behaviortree_cpp_v3) JobQueued: {'identifier': 'behaviortree_cpp_v3', 'dependencies': OrderedDict()}
[0.000220] (bt_interfaces_dummy) JobQueued: {'identifier': 'bt_interfaces_dummy', 'dependencies': OrderedDict()}
[0.000494] (btcpp_ros2_interfaces) JobQueued: {'identifier': 'btcpp_ros2_interfaces', 'dependencies': OrderedDict()}
[0.000516] (overarching_msgs) JobQueued: {'identifier': 'overarching_msgs', 'dependencies': OrderedDict()}
[0.000524] (pyrobosim) JobQueued: {'identifier': 'pyrobosim', 'dependencies': OrderedDict()}
[0.000531] (pyrobosim_msgs) JobQueued: {'identifier': 'pyrobosim_msgs', 'dependencies': OrderedDict()}
[0.000537] (behaviortree_ros2) JobQueued: {'identifier': 'behaviortree_ros2', 'dependencies': OrderedDict({'btcpp_ros2_interfaces': '/convince_ws/install/btcpp_ros2_interfaces'})}
[0.000545] (pyrobosim_ros) JobQueued: {'identifier': 'pyrobosim_ros', 'dependencies': OrderedDict({'pyrobosim_msgs': '/convince_ws/install/pyrobosim_msgs'})}
[0.000551] (bt_executor) JobQueued: {'identifier': 'bt_executor', 'dependencies': OrderedDict({'bt_interfaces_dummy': '/convince_ws/install/bt_interfaces_dummy', 'btcpp_ros2_interfaces': '/convince_ws/install/btcpp_ros2_interfaces', 'overarching_msgs': '/convince_ws/install/overarching_msgs', 'pyrobosim_msgs': '/convince_ws/install/pyrobosim_msgs', 'behaviortree_ros2': '/convince_ws/install/behaviortree_ros2'})}
[0.000564] (btcpp_ros2_samples) JobQueued: {'identifier': 'btcpp_ros2_samples', 'dependencies': OrderedDict({'btcpp_ros2_interfaces': '/convince_ws/install/btcpp_ros2_interfaces', 'behaviortree_ros2': '/convince_ws/install/behaviortree_ros2'})}
[0.000571] (tutorial_sim) JobQueued: {'identifier': 'tutorial_sim', 'dependencies': OrderedDict({'overarching_msgs': '/convince_ws/install/overarching_msgs', 'pyrobosim_msgs': '/convince_ws/install/pyrobosim_msgs', 'pyrobosim_ros': '/convince_ws/install/pyrobosim_ros'})}
[0.000578] (btcpp_ros2_interfaces) JobStarted: {'identifier': 'btcpp_ros2_interfaces'}
[0.003466] (pyrobosim_msgs) JobStarted: {'identifier': 'pyrobosim_msgs'}
[0.004765] (overarching_msgs) JobStarted: {'identifier': 'overarching_msgs'}
[0.005929] (bt_interfaces_dummy) JobStarted: {'identifier': 'bt_interfaces_dummy'}
[0.007291] (behaviortree_cpp_v3) JobStarted: {'identifier': 'behaviortree_cpp_v3'}
[0.008447] (pyrobosim) JobStarted: {'identifier': 'pyrobosim'}
[0.010322] (btcpp_ros2_interfaces) JobProgress: {'identifier': 'btcpp_ros2_interfaces', 'progress': 'cmake'}
[0.010565] (btcpp_ros2_interfaces) JobProgress: {'identifier': 'btcpp_ros2_interfaces', 'progress': 'build'}
[0.010832] (btcpp_ros2_interfaces) Command: {'cmd': ['/usr/bin/cmake', '--build', '/convince_ws/build/btcpp_ros2_interfaces', '--', '-j20', '-l20'], 'cwd': '/convince_ws/build/btcpp_ros2_interfaces', 'env': OrderedDict({'PYTHONWARNINGS': 'ignore:setup.py install is deprecated,ignore:easy_install command is deprecated', 'HOSTNAME': '7bef9378b671', 'SHLVL': '1', 'LD_LIBRARY_PATH': '/opt/ros/jazzy/opt/zmqpp_vendor/lib:/opt/ros/jazzy/lib/x86_64-linux-gnu:/opt/ros/jazzy/lib', 'HOME': '/root', 'OLDPWD': '/convince_ws', 'ROS_PYTHON_VERSION': '3', 'ROS_DISTRO': 'jazzy', '_': '/usr/bin/colcon', 'ROS_VERSION': '2', 'TERM': 'xterm', 'QT_X11_NO_MITSHM': '1', 'PATH': '/opt/ros/jazzy/bin:/usr/local/sbin:/usr/local/bin:/usr/sbin:/usr/bin:/sbin:/bin', 'DISPLAY': ':1', 'LANG': 'C.UTF-8', 'AMENT_PREFIX_PATH': '/opt/ros/jazzy', 'ROS_WS': '/convince_ws', 'ROS_AUTOMATIC_DISCOVERY_RANGE': 'SUBNET', 'PWD': '/convince_ws/build/btcpp_ros2_interfaces', 'LC_ALL': 'C.UTF-8', 'PYTHONPATH': '/opt/ros/jazzy/lib/python3.12/site-packages', 'COLCON': '1', 'CMAKE_PREFIX_PATH': '/opt/ros/jazzy'}), 'shell': False}
[0.012011] (pyrobosim_msgs) JobProgress: {'identifier': 'pyrobosim_msgs', 'progress': 'cmake'}
[0.012416] (pyrobosim_msgs) JobProgress: {'identifier': 'pyrobosim_msgs', 'progress': 'build'}
[0.012620] (pyrobosim_msgs) Command: {'cmd': ['/usr/bin/cmake', '--build', '/convince_ws/build/pyrobosim_msgs', '--', '-j20', '-l20'], 'cwd': '/convince_ws/build/pyrobosim_msgs', 'env': OrderedDict({'PYTHONWARNINGS': 'ignore:setup.py install is deprecated,ignore:easy_install command is deprecated', 'HOSTNAME': '7bef9378b671', 'SHLVL': '1', 'LD_LIBRARY_PATH': '/opt/ros/jazzy/opt/zmqpp_vendor/lib:/opt/ros/jazzy/lib/x86_64-linux-gnu:/opt/ros/jazzy/lib', 'HOME': '/root', 'OLDPWD': '/convince_ws', 'ROS_PYTHON_VERSION': '3', 'ROS_DISTRO': 'jazzy', '_': '/usr/bin/colcon', 'ROS_VERSION': '2', 'TERM': 'xterm', 'QT_X11_NO_MITSHM': '1', 'PATH': '/opt/ros/jazzy/bin:/usr/local/sbin:/usr/local/bin:/usr/sbin:/usr/bin:/sbin:/bin', 'DISPLAY': ':1', 'LANG': 'C.UTF-8', 'AMENT_PREFIX_PATH': '/opt/ros/jazzy', 'ROS_WS': '/convince_ws', 'ROS_AUTOMATIC_DISCOVERY_RANGE': 'SUBNET', 'PWD': '/convince_ws/build/pyrobosim_msgs', 'LC_ALL': 'C.UTF-8', 'PYTHONPATH': '/opt/ros/jazzy/lib/python3.12/site-packages', 'COLCON': '1', 'CMAKE_PREFIX_PATH': '/opt/ros/jazzy'}), 'shell': False}
[0.013040] (overarching_msgs) JobProgress: {'identifier': 'overarching_msgs', 'progress': 'cmake'}
[0.013259] (overarching_msgs) JobProgress: {'identifier': 'overarching_msgs', 'progress': 'build'}
[0.013425] (overarching_msgs) Command: {'cmd': ['/usr/bin/cmake', '--build', '/convince_ws/build/overarching_msgs', '--', '-j20', '-l20'], 'cwd': '/convince_ws/build/overarching_msgs', 'env': OrderedDict({'PYTHONWARNINGS': 'ignore:setup.py install is deprecated,ignore:easy_install command is deprecated', 'HOSTNAME': '7bef9378b671', 'SHLVL': '1', 'LD_LIBRARY_PATH': '/opt/ros/jazzy/opt/zmqpp_vendor/lib:/opt/ros/jazzy/lib/x86_64-linux-gnu:/opt/ros/jazzy/lib', 'HOME': '/root', 'OLDPWD': '/convince_ws', 'ROS_PYTHON_VERSION': '3', 'ROS_DISTRO': 'jazzy', '_': '/usr/bin/colcon', 'ROS_VERSION': '2', 'TERM': 'xterm', 'QT_X11_NO_MITSHM': '1', 'PATH': '/opt/ros/jazzy/bin:/usr/local/sbin:/usr/local/bin:/usr/sbin:/usr/bin:/sbin:/bin', 'DISPLAY': ':1', 'LANG': 'C.UTF-8', 'AMENT_PREFIX_PATH': '/opt/ros/jazzy', 'ROS_WS': '/convince_ws', 'ROS_AUTOMATIC_DISCOVERY_RANGE': 'SUBNET', 'PWD': '/convince_ws/build/overarching_msgs', 'LC_ALL': 'C.UTF-8', 'PYTHONPATH': '/opt/ros/jazzy/lib/python3.12/site-packages', 'COLCON': '1', 'CMAKE_PREFIX_PATH': '/opt/ros/jazzy'}), 'shell': False}
[0.013810] (bt_interfaces_dummy) JobProgress: {'identifier': 'bt_interfaces_dummy', 'progress': 'cmake'}
[0.014029] (bt_interfaces_dummy) JobProgress: {'identifier': 'bt_interfaces_dummy', 'progress': 'build'}
[0.014184] (bt_interfaces_dummy) Command: {'cmd': ['/usr/bin/cmake', '--build', '/convince_ws/build/bt_interfaces_dummy', '--', '-j20', '-l20'], 'cwd': '/convince_ws/build/bt_interfaces_dummy', 'env': OrderedDict({'PYTHONWARNINGS': 'ignore:setup.py install is deprecated,ignore:easy_install command is deprecated', 'HOSTNAME': '7bef9378b671', 'SHLVL': '1', 'LD_LIBRARY_PATH': '/opt/ros/jazzy/opt/zmqpp_vendor/lib:/opt/ros/jazzy/lib/x86_64-linux-gnu:/opt/ros/jazzy/lib', 'HOME': '/root', 'OLDPWD': '/convince_ws', 'ROS_PYTHON_VERSION': '3', 'ROS_DISTRO': 'jazzy', '_': '/usr/bin/colcon', 'ROS_VERSION': '2', 'TERM': 'xterm', 'QT_X11_NO_MITSHM': '1', 'PATH': '/opt/ros/jazzy/bin:/usr/local/sbin:/usr/local/bin:/usr/sbin:/usr/bin:/sbin:/bin', 'DISPLAY': ':1', 'LANG': 'C.UTF-8', 'AMENT_PREFIX_PATH': '/opt/ros/jazzy', 'ROS_WS': '/convince_ws', 'ROS_AUTOMATIC_DISCOVERY_RANGE': 'SUBNET', 'PWD': '/convince_ws/build/bt_interfaces_dummy', 'LC_ALL': 'C.UTF-8', 'PYTHONPATH': '/opt/ros/jazzy/lib/python3.12/site-packages', 'COLCON': '1', 'CMAKE_PREFIX_PATH': '/opt/ros/jazzy'}), 'shell': False}
[0.014536] (behaviortree_cpp_v3) JobProgress: {'identifier': 'behaviortree_cpp_v3', 'progress': 'cmake'}
[0.014752] (behaviortree_cpp_v3) JobProgress: {'identifier': 'behaviortree_cpp_v3', 'progress': 'build'}
[0.014908] (behaviortree_cpp_v3) Command: {'cmd': ['/usr/bin/cmake', '--build', '/convince_ws/build/behaviortree_cpp_v3', '--', '-j20', '-l20'], 'cwd': '/convince_ws/build/behaviortree_cpp_v3', 'env': OrderedDict({'PYTHONWARNINGS': 'ignore:setup.py install is deprecated,ignore:easy_install command is deprecated', 'HOSTNAME': '7bef9378b671', 'SHLVL': '1', 'LD_LIBRARY_PATH': '/opt/ros/jazzy/opt/zmqpp_vendor/lib:/opt/ros/jazzy/lib/x86_64-linux-gnu:/opt/ros/jazzy/lib', 'HOME': '/root', 'OLDPWD': '/convince_ws', 'ROS_PYTHON_VERSION': '3', 'ROS_DISTRO': 'jazzy', '_': '/usr/bin/colcon', 'ROS_VERSION': '2', 'TERM': 'xterm', 'QT_X11_NO_MITSHM': '1', 'PATH': '/opt/ros/jazzy/bin:/usr/local/sbin:/usr/local/bin:/usr/sbin:/usr/bin:/sbin:/bin', 'DISPLAY': ':1', 'LANG': 'C.UTF-8', 'AMENT_PREFIX_PATH': '/opt/ros/jazzy', 'ROS_WS': '/convince_ws', 'ROS_AUTOMATIC_DISCOVERY_RANGE': 'SUBNET', 'PWD': '/convince_ws/build/behaviortree_cpp_v3', 'LC_ALL': 'C.UTF-8', 'PYTHONPATH': '/opt/ros/jazzy/lib/python3.12/site-packages', 'COLCON': '1', 'CMAKE_PREFIX_PATH': '/opt/ros/jazzy'}), 'shell': False}
[0.044794] (bt_interfaces_dummy) StdoutLine: {'line': b'[  1%] Built target bt_interfaces_dummy__rosidl_generator_type_description\n'}
[0.048036] (btcpp_ros2_interfaces) StdoutLine: {'line': b'[  1%] Built target btcpp_ros2_interfaces__rosidl_generator_type_description\n'}
[0.048775] (overarching_msgs) StdoutLine: {'line': b'[  1%] Built target overarching_msgs__rosidl_generator_type_description\n'}
[0.049776] (pyrobosim_msgs) StdoutLine: {'line': b'[  0%] Built target pyrobosim_msgs__rosidl_generator_type_description\n'}
[0.050095] (btcpp_ros2_interfaces) StdoutLine: {'line': b'[  1%] Built target ament_cmake_python_symlink_btcpp_ros2_interfaces\n'}
[0.050195] (behaviortree_cpp_v3) StdoutLine: {'line': b'[  2%] Built target gtest\n'}
[0.052315] (bt_interfaces_dummy) StdoutLine: {'line': b'[  1%] Built target ament_cmake_python_symlink_bt_interfaces_dummy\n'}
[0.052509] (pyrobosim_msgs) StdoutLine: {'line': b'[  0%] Built target ament_cmake_python_symlink_pyrobosim_msgs\n'}
[0.052978] (behaviortree_cpp_v3) StdoutLine: {'line': b'[  4%] Built target gtest_main\n'}
[0.054775] (overarching_msgs) StdoutLine: {'line': b'[  1%] Built target ament_cmake_python_symlink_overarching_msgs\n'}
[0.058531] (bt_interfaces_dummy) StdoutLine: {'line': b'[  2%] Built target bt_interfaces_dummy__cpp\n'}
[0.060404] (bt_interfaces_dummy) StdoutLine: {'line': b'[ 26%] Built target bt_interfaces_dummy__rosidl_generator_c\n'}
[0.062112] (overarching_msgs) StdoutLine: {'line': b'[  2%] Built target overarching_msgs__cpp\n'}
[0.062534] (behaviortree_cpp_v3) StdoutLine: {'line': b'[ 38%] Built target behaviortree_cpp_v3\n'}
[0.062678] (btcpp_ros2_interfaces) StdoutLine: {'line': b'[ 23%] Built target btcpp_ros2_interfaces__rosidl_generator_c\n'}
[0.062778] (btcpp_ros2_interfaces) StdoutLine: {'line': b'[ 25%] Built target btcpp_ros2_interfaces__cpp\n'}
[0.064834] (pyrobosim_msgs) StdoutLine: {'line': b'[  0%] Built target pyrobosim_msgs__cpp\n'}
[0.065880] (overarching_msgs) StdoutLine: {'line': b'[ 25%] Built target overarching_msgs__rosidl_generator_c\n'}
[0.080684] (pyrobosim_msgs) StdoutLine: {'line': b'[ 28%] Built target pyrobosim_msgs__rosidl_generator_c\n'}
[0.080889] (behaviortree_cpp_v3) StdoutLine: {'line': b'[ 42%] Built target dummy_nodes_dyn\n'}
[0.080996] (behaviortree_cpp_v3) StdoutLine: {'line': b'[ 40%] Built target bt3_log_cat\n'}
[0.081439] (btcpp_ros2_interfaces) StdoutLine: {'line': b'[ 34%] Built target btcpp_ros2_interfaces__rosidl_typesupport_fastrtps_c\n'}
[0.084655] (btcpp_ros2_interfaces) StdoutLine: {'line': b'[ 43%] Built target btcpp_ros2_interfaces__rosidl_typesupport_introspection_c\n'}
[0.084838] (behaviortree_cpp_v3) StdoutLine: {'line': b'[ 44%] Built target crossdoor_nodes_dyn\n'}
[0.084981] (btcpp_ros2_interfaces) StdoutLine: {'line': b'[ 53%] Built target btcpp_ros2_interfaces__rosidl_typesupport_c\n'}
[0.085090] (behaviortree_cpp_v3) StdoutLine: {'line': b'[ 49%] Built target bt3_recorder\n'}
[0.085153] (behaviortree_cpp_v3) StdoutLine: {'line': b'[ 50%] Built target bt_sample_nodes\n'}
[0.085682] (behaviortree_cpp_v3) StdoutLine: {'line': b'[ 52%] Built target bt3_plugin_manifest\n'}
[0.091839] (bt_interfaces_dummy) StdoutLine: {'line': b'[ 35%] Built target bt_interfaces_dummy__rosidl_typesupport_c\n'}
[0.091995] (bt_interfaces_dummy) StdoutLine: {'line': b'[ 45%] Built target bt_interfaces_dummy__rosidl_typesupport_fastrtps_c\n'}
[0.092408] (bt_interfaces_dummy) StdoutLine: {'line': b'[ 64%] Built target bt_interfaces_dummy__rosidl_typesupport_fastrtps_cpp\n'}
[0.092793] (overarching_msgs) StdoutLine: {'line': b'[ 35%] Built target overarching_msgs__rosidl_typesupport_cpp\n'}
[0.092935] (overarching_msgs) StdoutLine: {'line': b'[ 44%] Built target overarching_msgs__rosidl_typesupport_c\n'}
[0.092998] (bt_interfaces_dummy) StdoutLine: {'line': b'[ 63%] Built target bt_interfaces_dummy__rosidl_typesupport_introspection_c\n'}
[0.094838] (bt_interfaces_dummy) StdoutLine: {'line': b'[ 73%] Built target bt_interfaces_dummy__rosidl_typesupport_cpp\n'}
[0.095026] (overarching_msgs) StdoutLine: {'line': b'[ 54%] Built target overarching_msgs__rosidl_typesupport_fastrtps_c\n'}
[0.096103] (bt_interfaces_dummy) StdoutLine: {'line': b'[ 83%] Built target bt_interfaces_dummy__rosidl_typesupport_introspection_cpp\n'}
[0.099418] (overarching_msgs) StdoutLine: {'line': b'[ 63%] Built target overarching_msgs__rosidl_typesupport_introspection_c\n'}
[0.099880] (-) TimerEvent: {}
[0.101545] (overarching_msgs) StdoutLine: {'line': b'[ 72%] Built target overarching_msgs__rosidl_typesupport_introspection_cpp\n'}
[0.104479] (behaviortree_cpp_v3) StdoutLine: {'line': b'[ 54%] Built target movebase_node_dyn\n'}
[0.105027] (btcpp_ros2_interfaces) StdoutLine: {'line': b'[ 62%] Built target btcpp_ros2_interfaces__rosidl_typesupport_cpp\n'}
[0.105193] (btcpp_ros2_interfaces) StdoutLine: {'line': b'[ 71%] Built target btcpp_ros2_interfaces__rosidl_typesupport_fastrtps_cpp\n'}
[0.105826] (btcpp_ros2_interfaces) StdoutLine: {'line': b'[ 81%] Built target btcpp_ros2_interfaces__rosidl_typesupport_introspection_cpp\n'}
[0.109862] (bt_interfaces_dummy) StdoutLine: {'line': b'[ 83%] Built target bt_interfaces_dummy\n'}
[0.110602] (overarching_msgs) StdoutLine: {'line': b'[ 82%] Built target overarching_msgs__rosidl_typesupport_fastrtps_cpp\n'}
[0.111684] (behaviortree_cpp_v3) StdoutLine: {'line': b'[ 56%] Built target t01_first_tree_dynamic\n'}
[0.113287] (pyrobosim_msgs) StdoutLine: {'line': b'[ 38%] Built target pyrobosim_msgs__rosidl_typesupport_fastrtps_cpp\n'}
[0.116693] (behaviortree_cpp_v3) StdoutLine: {'line': b'[ 58%] Built target t05_crossdoor\n'}
[0.116908] (pyrobosim_msgs) StdoutLine: {'line': b'[ 56%] Built target pyrobosim_msgs__rosidl_typesupport_fastrtps_c\n'}
[0.116992] (pyrobosim_msgs) StdoutLine: {'line': b'[ 57%] Built target pyrobosim_msgs__rosidl_typesupport_cpp\n'}
[0.117050] (behaviortree_cpp_v3) StdoutLine: {'line': b'[ 60%] Built target t06_subtree_port_remapping\n'}
[0.119593] (behaviortree_cpp_v3) StdoutLine: {'line': b'[ 62%] Built target t02_basic_ports\n'}
[0.119765] (behaviortree_cpp_v3) StdoutLine: {'line': b'[ 64%] Built target t04_reactive_sequence\n'}
[0.121404] (pyrobosim_msgs) StdoutLine: {'line': b'[ 67%] Built target pyrobosim_msgs__rosidl_typesupport_introspection_c\n'}
[0.121545] (pyrobosim_msgs) StdoutLine: {'line': b'[ 77%] Built target pyrobosim_msgs__rosidl_typesupport_c\n'}
[0.121742] (btcpp_ros2_interfaces) StdoutLine: {'line': b'[ 81%] Built target btcpp_ros2_interfaces\n'}
[0.122034] (behaviortree_cpp_v3) StdoutLine: {'line': b'[ 67%] Built target t01_first_tree_static\n'}
[0.122895] (behaviortree_cpp_v3) StdoutLine: {'line': b'[ 69%] Built target t08_additional_node_args\n'}
[0.123022] (behaviortree_cpp_v3) StdoutLine: {'line': b'[ 73%] Built target t07_load_multiple_xml\n'}
[0.123256] (behaviortree_cpp_v3) StdoutLine: {'line': b'[ 73%] Built target ex01_wrap_legacy\n'}
[0.123348] (behaviortree_cpp_v3) StdoutLine: {'line': b'[ 75%] Built target t03_generic_ports\n'}
[0.124535] (bt_interfaces_dummy) StdoutLine: {'line': b'[ 84%] Built target bt_interfaces_dummy__py\n'}
[0.125072] (pyrobosim_msgs) StdoutLine: {'line': b'[ 87%] Built target pyrobosim_msgs__rosidl_typesupport_introspection_cpp\n'}
[0.127176] (overarching_msgs) StdoutLine: {'line': b'[ 82%] Built target overarching_msgs\n'}
[0.127917] (behaviortree_cpp_v3) StdoutLine: {'line': b'[ 93%] Built target behaviortree_cpp_v3_test\n'}
[0.131113] (behaviortree_cpp_v3) StdoutLine: {'line': b'[ 95%] Built target ex02_runtime_ports\n'}
[0.132276] (behaviortree_cpp_v3) StdoutLine: {'line': b'[ 97%] Built target ex04_waypoints\n'}
[0.134212] (behaviortree_cpp_v3) StdoutLine: {'line': b'[100%] Built target ex03_ncurses_manual_selector\n'}
[0.135071] (btcpp_ros2_interfaces) StdoutLine: {'line': b'[ 82%] Built target btcpp_ros2_interfaces__py\n'}
[0.136695] (pyrobosim_msgs) StdoutLine: {'line': b'[ 87%] Built target pyrobosim_msgs\n'}
[0.138202] (bt_interfaces_dummy) StdoutLine: {'line': b'[ 92%] Built target bt_interfaces_dummy__rosidl_generator_py\n'}
[0.141432] (overarching_msgs) StdoutLine: {'line': b'[ 83%] Built target overarching_msgs__py\n'}
[0.149567] (pyrobosim_msgs) StdoutLine: {'line': b'[ 87%] Built target pyrobosim_msgs__py\n'}
[0.149791] (bt_interfaces_dummy) StdoutLine: {'line': b'[ 97%] Built target bt_interfaces_dummy_s__rosidl_typesupport_fastrtps_c\n'}
[0.149886] (btcpp_ros2_interfaces) StdoutLine: {'line': b'[ 90%] Built target btcpp_ros2_interfaces__rosidl_generator_py\n'}
[0.149973] (bt_interfaces_dummy) StdoutLine: {'line': b'[ 97%] Built target bt_interfaces_dummy_s__rosidl_typesupport_introspection_c\n'}
[0.152716] (bt_interfaces_dummy) StdoutLine: {'line': b'[100%] Built target bt_interfaces_dummy_s__rosidl_typesupport_c\n'}
[0.154575] (overarching_msgs) StdoutLine: {'line': b'[ 91%] Built target overarching_msgs__rosidl_generator_py\n'}
[0.161345] (btcpp_ros2_interfaces) StdoutLine: {'line': b'[ 93%] Built target btcpp_ros2_interfaces_s__rosidl_typesupport_fastrtps_c\n'}
[0.161564] (btcpp_ros2_interfaces) StdoutLine: {'line': b'[ 96%] Built target btcpp_ros2_interfaces_s__rosidl_typesupport_introspection_c\n'}
[0.164403] (btcpp_ros2_interfaces) StdoutLine: {'line': b'[100%] Built target btcpp_ros2_interfaces_s__rosidl_typesupport_c\n'}
[0.165246] (behaviortree_cpp_v3) CommandEnded: {'returncode': 0}
[0.165717] (behaviortree_cpp_v3) JobProgress: {'identifier': 'behaviortree_cpp_v3', 'progress': 'install'}
[0.167082] (overarching_msgs) StdoutLine: {'line': b'[ 94%] Built target overarching_msgs_s__rosidl_typesupport_introspection_c\n'}
[0.168307] (overarching_msgs) StdoutLine: {'line': b'[ 97%] Built target overarching_msgs_s__rosidl_typesupport_c\n'}
[0.168436] (pyrobosim_msgs) StdoutLine: {'line': b'[ 97%] Built target pyrobosim_msgs__rosidl_generator_py\n'}
[0.168830] (overarching_msgs) StdoutLine: {'line': b'[100%] Built target overarching_msgs_s__rosidl_typesupport_fastrtps_c\n'}
[0.172680] (behaviortree_cpp_v3) Command: {'cmd': ['/usr/bin/cmake', '--install', '/convince_ws/build/behaviortree_cpp_v3'], 'cwd': '/convince_ws/build/behaviortree_cpp_v3', 'env': OrderedDict({'PYTHONWARNINGS': 'ignore:setup.py install is deprecated,ignore:easy_install command is deprecated', 'HOSTNAME': '7bef9378b671', 'SHLVL': '1', 'LD_LIBRARY_PATH': '/opt/ros/jazzy/opt/zmqpp_vendor/lib:/opt/ros/jazzy/lib/x86_64-linux-gnu:/opt/ros/jazzy/lib', 'HOME': '/root', 'OLDPWD': '/convince_ws', 'ROS_PYTHON_VERSION': '3', 'ROS_DISTRO': 'jazzy', '_': '/usr/bin/colcon', 'ROS_VERSION': '2', 'TERM': 'xterm', 'QT_X11_NO_MITSHM': '1', 'PATH': '/opt/ros/jazzy/bin:/usr/local/sbin:/usr/local/bin:/usr/sbin:/usr/bin:/sbin:/bin', 'DISPLAY': ':1', 'LANG': 'C.UTF-8', 'AMENT_PREFIX_PATH': '/opt/ros/jazzy', 'ROS_WS': '/convince_ws', 'ROS_AUTOMATIC_DISCOVERY_RANGE': 'SUBNET', 'PWD': '/convince_ws/build/behaviortree_cpp_v3', 'LC_ALL': 'C.UTF-8', 'PYTHONPATH': '/opt/ros/jazzy/lib/python3.12/site-packages', 'COLCON': '1', 'CMAKE_PREFIX_PATH': '/opt/ros/jazzy'}), 'shell': False}
[0.176591] (behaviortree_cpp_v3) StdoutLine: {'line': b'-- Install configuration: ""\n'}
[0.176829] (behaviortree_cpp_v3) StdoutLine: {'line': b'-- Execute custom install script\n'}
[0.176949] (behaviortree_cpp_v3) StdoutLine: {'line': b'-- Up-to-date symlink: /convince_ws/install/behaviortree_cpp_v3/share/behaviortree_cpp_v3/environment/library_path.sh\n'}
[0.177038] (behaviortree_cpp_v3) StdoutLine: {'line': b'-- Up-to-date symlink: /convince_ws/install/behaviortree_cpp_v3/share/behaviortree_cpp_v3/environment/library_path.dsv\n'}
[0.177122] (behaviortree_cpp_v3) StdoutLine: {'line': b'-- Up-to-date symlink: /convince_ws/install/behaviortree_cpp_v3/share/ament_index/resource_index/package_run_dependencies/behaviortree_cpp_v3\n'}
[0.177211] (behaviortree_cpp_v3) StdoutLine: {'line': b'-- Up-to-date symlink: /convince_ws/install/behaviortree_cpp_v3/share/ament_index/resource_index/parent_prefix_path/behaviortree_cpp_v3\n'}
[0.177292] (behaviortree_cpp_v3) StdoutLine: {'line': b'-- Up-to-date symlink: /convince_ws/install/behaviortree_cpp_v3/share/behaviortree_cpp_v3/environment/ament_prefix_path.sh\n'}
[0.177369] (behaviortree_cpp_v3) StdoutLine: {'line': b'-- Up-to-date symlink: /convince_ws/install/behaviortree_cpp_v3/share/behaviortree_cpp_v3/environment/ament_prefix_path.dsv\n'}
[0.177446] (behaviortree_cpp_v3) StdoutLine: {'line': b'-- Up-to-date symlink: /convince_ws/install/behaviortree_cpp_v3/share/behaviortree_cpp_v3/environment/path.sh\n'}
[0.177532] (behaviortree_cpp_v3) StdoutLine: {'line': b'-- Up-to-date symlink: /convince_ws/install/behaviortree_cpp_v3/share/behaviortree_cpp_v3/environment/path.dsv\n'}
[0.177607] (behaviortree_cpp_v3) StdoutLine: {'line': b'-- Up-to-date symlink: /convince_ws/install/behaviortree_cpp_v3/share/behaviortree_cpp_v3/local_setup.bash\n'}
[0.177682] (behaviortree_cpp_v3) StdoutLine: {'line': b'-- Up-to-date symlink: /convince_ws/install/behaviortree_cpp_v3/share/behaviortree_cpp_v3/local_setup.sh\n'}
[0.177778] (behaviortree_cpp_v3) StdoutLine: {'line': b'-- Up-to-date symlink: /convince_ws/install/behaviortree_cpp_v3/share/behaviortree_cpp_v3/local_setup.zsh\n'}
[0.177844] (behaviortree_cpp_v3) StdoutLine: {'line': b'-- Up-to-date symlink: /convince_ws/install/behaviortree_cpp_v3/share/behaviortree_cpp_v3/local_setup.dsv\n'}
[0.177907] (behaviortree_cpp_v3) StdoutLine: {'line': b'-- Symlinking: /convince_ws/install/behaviortree_cpp_v3/share/behaviortree_cpp_v3/package.dsv\n'}
[0.180337] (pyrobosim_msgs) StdoutLine: {'line': b'[ 99%] Built target pyrobosim_msgs_s__rosidl_typesupport_c\n'}
[0.180491] (pyrobosim_msgs) StdoutLine: {'line': b'[ 99%] Built target pyrobosim_msgs_s__rosidl_typesupport_fastrtps_c\n'}
[0.182252] (pyrobosim_msgs) StdoutLine: {'line': b'[100%] Built target pyrobosim_msgs_s__rosidl_typesupport_introspection_c\n'}
[0.184023] (behaviortree_cpp_v3) StdoutLine: {'line': b'-- Up-to-date symlink: /convince_ws/install/behaviortree_cpp_v3/share/ament_index/resource_index/packages/behaviortree_cpp_v3\n'}
[0.184132] (behaviortree_cpp_v3) StdoutLine: {'line': b'-- Up-to-date symlink: /convince_ws/install/behaviortree_cpp_v3/share/behaviortree_cpp_v3/cmake/ament_cmake_export_dependencies-extras.cmake\n'}
[0.184220] (behaviortree_cpp_v3) StdoutLine: {'line': b'-- Up-to-date symlink: /convince_ws/install/behaviortree_cpp_v3/share/behaviortree_cpp_v3/cmake/ament_cmake_export_include_directories-extras.cmake\n'}
[0.184298] (behaviortree_cpp_v3) StdoutLine: {'line': b'-- Up-to-date symlink: /convince_ws/install/behaviortree_cpp_v3/share/behaviortree_cpp_v3/cmake/ament_cmake_export_libraries-extras.cmake\n'}
[0.184371] (behaviortree_cpp_v3) StdoutLine: {'line': b'-- Up-to-date symlink: /convince_ws/install/behaviortree_cpp_v3/share/behaviortree_cpp_v3/cmake/ament_cmake_export_targets-extras.cmake\n'}
[0.184454] (behaviortree_cpp_v3) StdoutLine: {'line': b'-- Up-to-date symlink: /convince_ws/install/behaviortree_cpp_v3/share/behaviortree_cpp_v3/cmake/behaviortree_cpp_v3Config.cmake\n'}
[0.184527] (behaviortree_cpp_v3) StdoutLine: {'line': b'-- Up-to-date symlink: /convince_ws/install/behaviortree_cpp_v3/share/behaviortree_cpp_v3/cmake/behaviortree_cpp_v3Config-version.cmake\n'}
[0.184590] (behaviortree_cpp_v3) StdoutLine: {'line': b'-- Up-to-date symlink: /convince_ws/install/behaviortree_cpp_v3/share/behaviortree_cpp_v3/package.xml\n'}
[0.184660] (behaviortree_cpp_v3) StdoutLine: {'line': b'-- Up-to-date symlink: /convince_ws/install/behaviortree_cpp_v3/lib/cmake/behaviortree_cpp_v3/behaviortree_cpp_v3Config.cmake\n'}
[0.184722] (behaviortree_cpp_v3) StdoutLine: {'line': b'-- Up-to-date symlink: /convince_ws/install/behaviortree_cpp_v3/bin/bt3_log_cat\n'}
[0.184811] (behaviortree_cpp_v3) StdoutLine: {'line': b'-- Up-to-date symlink: /convince_ws/install/behaviortree_cpp_v3/bin/bt3_recorder\n'}
[0.184883] (behaviortree_cpp_v3) StdoutLine: {'line': b'-- Up-to-date symlink: /convince_ws/install/behaviortree_cpp_v3/bin/bt3_plugin_manifest\n'}
[0.184959] (behaviortree_cpp_v3) StdoutLine: {'line': b'-- Up-to-date: /convince_ws/install/behaviortree_cpp_v3/share/behaviortree_cpp_v3/cmake/behaviortree_cpp_v3TargetsExport.cmake\n'}
[0.185033] (behaviortree_cpp_v3) StdoutLine: {'line': b'-- Up-to-date: /convince_ws/install/behaviortree_cpp_v3/share/behaviortree_cpp_v3/cmake/behaviortree_cpp_v3TargetsExport-noconfig.cmake\n'}
[0.185124] (behaviortree_cpp_v3) StdoutLine: {'line': b'-- Up-to-date: /convince_ws/install/behaviortree_cpp_v3/include\n'}
[0.185216] (behaviortree_cpp_v3) StdoutLine: {'line': b'-- Up-to-date: /convince_ws/install/behaviortree_cpp_v3/include/behaviortree_cpp_v3\n'}
[0.185309] (behaviortree_cpp_v3) StdoutLine: {'line': b'-- Up-to-date: /convince_ws/install/behaviortree_cpp_v3/include/behaviortree_cpp_v3/actions\n'}
[0.185403] (behaviortree_cpp_v3) StdoutLine: {'line': b'-- Up-to-date: /convince_ws/install/behaviortree_cpp_v3/include/behaviortree_cpp_v3/actions/always_failure_node.h\n'}
[0.185499] (behaviortree_cpp_v3) StdoutLine: {'line': b'-- Up-to-date: /convince_ws/install/behaviortree_cpp_v3/include/behaviortree_cpp_v3/actions/pop_from_queue.hpp\n'}
[0.185591] (behaviortree_cpp_v3) StdoutLine: {'line': b'-- Up-to-date: /convince_ws/install/behaviortree_cpp_v3/include/behaviortree_cpp_v3/actions/always_success_node.h\n'}
[0.185689] (behaviortree_cpp_v3) StdoutLine: {'line': b'-- Up-to-date: /convince_ws/install/behaviortree_cpp_v3/include/behaviortree_cpp_v3/actions/set_blackboard_node.h\n'}
[0.186045] (behaviortree_cpp_v3) StdoutLine: {'line': b'-- Up-to-date: /convince_ws/install/behaviortree_cpp_v3/include/behaviortree_cpp_v3/action_node.h\n'}
[0.186139] (behaviortree_cpp_v3) StdoutLine: {'line': b'-- Up-to-date: /convince_ws/install/behaviortree_cpp_v3/include/behaviortree_cpp_v3/controls\n'}
[0.186224] (behaviortree_cpp_v3) StdoutLine: {'line': b'-- Up-to-date: /convince_ws/install/behaviortree_cpp_v3/include/behaviortree_cpp_v3/controls/parallel_node.h\n'}
[0.186292] (behaviortree_cpp_v3) StdoutLine: {'line': b'-- Up-to-date: /convince_ws/install/behaviortree_cpp_v3/include/behaviortree_cpp_v3/controls/reactive_fallback.h\n'}
[0.186357] (behaviortree_cpp_v3) StdoutLine: {'line': b'-- Up-to-date: /convince_ws/install/behaviortree_cpp_v3/include/behaviortree_cpp_v3/controls/sequence_star_node.h\n'}
[0.186421] (behaviortree_cpp_v3) StdoutLine: {'line': b'-- Up-to-date: /convince_ws/install/behaviortree_cpp_v3/include/behaviortree_cpp_v3/controls/if_then_else_node.h\n'}
[0.186483] (behaviortree_cpp_v3) StdoutLine: {'line': b'-- Up-to-date: /convince_ws/install/behaviortree_cpp_v3/include/behaviortree_cpp_v3/controls/reactive_sequence.h\n'}
[0.186546] (behaviortree_cpp_v3) StdoutLine: {'line': b'-- Up-to-date: /convince_ws/install/behaviortree_cpp_v3/include/behaviortree_cpp_v3/controls/sequence_node.h\n'}
[0.186607] (behaviortree_cpp_v3) StdoutLine: {'line': b'-- Up-to-date: /convince_ws/install/behaviortree_cpp_v3/include/behaviortree_cpp_v3/controls/while_do_else_node.h\n'}
[0.186668] (behaviortree_cpp_v3) StdoutLine: {'line': b'-- Up-to-date: /convince_ws/install/behaviortree_cpp_v3/include/behaviortree_cpp_v3/controls/switch_node.h\n'}
[0.186729] (behaviortree_cpp_v3) StdoutLine: {'line': b'-- Up-to-date: /convince_ws/install/behaviortree_cpp_v3/include/behaviortree_cpp_v3/controls/fallback_node.h\n'}
[0.186798] (behaviortree_cpp_v3) StdoutLine: {'line': b'-- Up-to-date: /convince_ws/install/behaviortree_cpp_v3/include/behaviortree_cpp_v3/controls/manual_node.h\n'}
[0.186859] (behaviortree_cpp_v3) StdoutLine: {'line': b'-- Up-to-date: /convince_ws/install/behaviortree_cpp_v3/include/behaviortree_cpp_v3/basic_types.h\n'}
[0.186919] (behaviortree_cpp_v3) StdoutLine: {'line': b'-- Up-to-date: /convince_ws/install/behaviortree_cpp_v3/include/behaviortree_cpp_v3/control_node.h\n'}
[0.186989] (behaviortree_cpp_v3) StdoutLine: {'line': b'-- Up-to-date: /convince_ws/install/behaviortree_cpp_v3/include/behaviortree_cpp_v3/leaf_node.h\n'}
[0.187048] (behaviortree_cpp_v3) StdoutLine: {'line': b'-- Up-to-date: /convince_ws/install/behaviortree_cpp_v3/include/behaviortree_cpp_v3/decorator_node.h\n'}
[0.187108] (behaviortree_cpp_v3) StdoutLine: {'line': b'-- Up-to-date: /convince_ws/install/behaviortree_cpp_v3/include/behaviortree_cpp_v3/utils\n'}
[0.187266] (behaviortree_cpp_v3) StdoutLine: {'line': b'-- Up-to-date: /convince_ws/install/behaviortree_cpp_v3/include/behaviortree_cpp_v3/utils/make_unique.hpp\n'}
[0.187864] (behaviortree_cpp_v3) StdoutLine: {'line': b'-- Up-to-date: /convince_ws/install/behaviortree_cpp_v3/include/behaviortree_cpp_v3/utils/shared_library.h\n'}
[0.187911] (behaviortree_cpp_v3) StdoutLine: {'line': b'-- Up-to-date: /convince_ws/install/behaviortree_cpp_v3/include/behaviortree_cpp_v3/utils/expected.hpp\n'}
[0.187973] (behaviortree_cpp_v3) StdoutLine: {'line': b'-- Up-to-date: /convince_ws/install/behaviortree_cpp_v3/include/behaviortree_cpp_v3/utils/simple_string.hpp\n'}
[0.188007] (behaviortree_cpp_v3) StdoutLine: {'line': b'-- Up-to-date: /convince_ws/install/behaviortree_cpp_v3/include/behaviortree_cpp_v3/utils/strcat.hpp\n'}
[0.188038] (behaviortree_cpp_v3) StdoutLine: {'line': b'-- Up-to-date: /convince_ws/install/behaviortree_cpp_v3/include/behaviortree_cpp_v3/utils/any.hpp\n'}
[0.188068] (behaviortree_cpp_v3) StdoutLine: {'line': b'-- Up-to-date: /convince_ws/install/behaviortree_cpp_v3/include/behaviortree_cpp_v3/utils/string_view.hpp\n'}
[0.188097] (behaviortree_cpp_v3) StdoutLine: {'line': b'-- Up-to-date: /convince_ws/install/behaviortree_cpp_v3/include/behaviortree_cpp_v3/utils/platform.hpp\n'}
[0.188128] (behaviortree_cpp_v3) StdoutLine: {'line': b'-- Up-to-date: /convince_ws/install/behaviortree_cpp_v3/include/behaviortree_cpp_v3/utils/signal.h\n'}
[0.188162] (behaviortree_cpp_v3) StdoutLine: {'line': b'-- Up-to-date: /convince_ws/install/behaviortree_cpp_v3/include/behaviortree_cpp_v3/utils/safe_any.hpp\n'}
[0.188196] (behaviortree_cpp_v3) StdoutLine: {'line': b'-- Up-to-date: /convince_ws/install/behaviortree_cpp_v3/include/behaviortree_cpp_v3/utils/wakeup_signal.hpp\n'}
[0.188232] (behaviortree_cpp_v3) StdoutLine: {'line': b'-- Up-to-date: /convince_ws/install/behaviortree_cpp_v3/include/behaviortree_cpp_v3/utils/demangle_util.h\n'}
[0.188266] (behaviortree_cpp_v3) StdoutLine: {'line': b'-- Up-to-date: /convince_ws/install/behaviortree_cpp_v3/include/behaviortree_cpp_v3/utils/convert_impl.hpp\n'}
[0.188302] (behaviortree_cpp_v3) StdoutLine: {'line': b'-- Up-to-date: /convince_ws/install/behaviortree_cpp_v3/include/behaviortree_cpp_v3/xml_parsing.h\n'}
[0.188337] (behaviortree_cpp_v3) StdoutLine: {'line': b'-- Up-to-date: /convince_ws/install/behaviortree_cpp_v3/include/behaviortree_cpp_v3/bt_parser.h\n'}
[0.188506] (behaviortree_cpp_v3) StdoutLine: {'line': b'-- Up-to-date: /convince_ws/install/behaviortree_cpp_v3/include/behaviortree_cpp_v3/flatbuffers\n'}
[0.188537] (behaviortree_cpp_v3) StdoutLine: {'line': b'-- Up-to-date: /convince_ws/install/behaviortree_cpp_v3/include/behaviortree_cpp_v3/flatbuffers/stl_emulation.h\n'}
[0.188569] (behaviortree_cpp_v3) StdoutLine: {'line': b'-- Up-to-date: /convince_ws/install/behaviortree_cpp_v3/include/behaviortree_cpp_v3/flatbuffers/flatbuffers.h\n'}
[0.188596] (behaviortree_cpp_v3) StdoutLine: {'line': b'-- Up-to-date: /convince_ws/install/behaviortree_cpp_v3/include/behaviortree_cpp_v3/flatbuffers/base.h\n'}
[0.188624] (behaviortree_cpp_v3) StdoutLine: {'line': b'-- Up-to-date: /convince_ws/install/behaviortree_cpp_v3/include/behaviortree_cpp_v3/flatbuffers/BT_logger_generated.h\n'}
[0.188652] (behaviortree_cpp_v3) StdoutLine: {'line': b'-- Up-to-date: /convince_ws/install/behaviortree_cpp_v3/include/behaviortree_cpp_v3/flatbuffers/bt_flatbuffer_helper.h\n'}
[0.188680] (behaviortree_cpp_v3) StdoutLine: {'line': b'-- Up-to-date: /convince_ws/install/behaviortree_cpp_v3/include/behaviortree_cpp_v3/tree_node.h\n'}
[0.188826] (behaviortree_cpp_v3) StdoutLine: {'line': b'-- Up-to-date: /convince_ws/install/behaviortree_cpp_v3/include/behaviortree_cpp_v3/blackboard.h\n'}
[0.188855] (behaviortree_cpp_v3) StdoutLine: {'line': b'-- Up-to-date: /convince_ws/install/behaviortree_cpp_v3/include/behaviortree_cpp_v3/bt_factory.h\n'}
[0.188884] (behaviortree_cpp_v3) StdoutLine: {'line': b'-- Up-to-date: /convince_ws/install/behaviortree_cpp_v3/include/behaviortree_cpp_v3/behavior_tree.h\n'}
[0.188912] (behaviortree_cpp_v3) StdoutLine: {'line': b'-- Up-to-date: /convince_ws/install/behaviortree_cpp_v3/include/behaviortree_cpp_v3/loggers\n'}
[0.188939] (behaviortree_cpp_v3) StdoutLine: {'line': b'-- Up-to-date: /convince_ws/install/behaviortree_cpp_v3/include/behaviortree_cpp_v3/loggers/abstract_logger.h\n'}
[0.188967] (behaviortree_cpp_v3) StdoutLine: {'line': b'-- Up-to-date: /convince_ws/install/behaviortree_cpp_v3/include/behaviortree_cpp_v3/loggers/bt_file_logger.h\n'}
[0.188995] (behaviortree_cpp_v3) StdoutLine: {'line': b'-- Up-to-date: /convince_ws/install/behaviortree_cpp_v3/include/behaviortree_cpp_v3/loggers/bt_minitrace_logger.h\n'}
[0.189023] (behaviortree_cpp_v3) StdoutLine: {'line': b'-- Up-to-date: /convince_ws/install/behaviortree_cpp_v3/include/behaviortree_cpp_v3/loggers/bt_cout_logger.h\n'}
[0.189050] (behaviortree_cpp_v3) StdoutLine: {'line': b'-- Up-to-date: /convince_ws/install/behaviortree_cpp_v3/include/behaviortree_cpp_v3/loggers/bt_zmq_publisher.h\n'}
[0.189077] (behaviortree_cpp_v3) StdoutLine: {'line': b'-- Up-to-date: /convince_ws/install/behaviortree_cpp_v3/include/behaviortree_cpp_v3/decorators\n'}
[0.189104] (behaviortree_cpp_v3) StdoutLine: {'line': b'-- Up-to-date: /convince_ws/install/behaviortree_cpp_v3/include/behaviortree_cpp_v3/decorators/repeat_node.h\n'}
[0.189130] (behaviortree_cpp_v3) StdoutLine: {'line': b'-- Up-to-date: /convince_ws/install/behaviortree_cpp_v3/include/behaviortree_cpp_v3/decorators/retry_node.h\n'}
[0.189155] (behaviortree_cpp_v3) StdoutLine: {'line': b'-- Up-to-date: /convince_ws/install/behaviortree_cpp_v3/include/behaviortree_cpp_v3/decorators/inverter_node.h\n'}
[0.189182] (behaviortree_cpp_v3) StdoutLine: {'line': b'-- Up-to-date: /convince_ws/install/behaviortree_cpp_v3/include/behaviortree_cpp_v3/decorators/blackboard_precondition.h\n'}
[0.189209] (behaviortree_cpp_v3) StdoutLine: {'line': b'-- Up-to-date: /convince_ws/install/behaviortree_cpp_v3/include/behaviortree_cpp_v3/decorators/timeout_node.h\n'}
[0.189236] (behaviortree_cpp_v3) StdoutLine: {'line': b'-- Up-to-date: /convince_ws/install/behaviortree_cpp_v3/include/behaviortree_cpp_v3/decorators/subtree_node.h\n'}
[0.189263] (behaviortree_cpp_v3) StdoutLine: {'line': b'-- Up-to-date: /convince_ws/install/behaviortree_cpp_v3/include/behaviortree_cpp_v3/decorators/consume_queue.h\n'}
[0.189303] (behaviortree_cpp_v3) StdoutLine: {'line': b'-- Up-to-date: /convince_ws/install/behaviortree_cpp_v3/include/behaviortree_cpp_v3/decorators/keep_running_until_failure_node.h\n'}
[0.189333] (behaviortree_cpp_v3) StdoutLine: {'line': b'-- Up-to-date: /convince_ws/install/behaviortree_cpp_v3/include/behaviortree_cpp_v3/decorators/timer_queue.h\n'}
[0.189360] (behaviortree_cpp_v3) StdoutLine: {'line': b'-- Up-to-date: /convince_ws/install/behaviortree_cpp_v3/include/behaviortree_cpp_v3/decorators/force_failure_node.h\n'}
[0.189388] (behaviortree_cpp_v3) StdoutLine: {'line': b'-- Up-to-date: /convince_ws/install/behaviortree_cpp_v3/include/behaviortree_cpp_v3/decorators/force_success_node.h\n'}
[0.189414] (behaviortree_cpp_v3) StdoutLine: {'line': b'-- Up-to-date: /convince_ws/install/behaviortree_cpp_v3/include/behaviortree_cpp_v3/decorators/delay_node.h\n'}
[0.189443] (behaviortree_cpp_v3) StdoutLine: {'line': b'-- Up-to-date: /convince_ws/install/behaviortree_cpp_v3/include/behaviortree_cpp_v3/exceptions.h\n'}
[0.189470] (behaviortree_cpp_v3) StdoutLine: {'line': b'-- Up-to-date: /convince_ws/install/behaviortree_cpp_v3/include/behaviortree_cpp_v3/condition_node.h\n'}
[0.189497] (behaviortree_cpp_v3) StdoutLine: {'line': b'-- Up-to-date: /convince_ws/install/behaviortree_cpp_v3/lib/libbehaviortree_cpp_v3.so\n'}
[0.189539] (behaviortree_cpp_v3) StdoutLine: {'line': b'-- Up-to-date: /convince_ws/install/behaviortree_cpp_v3/lib/cmake/behaviortree_cpp_v3/behaviortree_cpp_v3Targets.cmake\n'}
[0.189567] (behaviortree_cpp_v3) StdoutLine: {'line': b'-- Up-to-date: /convince_ws/install/behaviortree_cpp_v3/lib/cmake/behaviortree_cpp_v3/behaviortree_cpp_v3Targets-noconfig.cmake\n'}
[0.189595] (behaviortree_cpp_v3) CommandEnded: {'returncode': 0}
[0.199991] (-) TimerEvent: {}
[0.201964] (behaviortree_cpp_v3) JobEnded: {'identifier': 'behaviortree_cpp_v3', 'rc': 0}
[0.211456] (btcpp_ros2_interfaces) StdoutLine: {'line': b'running egg_info\n'}
[0.214019] (bt_interfaces_dummy) StdoutLine: {'line': b'running egg_info\n'}
[0.218585] (btcpp_ros2_interfaces) StdoutLine: {'line': b'writing btcpp_ros2_interfaces.egg-info/PKG-INFO\n'}
[0.218749] (btcpp_ros2_interfaces) StdoutLine: {'line': b'writing dependency_links to btcpp_ros2_interfaces.egg-info/dependency_links.txt\n'}
[0.218864] (btcpp_ros2_interfaces) StdoutLine: {'line': b'writing top-level names to btcpp_ros2_interfaces.egg-info/top_level.txt\n'}
[0.220938] (bt_interfaces_dummy) StdoutLine: {'line': b'writing bt_interfaces_dummy.egg-info/PKG-INFO\n'}
[0.221065] (bt_interfaces_dummy) StdoutLine: {'line': b'writing dependency_links to bt_interfaces_dummy.egg-info/dependency_links.txt\n'}
[0.221158] (bt_interfaces_dummy) StdoutLine: {'line': b'writing top-level names to bt_interfaces_dummy.egg-info/top_level.txt\n'}
[0.229669] (overarching_msgs) StdoutLine: {'line': b'running egg_info\n'}
[0.236504] (overarching_msgs) StdoutLine: {'line': b'writing overarching_msgs.egg-info/PKG-INFO\n'}
[0.236673] (overarching_msgs) StdoutLine: {'line': b'writing dependency_links to overarching_msgs.egg-info/dependency_links.txt\n'}
[0.236778] (overarching_msgs) StdoutLine: {'line': b'writing top-level names to overarching_msgs.egg-info/top_level.txt\n'}
[0.238230] (pyrobosim_msgs) StdoutLine: {'line': b'running egg_info\n'}
[0.240249] (btcpp_ros2_interfaces) StdoutLine: {'line': b"reading manifest file 'btcpp_ros2_interfaces.egg-info/SOURCES.txt'\n"}
[0.240773] (btcpp_ros2_interfaces) StdoutLine: {'line': b"writing manifest file 'btcpp_ros2_interfaces.egg-info/SOURCES.txt'\n"}
[0.240987] (bt_interfaces_dummy) StdoutLine: {'line': b"reading manifest file 'bt_interfaces_dummy.egg-info/SOURCES.txt'\n"}
[0.241447] (bt_interfaces_dummy) StdoutLine: {'line': b"writing manifest file 'bt_interfaces_dummy.egg-info/SOURCES.txt'\n"}
[0.248996] (pyrobosim_msgs) StdoutLine: {'line': b'writing pyrobosim_msgs.egg-info/PKG-INFO\n'}
[0.249164] (pyrobosim_msgs) StdoutLine: {'line': b'writing dependency_links to pyrobosim_msgs.egg-info/dependency_links.txt\n'}
[0.249377] (pyrobosim_msgs) StdoutLine: {'line': b'writing top-level names to pyrobosim_msgs.egg-info/top_level.txt\n'}
[0.256336] (overarching_msgs) StdoutLine: {'line': b"reading manifest file 'overarching_msgs.egg-info/SOURCES.txt'\n"}
[0.256631] (overarching_msgs) StdoutLine: {'line': b"writing manifest file 'overarching_msgs.egg-info/SOURCES.txt'\n"}
[0.258863] (bt_interfaces_dummy) StdoutLine: {'line': b'[100%] Built target ament_cmake_python_build_bt_interfaces_dummy_egg\n'}
[0.258960] (btcpp_ros2_interfaces) StdoutLine: {'line': b'[100%] Built target ament_cmake_python_build_btcpp_ros2_interfaces_egg\n'}
[0.266015] (btcpp_ros2_interfaces) CommandEnded: {'returncode': 0}
[0.266410] (btcpp_ros2_interfaces) JobProgress: {'identifier': 'btcpp_ros2_interfaces', 'progress': 'install'}
[0.266523] (btcpp_ros2_interfaces) Command: {'cmd': ['/usr/bin/cmake', '--install', '/convince_ws/build/btcpp_ros2_interfaces'], 'cwd': '/convince_ws/build/btcpp_ros2_interfaces', 'env': OrderedDict({'PYTHONWARNINGS': 'ignore:setup.py install is deprecated,ignore:easy_install command is deprecated', 'HOSTNAME': '7bef9378b671', 'SHLVL': '1', 'LD_LIBRARY_PATH': '/opt/ros/jazzy/opt/zmqpp_vendor/lib:/opt/ros/jazzy/lib/x86_64-linux-gnu:/opt/ros/jazzy/lib', 'HOME': '/root', 'OLDPWD': '/convince_ws', 'ROS_PYTHON_VERSION': '3', 'ROS_DISTRO': 'jazzy', '_': '/usr/bin/colcon', 'ROS_VERSION': '2', 'TERM': 'xterm', 'QT_X11_NO_MITSHM': '1', 'PATH': '/opt/ros/jazzy/bin:/usr/local/sbin:/usr/local/bin:/usr/sbin:/usr/bin:/sbin:/bin', 'DISPLAY': ':1', 'LANG': 'C.UTF-8', 'AMENT_PREFIX_PATH': '/opt/ros/jazzy', 'ROS_WS': '/convince_ws', 'ROS_AUTOMATIC_DISCOVERY_RANGE': 'SUBNET', 'PWD': '/convince_ws/build/btcpp_ros2_interfaces', 'LC_ALL': 'C.UTF-8', 'PYTHONPATH': '/opt/ros/jazzy/lib/python3.12/site-packages', 'COLCON': '1', 'CMAKE_PREFIX_PATH': '/opt/ros/jazzy'}), 'shell': False}
[0.268798] (bt_interfaces_dummy) CommandEnded: {'returncode': 0}
[0.269298] (bt_interfaces_dummy) JobProgress: {'identifier': 'bt_interfaces_dummy', 'progress': 'install'}
[0.269311] (bt_interfaces_dummy) Command: {'cmd': ['/usr/bin/cmake', '--install', '/convince_ws/build/bt_interfaces_dummy'], 'cwd': '/convince_ws/build/bt_interfaces_dummy', 'env': OrderedDict({'PYTHONWARNINGS': 'ignore:setup.py install is deprecated,ignore:easy_install command is deprecated', 'HOSTNAME': '7bef9378b671', 'SHLVL': '1', 'LD_LIBRARY_PATH': '/opt/ros/jazzy/opt/zmqpp_vendor/lib:/opt/ros/jazzy/lib/x86_64-linux-gnu:/opt/ros/jazzy/lib', 'HOME': '/root', 'OLDPWD': '/convince_ws', 'ROS_PYTHON_VERSION': '3', 'ROS_DISTRO': 'jazzy', '_': '/usr/bin/colcon', 'ROS_VERSION': '2', 'TERM': 'xterm', 'QT_X11_NO_MITSHM': '1', 'PATH': '/opt/ros/jazzy/bin:/usr/local/sbin:/usr/local/bin:/usr/sbin:/usr/bin:/sbin:/bin', 'DISPLAY': ':1', 'LANG': 'C.UTF-8', 'AMENT_PREFIX_PATH': '/opt/ros/jazzy', 'ROS_WS': '/convince_ws', 'ROS_AUTOMATIC_DISCOVERY_RANGE': 'SUBNET', 'PWD': '/convince_ws/build/bt_interfaces_dummy', 'LC_ALL': 'C.UTF-8', 'PYTHONPATH': '/opt/ros/jazzy/lib/python3.12/site-packages', 'COLCON': '1', 'CMAKE_PREFIX_PATH': '/opt/ros/jazzy'}), 'shell': False}
[0.270684] (btcpp_ros2_interfaces) StdoutLine: {'line': b'-- Install configuration: ""\n'}
[0.271028] (btcpp_ros2_interfaces) StdoutLine: {'line': b'-- Execute custom install script\n'}
[0.271155] (btcpp_ros2_interfaces) StdoutLine: {'line': b'-- Up-to-date symlink: /convince_ws/install/btcpp_ros2_interfaces/share/ament_index/resource_index/rosidl_interfaces/btcpp_ros2_interfaces\n'}
[0.271242] (btcpp_ros2_interfaces) StdoutLine: {'line': b'-- Up-to-date symlink: /convince_ws/install/btcpp_ros2_interfaces/share/btcpp_ros2_interfaces/msg/NodeStatus.json\n'}
[0.271316] (btcpp_ros2_interfaces) StdoutLine: {'line': b'-- Up-to-date symlink: /convince_ws/install/btcpp_ros2_interfaces/share/btcpp_ros2_interfaces/srv/GetTrees.json\n'}
[0.271389] (btcpp_ros2_interfaces) StdoutLine: {'line': b'-- Up-to-date symlink: /convince_ws/install/btcpp_ros2_interfaces/share/btcpp_ros2_interfaces/action/ExecuteTree.json\n'}
[0.271458] (btcpp_ros2_interfaces) StdoutLine: {'line': b'-- Up-to-date symlink: /convince_ws/install/btcpp_ros2_interfaces/share/btcpp_ros2_interfaces/action/Sleep.json\n'}
[0.271817] (btcpp_ros2_interfaces) StdoutLine: {'line': b'-- Up-to-date symlink: /convince_ws/install/btcpp_ros2_interfaces/include/btcpp_ros2_interfaces/btcpp_ros2_interfaces/action/detail/execute_tree__functions.h\n'}
[0.271893] (btcpp_ros2_interfaces) StdoutLine: {'line': b'-- Up-to-date symlink: /convince_ws/install/btcpp_ros2_interfaces/include/btcpp_ros2_interfaces/btcpp_ros2_interfaces/action/detail/execute_tree__struct.h\n'}
[0.271940] (btcpp_ros2_interfaces) StdoutLine: {'line': b'-- Up-to-date symlink: /convince_ws/install/btcpp_ros2_interfaces/include/btcpp_ros2_interfaces/btcpp_ros2_interfaces/action/detail/execute_tree__type_support.h\n'}
[0.271980] (btcpp_ros2_interfaces) StdoutLine: {'line': b'-- Up-to-date symlink: /convince_ws/install/btcpp_ros2_interfaces/include/btcpp_ros2_interfaces/btcpp_ros2_interfaces/action/detail/sleep__functions.h\n'}
[0.272022] (btcpp_ros2_interfaces) StdoutLine: {'line': b'-- Up-to-date symlink: /convince_ws/install/btcpp_ros2_interfaces/include/btcpp_ros2_interfaces/btcpp_ros2_interfaces/action/detail/sleep__struct.h\n'}
[0.272068] (btcpp_ros2_interfaces) StdoutLine: {'line': b'-- Up-to-date symlink: /convince_ws/install/btcpp_ros2_interfaces/include/btcpp_ros2_interfaces/btcpp_ros2_interfaces/action/detail/sleep__type_support.h\n'}
[0.272114] (btcpp_ros2_interfaces) StdoutLine: {'line': b'-- Up-to-date symlink: /convince_ws/install/btcpp_ros2_interfaces/include/btcpp_ros2_interfaces/btcpp_ros2_interfaces/action/execute_tree.h\n'}
[0.272159] (btcpp_ros2_interfaces) StdoutLine: {'line': b'-- Up-to-date symlink: /convince_ws/install/btcpp_ros2_interfaces/include/btcpp_ros2_interfaces/btcpp_ros2_interfaces/action/sleep.h\n'}
[0.272207] (btcpp_ros2_interfaces) StdoutLine: {'line': b'-- Up-to-date symlink: /convince_ws/install/btcpp_ros2_interfaces/include/btcpp_ros2_interfaces/btcpp_ros2_interfaces/msg/detail/node_status__functions.h\n'}
[0.272253] (btcpp_ros2_interfaces) StdoutLine: {'line': b'-- Up-to-date symlink: /convince_ws/install/btcpp_ros2_interfaces/include/btcpp_ros2_interfaces/btcpp_ros2_interfaces/msg/detail/node_status__struct.h\n'}
[0.272301] (btcpp_ros2_interfaces) StdoutLine: {'line': b'-- Up-to-date symlink: /convince_ws/install/btcpp_ros2_interfaces/include/btcpp_ros2_interfaces/btcpp_ros2_interfaces/msg/detail/node_status__type_support.h\n'}
[0.272353] (btcpp_ros2_interfaces) StdoutLine: {'line': b'-- Up-to-date symlink: /convince_ws/install/btcpp_ros2_interfaces/include/btcpp_ros2_interfaces/btcpp_ros2_interfaces/msg/node_status.h\n'}
[0.272399] (btcpp_ros2_interfaces) StdoutLine: {'line': b'-- Up-to-date symlink: /convince_ws/install/btcpp_ros2_interfaces/include/btcpp_ros2_interfaces/btcpp_ros2_interfaces/msg/rosidl_generator_c__visibility_control.h\n'}
[0.272440] (btcpp_ros2_interfaces) StdoutLine: {'line': b'-- Up-to-date symlink: /convince_ws/install/btcpp_ros2_interfaces/include/btcpp_ros2_interfaces/btcpp_ros2_interfaces/srv/detail/get_trees__functions.h\n'}
[0.272484] (btcpp_ros2_interfaces) StdoutLine: {'line': b'-- Up-to-date symlink: /convince_ws/install/btcpp_ros2_interfaces/include/btcpp_ros2_interfaces/btcpp_ros2_interfaces/srv/detail/get_trees__struct.h\n'}
[0.272529] (btcpp_ros2_interfaces) StdoutLine: {'line': b'-- Up-to-date symlink: /convince_ws/install/btcpp_ros2_interfaces/include/btcpp_ros2_interfaces/btcpp_ros2_interfaces/srv/detail/get_trees__type_support.h\n'}
[0.272572] (btcpp_ros2_interfaces) StdoutLine: {'line': b'-- Up-to-date symlink: /convince_ws/install/btcpp_ros2_interfaces/include/btcpp_ros2_interfaces/btcpp_ros2_interfaces/srv/get_trees.h\n'}
[0.272658] (btcpp_ros2_interfaces) StdoutLine: {'line': b'-- Up-to-date symlink: /convince_ws/install/btcpp_ros2_interfaces/share/btcpp_ros2_interfaces/environment/library_path.sh\n'}
[0.272726] (btcpp_ros2_interfaces) StdoutLine: {'line': b'-- Up-to-date symlink: /convince_ws/install/btcpp_ros2_interfaces/share/btcpp_ros2_interfaces/environment/library_path.dsv\n'}
[0.273067] (btcpp_ros2_interfaces) StdoutLine: {'line': b'-- Up-to-date symlink: /convince_ws/install/btcpp_ros2_interfaces/include/btcpp_ros2_interfaces/btcpp_ros2_interfaces/action/detail/execute_tree__rosidl_typesupport_fastrtps_c.h\n'}
[0.273185] (overarching_msgs) StdoutLine: {'line': b'[100%] Built target ament_cmake_python_build_overarching_msgs_egg\n'}
[0.273229] (btcpp_ros2_interfaces) StdoutLine: {'line': b'-- Up-to-date symlink: /convince_ws/install/btcpp_ros2_interfaces/include/btcpp_ros2_interfaces/btcpp_ros2_interfaces/action/detail/sleep__rosidl_typesupport_fastrtps_c.h\n'}
[0.273259] (btcpp_ros2_interfaces) StdoutLine: {'line': b'-- Up-to-date symlink: /convince_ws/install/btcpp_ros2_interfaces/include/btcpp_ros2_interfaces/btcpp_ros2_interfaces/msg/detail/node_status__rosidl_typesupport_fastrtps_c.h\n'}
[0.273291] (btcpp_ros2_interfaces) StdoutLine: {'line': b'-- Up-to-date symlink: /convince_ws/install/btcpp_ros2_interfaces/include/btcpp_ros2_interfaces/btcpp_ros2_interfaces/msg/rosidl_typesupport_fastrtps_c__visibility_control.h\n'}
[0.273331] (btcpp_ros2_interfaces) StdoutLine: {'line': b'-- Up-to-date symlink: /convince_ws/install/btcpp_ros2_interfaces/include/btcpp_ros2_interfaces/btcpp_ros2_interfaces/srv/detail/get_trees__rosidl_typesupport_fastrtps_c.h\n'}
[0.273520] (btcpp_ros2_interfaces) StdoutLine: {'line': b'-- Up-to-date symlink: /convince_ws/install/btcpp_ros2_interfaces/include/btcpp_ros2_interfaces/btcpp_ros2_interfaces/action/detail/execute_tree__rosidl_typesupport_introspection_c.h\n'}
[0.273571] (btcpp_ros2_interfaces) StdoutLine: {'line': b'-- Up-to-date symlink: /convince_ws/install/btcpp_ros2_interfaces/include/btcpp_ros2_interfaces/btcpp_ros2_interfaces/action/detail/sleep__rosidl_typesupport_introspection_c.h\n'}
[0.273625] (btcpp_ros2_interfaces) StdoutLine: {'line': b'-- Up-to-date symlink: /convince_ws/install/btcpp_ros2_interfaces/include/btcpp_ros2_interfaces/btcpp_ros2_interfaces/msg/detail/node_status__rosidl_typesupport_introspection_c.h\n'}
[0.273677] (btcpp_ros2_interfaces) StdoutLine: {'line': b'-- Up-to-date symlink: /convince_ws/install/btcpp_ros2_interfaces/include/btcpp_ros2_interfaces/btcpp_ros2_interfaces/msg/rosidl_typesupport_introspection_c__visibility_control.h\n'}
[0.273723] (btcpp_ros2_interfaces) StdoutLine: {'line': b'-- Up-to-date symlink: /convince_ws/install/btcpp_ros2_interfaces/include/btcpp_ros2_interfaces/btcpp_ros2_interfaces/srv/detail/get_trees__rosidl_typesupport_introspection_c.h\n'}
[0.274022] (btcpp_ros2_interfaces) StdoutLine: {'line': b'-- Up-to-date symlink: /convince_ws/install/btcpp_ros2_interfaces/include/btcpp_ros2_interfaces/btcpp_ros2_interfaces/action/detail/execute_tree__builder.hpp\n'}
[0.274072] (btcpp_ros2_interfaces) StdoutLine: {'line': b'-- Up-to-date symlink: /convince_ws/install/btcpp_ros2_interfaces/include/btcpp_ros2_interfaces/btcpp_ros2_interfaces/action/detail/execute_tree__struct.hpp\n'}
[0.274121] (btcpp_ros2_interfaces) StdoutLine: {'line': b'-- Up-to-date symlink: /convince_ws/install/btcpp_ros2_interfaces/include/btcpp_ros2_interfaces/btcpp_ros2_interfaces/action/detail/execute_tree__traits.hpp\n'}
[0.274170] (btcpp_ros2_interfaces) StdoutLine: {'line': b'-- Up-to-date symlink: /convince_ws/install/btcpp_ros2_interfaces/include/btcpp_ros2_interfaces/btcpp_ros2_interfaces/action/detail/execute_tree__type_support.hpp\n'}
[0.274220] (btcpp_ros2_interfaces) StdoutLine: {'line': b'-- Up-to-date symlink: /convince_ws/install/btcpp_ros2_interfaces/include/btcpp_ros2_interfaces/btcpp_ros2_interfaces/action/detail/sleep__builder.hpp\n'}
[0.274268] (btcpp_ros2_interfaces) StdoutLine: {'line': b'-- Up-to-date symlink: /convince_ws/install/btcpp_ros2_interfaces/include/btcpp_ros2_interfaces/btcpp_ros2_interfaces/action/detail/sleep__struct.hpp\n'}
[0.274314] (btcpp_ros2_interfaces) StdoutLine: {'line': b'-- Up-to-date symlink: /convince_ws/install/btcpp_ros2_interfaces/include/btcpp_ros2_interfaces/btcpp_ros2_interfaces/action/detail/sleep__traits.hpp\n'}
[0.274361] (btcpp_ros2_interfaces) StdoutLine: {'line': b'-- Up-to-date symlink: /convince_ws/install/btcpp_ros2_interfaces/include/btcpp_ros2_interfaces/btcpp_ros2_interfaces/action/detail/sleep__type_support.hpp\n'}
[0.274409] (btcpp_ros2_interfaces) StdoutLine: {'line': b'-- Up-to-date symlink: /convince_ws/install/btcpp_ros2_interfaces/include/btcpp_ros2_interfaces/btcpp_ros2_interfaces/action/execute_tree.hpp\n'}
[0.274455] (btcpp_ros2_interfaces) StdoutLine: {'line': b'-- Up-to-date symlink: /convince_ws/install/btcpp_ros2_interfaces/include/btcpp_ros2_interfaces/btcpp_ros2_interfaces/action/sleep.hpp\n'}
[0.274503] (btcpp_ros2_interfaces) StdoutLine: {'line': b'-- Up-to-date symlink: /convince_ws/install/btcpp_ros2_interfaces/include/btcpp_ros2_interfaces/btcpp_ros2_interfaces/msg/detail/node_status__builder.hpp\n'}
[0.274548] (btcpp_ros2_interfaces) StdoutLine: {'line': b'-- Up-to-date symlink: /convince_ws/install/btcpp_ros2_interfaces/include/btcpp_ros2_interfaces/btcpp_ros2_interfaces/msg/detail/node_status__struct.hpp\n'}
[0.274595] (btcpp_ros2_interfaces) StdoutLine: {'line': b'-- Up-to-date symlink: /convince_ws/install/btcpp_ros2_interfaces/include/btcpp_ros2_interfaces/btcpp_ros2_interfaces/msg/detail/node_status__traits.hpp\n'}
[0.274642] (btcpp_ros2_interfaces) StdoutLine: {'line': b'-- Up-to-date symlink: /convince_ws/install/btcpp_ros2_interfaces/include/btcpp_ros2_interfaces/btcpp_ros2_interfaces/msg/detail/node_status__type_support.hpp\n'}
[0.274690] (btcpp_ros2_interfaces) StdoutLine: {'line': b'-- Up-to-date symlink: /convince_ws/install/btcpp_ros2_interfaces/include/btcpp_ros2_interfaces/btcpp_ros2_interfaces/msg/node_status.hpp\n'}
[0.274741] (btcpp_ros2_interfaces) StdoutLine: {'line': b'-- Up-to-date symlink: /convince_ws/install/btcpp_ros2_interfaces/include/btcpp_ros2_interfaces/btcpp_ros2_interfaces/msg/rosidl_generator_cpp__visibility_control.hpp\n'}
[0.274790] (btcpp_ros2_interfaces) StdoutLine: {'line': b'-- Up-to-date symlink: /convince_ws/install/btcpp_ros2_interfaces/include/btcpp_ros2_interfaces/btcpp_ros2_interfaces/srv/detail/get_trees__builder.hpp\n'}
[0.274838] (btcpp_ros2_interfaces) StdoutLine: {'line': b'-- Up-to-date symlink: /convince_ws/install/btcpp_ros2_interfaces/include/btcpp_ros2_interfaces/btcpp_ros2_interfaces/srv/detail/get_trees__struct.hpp\n'}
[0.274883] (btcpp_ros2_interfaces) StdoutLine: {'line': b'-- Up-to-date symlink: /convince_ws/install/btcpp_ros2_interfaces/include/btcpp_ros2_interfaces/btcpp_ros2_interfaces/srv/detail/get_trees__traits.hpp\n'}
[0.274930] (btcpp_ros2_interfaces) StdoutLine: {'line': b'-- Up-to-date symlink: /convince_ws/install/btcpp_ros2_interfaces/include/btcpp_ros2_interfaces/btcpp_ros2_interfaces/srv/detail/get_trees__type_support.hpp\n'}
[0.274975] (btcpp_ros2_interfaces) StdoutLine: {'line': b'-- Up-to-date symlink: /convince_ws/install/btcpp_ros2_interfaces/include/btcpp_ros2_interfaces/btcpp_ros2_interfaces/srv/get_trees.hpp\n'}
[0.275109] (bt_interfaces_dummy) StdoutLine: {'line': b'-- Install configuration: ""\n'}
[0.275332] (btcpp_ros2_interfaces) StdoutLine: {'line': b'-- Up-to-date symlink: /convince_ws/install/btcpp_ros2_interfaces/include/btcpp_ros2_interfaces/btcpp_ros2_interfaces/action/detail/execute_tree__rosidl_typesupport_fastrtps_cpp.hpp\n'}
[0.275383] (btcpp_ros2_interfaces) StdoutLine: {'line': b'-- Up-to-date symlink: /convince_ws/install/btcpp_ros2_interfaces/include/btcpp_ros2_interfaces/btcpp_ros2_interfaces/action/detail/sleep__rosidl_typesupport_fastrtps_cpp.hpp\n'}
[0.275455] (pyrobosim_msgs) StdoutLine: {'line': b"reading manifest file 'pyrobosim_msgs.egg-info/SOURCES.txt'\n"}
[0.275491] (btcpp_ros2_interfaces) StdoutLine: {'line': b'-- Up-to-date symlink: /convince_ws/install/btcpp_ros2_interfaces/include/btcpp_ros2_interfaces/btcpp_ros2_interfaces/msg/detail/node_status__rosidl_typesupport_fastrtps_cpp.hpp\n'}
[0.275529] (btcpp_ros2_interfaces) StdoutLine: {'line': b'-- Up-to-date symlink: /convince_ws/install/btcpp_ros2_interfaces/include/btcpp_ros2_interfaces/btcpp_ros2_interfaces/msg/rosidl_typesupport_fastrtps_cpp__visibility_control.h\n'}
[0.275569] (btcpp_ros2_interfaces) StdoutLine: {'line': b'-- Up-to-date symlink: /convince_ws/install/btcpp_ros2_interfaces/include/btcpp_ros2_interfaces/btcpp_ros2_interfaces/srv/detail/get_trees__rosidl_typesupport_fastrtps_cpp.hpp\n'}
[0.275626] (bt_interfaces_dummy) StdoutLine: {'line': b'-- Execute custom install script\n'}
[0.275767] (btcpp_ros2_interfaces) StdoutLine: {'line': b'-- Up-to-date symlink: /convince_ws/install/btcpp_ros2_interfaces/include/btcpp_ros2_interfaces/btcpp_ros2_interfaces/action/detail/execute_tree__rosidl_typesupport_introspection_cpp.hpp\n'}
[0.275821] (btcpp_ros2_interfaces) StdoutLine: {'line': b'-- Up-to-date symlink: /convince_ws/install/btcpp_ros2_interfaces/include/btcpp_ros2_interfaces/btcpp_ros2_interfaces/action/detail/sleep__rosidl_typesupport_introspection_cpp.hpp\n'}
[0.275867] (bt_interfaces_dummy) StdoutLine: {'line': b'-- Up-to-date symlink: /convince_ws/install/bt_interfaces_dummy/share/ament_index/resource_index/rosidl_interfaces/bt_interfaces_dummy\n'}
[0.275909] (btcpp_ros2_interfaces) StdoutLine: {'line': b'-- Up-to-date symlink: /convince_ws/install/btcpp_ros2_interfaces/include/btcpp_ros2_interfaces/btcpp_ros2_interfaces/msg/detail/node_status__rosidl_typesupport_introspection_cpp.hpp\n'}
[0.275944] (btcpp_ros2_interfaces) StdoutLine: {'line': b'-- Up-to-date symlink: /convince_ws/install/btcpp_ros2_interfaces/include/btcpp_ros2_interfaces/btcpp_ros2_interfaces/srv/detail/get_trees__rosidl_typesupport_introspection_cpp.hpp\n'}
[0.275993] (pyrobosim_msgs) StdoutLine: {'line': b"writing manifest file 'pyrobosim_msgs.egg-info/SOURCES.txt'\n"}
[0.276026] (bt_interfaces_dummy) StdoutLine: {'line': b'-- Up-to-date symlink: /convince_ws/install/bt_interfaces_dummy/share/bt_interfaces_dummy/srv/TickAction.json\n'}
[0.276070] (btcpp_ros2_interfaces) StdoutLine: {'line': b'-- Up-to-date symlink: /convince_ws/install/btcpp_ros2_interfaces/share/btcpp_ros2_interfaces/environment/pythonpath.sh\n'}
[0.276113] (btcpp_ros2_interfaces) StdoutLine: {'line': b'-- Up-to-date symlink: /convince_ws/install/btcpp_ros2_interfaces/share/btcpp_ros2_interfaces/environment/pythonpath.dsv\n'}
[0.276157] (bt_interfaces_dummy) StdoutLine: {'line': b'-- Up-to-date symlink: /convince_ws/install/bt_interfaces_dummy/share/bt_interfaces_dummy/msg/ActionResponse.json\n'}
[0.276239] (bt_interfaces_dummy) StdoutLine: {'line': b'-- Up-to-date symlink: /convince_ws/install/bt_interfaces_dummy/share/bt_interfaces_dummy/msg/ConditionResponse.json\n'}
[0.276279] (btcpp_ros2_interfaces) StdoutLine: {'line': b'-- Up-to-date symlink: /convince_ws/install/btcpp_ros2_interfaces/lib/python3.12/site-packages/btcpp_ros2_interfaces-0.3.0-py3.12.egg-info/PKG-INFO\n'}
[0.276320] (btcpp_ros2_interfaces) StdoutLine: {'line': b'-- Up-to-date symlink: /convince_ws/install/btcpp_ros2_interfaces/lib/python3.12/site-packages/btcpp_ros2_interfaces-0.3.0-py3.12.egg-info/SOURCES.txt\n'}
[0.276359] (btcpp_ros2_interfaces) StdoutLine: {'line': b'-- Up-to-date symlink: /convince_ws/install/btcpp_ros2_interfaces/lib/python3.12/site-packages/btcpp_ros2_interfaces-0.3.0-py3.12.egg-info/dependency_links.txt\n'}
[0.276396] (bt_interfaces_dummy) StdoutLine: {'line': b'-- Up-to-date symlink: /convince_ws/install/bt_interfaces_dummy/share/bt_interfaces_dummy/srv/HaltAction.json\n'}
[0.276437] (btcpp_ros2_interfaces) StdoutLine: {'line': b'-- Up-to-date symlink: /convince_ws/install/btcpp_ros2_interfaces/lib/python3.12/site-packages/btcpp_ros2_interfaces-0.3.0-py3.12.egg-info/top_level.txt\n'}
[0.276497] (bt_interfaces_dummy) StdoutLine: {'line': b'-- Up-to-date symlink: /convince_ws/install/bt_interfaces_dummy/share/bt_interfaces_dummy/srv/TickCondition.json\n'}
[0.276623] (bt_interfaces_dummy) StdoutLine: {'line': b'-- Up-to-date symlink: /convince_ws/install/bt_interfaces_dummy/share/bt_interfaces_dummy/srv/ReloadTree.json\n'}
[0.276822] (btcpp_ros2_interfaces) StdoutLine: {'line': b'-- Up-to-date symlink: /convince_ws/install/btcpp_ros2_interfaces/lib/python3.12/site-packages/btcpp_ros2_interfaces/__init__.py\n'}
[0.276877] (btcpp_ros2_interfaces) StdoutLine: {'line': b'-- Up-to-date symlink: /convince_ws/install/btcpp_ros2_interfaces/lib/python3.12/site-packages/btcpp_ros2_interfaces/_btcpp_ros2_interfaces_s.ep.rosidl_typesupport_c.c\n'}
[0.276929] (btcpp_ros2_interfaces) StdoutLine: {'line': b'-- Up-to-date symlink: /convince_ws/install/btcpp_ros2_interfaces/lib/python3.12/site-packages/btcpp_ros2_interfaces/_btcpp_ros2_interfaces_s.ep.rosidl_typesupport_fastrtps_c.c\n'}
[0.276978] (btcpp_ros2_interfaces) StdoutLine: {'line': b'-- Up-to-date symlink: /convince_ws/install/btcpp_ros2_interfaces/lib/python3.12/site-packages/btcpp_ros2_interfaces/_btcpp_ros2_interfaces_s.ep.rosidl_typesupport_introspection_c.c\n'}
[0.277029] (btcpp_ros2_interfaces) StdoutLine: {'line': b'-- Up-to-date symlink: /convince_ws/install/btcpp_ros2_interfaces/lib/python3.12/site-packages/btcpp_ros2_interfaces/action/__init__.py\n'}
[0.277080] (btcpp_ros2_interfaces) StdoutLine: {'line': b'-- Up-to-date symlink: /convince_ws/install/btcpp_ros2_interfaces/lib/python3.12/site-packages/btcpp_ros2_interfaces/action/_execute_tree.py\n'}
[0.277131] (btcpp_ros2_interfaces) StdoutLine: {'line': b'-- Up-to-date symlink: /convince_ws/install/btcpp_ros2_interfaces/lib/python3.12/site-packages/btcpp_ros2_interfaces/action/_execute_tree_s.c\n'}
[0.277180] (btcpp_ros2_interfaces) StdoutLine: {'line': b'-- Up-to-date symlink: /convince_ws/install/btcpp_ros2_interfaces/lib/python3.12/site-packages/btcpp_ros2_interfaces/action/_sleep.py\n'}
[0.277229] (btcpp_ros2_interfaces) StdoutLine: {'line': b'-- Up-to-date symlink: /convince_ws/install/btcpp_ros2_interfaces/lib/python3.12/site-packages/btcpp_ros2_interfaces/action/_sleep_s.c\n'}
[0.277279] (btcpp_ros2_interfaces) StdoutLine: {'line': b'-- Up-to-date symlink: /convince_ws/install/btcpp_ros2_interfaces/lib/python3.12/site-packages/btcpp_ros2_interfaces/btcpp_ros2_interfaces_s__rosidl_typesupport_c.so\n'}
[0.277328] (bt_interfaces_dummy) StdoutLine: {'line': b'-- Up-to-date symlink: /convince_ws/install/bt_interfaces_dummy/include/bt_interfaces_dummy/bt_interfaces_dummy/msg/action_response.h\n'}
[0.277374] (btcpp_ros2_interfaces) StdoutLine: {'line': b'-- Up-to-date symlink: /convince_ws/install/btcpp_ros2_interfaces/lib/python3.12/site-packages/btcpp_ros2_interfaces/btcpp_ros2_interfaces_s__rosidl_typesupport_fastrtps_c.so\n'}
[0.277417] (bt_interfaces_dummy) StdoutLine: {'line': b'-- Up-to-date symlink: /convince_ws/install/bt_interfaces_dummy/include/bt_interfaces_dummy/bt_interfaces_dummy/msg/condition_response.h\n'}
[0.277457] (btcpp_ros2_interfaces) StdoutLine: {'line': b'-- Up-to-date symlink: /convince_ws/install/btcpp_ros2_interfaces/lib/python3.12/site-packages/btcpp_ros2_interfaces/btcpp_ros2_interfaces_s__rosidl_typesupport_introspection_c.so\n'}
[0.277517] (btcpp_ros2_interfaces) StdoutLine: {'line': b'-- Up-to-date symlink: /convince_ws/install/btcpp_ros2_interfaces/lib/python3.12/site-packages/btcpp_ros2_interfaces/msg/__init__.py\n'}
[0.277549] (btcpp_ros2_interfaces) StdoutLine: {'line': b'-- Up-to-date symlink: /convince_ws/install/btcpp_ros2_interfaces/lib/python3.12/site-packages/btcpp_ros2_interfaces/msg/_node_status.py\n'}
[0.277584] (bt_interfaces_dummy) StdoutLine: {'line': b'-- Up-to-date symlink: /convince_ws/install/bt_interfaces_dummy/include/bt_interfaces_dummy/bt_interfaces_dummy/msg/detail/action_response__functions.h\n'}
[0.277633] (btcpp_ros2_interfaces) StdoutLine: {'line': b'-- Up-to-date symlink: /convince_ws/install/btcpp_ros2_interfaces/lib/python3.12/site-packages/btcpp_ros2_interfaces/msg/_node_status_s.c\n'}
[0.277668] (btcpp_ros2_interfaces) StdoutLine: {'line': b'-- Up-to-date symlink: /convince_ws/install/btcpp_ros2_interfaces/lib/python3.12/site-packages/btcpp_ros2_interfaces/srv/__init__.py\n'}
[0.277722] (btcpp_ros2_interfaces) StdoutLine: {'line': b'-- Up-to-date symlink: /convince_ws/install/btcpp_ros2_interfaces/lib/python3.12/site-packages/btcpp_ros2_interfaces/srv/_get_trees.py\n'}
[0.277782] (bt_interfaces_dummy) StdoutLine: {'line': b'-- Up-to-date symlink: /convince_ws/install/bt_interfaces_dummy/include/bt_interfaces_dummy/bt_interfaces_dummy/msg/detail/action_response__struct.h\n'}
[0.277815] (bt_interfaces_dummy) StdoutLine: {'line': b'-- Up-to-date symlink: /convince_ws/install/bt_interfaces_dummy/include/bt_interfaces_dummy/bt_interfaces_dummy/msg/detail/action_response__type_support.h\n'}
[0.277845] (btcpp_ros2_interfaces) StdoutLine: {'line': b'-- Up-to-date symlink: /convince_ws/install/btcpp_ros2_interfaces/lib/python3.12/site-packages/btcpp_ros2_interfaces/srv/_get_trees_s.c\n'}
[0.277878] (bt_interfaces_dummy) StdoutLine: {'line': b'-- Up-to-date symlink: /convince_ws/install/bt_interfaces_dummy/include/bt_interfaces_dummy/bt_interfaces_dummy/msg/detail/condition_response__functions.h\n'}
[0.277922] (bt_interfaces_dummy) StdoutLine: {'line': b'-- Up-to-date symlink: /convince_ws/install/bt_interfaces_dummy/include/bt_interfaces_dummy/bt_interfaces_dummy/msg/detail/condition_response__struct.h\n'}
[0.277971] (btcpp_ros2_interfaces) StdoutLine: {'line': b'-- Up-to-date symlink: /convince_ws/install/btcpp_ros2_interfaces/lib/python3.12/site-packages/btcpp_ros2_interfaces/btcpp_ros2_interfaces_s__rosidl_typesupport_fastrtps_c.so\n'}
[0.278002] (bt_interfaces_dummy) StdoutLine: {'line': b'-- Up-to-date symlink: /convince_ws/install/bt_interfaces_dummy/include/bt_interfaces_dummy/bt_interfaces_dummy/msg/detail/condition_response__type_support.h\n'}
[0.278043] (btcpp_ros2_interfaces) StdoutLine: {'line': b'-- Up-to-date symlink: /convince_ws/install/btcpp_ros2_interfaces/lib/python3.12/site-packages/btcpp_ros2_interfaces/btcpp_ros2_interfaces_s__rosidl_typesupport_introspection_c.so\n'}
[0.278088] (bt_interfaces_dummy) StdoutLine: {'line': b'-- Up-to-date symlink: /convince_ws/install/bt_interfaces_dummy/include/bt_interfaces_dummy/bt_interfaces_dummy/msg/rosidl_generator_c__visibility_control.h\n'}
[0.278137] (btcpp_ros2_interfaces) StdoutLine: {'line': b'-- Up-to-date symlink: /convince_ws/install/btcpp_ros2_interfaces/lib/python3.12/site-packages/btcpp_ros2_interfaces/btcpp_ros2_interfaces_s__rosidl_typesupport_c.so\n'}
[0.278169] (bt_interfaces_dummy) StdoutLine: {'line': b'-- Up-to-date symlink: /convince_ws/install/bt_interfaces_dummy/include/bt_interfaces_dummy/bt_interfaces_dummy/srv/detail/halt_action__functions.h\n'}
[0.278210] (btcpp_ros2_interfaces) StdoutLine: {'line': b'-- Up-to-date symlink: /convince_ws/install/btcpp_ros2_interfaces/share/btcpp_ros2_interfaces/msg/NodeStatus.idl\n'}
[0.278255] (bt_interfaces_dummy) StdoutLine: {'line': b'-- Up-to-date symlink: /convince_ws/install/bt_interfaces_dummy/include/bt_interfaces_dummy/bt_interfaces_dummy/srv/detail/halt_action__struct.h\n'}
[0.278296] (btcpp_ros2_interfaces) StdoutLine: {'line': b'-- Up-to-date symlink: /convince_ws/install/btcpp_ros2_interfaces/share/btcpp_ros2_interfaces/srv/GetTrees.idl\n'}
[0.278339] (bt_interfaces_dummy) StdoutLine: {'line': b'-- Up-to-date symlink: /convince_ws/install/bt_interfaces_dummy/include/bt_interfaces_dummy/bt_interfaces_dummy/srv/detail/halt_action__type_support.h\n'}
[0.278380] (btcpp_ros2_interfaces) StdoutLine: {'line': b'-- Up-to-date symlink: /convince_ws/install/btcpp_ros2_interfaces/share/btcpp_ros2_interfaces/action/ExecuteTree.idl\n'}
[0.278431] (bt_interfaces_dummy) StdoutLine: {'line': b'-- Up-to-date symlink: /convince_ws/install/bt_interfaces_dummy/include/bt_interfaces_dummy/bt_interfaces_dummy/srv/detail/reload_tree__functions.h\n'}
[0.278462] (btcpp_ros2_interfaces) StdoutLine: {'line': b'-- Up-to-date symlink: /convince_ws/install/btcpp_ros2_interfaces/share/btcpp_ros2_interfaces/action/Sleep.idl\n'}
[0.278515] (btcpp_ros2_interfaces) StdoutLine: {'line': b'-- Up-to-date symlink: /convince_ws/install/btcpp_ros2_interfaces/share/btcpp_ros2_interfaces/msg/NodeStatus.msg\n'}
[0.278545] (bt_interfaces_dummy) StdoutLine: {'line': b'-- Up-to-date symlink: /convince_ws/install/bt_interfaces_dummy/include/bt_interfaces_dummy/bt_interfaces_dummy/srv/detail/reload_tree__struct.h\n'}
[0.278586] (btcpp_ros2_interfaces) StdoutLine: {'line': b'-- Up-to-date symlink: /convince_ws/install/btcpp_ros2_interfaces/share/btcpp_ros2_interfaces/srv/GetTrees.srv\n'}
[0.278630] (bt_interfaces_dummy) StdoutLine: {'line': b'-- Up-to-date symlink: /convince_ws/install/bt_interfaces_dummy/include/bt_interfaces_dummy/bt_interfaces_dummy/srv/detail/reload_tree__type_support.h\n'}
[0.278683] (btcpp_ros2_interfaces) StdoutLine: {'line': b'-- Up-to-date symlink: /convince_ws/install/btcpp_ros2_interfaces/share/btcpp_ros2_interfaces/action/ExecuteTree.action\n'}
[0.278714] (bt_interfaces_dummy) StdoutLine: {'line': b'-- Up-to-date symlink: /convince_ws/install/bt_interfaces_dummy/include/bt_interfaces_dummy/bt_interfaces_dummy/srv/detail/tick_action__functions.h\n'}
[0.278773] (btcpp_ros2_interfaces) StdoutLine: {'line': b'-- Up-to-date symlink: /convince_ws/install/btcpp_ros2_interfaces/share/btcpp_ros2_interfaces/action/Sleep.action\n'}
[0.278814] (bt_interfaces_dummy) StdoutLine: {'line': b'-- Up-to-date symlink: /convince_ws/install/bt_interfaces_dummy/include/bt_interfaces_dummy/bt_interfaces_dummy/srv/detail/tick_action__struct.h\n'}
[0.278850] (btcpp_ros2_interfaces) StdoutLine: {'line': b'-- Up-to-date symlink: /convince_ws/install/btcpp_ros2_interfaces/share/ament_index/resource_index/package_run_dependencies/btcpp_ros2_interfaces\n'}
[0.278903] (btcpp_ros2_interfaces) StdoutLine: {'line': b'-- Up-to-date symlink: /convince_ws/install/btcpp_ros2_interfaces/share/ament_index/resource_index/parent_prefix_path/btcpp_ros2_interfaces\n'}
[0.278951] (bt_interfaces_dummy) StdoutLine: {'line': b'-- Up-to-date symlink: /convince_ws/install/bt_interfaces_dummy/include/bt_interfaces_dummy/bt_interfaces_dummy/srv/detail/tick_action__type_support.h\n'}
[0.278980] (bt_interfaces_dummy) StdoutLine: {'line': b'-- Up-to-date symlink: /convince_ws/install/bt_interfaces_dummy/include/bt_interfaces_dummy/bt_interfaces_dummy/srv/detail/tick_condition__functions.h\n'}
[0.279010] (btcpp_ros2_interfaces) StdoutLine: {'line': b'-- Up-to-date symlink: /convince_ws/install/btcpp_ros2_interfaces/share/btcpp_ros2_interfaces/environment/ament_prefix_path.sh\n'}
[0.279060] (btcpp_ros2_interfaces) StdoutLine: {'line': b'-- Up-to-date symlink: /convince_ws/install/btcpp_ros2_interfaces/share/btcpp_ros2_interfaces/environment/ament_prefix_path.dsv\n'}
[0.279090] (bt_interfaces_dummy) StdoutLine: {'line': b'-- Up-to-date symlink: /convince_ws/install/bt_interfaces_dummy/include/bt_interfaces_dummy/bt_interfaces_dummy/srv/detail/tick_condition__struct.h\n'}
[0.279134] (bt_interfaces_dummy) StdoutLine: {'line': b'-- Up-to-date symlink: /convince_ws/install/bt_interfaces_dummy/include/bt_interfaces_dummy/bt_interfaces_dummy/srv/detail/tick_condition__type_support.h\n'}
[0.279187] (btcpp_ros2_interfaces) StdoutLine: {'line': b'-- Up-to-date symlink: /convince_ws/install/btcpp_ros2_interfaces/share/btcpp_ros2_interfaces/environment/path.sh\n'}
[0.279217] (btcpp_ros2_interfaces) StdoutLine: {'line': b'-- Up-to-date symlink: /convince_ws/install/btcpp_ros2_interfaces/share/btcpp_ros2_interfaces/environment/path.dsv\n'}
[0.279247] (bt_interfaces_dummy) StdoutLine: {'line': b'-- Up-to-date symlink: /convince_ws/install/bt_interfaces_dummy/include/bt_interfaces_dummy/bt_interfaces_dummy/srv/halt_action.h\n'}
[0.279297] (btcpp_ros2_interfaces) StdoutLine: {'line': b'-- Up-to-date symlink: /convince_ws/install/btcpp_ros2_interfaces/share/btcpp_ros2_interfaces/local_setup.bash\n'}
[0.279329] (bt_interfaces_dummy) StdoutLine: {'line': b'-- Up-to-date symlink: /convince_ws/install/bt_interfaces_dummy/include/bt_interfaces_dummy/bt_interfaces_dummy/srv/reload_tree.h\n'}
[0.279377] (btcpp_ros2_interfaces) StdoutLine: {'line': b'-- Up-to-date symlink: /convince_ws/install/btcpp_ros2_interfaces/share/btcpp_ros2_interfaces/local_setup.sh\n'}
[0.279411] (btcpp_ros2_interfaces) StdoutLine: {'line': b'-- Up-to-date symlink: /convince_ws/install/btcpp_ros2_interfaces/share/btcpp_ros2_interfaces/local_setup.zsh\n'}
[0.279466] (bt_interfaces_dummy) StdoutLine: {'line': b'-- Up-to-date symlink: /convince_ws/install/bt_interfaces_dummy/include/bt_interfaces_dummy/bt_interfaces_dummy/srv/tick_action.h\n'}
[0.279498] (bt_interfaces_dummy) StdoutLine: {'line': b'-- Up-to-date symlink: /convince_ws/install/bt_interfaces_dummy/include/bt_interfaces_dummy/bt_interfaces_dummy/srv/tick_condition.h\n'}
[0.279530] (btcpp_ros2_interfaces) StdoutLine: {'line': b'-- Up-to-date symlink: /convince_ws/install/btcpp_ros2_interfaces/share/btcpp_ros2_interfaces/local_setup.dsv\n'}
[0.279573] (btcpp_ros2_interfaces) StdoutLine: {'line': b'-- Symlinking: /convince_ws/install/btcpp_ros2_interfaces/share/btcpp_ros2_interfaces/package.dsv\n'}
[0.279619] (bt_interfaces_dummy) StdoutLine: {'line': b'-- Up-to-date symlink: /convince_ws/install/bt_interfaces_dummy/share/bt_interfaces_dummy/environment/library_path.sh\n'}
[0.279707] (bt_interfaces_dummy) StdoutLine: {'line': b'-- Up-to-date symlink: /convince_ws/install/bt_interfaces_dummy/share/bt_interfaces_dummy/environment/library_path.dsv\n'}
[0.280199] (bt_interfaces_dummy) StdoutLine: {'line': b'-- Up-to-date symlink: /convince_ws/install/bt_interfaces_dummy/include/bt_interfaces_dummy/bt_interfaces_dummy/msg/detail/action_response__rosidl_typesupport_fastrtps_c.h\n'}
[0.280240] (bt_interfaces_dummy) StdoutLine: {'line': b'-- Up-to-date symlink: /convince_ws/install/bt_interfaces_dummy/include/bt_interfaces_dummy/bt_interfaces_dummy/msg/detail/condition_response__rosidl_typesupport_fastrtps_c.h\n'}
[0.280287] (bt_interfaces_dummy) StdoutLine: {'line': b'-- Up-to-date symlink: /convince_ws/install/bt_interfaces_dummy/include/bt_interfaces_dummy/bt_interfaces_dummy/msg/rosidl_typesupport_fastrtps_c__visibility_control.h\n'}
[0.280336] (bt_interfaces_dummy) StdoutLine: {'line': b'-- Up-to-date symlink: /convince_ws/install/bt_interfaces_dummy/include/bt_interfaces_dummy/bt_interfaces_dummy/srv/detail/halt_action__rosidl_typesupport_fastrtps_c.h\n'}
[0.280382] (bt_interfaces_dummy) StdoutLine: {'line': b'-- Up-to-date symlink: /convince_ws/install/bt_interfaces_dummy/include/bt_interfaces_dummy/bt_interfaces_dummy/srv/detail/reload_tree__rosidl_typesupport_fastrtps_c.h\n'}
[0.280425] (bt_interfaces_dummy) StdoutLine: {'line': b'-- Up-to-date symlink: /convince_ws/install/bt_interfaces_dummy/include/bt_interfaces_dummy/bt_interfaces_dummy/srv/detail/tick_action__rosidl_typesupport_fastrtps_c.h\n'}
[0.280467] (bt_interfaces_dummy) StdoutLine: {'line': b'-- Up-to-date symlink: /convince_ws/install/bt_interfaces_dummy/include/bt_interfaces_dummy/bt_interfaces_dummy/srv/detail/tick_condition__rosidl_typesupport_fastrtps_c.h\n'}
[0.280668] (bt_interfaces_dummy) StdoutLine: {'line': b'-- Up-to-date symlink: /convince_ws/install/bt_interfaces_dummy/include/bt_interfaces_dummy/bt_interfaces_dummy/msg/detail/action_response__rosidl_typesupport_introspection_c.h\n'}
[0.280720] (bt_interfaces_dummy) StdoutLine: {'line': b'-- Up-to-date symlink: /convince_ws/install/bt_interfaces_dummy/include/bt_interfaces_dummy/bt_interfaces_dummy/msg/detail/condition_response__rosidl_typesupport_introspection_c.h\n'}
[0.280769] (bt_interfaces_dummy) StdoutLine: {'line': b'-- Up-to-date symlink: /convince_ws/install/bt_interfaces_dummy/include/bt_interfaces_dummy/bt_interfaces_dummy/msg/rosidl_typesupport_introspection_c__visibility_control.h\n'}
[0.280813] (bt_interfaces_dummy) StdoutLine: {'line': b'-- Up-to-date symlink: /convince_ws/install/bt_interfaces_dummy/include/bt_interfaces_dummy/bt_interfaces_dummy/srv/detail/halt_action__rosidl_typesupport_introspection_c.h\n'}
[0.280856] (bt_interfaces_dummy) StdoutLine: {'line': b'-- Up-to-date symlink: /convince_ws/install/bt_interfaces_dummy/include/bt_interfaces_dummy/bt_interfaces_dummy/srv/detail/reload_tree__rosidl_typesupport_introspection_c.h\n'}
[0.280899] (bt_interfaces_dummy) StdoutLine: {'line': b'-- Up-to-date symlink: /convince_ws/install/bt_interfaces_dummy/include/bt_interfaces_dummy/bt_interfaces_dummy/srv/detail/tick_action__rosidl_typesupport_introspection_c.h\n'}
[0.280943] (bt_interfaces_dummy) StdoutLine: {'line': b'-- Up-to-date symlink: /convince_ws/install/bt_interfaces_dummy/include/bt_interfaces_dummy/bt_interfaces_dummy/srv/detail/tick_condition__rosidl_typesupport_introspection_c.h\n'}
[0.281308] (bt_interfaces_dummy) StdoutLine: {'line': b'-- Up-to-date symlink: /convince_ws/install/bt_interfaces_dummy/include/bt_interfaces_dummy/bt_interfaces_dummy/msg/action_response.hpp\n'}
[0.281370] (bt_interfaces_dummy) StdoutLine: {'line': b'-- Up-to-date symlink: /convince_ws/install/bt_interfaces_dummy/include/bt_interfaces_dummy/bt_interfaces_dummy/msg/condition_response.hpp\n'}
[0.281414] (bt_interfaces_dummy) StdoutLine: {'line': b'-- Up-to-date symlink: /convince_ws/install/bt_interfaces_dummy/include/bt_interfaces_dummy/bt_interfaces_dummy/msg/detail/action_response__builder.hpp\n'}
[0.281463] (bt_interfaces_dummy) StdoutLine: {'line': b'-- Up-to-date symlink: /convince_ws/install/bt_interfaces_dummy/include/bt_interfaces_dummy/bt_interfaces_dummy/msg/detail/action_response__struct.hpp\n'}
[0.281512] (bt_interfaces_dummy) StdoutLine: {'line': b'-- Up-to-date symlink: /convince_ws/install/bt_interfaces_dummy/include/bt_interfaces_dummy/bt_interfaces_dummy/msg/detail/action_response__traits.hpp\n'}
[0.281562] (bt_interfaces_dummy) StdoutLine: {'line': b'-- Up-to-date symlink: /convince_ws/install/bt_interfaces_dummy/include/bt_interfaces_dummy/bt_interfaces_dummy/msg/detail/action_response__type_support.hpp\n'}
[0.281610] (bt_interfaces_dummy) StdoutLine: {'line': b'-- Up-to-date symlink: /convince_ws/install/bt_interfaces_dummy/include/bt_interfaces_dummy/bt_interfaces_dummy/msg/detail/condition_response__builder.hpp\n'}
[0.281650] (bt_interfaces_dummy) StdoutLine: {'line': b'-- Up-to-date symlink: /convince_ws/install/bt_interfaces_dummy/include/bt_interfaces_dummy/bt_interfaces_dummy/msg/detail/condition_response__struct.hpp\n'}
[0.281698] (bt_interfaces_dummy) StdoutLine: {'line': b'-- Up-to-date symlink: /convince_ws/install/bt_interfaces_dummy/include/bt_interfaces_dummy/bt_interfaces_dummy/msg/detail/condition_response__traits.hpp\n'}
[0.281748] (bt_interfaces_dummy) StdoutLine: {'line': b'-- Up-to-date symlink: /convince_ws/install/bt_interfaces_dummy/include/bt_interfaces_dummy/bt_interfaces_dummy/msg/detail/condition_response__type_support.hpp\n'}
[0.281789] (bt_interfaces_dummy) StdoutLine: {'line': b'-- Up-to-date symlink: /convince_ws/install/bt_interfaces_dummy/include/bt_interfaces_dummy/bt_interfaces_dummy/msg/rosidl_generator_cpp__visibility_control.hpp\n'}
[0.281878] (bt_interfaces_dummy) StdoutLine: {'line': b'-- Up-to-date symlink: /convince_ws/install/bt_interfaces_dummy/include/bt_interfaces_dummy/bt_interfaces_dummy/srv/detail/halt_action__builder.hpp\n'}
[0.281912] (bt_interfaces_dummy) StdoutLine: {'line': b'-- Up-to-date symlink: /convince_ws/install/bt_interfaces_dummy/include/bt_interfaces_dummy/bt_interfaces_dummy/srv/detail/halt_action__struct.hpp\n'}
[0.281962] (bt_interfaces_dummy) StdoutLine: {'line': b'-- Up-to-date symlink: /convince_ws/install/bt_interfaces_dummy/include/bt_interfaces_dummy/bt_interfaces_dummy/srv/detail/halt_action__traits.hpp\n'}
[0.281997] (bt_interfaces_dummy) StdoutLine: {'line': b'-- Up-to-date symlink: /convince_ws/install/bt_interfaces_dummy/include/bt_interfaces_dummy/bt_interfaces_dummy/srv/detail/halt_action__type_support.hpp\n'}
[0.282044] (bt_interfaces_dummy) StdoutLine: {'line': b'-- Up-to-date symlink: /convince_ws/install/bt_interfaces_dummy/include/bt_interfaces_dummy/bt_interfaces_dummy/srv/detail/reload_tree__builder.hpp\n'}
[0.282105] (bt_interfaces_dummy) StdoutLine: {'line': b'-- Up-to-date symlink: /convince_ws/install/bt_interfaces_dummy/include/bt_interfaces_dummy/bt_interfaces_dummy/srv/detail/reload_tree__struct.hpp\n'}
[0.282138] (bt_interfaces_dummy) StdoutLine: {'line': b'-- Up-to-date symlink: /convince_ws/install/bt_interfaces_dummy/include/bt_interfaces_dummy/bt_interfaces_dummy/srv/detail/reload_tree__traits.hpp\n'}
[0.282201] (bt_interfaces_dummy) StdoutLine: {'line': b'-- Up-to-date symlink: /convince_ws/install/bt_interfaces_dummy/include/bt_interfaces_dummy/bt_interfaces_dummy/srv/detail/reload_tree__type_support.hpp\n'}
[0.282250] (bt_interfaces_dummy) StdoutLine: {'line': b'-- Up-to-date symlink: /convince_ws/install/bt_interfaces_dummy/include/bt_interfaces_dummy/bt_interfaces_dummy/srv/detail/tick_action__builder.hpp\n'}
[0.282288] (bt_interfaces_dummy) StdoutLine: {'line': b'-- Up-to-date symlink: /convince_ws/install/bt_interfaces_dummy/include/bt_interfaces_dummy/bt_interfaces_dummy/srv/detail/tick_action__struct.hpp\n'}
[0.282320] (bt_interfaces_dummy) StdoutLine: {'line': b'-- Up-to-date symlink: /convince_ws/install/bt_interfaces_dummy/include/bt_interfaces_dummy/bt_interfaces_dummy/srv/detail/tick_action__traits.hpp\n'}
[0.282413] (bt_interfaces_dummy) StdoutLine: {'line': b'-- Up-to-date symlink: /convince_ws/install/bt_interfaces_dummy/include/bt_interfaces_dummy/bt_interfaces_dummy/srv/detail/tick_action__type_support.hpp\n'}
[0.282450] (bt_interfaces_dummy) StdoutLine: {'line': b'-- Up-to-date symlink: /convince_ws/install/bt_interfaces_dummy/include/bt_interfaces_dummy/bt_interfaces_dummy/srv/detail/tick_condition__builder.hpp\n'}
[0.282568] (bt_interfaces_dummy) StdoutLine: {'line': b'-- Up-to-date symlink: /convince_ws/install/bt_interfaces_dummy/include/bt_interfaces_dummy/bt_interfaces_dummy/srv/detail/tick_condition__struct.hpp\n'}
[0.282667] (bt_interfaces_dummy) StdoutLine: {'line': b'-- Up-to-date symlink: /convince_ws/install/bt_interfaces_dummy/include/bt_interfaces_dummy/bt_interfaces_dummy/srv/detail/tick_condition__traits.hpp\n'}
[0.282717] (bt_interfaces_dummy) StdoutLine: {'line': b'-- Up-to-date symlink: /convince_ws/install/bt_interfaces_dummy/include/bt_interfaces_dummy/bt_interfaces_dummy/srv/detail/tick_condition__type_support.hpp\n'}
[0.282751] (bt_interfaces_dummy) StdoutLine: {'line': b'-- Up-to-date symlink: /convince_ws/install/bt_interfaces_dummy/include/bt_interfaces_dummy/bt_interfaces_dummy/srv/halt_action.hpp\n'}
[0.282781] (bt_interfaces_dummy) StdoutLine: {'line': b'-- Up-to-date symlink: /convince_ws/install/bt_interfaces_dummy/include/bt_interfaces_dummy/bt_interfaces_dummy/srv/reload_tree.hpp\n'}
[0.282809] (bt_interfaces_dummy) StdoutLine: {'line': b'-- Up-to-date symlink: /convince_ws/install/bt_interfaces_dummy/include/bt_interfaces_dummy/bt_interfaces_dummy/srv/tick_action.hpp\n'}
[0.282838] (bt_interfaces_dummy) StdoutLine: {'line': b'-- Up-to-date symlink: /convince_ws/install/bt_interfaces_dummy/include/bt_interfaces_dummy/bt_interfaces_dummy/srv/tick_condition.hpp\n'}
[0.283018] (overarching_msgs) CommandEnded: {'returncode': 0}
[0.283161] (bt_interfaces_dummy) StdoutLine: {'line': b'-- Up-to-date symlink: /convince_ws/install/bt_interfaces_dummy/include/bt_interfaces_dummy/bt_interfaces_dummy/msg/detail/action_response__rosidl_typesupport_fastrtps_cpp.hpp\n'}
[0.283211] (bt_interfaces_dummy) StdoutLine: {'line': b'-- Up-to-date symlink: /convince_ws/install/bt_interfaces_dummy/include/bt_interfaces_dummy/bt_interfaces_dummy/msg/detail/condition_response__rosidl_typesupport_fastrtps_cpp.hpp\n'}
[0.283246] (bt_interfaces_dummy) StdoutLine: {'line': b'-- Up-to-date symlink: /convince_ws/install/bt_interfaces_dummy/include/bt_interfaces_dummy/bt_interfaces_dummy/msg/rosidl_typesupport_fastrtps_cpp__visibility_control.h\n'}
[0.283278] (bt_interfaces_dummy) StdoutLine: {'line': b'-- Up-to-date symlink: /convince_ws/install/bt_interfaces_dummy/include/bt_interfaces_dummy/bt_interfaces_dummy/srv/detail/halt_action__rosidl_typesupport_fastrtps_cpp.hpp\n'}
[0.283308] (bt_interfaces_dummy) StdoutLine: {'line': b'-- Up-to-date symlink: /convince_ws/install/bt_interfaces_dummy/include/bt_interfaces_dummy/bt_interfaces_dummy/srv/detail/reload_tree__rosidl_typesupport_fastrtps_cpp.hpp\n'}
[0.283361] (bt_interfaces_dummy) StdoutLine: {'line': b'-- Up-to-date symlink: /convince_ws/install/bt_interfaces_dummy/include/bt_interfaces_dummy/bt_interfaces_dummy/srv/detail/tick_action__rosidl_typesupport_fastrtps_cpp.hpp\n'}
[0.283433] (bt_interfaces_dummy) StdoutLine: {'line': b'-- Up-to-date symlink: /convince_ws/install/bt_interfaces_dummy/include/bt_interfaces_dummy/bt_interfaces_dummy/srv/detail/tick_condition__rosidl_typesupport_fastrtps_cpp.hpp\n'}
[0.283480] (bt_interfaces_dummy) StdoutLine: {'line': b'-- Up-to-date symlink: /convince_ws/install/bt_interfaces_dummy/include/bt_interfaces_dummy/bt_interfaces_dummy/msg/detail/action_response__rosidl_typesupport_introspection_cpp.hpp\n'}
[0.283524] (bt_interfaces_dummy) StdoutLine: {'line': b'-- Up-to-date symlink: /convince_ws/install/bt_interfaces_dummy/include/bt_interfaces_dummy/bt_interfaces_dummy/msg/detail/condition_response__rosidl_typesupport_introspection_cpp.hpp\n'}
[0.283569] (bt_interfaces_dummy) StdoutLine: {'line': b'-- Up-to-date symlink: /convince_ws/install/bt_interfaces_dummy/include/bt_interfaces_dummy/bt_interfaces_dummy/srv/detail/halt_action__rosidl_typesupport_introspection_cpp.hpp\n'}
[0.283633] (bt_interfaces_dummy) StdoutLine: {'line': b'-- Up-to-date symlink: /convince_ws/install/bt_interfaces_dummy/include/bt_interfaces_dummy/bt_interfaces_dummy/srv/detail/reload_tree__rosidl_typesupport_introspection_cpp.hpp\n'}
[0.283688] (bt_interfaces_dummy) StdoutLine: {'line': b'-- Up-to-date symlink: /convince_ws/install/bt_interfaces_dummy/include/bt_interfaces_dummy/bt_interfaces_dummy/srv/detail/tick_action__rosidl_typesupport_introspection_cpp.hpp\n'}
[0.283719] (bt_interfaces_dummy) StdoutLine: {'line': b'-- Up-to-date symlink: /convince_ws/install/bt_interfaces_dummy/include/bt_interfaces_dummy/bt_interfaces_dummy/srv/detail/tick_condition__rosidl_typesupport_introspection_cpp.hpp\n'}
[0.283795] (bt_interfaces_dummy) StdoutLine: {'line': b'-- Up-to-date symlink: /convince_ws/install/bt_interfaces_dummy/share/bt_interfaces_dummy/environment/pythonpath.sh\n'}
[0.283867] (bt_interfaces_dummy) StdoutLine: {'line': b'-- Up-to-date symlink: /convince_ws/install/bt_interfaces_dummy/share/bt_interfaces_dummy/environment/pythonpath.dsv\n'}
[0.284015] (overarching_msgs) JobProgress: {'identifier': 'overarching_msgs', 'progress': 'install'}
[0.284160] (overarching_msgs) Command: {'cmd': ['/usr/bin/cmake', '--install', '/convince_ws/build/overarching_msgs'], 'cwd': '/convince_ws/build/overarching_msgs', 'env': OrderedDict({'PYTHONWARNINGS': 'ignore:setup.py install is deprecated,ignore:easy_install command is deprecated', 'HOSTNAME': '7bef9378b671', 'SHLVL': '1', 'LD_LIBRARY_PATH': '/opt/ros/jazzy/opt/zmqpp_vendor/lib:/opt/ros/jazzy/lib/x86_64-linux-gnu:/opt/ros/jazzy/lib', 'HOME': '/root', 'OLDPWD': '/convince_ws', 'ROS_PYTHON_VERSION': '3', 'ROS_DISTRO': 'jazzy', '_': '/usr/bin/colcon', 'ROS_VERSION': '2', 'TERM': 'xterm', 'QT_X11_NO_MITSHM': '1', 'PATH': '/opt/ros/jazzy/bin:/usr/local/sbin:/usr/local/bin:/usr/sbin:/usr/bin:/sbin:/bin', 'DISPLAY': ':1', 'LANG': 'C.UTF-8', 'AMENT_PREFIX_PATH': '/opt/ros/jazzy', 'ROS_WS': '/convince_ws', 'ROS_AUTOMATIC_DISCOVERY_RANGE': 'SUBNET', 'PWD': '/convince_ws/build/overarching_msgs', 'LC_ALL': 'C.UTF-8', 'PYTHONPATH': '/opt/ros/jazzy/lib/python3.12/site-packages', 'COLCON': '1', 'CMAKE_PREFIX_PATH': '/opt/ros/jazzy'}), 'shell': False}
[0.284473] (bt_interfaces_dummy) StdoutLine: {'line': b'-- Up-to-date symlink: /convince_ws/install/bt_interfaces_dummy/lib/python3.12/site-packages/bt_interfaces_dummy-0.0.0-py3.12.egg-info/PKG-INFO\n'}
[0.284516] (bt_interfaces_dummy) StdoutLine: {'line': b'-- Up-to-date symlink: /convince_ws/install/bt_interfaces_dummy/lib/python3.12/site-packages/bt_interfaces_dummy-0.0.0-py3.12.egg-info/SOURCES.txt\n'}
[0.284548] (btcpp_ros2_interfaces) StdoutLine: {'line': b'-- Up-to-date symlink: /convince_ws/install/btcpp_ros2_interfaces/share/ament_index/resource_index/packages/btcpp_ros2_interfaces\n'}
[0.284608] (bt_interfaces_dummy) StdoutLine: {'line': b'-- Up-to-date symlink: /convince_ws/install/bt_interfaces_dummy/lib/python3.12/site-packages/bt_interfaces_dummy-0.0.0-py3.12.egg-info/dependency_links.txt\n'}
[0.284640] (bt_interfaces_dummy) StdoutLine: {'line': b'-- Up-to-date symlink: /convince_ws/install/bt_interfaces_dummy/lib/python3.12/site-packages/bt_interfaces_dummy-0.0.0-py3.12.egg-info/top_level.txt\n'}
[0.284670] (btcpp_ros2_interfaces) StdoutLine: {'line': b'-- Up-to-date symlink: /convince_ws/install/btcpp_ros2_interfaces/share/btcpp_ros2_interfaces/cmake/rosidl_cmake-extras.cmake\n'}
[0.284700] (btcpp_ros2_interfaces) StdoutLine: {'line': b'-- Up-to-date symlink: /convince_ws/install/btcpp_ros2_interfaces/share/btcpp_ros2_interfaces/cmake/ament_cmake_export_dependencies-extras.cmake\n'}
[0.284729] (btcpp_ros2_interfaces) StdoutLine: {'line': b'-- Up-to-date symlink: /convince_ws/install/btcpp_ros2_interfaces/share/btcpp_ros2_interfaces/cmake/ament_cmake_export_include_directories-extras.cmake\n'}
[0.284773] (btcpp_ros2_interfaces) StdoutLine: {'line': b'-- Up-to-date symlink: /convince_ws/install/btcpp_ros2_interfaces/share/btcpp_ros2_interfaces/cmake/ament_cmake_export_libraries-extras.cmake\n'}
[0.284802] (btcpp_ros2_interfaces) StdoutLine: {'line': b'-- Up-to-date symlink: /convince_ws/install/btcpp_ros2_interfaces/share/btcpp_ros2_interfaces/cmake/ament_cmake_export_targets-extras.cmake\n'}
[0.284839] (btcpp_ros2_interfaces) StdoutLine: {'line': b'-- Up-to-date symlink: /convince_ws/install/btcpp_ros2_interfaces/share/btcpp_ros2_interfaces/cmake/rosidl_cmake_export_typesupport_targets-extras.cmake\n'}
[0.285034] (btcpp_ros2_interfaces) StdoutLine: {'line': b'-- Up-to-date symlink: /convince_ws/install/btcpp_ros2_interfaces/share/btcpp_ros2_interfaces/cmake/rosidl_cmake_export_typesupport_libraries-extras.cmake\n'}
[0.285126] (bt_interfaces_dummy) StdoutLine: {'line': b'-- Up-to-date symlink: /convince_ws/install/bt_interfaces_dummy/lib/python3.12/site-packages/bt_interfaces_dummy/__init__.py\n'}
[0.285200] (btcpp_ros2_interfaces) StdoutLine: {'line': b'-- Up-to-date symlink: /convince_ws/install/btcpp_ros2_interfaces/share/btcpp_ros2_interfaces/cmake/btcpp_ros2_interfacesConfig.cmake\n'}
[0.285233] (btcpp_ros2_interfaces) StdoutLine: {'line': b'-- Up-to-date symlink: /convince_ws/install/btcpp_ros2_interfaces/share/btcpp_ros2_interfaces/cmake/btcpp_ros2_interfacesConfig-version.cmake\n'}
[0.285266] (bt_interfaces_dummy) StdoutLine: {'line': b'-- Up-to-date symlink: /convince_ws/install/bt_interfaces_dummy/lib/python3.12/site-packages/bt_interfaces_dummy/_bt_interfaces_dummy_s.ep.rosidl_typesupport_c.c\n'}
[0.285298] (bt_interfaces_dummy) StdoutLine: {'line': b'-- Up-to-date symlink: /convince_ws/install/bt_interfaces_dummy/lib/python3.12/site-packages/bt_interfaces_dummy/_bt_interfaces_dummy_s.ep.rosidl_typesupport_fastrtps_c.c\n'}
[0.285349] (bt_interfaces_dummy) StdoutLine: {'line': b'-- Up-to-date symlink: /convince_ws/install/bt_interfaces_dummy/lib/python3.12/site-packages/bt_interfaces_dummy/_bt_interfaces_dummy_s.ep.rosidl_typesupport_introspection_c.c\n'}
[0.285385] (bt_interfaces_dummy) StdoutLine: {'line': b'-- Up-to-date symlink: /convince_ws/install/bt_interfaces_dummy/lib/python3.12/site-packages/bt_interfaces_dummy/bt_interfaces_dummy_s__rosidl_typesupport_c.so\n'}
[0.285424] (btcpp_ros2_interfaces) StdoutLine: {'line': b'-- Up-to-date symlink: /convince_ws/install/btcpp_ros2_interfaces/share/btcpp_ros2_interfaces/package.xml\n'}
[0.285457] (bt_interfaces_dummy) StdoutLine: {'line': b'-- Up-to-date symlink: /convince_ws/install/bt_interfaces_dummy/lib/python3.12/site-packages/bt_interfaces_dummy/bt_interfaces_dummy_s__rosidl_typesupport_fastrtps_c.so\n'}
[0.285498] (btcpp_ros2_interfaces) StdoutLine: {'line': b'-- Up-to-date: /convince_ws/install/btcpp_ros2_interfaces/lib/libbtcpp_ros2_interfaces__rosidl_generator_c.so\n'}
[0.285542] (bt_interfaces_dummy) StdoutLine: {'line': b'-- Up-to-date symlink: /convince_ws/install/bt_interfaces_dummy/lib/python3.12/site-packages/bt_interfaces_dummy/bt_interfaces_dummy_s__rosidl_typesupport_introspection_c.so\n'}
[0.285586] (bt_interfaces_dummy) StdoutLine: {'line': b'-- Up-to-date symlink: /convince_ws/install/bt_interfaces_dummy/lib/python3.12/site-packages/bt_interfaces_dummy/msg/__init__.py\n'}
[0.285636] (bt_interfaces_dummy) StdoutLine: {'line': b'-- Up-to-date symlink: /convince_ws/install/bt_interfaces_dummy/lib/python3.12/site-packages/bt_interfaces_dummy/msg/_action_response.py\n'}
[0.285669] (btcpp_ros2_interfaces) StdoutLine: {'line': b'-- Up-to-date: /convince_ws/install/btcpp_ros2_interfaces/lib/libbtcpp_ros2_interfaces__rosidl_typesupport_fastrtps_c.so\n'}
[0.285711] (bt_interfaces_dummy) StdoutLine: {'line': b'-- Up-to-date symlink: /convince_ws/install/bt_interfaces_dummy/lib/python3.12/site-packages/bt_interfaces_dummy/msg/_action_response_s.c\n'}
[0.285754] (bt_interfaces_dummy) StdoutLine: {'line': b'-- Up-to-date symlink: /convince_ws/install/bt_interfaces_dummy/lib/python3.12/site-packages/bt_interfaces_dummy/msg/_condition_response.py\n'}
[0.285812] (bt_interfaces_dummy) StdoutLine: {'line': b'-- Up-to-date symlink: /convince_ws/install/bt_interfaces_dummy/lib/python3.12/site-packages/bt_interfaces_dummy/msg/_condition_response_s.c\n'}
[0.285849] (btcpp_ros2_interfaces) StdoutLine: {'line': b'-- Up-to-date: /convince_ws/install/btcpp_ros2_interfaces/lib/libbtcpp_ros2_interfaces__rosidl_typesupport_introspection_c.so\n'}
[0.285889] (bt_interfaces_dummy) StdoutLine: {'line': b'-- Up-to-date symlink: /convince_ws/install/bt_interfaces_dummy/lib/python3.12/site-packages/bt_interfaces_dummy/srv/__init__.py\n'}
[0.285952] (bt_interfaces_dummy) StdoutLine: {'line': b'-- Up-to-date symlink: /convince_ws/install/bt_interfaces_dummy/lib/python3.12/site-packages/bt_interfaces_dummy/srv/_halt_action.py\n'}
[0.286024] (bt_interfaces_dummy) StdoutLine: {'line': b'-- Up-to-date symlink: /convince_ws/install/bt_interfaces_dummy/lib/python3.12/site-packages/bt_interfaces_dummy/srv/_halt_action_s.c\n'}
[0.286096] (btcpp_ros2_interfaces) StdoutLine: {'line': b'-- Up-to-date: /convince_ws/install/btcpp_ros2_interfaces/lib/libbtcpp_ros2_interfaces__rosidl_typesupport_c.so\n'}
[0.286139] (bt_interfaces_dummy) StdoutLine: {'line': b'-- Up-to-date symlink: /convince_ws/install/bt_interfaces_dummy/lib/python3.12/site-packages/bt_interfaces_dummy/srv/_reload_tree.py\n'}
[0.286181] (bt_interfaces_dummy) StdoutLine: {'line': b'-- Up-to-date symlink: /convince_ws/install/bt_interfaces_dummy/lib/python3.12/site-packages/bt_interfaces_dummy/srv/_reload_tree_s.c\n'}
[0.286222] (btcpp_ros2_interfaces) StdoutLine: {'line': b'-- Up-to-date: /convince_ws/install/btcpp_ros2_interfaces/lib/libbtcpp_ros2_interfaces__rosidl_typesupport_fastrtps_cpp.so\n'}
[0.286266] (bt_interfaces_dummy) StdoutLine: {'line': b'-- Up-to-date symlink: /convince_ws/install/bt_interfaces_dummy/lib/python3.12/site-packages/bt_interfaces_dummy/srv/_tick_action.py\n'}
[0.286305] (bt_interfaces_dummy) StdoutLine: {'line': b'-- Up-to-date symlink: /convince_ws/install/bt_interfaces_dummy/lib/python3.12/site-packages/bt_interfaces_dummy/srv/_tick_action_s.c\n'}
[0.286375] (bt_interfaces_dummy) StdoutLine: {'line': b'-- Up-to-date symlink: /convince_ws/install/bt_interfaces_dummy/lib/python3.12/site-packages/bt_interfaces_dummy/srv/_tick_condition.py\n'}
[0.286429] (btcpp_ros2_interfaces) StdoutLine: {'line': b'-- Up-to-date: /convince_ws/install/btcpp_ros2_interfaces/lib/libbtcpp_ros2_interfaces__rosidl_typesupport_introspection_cpp.so\n'}
[0.286471] (bt_interfaces_dummy) StdoutLine: {'line': b'-- Up-to-date symlink: /convince_ws/install/bt_interfaces_dummy/lib/python3.12/site-packages/bt_interfaces_dummy/srv/_tick_condition_s.c\n'}
[0.286631] (btcpp_ros2_interfaces) StdoutLine: {'line': b'-- Up-to-date: /convince_ws/install/btcpp_ros2_interfaces/lib/libbtcpp_ros2_interfaces__rosidl_typesupport_cpp.so\n'}
[0.286673] (bt_interfaces_dummy) StdoutLine: {'line': b'-- Up-to-date symlink: /convince_ws/install/bt_interfaces_dummy/lib/python3.12/site-packages/bt_interfaces_dummy/bt_interfaces_dummy_s__rosidl_typesupport_fastrtps_c.so\n'}
[0.286846] (bt_interfaces_dummy) StdoutLine: {'line': b'-- Up-to-date symlink: /convince_ws/install/bt_interfaces_dummy/lib/python3.12/site-packages/bt_interfaces_dummy/bt_interfaces_dummy_s__rosidl_typesupport_introspection_c.so\n'}
[0.286983] (bt_interfaces_dummy) StdoutLine: {'line': b'-- Up-to-date symlink: /convince_ws/install/bt_interfaces_dummy/lib/python3.12/site-packages/bt_interfaces_dummy/bt_interfaces_dummy_s__rosidl_typesupport_c.so\n'}
[0.287062] (bt_interfaces_dummy) StdoutLine: {'line': b'-- Up-to-date symlink: /convince_ws/install/bt_interfaces_dummy/share/bt_interfaces_dummy/srv/TickAction.idl\n'}
[0.287129] (bt_interfaces_dummy) StdoutLine: {'line': b'-- Up-to-date symlink: /convince_ws/install/bt_interfaces_dummy/share/bt_interfaces_dummy/msg/ActionResponse.idl\n'}
[0.287192] (bt_interfaces_dummy) StdoutLine: {'line': b'-- Up-to-date symlink: /convince_ws/install/bt_interfaces_dummy/share/bt_interfaces_dummy/msg/ConditionResponse.idl\n'}
[0.287253] (bt_interfaces_dummy) StdoutLine: {'line': b'-- Up-to-date symlink: /convince_ws/install/bt_interfaces_dummy/share/bt_interfaces_dummy/srv/HaltAction.idl\n'}
[0.287310] (bt_interfaces_dummy) StdoutLine: {'line': b'-- Up-to-date symlink: /convince_ws/install/bt_interfaces_dummy/share/bt_interfaces_dummy/srv/TickCondition.idl\n'}
[0.287370] (bt_interfaces_dummy) StdoutLine: {'line': b'-- Up-to-date symlink: /convince_ws/install/bt_interfaces_dummy/share/bt_interfaces_dummy/srv/ReloadTree.idl\n'}
[0.287431] (bt_interfaces_dummy) StdoutLine: {'line': b'-- Up-to-date symlink: /convince_ws/install/bt_interfaces_dummy/share/bt_interfaces_dummy/srv/TickAction.srv\n'}
[0.287489] (bt_interfaces_dummy) StdoutLine: {'line': b'-- Up-to-date symlink: /convince_ws/install/bt_interfaces_dummy/share/bt_interfaces_dummy/msg/ActionResponse.msg\n'}
[0.287546] (bt_interfaces_dummy) StdoutLine: {'line': b'-- Up-to-date symlink: /convince_ws/install/bt_interfaces_dummy/share/bt_interfaces_dummy/msg/ConditionResponse.msg\n'}
[0.287608] (bt_interfaces_dummy) StdoutLine: {'line': b'-- Up-to-date symlink: /convince_ws/install/bt_interfaces_dummy/share/bt_interfaces_dummy/srv/HaltAction.srv\n'}
[0.287663] (bt_interfaces_dummy) StdoutLine: {'line': b'-- Up-to-date symlink: /convince_ws/install/bt_interfaces_dummy/share/bt_interfaces_dummy/srv/TickCondition.srv\n'}
[0.287717] (bt_interfaces_dummy) StdoutLine: {'line': b'-- Up-to-date symlink: /convince_ws/install/bt_interfaces_dummy/share/bt_interfaces_dummy/srv/ReloadTree.srv\n'}
[0.287794] (bt_interfaces_dummy) StdoutLine: {'line': b'-- Up-to-date symlink: /convince_ws/install/bt_interfaces_dummy/share/ament_index/resource_index/package_run_dependencies/bt_interfaces_dummy\n'}
[0.287858] (bt_interfaces_dummy) StdoutLine: {'line': b'-- Up-to-date symlink: /convince_ws/install/bt_interfaces_dummy/share/ament_index/resource_index/parent_prefix_path/bt_interfaces_dummy\n'}
[0.287924] (bt_interfaces_dummy) StdoutLine: {'line': b'-- Up-to-date symlink: /convince_ws/install/bt_interfaces_dummy/share/bt_interfaces_dummy/environment/ament_prefix_path.sh\n'}
[0.287979] (bt_interfaces_dummy) StdoutLine: {'line': b'-- Up-to-date symlink: /convince_ws/install/bt_interfaces_dummy/share/bt_interfaces_dummy/environment/ament_prefix_path.dsv\n'}
[0.288038] (bt_interfaces_dummy) StdoutLine: {'line': b'-- Up-to-date symlink: /convince_ws/install/bt_interfaces_dummy/share/bt_interfaces_dummy/environment/path.sh\n'}
[0.288093] (bt_interfaces_dummy) StdoutLine: {'line': b'-- Up-to-date symlink: /convince_ws/install/bt_interfaces_dummy/share/bt_interfaces_dummy/environment/path.dsv\n'}
[0.288146] (bt_interfaces_dummy) StdoutLine: {'line': b'-- Up-to-date symlink: /convince_ws/install/bt_interfaces_dummy/share/bt_interfaces_dummy/local_setup.bash\n'}
[0.288198] (bt_interfaces_dummy) StdoutLine: {'line': b'-- Up-to-date symlink: /convince_ws/install/bt_interfaces_dummy/share/bt_interfaces_dummy/local_setup.sh\n'}
[0.288251] (bt_interfaces_dummy) StdoutLine: {'line': b'-- Up-to-date symlink: /convince_ws/install/bt_interfaces_dummy/share/bt_interfaces_dummy/local_setup.zsh\n'}
[0.288302] (bt_interfaces_dummy) StdoutLine: {'line': b'-- Up-to-date symlink: /convince_ws/install/bt_interfaces_dummy/share/bt_interfaces_dummy/local_setup.dsv\n'}
[0.288343] (bt_interfaces_dummy) StdoutLine: {'line': b'-- Symlinking: /convince_ws/install/bt_interfaces_dummy/share/bt_interfaces_dummy/package.dsv\n'}
[0.289998] (pyrobosim_msgs) StdoutLine: {'line': b'[100%] Built target ament_cmake_python_build_pyrobosim_msgs_egg\n'}
[0.290491] (overarching_msgs) StdoutLine: {'line': b'-- Install configuration: ""\n'}
[0.290990] (overarching_msgs) StdoutLine: {'line': b'-- Execute custom install script\n'}
[0.291182] (overarching_msgs) StdoutLine: {'line': b'-- Up-to-date symlink: /convince_ws/install/overarching_msgs/share/ament_index/resource_index/rosidl_interfaces/overarching_msgs\n'}
[0.291329] (overarching_msgs) StdoutLine: {'line': b'-- Up-to-date symlink: /convince_ws/install/overarching_msgs/share/overarching_msgs/msg/Location.json\n'}
[0.291468] (overarching_msgs) StdoutLine: {'line': b'-- Up-to-date symlink: /convince_ws/install/overarching_msgs/share/overarching_msgs/action/Navigate.json\n'}
[0.291600] (overarching_msgs) StdoutLine: {'line': b'-- Up-to-date symlink: /convince_ws/install/overarching_msgs/share/overarching_msgs/action/Pick.json\n'}
[0.291730] (overarching_msgs) StdoutLine: {'line': b'-- Up-to-date symlink: /convince_ws/install/overarching_msgs/share/overarching_msgs/action/Place.json\n'}
[0.291865] (overarching_msgs) StdoutLine: {'line': b'-- Up-to-date symlink: /convince_ws/install/overarching_msgs/share/overarching_msgs/action/Detect.json\n'}
[0.292519] (overarching_msgs) StdoutLine: {'line': b'-- Up-to-date symlink: /convince_ws/install/overarching_msgs/include/overarching_msgs/overarching_msgs/action/detail/detect__functions.h\n'}
[0.292562] (bt_interfaces_dummy) StdoutLine: {'line': b'-- Up-to-date symlink: /convince_ws/install/bt_interfaces_dummy/share/ament_index/resource_index/packages/bt_interfaces_dummy\n'}
[0.292604] (overarching_msgs) StdoutLine: {'line': b'-- Up-to-date symlink: /convince_ws/install/overarching_msgs/include/overarching_msgs/overarching_msgs/action/detail/detect__struct.h\n'}
[0.292645] (bt_interfaces_dummy) StdoutLine: {'line': b'-- Up-to-date symlink: /convince_ws/install/bt_interfaces_dummy/share/bt_interfaces_dummy/cmake/rosidl_cmake-extras.cmake\n'}
[0.292686] (overarching_msgs) StdoutLine: {'line': b'-- Up-to-date symlink: /convince_ws/install/overarching_msgs/include/overarching_msgs/overarching_msgs/action/detail/detect__type_support.h\n'}
[0.292757] (overarching_msgs) StdoutLine: {'line': b'-- Up-to-date symlink: /convince_ws/install/overarching_msgs/include/overarching_msgs/overarching_msgs/action/detail/navigate__functions.h\n'}
[0.292796] (bt_interfaces_dummy) StdoutLine: {'line': b'-- Up-to-date symlink: /convince_ws/install/bt_interfaces_dummy/share/bt_interfaces_dummy/cmake/ament_cmake_export_dependencies-extras.cmake\n'}
[0.292848] (overarching_msgs) StdoutLine: {'line': b'-- Up-to-date symlink: /convince_ws/install/overarching_msgs/include/overarching_msgs/overarching_msgs/action/detail/navigate__struct.h\n'}
[0.292916] (bt_interfaces_dummy) StdoutLine: {'line': b'-- Up-to-date symlink: /convince_ws/install/bt_interfaces_dummy/share/bt_interfaces_dummy/cmake/ament_cmake_export_include_directories-extras.cmake\n'}
[0.292960] (overarching_msgs) StdoutLine: {'line': b'-- Up-to-date symlink: /convince_ws/install/overarching_msgs/include/overarching_msgs/overarching_msgs/action/detail/navigate__type_support.h\n'}
[0.293023] (overarching_msgs) StdoutLine: {'line': b'-- Up-to-date symlink: /convince_ws/install/overarching_msgs/include/overarching_msgs/overarching_msgs/action/detail/pick__functions.h\n'}
[0.293064] (bt_interfaces_dummy) StdoutLine: {'line': b'-- Up-to-date symlink: /convince_ws/install/bt_interfaces_dummy/share/bt_interfaces_dummy/cmake/ament_cmake_export_libraries-extras.cmake\n'}
[0.293111] (overarching_msgs) StdoutLine: {'line': b'-- Up-to-date symlink: /convince_ws/install/overarching_msgs/include/overarching_msgs/overarching_msgs/action/detail/pick__struct.h\n'}
[0.293179] (bt_interfaces_dummy) StdoutLine: {'line': b'-- Up-to-date symlink: /convince_ws/install/bt_interfaces_dummy/share/bt_interfaces_dummy/cmake/ament_cmake_export_targets-extras.cmake\n'}
[0.293220] (overarching_msgs) StdoutLine: {'line': b'-- Up-to-date symlink: /convince_ws/install/overarching_msgs/include/overarching_msgs/overarching_msgs/action/detail/pick__type_support.h\n'}
[0.293285] (overarching_msgs) StdoutLine: {'line': b'-- Up-to-date symlink: /convince_ws/install/overarching_msgs/include/overarching_msgs/overarching_msgs/action/detail/place__functions.h\n'}
[0.293325] (bt_interfaces_dummy) StdoutLine: {'line': b'-- Up-to-date symlink: /convince_ws/install/bt_interfaces_dummy/share/bt_interfaces_dummy/cmake/rosidl_cmake_export_typesupport_targets-extras.cmake\n'}
[0.293370] (overarching_msgs) StdoutLine: {'line': b'-- Up-to-date symlink: /convince_ws/install/overarching_msgs/include/overarching_msgs/overarching_msgs/action/detail/place__struct.h\n'}
[0.293430] (bt_interfaces_dummy) StdoutLine: {'line': b'-- Up-to-date symlink: /convince_ws/install/bt_interfaces_dummy/share/bt_interfaces_dummy/cmake/rosidl_cmake_export_typesupport_libraries-extras.cmake\n'}
[0.293472] (overarching_msgs) StdoutLine: {'line': b'-- Up-to-date symlink: /convince_ws/install/overarching_msgs/include/overarching_msgs/overarching_msgs/action/detail/place__type_support.h\n'}
[0.293539] (overarching_msgs) StdoutLine: {'line': b'-- Up-to-date symlink: /convince_ws/install/overarching_msgs/include/overarching_msgs/overarching_msgs/action/detect.h\n'}
[0.293579] (bt_interfaces_dummy) StdoutLine: {'line': b'-- Up-to-date symlink: /convince_ws/install/bt_interfaces_dummy/share/bt_interfaces_dummy/cmake/bt_interfaces_dummyConfig.cmake\n'}
[0.293624] (overarching_msgs) StdoutLine: {'line': b'-- Up-to-date symlink: /convince_ws/install/overarching_msgs/include/overarching_msgs/overarching_msgs/action/navigate.h\n'}
[0.293664] (bt_interfaces_dummy) StdoutLine: {'line': b'-- Up-to-date symlink: /convince_ws/install/bt_interfaces_dummy/share/bt_interfaces_dummy/cmake/bt_interfaces_dummyConfig-version.cmake\n'}
[0.293707] (overarching_msgs) StdoutLine: {'line': b'-- Up-to-date symlink: /convince_ws/install/overarching_msgs/include/overarching_msgs/overarching_msgs/action/pick.h\n'}
[0.293782] (bt_interfaces_dummy) StdoutLine: {'line': b'-- Up-to-date symlink: /convince_ws/install/bt_interfaces_dummy/share/bt_interfaces_dummy/package.xml\n'}
[0.293827] (overarching_msgs) StdoutLine: {'line': b'-- Up-to-date symlink: /convince_ws/install/overarching_msgs/include/overarching_msgs/overarching_msgs/action/place.h\n'}
[0.293890] (overarching_msgs) StdoutLine: {'line': b'-- Up-to-date symlink: /convince_ws/install/overarching_msgs/include/overarching_msgs/overarching_msgs/msg/detail/location__functions.h\n'}
[0.293979] (overarching_msgs) StdoutLine: {'line': b'-- Up-to-date symlink: /convince_ws/install/overarching_msgs/include/overarching_msgs/overarching_msgs/msg/detail/location__struct.h\n'}
[0.294022] (bt_interfaces_dummy) StdoutLine: {'line': b'-- Up-to-date: /convince_ws/install/bt_interfaces_dummy/lib/libbt_interfaces_dummy__rosidl_generator_c.so\n'}
[0.294065] (overarching_msgs) StdoutLine: {'line': b'-- Up-to-date symlink: /convince_ws/install/overarching_msgs/include/overarching_msgs/overarching_msgs/msg/detail/location__type_support.h\n'}
[0.294150] (overarching_msgs) StdoutLine: {'line': b'-- Up-to-date symlink: /convince_ws/install/overarching_msgs/include/overarching_msgs/overarching_msgs/msg/location.h\n'}
[0.294230] (bt_interfaces_dummy) StdoutLine: {'line': b'-- Up-to-date: /convince_ws/install/bt_interfaces_dummy/lib/libbt_interfaces_dummy__rosidl_typesupport_fastrtps_c.so\n'}
[0.294285] (overarching_msgs) StdoutLine: {'line': b'-- Up-to-date symlink: /convince_ws/install/overarching_msgs/include/overarching_msgs/overarching_msgs/msg/rosidl_generator_c__visibility_control.h\n'}
[0.294379] (overarching_msgs) StdoutLine: {'line': b'-- Up-to-date symlink: /convince_ws/install/overarching_msgs/share/overarching_msgs/environment/library_path.sh\n'}
[0.294453] (bt_interfaces_dummy) StdoutLine: {'line': b'-- Up-to-date: /convince_ws/install/bt_interfaces_dummy/lib/libbt_interfaces_dummy__rosidl_typesupport_introspection_c.so\n'}
[0.294501] (overarching_msgs) StdoutLine: {'line': b'-- Up-to-date symlink: /convince_ws/install/overarching_msgs/share/overarching_msgs/environment/library_path.dsv\n'}
[0.294660] (bt_interfaces_dummy) StdoutLine: {'line': b'-- Up-to-date: /convince_ws/install/bt_interfaces_dummy/lib/libbt_interfaces_dummy__rosidl_typesupport_c.so\n'}
[0.294889] (bt_interfaces_dummy) StdoutLine: {'line': b'-- Up-to-date: /convince_ws/install/bt_interfaces_dummy/lib/libbt_interfaces_dummy__rosidl_typesupport_fastrtps_cpp.so\n'}
[0.295038] (overarching_msgs) StdoutLine: {'line': b'-- Up-to-date symlink: /convince_ws/install/overarching_msgs/include/overarching_msgs/overarching_msgs/action/detail/detect__rosidl_typesupport_fastrtps_c.h\n'}
[0.295117] (bt_interfaces_dummy) StdoutLine: {'line': b'-- Up-to-date: /convince_ws/install/bt_interfaces_dummy/lib/libbt_interfaces_dummy__rosidl_typesupport_introspection_cpp.so\n'}
[0.295156] (overarching_msgs) StdoutLine: {'line': b'-- Up-to-date symlink: /convince_ws/install/overarching_msgs/include/overarching_msgs/overarching_msgs/action/detail/navigate__rosidl_typesupport_fastrtps_c.h\n'}
[0.295224] (overarching_msgs) StdoutLine: {'line': b'-- Up-to-date symlink: /convince_ws/install/overarching_msgs/include/overarching_msgs/overarching_msgs/action/detail/pick__rosidl_typesupport_fastrtps_c.h\n'}
[0.295314] (overarching_msgs) StdoutLine: {'line': b'-- Up-to-date symlink: /convince_ws/install/overarching_msgs/include/overarching_msgs/overarching_msgs/action/detail/place__rosidl_typesupport_fastrtps_c.h\n'}
[0.295351] (bt_interfaces_dummy) StdoutLine: {'line': b'-- Up-to-date: /convince_ws/install/bt_interfaces_dummy/lib/libbt_interfaces_dummy__rosidl_typesupport_cpp.so\n'}
[0.295403] (overarching_msgs) StdoutLine: {'line': b'-- Up-to-date symlink: /convince_ws/install/overarching_msgs/include/overarching_msgs/overarching_msgs/msg/detail/location__rosidl_typesupport_fastrtps_c.h\n'}
[0.295487] (overarching_msgs) StdoutLine: {'line': b'-- Up-to-date symlink: /convince_ws/install/overarching_msgs/include/overarching_msgs/overarching_msgs/msg/rosidl_typesupport_fastrtps_c__visibility_control.h\n'}
[0.295869] (overarching_msgs) StdoutLine: {'line': b'-- Up-to-date symlink: /convince_ws/install/overarching_msgs/include/overarching_msgs/overarching_msgs/action/detail/detect__rosidl_typesupport_introspection_c.h\n'}
[0.295957] (overarching_msgs) StdoutLine: {'line': b'-- Up-to-date symlink: /convince_ws/install/overarching_msgs/include/overarching_msgs/overarching_msgs/action/detail/navigate__rosidl_typesupport_introspection_c.h\n'}
[0.296052] (overarching_msgs) StdoutLine: {'line': b'-- Up-to-date symlink: /convince_ws/install/overarching_msgs/include/overarching_msgs/overarching_msgs/action/detail/pick__rosidl_typesupport_introspection_c.h\n'}
[0.296141] (overarching_msgs) StdoutLine: {'line': b'-- Up-to-date symlink: /convince_ws/install/overarching_msgs/include/overarching_msgs/overarching_msgs/action/detail/place__rosidl_typesupport_introspection_c.h\n'}
[0.296228] (overarching_msgs) StdoutLine: {'line': b'-- Up-to-date symlink: /convince_ws/install/overarching_msgs/include/overarching_msgs/overarching_msgs/msg/detail/location__rosidl_typesupport_introspection_c.h\n'}
[0.296311] (overarching_msgs) StdoutLine: {'line': b'-- Up-to-date symlink: /convince_ws/install/overarching_msgs/include/overarching_msgs/overarching_msgs/msg/rosidl_typesupport_introspection_c__visibility_control.h\n'}
[0.296842] (overarching_msgs) StdoutLine: {'line': b'-- Up-to-date symlink: /convince_ws/install/overarching_msgs/include/overarching_msgs/overarching_msgs/action/detail/detect__builder.hpp\n'}
[0.296941] (overarching_msgs) StdoutLine: {'line': b'-- Up-to-date symlink: /convince_ws/install/overarching_msgs/include/overarching_msgs/overarching_msgs/action/detail/detect__struct.hpp\n'}
[0.296990] (overarching_msgs) StdoutLine: {'line': b'-- Up-to-date symlink: /convince_ws/install/overarching_msgs/include/overarching_msgs/overarching_msgs/action/detail/detect__traits.hpp\n'}
[0.297076] (overarching_msgs) StdoutLine: {'line': b'-- Up-to-date symlink: /convince_ws/install/overarching_msgs/include/overarching_msgs/overarching_msgs/action/detail/detect__type_support.hpp\n'}
[0.297163] (overarching_msgs) StdoutLine: {'line': b'-- Up-to-date symlink: /convince_ws/install/overarching_msgs/include/overarching_msgs/overarching_msgs/action/detail/navigate__builder.hpp\n'}
[0.297245] (overarching_msgs) StdoutLine: {'line': b'-- Up-to-date symlink: /convince_ws/install/overarching_msgs/include/overarching_msgs/overarching_msgs/action/detail/navigate__struct.hpp\n'}
[0.297328] (overarching_msgs) StdoutLine: {'line': b'-- Up-to-date symlink: /convince_ws/install/overarching_msgs/include/overarching_msgs/overarching_msgs/action/detail/navigate__traits.hpp\n'}
[0.297414] (overarching_msgs) StdoutLine: {'line': b'-- Up-to-date symlink: /convince_ws/install/overarching_msgs/include/overarching_msgs/overarching_msgs/action/detail/navigate__type_support.hpp\n'}
[0.297498] (overarching_msgs) StdoutLine: {'line': b'-- Up-to-date symlink: /convince_ws/install/overarching_msgs/include/overarching_msgs/overarching_msgs/action/detail/pick__builder.hpp\n'}
[0.297581] (overarching_msgs) StdoutLine: {'line': b'-- Up-to-date symlink: /convince_ws/install/overarching_msgs/include/overarching_msgs/overarching_msgs/action/detail/pick__struct.hpp\n'}
[0.297665] (overarching_msgs) StdoutLine: {'line': b'-- Up-to-date symlink: /convince_ws/install/overarching_msgs/include/overarching_msgs/overarching_msgs/action/detail/pick__traits.hpp\n'}
[0.297753] (overarching_msgs) StdoutLine: {'line': b'-- Up-to-date symlink: /convince_ws/install/overarching_msgs/include/overarching_msgs/overarching_msgs/action/detail/pick__type_support.hpp\n'}
[0.297841] (overarching_msgs) StdoutLine: {'line': b'-- Up-to-date symlink: /convince_ws/install/overarching_msgs/include/overarching_msgs/overarching_msgs/action/detail/place__builder.hpp\n'}
[0.297927] (overarching_msgs) StdoutLine: {'line': b'-- Up-to-date symlink: /convince_ws/install/overarching_msgs/include/overarching_msgs/overarching_msgs/action/detail/place__struct.hpp\n'}
[0.298010] (overarching_msgs) StdoutLine: {'line': b'-- Up-to-date symlink: /convince_ws/install/overarching_msgs/include/overarching_msgs/overarching_msgs/action/detail/place__traits.hpp\n'}
[0.298096] (overarching_msgs) StdoutLine: {'line': b'-- Up-to-date symlink: /convince_ws/install/overarching_msgs/include/overarching_msgs/overarching_msgs/action/detail/place__type_support.hpp\n'}
[0.298181] (overarching_msgs) StdoutLine: {'line': b'-- Up-to-date symlink: /convince_ws/install/overarching_msgs/include/overarching_msgs/overarching_msgs/action/detect.hpp\n'}
[0.298264] (overarching_msgs) StdoutLine: {'line': b'-- Up-to-date symlink: /convince_ws/install/overarching_msgs/include/overarching_msgs/overarching_msgs/action/navigate.hpp\n'}
[0.298346] (overarching_msgs) StdoutLine: {'line': b'-- Up-to-date symlink: /convince_ws/install/overarching_msgs/include/overarching_msgs/overarching_msgs/action/pick.hpp\n'}
[0.298428] (overarching_msgs) StdoutLine: {'line': b'-- Up-to-date symlink: /convince_ws/install/overarching_msgs/include/overarching_msgs/overarching_msgs/action/place.hpp\n'}
[0.298673] (overarching_msgs) StdoutLine: {'line': b'-- Up-to-date symlink: /convince_ws/install/overarching_msgs/include/overarching_msgs/overarching_msgs/msg/detail/location__builder.hpp\n'}
[0.298707] (overarching_msgs) StdoutLine: {'line': b'-- Up-to-date symlink: /convince_ws/install/overarching_msgs/include/overarching_msgs/overarching_msgs/msg/detail/location__struct.hpp\n'}
[0.298849] (overarching_msgs) StdoutLine: {'line': b'-- Up-to-date symlink: /convince_ws/install/overarching_msgs/include/overarching_msgs/overarching_msgs/msg/detail/location__traits.hpp\n'}
[0.299044] (overarching_msgs) StdoutLine: {'line': b'-- Up-to-date symlink: /convince_ws/install/overarching_msgs/include/overarching_msgs/overarching_msgs/msg/detail/location__type_support.hpp\n'}
[0.299112] (overarching_msgs) StdoutLine: {'line': b'-- Up-to-date symlink: /convince_ws/install/overarching_msgs/include/overarching_msgs/overarching_msgs/msg/location.hpp\n'}
[0.299142] (overarching_msgs) StdoutLine: {'line': b'-- Up-to-date symlink: /convince_ws/install/overarching_msgs/include/overarching_msgs/overarching_msgs/msg/rosidl_generator_cpp__visibility_control.hpp\n'}
[0.299292] (pyrobosim_msgs) CommandEnded: {'returncode': 0}
[0.299543] (overarching_msgs) StdoutLine: {'line': b'-- Up-to-date symlink: /convince_ws/install/overarching_msgs/include/overarching_msgs/overarching_msgs/action/detail/detect__rosidl_typesupport_fastrtps_cpp.hpp\n'}
[0.299658] (overarching_msgs) StdoutLine: {'line': b'-- Up-to-date symlink: /convince_ws/install/overarching_msgs/include/overarching_msgs/overarching_msgs/action/detail/navigate__rosidl_typesupport_fastrtps_cpp.hpp\n'}
[0.299759] (overarching_msgs) StdoutLine: {'line': b'-- Up-to-date symlink: /convince_ws/install/overarching_msgs/include/overarching_msgs/overarching_msgs/action/detail/pick__rosidl_typesupport_fastrtps_cpp.hpp\n'}
[0.299813] (pyrobosim_msgs) JobProgress: {'identifier': 'pyrobosim_msgs', 'progress': 'install'}
[0.299821] (overarching_msgs) StdoutLine: {'line': b'-- Up-to-date symlink: /convince_ws/install/overarching_msgs/include/overarching_msgs/overarching_msgs/action/detail/place__rosidl_typesupport_fastrtps_cpp.hpp\n'}
[0.299897] (overarching_msgs) StdoutLine: {'line': b'-- Up-to-date symlink: /convince_ws/install/overarching_msgs/include/overarching_msgs/overarching_msgs/msg/detail/location__rosidl_typesupport_fastrtps_cpp.hpp\n'}
[0.300282] (pyrobosim_msgs) Command: {'cmd': ['/usr/bin/cmake', '--install', '/convince_ws/build/pyrobosim_msgs'], 'cwd': '/convince_ws/build/pyrobosim_msgs', 'env': OrderedDict({'PYTHONWARNINGS': 'ignore:setup.py install is deprecated,ignore:easy_install command is deprecated', 'HOSTNAME': '7bef9378b671', 'SHLVL': '1', 'LD_LIBRARY_PATH': '/opt/ros/jazzy/opt/zmqpp_vendor/lib:/opt/ros/jazzy/lib/x86_64-linux-gnu:/opt/ros/jazzy/lib', 'HOME': '/root', 'OLDPWD': '/convince_ws', 'ROS_PYTHON_VERSION': '3', 'ROS_DISTRO': 'jazzy', '_': '/usr/bin/colcon', 'ROS_VERSION': '2', 'TERM': 'xterm', 'QT_X11_NO_MITSHM': '1', 'PATH': '/opt/ros/jazzy/bin:/usr/local/sbin:/usr/local/bin:/usr/sbin:/usr/bin:/sbin:/bin', 'DISPLAY': ':1', 'LANG': 'C.UTF-8', 'AMENT_PREFIX_PATH': '/opt/ros/jazzy', 'ROS_WS': '/convince_ws', 'ROS_AUTOMATIC_DISCOVERY_RANGE': 'SUBNET', 'PWD': '/convince_ws/build/pyrobosim_msgs', 'LC_ALL': 'C.UTF-8', 'PYTHONPATH': '/opt/ros/jazzy/lib/python3.12/site-packages', 'COLCON': '1', 'CMAKE_PREFIX_PATH': '/opt/ros/jazzy'}), 'shell': False}
[0.300382] (-) TimerEvent: {}
[0.300474] (overarching_msgs) StdoutLine: {'line': b'-- Up-to-date symlink: /convince_ws/install/overarching_msgs/include/overarching_msgs/overarching_msgs/msg/rosidl_typesupport_fastrtps_cpp__visibility_control.h\n'}
[0.300514] (overarching_msgs) StdoutLine: {'line': b'-- Up-to-date symlink: /convince_ws/install/overarching_msgs/include/overarching_msgs/overarching_msgs/action/detail/detect__rosidl_typesupport_introspection_cpp.hpp\n'}
[0.300546] (overarching_msgs) StdoutLine: {'line': b'-- Up-to-date symlink: /convince_ws/install/overarching_msgs/include/overarching_msgs/overarching_msgs/action/detail/navigate__rosidl_typesupport_introspection_cpp.hpp\n'}
[0.300594] (overarching_msgs) StdoutLine: {'line': b'-- Up-to-date symlink: /convince_ws/install/overarching_msgs/include/overarching_msgs/overarching_msgs/action/detail/pick__rosidl_typesupport_introspection_cpp.hpp\n'}
[0.300647] (overarching_msgs) StdoutLine: {'line': b'-- Up-to-date symlink: /convince_ws/install/overarching_msgs/include/overarching_msgs/overarching_msgs/action/detail/place__rosidl_typesupport_introspection_cpp.hpp\n'}
[0.300698] (overarching_msgs) StdoutLine: {'line': b'-- Up-to-date symlink: /convince_ws/install/overarching_msgs/include/overarching_msgs/overarching_msgs/msg/detail/location__rosidl_typesupport_introspection_cpp.hpp\n'}
[0.300905] (overarching_msgs) StdoutLine: {'line': b'-- Up-to-date symlink: /convince_ws/install/overarching_msgs/share/overarching_msgs/environment/pythonpath.sh\n'}
[0.300974] (overarching_msgs) StdoutLine: {'line': b'-- Up-to-date symlink: /convince_ws/install/overarching_msgs/share/overarching_msgs/environment/pythonpath.dsv\n'}
[0.301198] (overarching_msgs) StdoutLine: {'line': b'-- Up-to-date symlink: /convince_ws/install/overarching_msgs/lib/python3.12/site-packages/overarching_msgs-0.0.0-py3.12.egg-info/PKG-INFO\n'}
[0.301283] (overarching_msgs) StdoutLine: {'line': b'-- Up-to-date symlink: /convince_ws/install/overarching_msgs/lib/python3.12/site-packages/overarching_msgs-0.0.0-py3.12.egg-info/SOURCES.txt\n'}
[0.301367] (overarching_msgs) StdoutLine: {'line': b'-- Up-to-date symlink: /convince_ws/install/overarching_msgs/lib/python3.12/site-packages/overarching_msgs-0.0.0-py3.12.egg-info/dependency_links.txt\n'}
[0.301452] (overarching_msgs) StdoutLine: {'line': b'-- Up-to-date symlink: /convince_ws/install/overarching_msgs/lib/python3.12/site-packages/overarching_msgs-0.0.0-py3.12.egg-info/top_level.txt\n'}
[0.302449] (overarching_msgs) StdoutLine: {'line': b'-- Up-to-date symlink: /convince_ws/install/overarching_msgs/lib/python3.12/site-packages/overarching_msgs/__init__.py\n'}
[0.302514] (overarching_msgs) StdoutLine: {'line': b'-- Up-to-date symlink: /convince_ws/install/overarching_msgs/lib/python3.12/site-packages/overarching_msgs/_overarching_msgs_s.ep.rosidl_typesupport_c.c\n'}
[0.302546] (overarching_msgs) StdoutLine: {'line': b'-- Up-to-date symlink: /convince_ws/install/overarching_msgs/lib/python3.12/site-packages/overarching_msgs/_overarching_msgs_s.ep.rosidl_typesupport_fastrtps_c.c\n'}
[0.302589] (overarching_msgs) StdoutLine: {'line': b'-- Up-to-date symlink: /convince_ws/install/overarching_msgs/lib/python3.12/site-packages/overarching_msgs/_overarching_msgs_s.ep.rosidl_typesupport_introspection_c.c\n'}
[0.302632] (overarching_msgs) StdoutLine: {'line': b'-- Up-to-date symlink: /convince_ws/install/overarching_msgs/lib/python3.12/site-packages/overarching_msgs/action/__init__.py\n'}
[0.302663] (overarching_msgs) StdoutLine: {'line': b'-- Up-to-date symlink: /convince_ws/install/overarching_msgs/lib/python3.12/site-packages/overarching_msgs/action/_detect.py\n'}
[0.302706] (overarching_msgs) StdoutLine: {'line': b'-- Up-to-date symlink: /convince_ws/install/overarching_msgs/lib/python3.12/site-packages/overarching_msgs/action/_detect_s.c\n'}
[0.302775] (overarching_msgs) StdoutLine: {'line': b'-- Up-to-date symlink: /convince_ws/install/overarching_msgs/lib/python3.12/site-packages/overarching_msgs/action/_navigate.py\n'}
[0.302811] (overarching_msgs) StdoutLine: {'line': b'-- Up-to-date symlink: /convince_ws/install/overarching_msgs/lib/python3.12/site-packages/overarching_msgs/action/_navigate_s.c\n'}
[0.302854] (overarching_msgs) StdoutLine: {'line': b'-- Up-to-date symlink: /convince_ws/install/overarching_msgs/lib/python3.12/site-packages/overarching_msgs/action/_pick.py\n'}
[0.302899] (overarching_msgs) StdoutLine: {'line': b'-- Up-to-date symlink: /convince_ws/install/overarching_msgs/lib/python3.12/site-packages/overarching_msgs/action/_pick_s.c\n'}
[0.302929] (overarching_msgs) StdoutLine: {'line': b'-- Up-to-date symlink: /convince_ws/install/overarching_msgs/lib/python3.12/site-packages/overarching_msgs/action/_place.py\n'}
[0.302969] (overarching_msgs) StdoutLine: {'line': b'-- Up-to-date symlink: /convince_ws/install/overarching_msgs/lib/python3.12/site-packages/overarching_msgs/action/_place_s.c\n'}
[0.303010] (overarching_msgs) StdoutLine: {'line': b'-- Up-to-date symlink: /convince_ws/install/overarching_msgs/lib/python3.12/site-packages/overarching_msgs/msg/__init__.py\n'}
[0.303039] (overarching_msgs) StdoutLine: {'line': b'-- Up-to-date symlink: /convince_ws/install/overarching_msgs/lib/python3.12/site-packages/overarching_msgs/msg/_location.py\n'}
[0.303079] (overarching_msgs) StdoutLine: {'line': b'-- Up-to-date symlink: /convince_ws/install/overarching_msgs/lib/python3.12/site-packages/overarching_msgs/msg/_location_s.c\n'}
[0.303129] (overarching_msgs) StdoutLine: {'line': b'-- Up-to-date symlink: /convince_ws/install/overarching_msgs/lib/python3.12/site-packages/overarching_msgs/overarching_msgs_s__rosidl_typesupport_c.so\n'}
[0.303161] (overarching_msgs) StdoutLine: {'line': b'-- Up-to-date symlink: /convince_ws/install/overarching_msgs/lib/python3.12/site-packages/overarching_msgs/overarching_msgs_s__rosidl_typesupport_fastrtps_c.so\n'}
[0.303204] (overarching_msgs) StdoutLine: {'line': b'-- Up-to-date symlink: /convince_ws/install/overarching_msgs/lib/python3.12/site-packages/overarching_msgs/overarching_msgs_s__rosidl_typesupport_introspection_c.so\n'}
[0.303245] (overarching_msgs) StdoutLine: {'line': b'-- Up-to-date symlink: /convince_ws/install/overarching_msgs/lib/python3.12/site-packages/overarching_msgs/overarching_msgs_s__rosidl_typesupport_fastrtps_c.so\n'}
[0.303345] (overarching_msgs) StdoutLine: {'line': b'-- Up-to-date symlink: /convince_ws/install/overarching_msgs/lib/python3.12/site-packages/overarching_msgs/overarching_msgs_s__rosidl_typesupport_introspection_c.so\n'}
[0.303447] (overarching_msgs) StdoutLine: {'line': b'-- Up-to-date symlink: /convince_ws/install/overarching_msgs/lib/python3.12/site-packages/overarching_msgs/overarching_msgs_s__rosidl_typesupport_c.so\n'}
[0.303524] (overarching_msgs) StdoutLine: {'line': b'-- Up-to-date symlink: /convince_ws/install/overarching_msgs/share/overarching_msgs/msg/Location.idl\n'}
[0.303586] (overarching_msgs) StdoutLine: {'line': b'-- Up-to-date symlink: /convince_ws/install/overarching_msgs/share/overarching_msgs/action/Navigate.idl\n'}
[0.303645] (overarching_msgs) StdoutLine: {'line': b'-- Up-to-date symlink: /convince_ws/install/overarching_msgs/share/overarching_msgs/action/Pick.idl\n'}
[0.303700] (overarching_msgs) StdoutLine: {'line': b'-- Up-to-date symlink: /convince_ws/install/overarching_msgs/share/overarching_msgs/action/Place.idl\n'}
[0.303761] (overarching_msgs) StdoutLine: {'line': b'-- Up-to-date symlink: /convince_ws/install/overarching_msgs/share/overarching_msgs/action/Detect.idl\n'}
[0.303823] (overarching_msgs) StdoutLine: {'line': b'-- Up-to-date symlink: /convince_ws/install/overarching_msgs/share/overarching_msgs/msg/Location.msg\n'}
[0.303880] (overarching_msgs) StdoutLine: {'line': b'-- Up-to-date symlink: /convince_ws/install/overarching_msgs/share/overarching_msgs/action/Navigate.action\n'}
[0.303935] (overarching_msgs) StdoutLine: {'line': b'-- Up-to-date symlink: /convince_ws/install/overarching_msgs/share/overarching_msgs/action/Pick.action\n'}
[0.303989] (overarching_msgs) StdoutLine: {'line': b'-- Up-to-date symlink: /convince_ws/install/overarching_msgs/share/overarching_msgs/action/Place.action\n'}
[0.304045] (overarching_msgs) StdoutLine: {'line': b'-- Up-to-date symlink: /convince_ws/install/overarching_msgs/share/overarching_msgs/action/Detect.action\n'}
[0.304110] (overarching_msgs) StdoutLine: {'line': b'-- Up-to-date symlink: /convince_ws/install/overarching_msgs/share/ament_index/resource_index/package_run_dependencies/overarching_msgs\n'}
[0.304172] (overarching_msgs) StdoutLine: {'line': b'-- Up-to-date symlink: /convince_ws/install/overarching_msgs/share/ament_index/resource_index/parent_prefix_path/overarching_msgs\n'}
[0.304238] (overarching_msgs) StdoutLine: {'line': b'-- Up-to-date symlink: /convince_ws/install/overarching_msgs/share/overarching_msgs/environment/ament_prefix_path.sh\n'}
[0.304292] (overarching_msgs) StdoutLine: {'line': b'-- Up-to-date symlink: /convince_ws/install/overarching_msgs/share/overarching_msgs/environment/ament_prefix_path.dsv\n'}
[0.304352] (overarching_msgs) StdoutLine: {'line': b'-- Up-to-date symlink: /convince_ws/install/overarching_msgs/share/overarching_msgs/environment/path.sh\n'}
[0.304406] (overarching_msgs) StdoutLine: {'line': b'-- Up-to-date symlink: /convince_ws/install/overarching_msgs/share/overarching_msgs/environment/path.dsv\n'}
[0.304462] (overarching_msgs) StdoutLine: {'line': b'-- Up-to-date symlink: /convince_ws/install/overarching_msgs/share/overarching_msgs/local_setup.bash\n'}
[0.304515] (overarching_msgs) StdoutLine: {'line': b'-- Up-to-date symlink: /convince_ws/install/overarching_msgs/share/overarching_msgs/local_setup.sh\n'}
[0.304568] (overarching_msgs) StdoutLine: {'line': b'-- Up-to-date symlink: /convince_ws/install/overarching_msgs/share/overarching_msgs/local_setup.zsh\n'}
[0.304621] (overarching_msgs) StdoutLine: {'line': b'-- Up-to-date symlink: /convince_ws/install/overarching_msgs/share/overarching_msgs/local_setup.dsv\n'}
[0.304664] (overarching_msgs) StdoutLine: {'line': b'-- Symlinking: /convince_ws/install/overarching_msgs/share/overarching_msgs/package.dsv\n'}
[0.306571] (btcpp_ros2_interfaces) StdoutLine: {'line': b"Listing '/convince_ws/install/btcpp_ros2_interfaces/lib/python3.12/site-packages/btcpp_ros2_interfaces'...\n"}
[0.306625] (btcpp_ros2_interfaces) StdoutLine: {'line': b"Listing '/convince_ws/install/btcpp_ros2_interfaces/lib/python3.12/site-packages/btcpp_ros2_interfaces/action'...\n"}
[0.306653] (btcpp_ros2_interfaces) StdoutLine: {'line': b"Listing '/convince_ws/install/btcpp_ros2_interfaces/lib/python3.12/site-packages/btcpp_ros2_interfaces/msg'...\n"}
[0.306681] (btcpp_ros2_interfaces) StdoutLine: {'line': b"Listing '/convince_ws/install/btcpp_ros2_interfaces/lib/python3.12/site-packages/btcpp_ros2_interfaces/srv'...\n"}
[0.306841] (pyrobosim_msgs) StdoutLine: {'line': b'-- Install configuration: ""\n'}
[0.307573] (pyrobosim_msgs) StdoutLine: {'line': b'-- Execute custom install script\n'}
[0.307707] (pyrobosim_msgs) StdoutLine: {'line': b'-- Up-to-date symlink: /convince_ws/install/pyrobosim_msgs/share/ament_index/resource_index/rosidl_interfaces/pyrobosim_msgs\n'}
[0.307880] (pyrobosim_msgs) StdoutLine: {'line': b'-- Up-to-date symlink: /convince_ws/install/pyrobosim_msgs/share/pyrobosim_msgs/msg/ExecutionResult.json\n'}
[0.308010] (pyrobosim_msgs) StdoutLine: {'line': b'-- Up-to-date symlink: /convince_ws/install/pyrobosim_msgs/share/pyrobosim_msgs/msg/GoalPredicate.json\n'}
[0.308142] (pyrobosim_msgs) StdoutLine: {'line': b'-- Up-to-date symlink: /convince_ws/install/pyrobosim_msgs/share/pyrobosim_msgs/msg/GoalSpecification.json\n'}
[0.308277] (pyrobosim_msgs) StdoutLine: {'line': b'-- Up-to-date symlink: /convince_ws/install/pyrobosim_msgs/share/pyrobosim_msgs/msg/HallwayState.json\n'}
[0.308406] (pyrobosim_msgs) StdoutLine: {'line': b'-- Up-to-date symlink: /convince_ws/install/pyrobosim_msgs/share/pyrobosim_msgs/msg/LocationState.json\n'}
[0.308534] (pyrobosim_msgs) StdoutLine: {'line': b'-- Up-to-date symlink: /convince_ws/install/pyrobosim_msgs/share/pyrobosim_msgs/msg/ObjectState.json\n'}
[0.308669] (pyrobosim_msgs) StdoutLine: {'line': b'-- Up-to-date symlink: /convince_ws/install/pyrobosim_msgs/share/pyrobosim_msgs/msg/Path.json\n'}
[0.308804] (pyrobosim_msgs) StdoutLine: {'line': b'-- Up-to-date symlink: /convince_ws/install/pyrobosim_msgs/share/pyrobosim_msgs/msg/RobotState.json\n'}
[0.308933] (pyrobosim_msgs) StdoutLine: {'line': b'-- Up-to-date symlink: /convince_ws/install/pyrobosim_msgs/share/pyrobosim_msgs/msg/TaskAction.json\n'}
[0.309057] (pyrobosim_msgs) StdoutLine: {'line': b'-- Up-to-date symlink: /convince_ws/install/pyrobosim_msgs/share/pyrobosim_msgs/msg/TaskPlan.json\n'}
[0.309200] (pyrobosim_msgs) StdoutLine: {'line': b'-- Up-to-date symlink: /convince_ws/install/pyrobosim_msgs/share/pyrobosim_msgs/msg/WorldInfo.json\n'}
[0.309311] (pyrobosim_msgs) StdoutLine: {'line': b'-- Up-to-date symlink: /convince_ws/install/pyrobosim_msgs/share/pyrobosim_msgs/msg/WorldState.json\n'}
[0.309435] (pyrobosim_msgs) StdoutLine: {'line': b'-- Up-to-date symlink: /convince_ws/install/pyrobosim_msgs/share/pyrobosim_msgs/srv/RequestWorldInfo.json\n'}
[0.309561] (pyrobosim_msgs) StdoutLine: {'line': b'-- Up-to-date symlink: /convince_ws/install/pyrobosim_msgs/share/pyrobosim_msgs/srv/RequestWorldState.json\n'}
[0.309691] (pyrobosim_msgs) StdoutLine: {'line': b'-- Up-to-date symlink: /convince_ws/install/pyrobosim_msgs/share/pyrobosim_msgs/srv/ResetWorld.json\n'}
[0.309827] (pyrobosim_msgs) StdoutLine: {'line': b'-- Up-to-date symlink: /convince_ws/install/pyrobosim_msgs/share/pyrobosim_msgs/srv/SetLocationState.json\n'}
[0.309923] (btcpp_ros2_interfaces) StdoutLine: {'line': b'-- Up-to-date: /convince_ws/install/btcpp_ros2_interfaces/lib/libbtcpp_ros2_interfaces__rosidl_generator_py.so\n'}
[0.310006] (pyrobosim_msgs) StdoutLine: {'line': b'-- Up-to-date symlink: /convince_ws/install/pyrobosim_msgs/share/pyrobosim_msgs/action/DetectObjects.json\n'}
[0.310041] (btcpp_ros2_interfaces) StdoutLine: {'line': b'-- Up-to-date: /convince_ws/install/btcpp_ros2_interfaces/share/btcpp_ros2_interfaces/cmake/export_btcpp_ros2_interfaces__rosidl_generator_cExport.cmake\n'}
[0.310103] (pyrobosim_msgs) StdoutLine: {'line': b'-- Up-to-date symlink: /convince_ws/install/pyrobosim_msgs/share/pyrobosim_msgs/action/ExecuteTaskAction.json\n'}
[0.310136] (btcpp_ros2_interfaces) StdoutLine: {'line': b'-- Up-to-date: /convince_ws/install/btcpp_ros2_interfaces/share/btcpp_ros2_interfaces/cmake/export_btcpp_ros2_interfaces__rosidl_generator_cExport-noconfig.cmake\n'}
[0.310168] (btcpp_ros2_interfaces) StdoutLine: {'line': b'-- Up-to-date: /convince_ws/install/btcpp_ros2_interfaces/share/btcpp_ros2_interfaces/cmake/export_btcpp_ros2_interfaces__rosidl_typesupport_fastrtps_cExport.cmake\n'}
[0.310220] (pyrobosim_msgs) StdoutLine: {'line': b'-- Up-to-date symlink: /convince_ws/install/pyrobosim_msgs/share/pyrobosim_msgs/action/ExecuteTaskPlan.json\n'}
[0.310250] (btcpp_ros2_interfaces) StdoutLine: {'line': b'-- Up-to-date: /convince_ws/install/btcpp_ros2_interfaces/share/btcpp_ros2_interfaces/cmake/export_btcpp_ros2_interfaces__rosidl_typesupport_fastrtps_cExport-noconfig.cmake\n'}
[0.310279] (btcpp_ros2_interfaces) StdoutLine: {'line': b'-- Up-to-date: /convince_ws/install/btcpp_ros2_interfaces/share/btcpp_ros2_interfaces/cmake/btcpp_ros2_interfaces__rosidl_typesupport_introspection_cExport.cmake\n'}
[0.310322] (btcpp_ros2_interfaces) StdoutLine: {'line': b'-- Up-to-date: /convince_ws/install/btcpp_ros2_interfaces/share/btcpp_ros2_interfaces/cmake/btcpp_ros2_interfaces__rosidl_typesupport_introspection_cExport-noconfig.cmake\n'}
[0.310350] (btcpp_ros2_interfaces) StdoutLine: {'line': b'-- Up-to-date: /convince_ws/install/btcpp_ros2_interfaces/share/btcpp_ros2_interfaces/cmake/btcpp_ros2_interfaces__rosidl_typesupport_cExport.cmake\n'}
[0.310378] (btcpp_ros2_interfaces) StdoutLine: {'line': b'-- Up-to-date: /convince_ws/install/btcpp_ros2_interfaces/share/btcpp_ros2_interfaces/cmake/btcpp_ros2_interfaces__rosidl_typesupport_cExport-noconfig.cmake\n'}
[0.310406] (btcpp_ros2_interfaces) StdoutLine: {'line': b'-- Up-to-date: /convince_ws/install/btcpp_ros2_interfaces/share/btcpp_ros2_interfaces/cmake/export_btcpp_ros2_interfaces__rosidl_generator_cppExport.cmake\n'}
[0.310475] (btcpp_ros2_interfaces) StdoutLine: {'line': b'-- Up-to-date: /convince_ws/install/btcpp_ros2_interfaces/share/btcpp_ros2_interfaces/cmake/export_btcpp_ros2_interfaces__rosidl_typesupport_fastrtps_cppExport.cmake\n'}
[0.310521] (btcpp_ros2_interfaces) StdoutLine: {'line': b'-- Up-to-date: /convince_ws/install/btcpp_ros2_interfaces/share/btcpp_ros2_interfaces/cmake/export_btcpp_ros2_interfaces__rosidl_typesupport_fastrtps_cppExport-noconfig.cmake\n'}
[0.310550] (btcpp_ros2_interfaces) StdoutLine: {'line': b'-- Up-to-date: /convince_ws/install/btcpp_ros2_interfaces/share/btcpp_ros2_interfaces/cmake/btcpp_ros2_interfaces__rosidl_typesupport_introspection_cppExport.cmake\n'}
[0.310590] (btcpp_ros2_interfaces) StdoutLine: {'line': b'-- Up-to-date: /convince_ws/install/btcpp_ros2_interfaces/share/btcpp_ros2_interfaces/cmake/btcpp_ros2_interfaces__rosidl_typesupport_introspection_cppExport-noconfig.cmake\n'}
[0.310619] (btcpp_ros2_interfaces) StdoutLine: {'line': b'-- Up-to-date: /convince_ws/install/btcpp_ros2_interfaces/share/btcpp_ros2_interfaces/cmake/btcpp_ros2_interfaces__rosidl_typesupport_cppExport.cmake\n'}
[0.310646] (btcpp_ros2_interfaces) StdoutLine: {'line': b'-- Up-to-date: /convince_ws/install/btcpp_ros2_interfaces/share/btcpp_ros2_interfaces/cmake/btcpp_ros2_interfaces__rosidl_typesupport_cppExport-noconfig.cmake\n'}
[0.310673] (btcpp_ros2_interfaces) StdoutLine: {'line': b'-- Up-to-date: /convince_ws/install/btcpp_ros2_interfaces/share/btcpp_ros2_interfaces/cmake/export_btcpp_ros2_interfaces__rosidl_generator_pyExport.cmake\n'}
[0.310699] (btcpp_ros2_interfaces) StdoutLine: {'line': b'-- Up-to-date: /convince_ws/install/btcpp_ros2_interfaces/share/btcpp_ros2_interfaces/cmake/export_btcpp_ros2_interfaces__rosidl_generator_pyExport-noconfig.cmake\n'}
[0.310726] (pyrobosim_msgs) StdoutLine: {'line': b'-- Up-to-date symlink: /convince_ws/install/pyrobosim_msgs/share/pyrobosim_msgs/action/FollowPath.json\n'}
[0.310759] (pyrobosim_msgs) StdoutLine: {'line': b'-- Up-to-date symlink: /convince_ws/install/pyrobosim_msgs/share/pyrobosim_msgs/action/PlanPath.json\n'}
[0.311643] (btcpp_ros2_interfaces) CommandEnded: {'returncode': 0}
[0.312258] (overarching_msgs) StdoutLine: {'line': b'-- Up-to-date symlink: /convince_ws/install/overarching_msgs/share/ament_index/resource_index/packages/overarching_msgs\n'}
[0.312412] (overarching_msgs) StdoutLine: {'line': b'-- Up-to-date symlink: /convince_ws/install/overarching_msgs/share/overarching_msgs/cmake/rosidl_cmake-extras.cmake\n'}
[0.312528] (overarching_msgs) StdoutLine: {'line': b'-- Up-to-date symlink: /convince_ws/install/overarching_msgs/share/overarching_msgs/cmake/ament_cmake_export_dependencies-extras.cmake\n'}
[0.312652] (pyrobosim_msgs) StdoutLine: {'line': b'-- Up-to-date symlink: /convince_ws/install/pyrobosim_msgs/include/pyrobosim_msgs/pyrobosim_msgs/action/detail/detect_objects__functions.h\n'}
[0.312784] (overarching_msgs) StdoutLine: {'line': b'-- Up-to-date symlink: /convince_ws/install/overarching_msgs/share/overarching_msgs/cmake/ament_cmake_export_include_directories-extras.cmake\n'}
[0.312909] (overarching_msgs) StdoutLine: {'line': b'-- Up-to-date symlink: /convince_ws/install/overarching_msgs/share/overarching_msgs/cmake/ament_cmake_export_libraries-extras.cmake\n'}
[0.312980] (overarching_msgs) StdoutLine: {'line': b'-- Up-to-date symlink: /convince_ws/install/overarching_msgs/share/overarching_msgs/cmake/ament_cmake_export_targets-extras.cmake\n'}
[0.313047] (pyrobosim_msgs) StdoutLine: {'line': b'-- Up-to-date symlink: /convince_ws/install/pyrobosim_msgs/include/pyrobosim_msgs/pyrobosim_msgs/action/detail/detect_objects__struct.h\n'}
[0.313151] (pyrobosim_msgs) StdoutLine: {'line': b'-- Up-to-date symlink: /convince_ws/install/pyrobosim_msgs/include/pyrobosim_msgs/pyrobosim_msgs/action/detail/detect_objects__type_support.h\n'}
[0.313219] (pyrobosim_msgs) StdoutLine: {'line': b'-- Up-to-date symlink: /convince_ws/install/pyrobosim_msgs/include/pyrobosim_msgs/pyrobosim_msgs/action/detail/execute_task_action__functions.h\n'}
[0.313321] (pyrobosim_msgs) StdoutLine: {'line': b'-- Up-to-date symlink: /convince_ws/install/pyrobosim_msgs/include/pyrobosim_msgs/pyrobosim_msgs/action/detail/execute_task_action__struct.h\n'}
[0.313388] (overarching_msgs) StdoutLine: {'line': b'-- Up-to-date symlink: /convince_ws/install/overarching_msgs/share/overarching_msgs/cmake/rosidl_cmake_export_typesupport_targets-extras.cmake\n'}
[0.313456] (overarching_msgs) StdoutLine: {'line': b'-- Up-to-date symlink: /convince_ws/install/overarching_msgs/share/overarching_msgs/cmake/rosidl_cmake_export_typesupport_libraries-extras.cmake\n'}
[0.313522] (overarching_msgs) StdoutLine: {'line': b'-- Up-to-date symlink: /convince_ws/install/overarching_msgs/share/overarching_msgs/cmake/overarching_msgsConfig.cmake\n'}
[0.313587] (overarching_msgs) StdoutLine: {'line': b'-- Up-to-date symlink: /convince_ws/install/overarching_msgs/share/overarching_msgs/cmake/overarching_msgsConfig-version.cmake\n'}
[0.313653] (overarching_msgs) StdoutLine: {'line': b'-- Up-to-date symlink: /convince_ws/install/overarching_msgs/share/overarching_msgs/package.xml\n'}
[0.313790] (pyrobosim_msgs) StdoutLine: {'line': b'-- Up-to-date symlink: /convince_ws/install/pyrobosim_msgs/include/pyrobosim_msgs/pyrobosim_msgs/action/detail/execute_task_action__type_support.h\n'}
[0.313997] (pyrobosim_msgs) StdoutLine: {'line': b'-- Up-to-date symlink: /convince_ws/install/pyrobosim_msgs/include/pyrobosim_msgs/pyrobosim_msgs/action/detail/execute_task_plan__functions.h\n'}
[0.314067] (overarching_msgs) StdoutLine: {'line': b'-- Up-to-date: /convince_ws/install/overarching_msgs/lib/liboverarching_msgs__rosidl_generator_c.so\n'}
[0.314138] (pyrobosim_msgs) StdoutLine: {'line': b'-- Up-to-date symlink: /convince_ws/install/pyrobosim_msgs/include/pyrobosim_msgs/pyrobosim_msgs/action/detail/execute_task_plan__struct.h\n'}
[0.314206] (pyrobosim_msgs) StdoutLine: {'line': b'-- Up-to-date symlink: /convince_ws/install/pyrobosim_msgs/include/pyrobosim_msgs/pyrobosim_msgs/action/detail/execute_task_plan__type_support.h\n'}
[0.314334] (overarching_msgs) StdoutLine: {'line': b'-- Up-to-date: /convince_ws/install/overarching_msgs/lib/liboverarching_msgs__rosidl_typesupport_fastrtps_c.so\n'}
[0.314446] (pyrobosim_msgs) StdoutLine: {'line': b'-- Up-to-date symlink: /convince_ws/install/pyrobosim_msgs/include/pyrobosim_msgs/pyrobosim_msgs/action/detail/follow_path__functions.h\n'}
[0.314517] (overarching_msgs) StdoutLine: {'line': b'-- Up-to-date: /convince_ws/install/overarching_msgs/lib/liboverarching_msgs__rosidl_typesupport_introspection_c.so\n'}
[0.314603] (overarching_msgs) StdoutLine: {'line': b'-- Up-to-date: /convince_ws/install/overarching_msgs/lib/liboverarching_msgs__rosidl_typesupport_c.so\n'}
[0.314672] (pyrobosim_msgs) StdoutLine: {'line': b'-- Up-to-date symlink: /convince_ws/install/pyrobosim_msgs/include/pyrobosim_msgs/pyrobosim_msgs/action/detail/follow_path__struct.h\n'}
[0.314790] (overarching_msgs) StdoutLine: {'line': b'-- Up-to-date: /convince_ws/install/overarching_msgs/lib/liboverarching_msgs__rosidl_typesupport_fastrtps_cpp.so\n'}
[0.314944] (overarching_msgs) StdoutLine: {'line': b'-- Up-to-date: /convince_ws/install/overarching_msgs/lib/liboverarching_msgs__rosidl_typesupport_introspection_cpp.so\n'}
[0.315031] (pyrobosim_msgs) StdoutLine: {'line': b'-- Up-to-date symlink: /convince_ws/install/pyrobosim_msgs/include/pyrobosim_msgs/pyrobosim_msgs/action/detail/follow_path__type_support.h\n'}
[0.315155] (pyrobosim_msgs) StdoutLine: {'line': b'-- Up-to-date symlink: /convince_ws/install/pyrobosim_msgs/include/pyrobosim_msgs/pyrobosim_msgs/action/detail/plan_path__functions.h\n'}
[0.315235] (pyrobosim_msgs) StdoutLine: {'line': b'-- Up-to-date symlink: /convince_ws/install/pyrobosim_msgs/include/pyrobosim_msgs/pyrobosim_msgs/action/detail/plan_path__struct.h\n'}
[0.315302] (pyrobosim_msgs) StdoutLine: {'line': b'-- Up-to-date symlink: /convince_ws/install/pyrobosim_msgs/include/pyrobosim_msgs/pyrobosim_msgs/action/detail/plan_path__type_support.h\n'}
[0.315391] (pyrobosim_msgs) StdoutLine: {'line': b'-- Up-to-date symlink: /convince_ws/install/pyrobosim_msgs/include/pyrobosim_msgs/pyrobosim_msgs/action/detect_objects.h\n'}
[0.315497] (pyrobosim_msgs) StdoutLine: {'line': b'-- Up-to-date symlink: /convince_ws/install/pyrobosim_msgs/include/pyrobosim_msgs/pyrobosim_msgs/action/execute_task_action.h\n'}
[0.315564] (pyrobosim_msgs) StdoutLine: {'line': b'-- Up-to-date symlink: /convince_ws/install/pyrobosim_msgs/include/pyrobosim_msgs/pyrobosim_msgs/action/execute_task_plan.h\n'}
[0.315631] (pyrobosim_msgs) StdoutLine: {'line': b'-- Up-to-date symlink: /convince_ws/install/pyrobosim_msgs/include/pyrobosim_msgs/pyrobosim_msgs/action/follow_path.h\n'}
[0.315773] (pyrobosim_msgs) StdoutLine: {'line': b'-- Up-to-date symlink: /convince_ws/install/pyrobosim_msgs/include/pyrobosim_msgs/pyrobosim_msgs/action/plan_path.h\n'}
[0.316007] (overarching_msgs) StdoutLine: {'line': b'-- Up-to-date: /convince_ws/install/overarching_msgs/lib/liboverarching_msgs__rosidl_typesupport_cpp.so\n'}
[0.316219] (pyrobosim_msgs) StdoutLine: {'line': b'-- Up-to-date symlink: /convince_ws/install/pyrobosim_msgs/include/pyrobosim_msgs/pyrobosim_msgs/msg/detail/execution_result__functions.h\n'}
[0.316312] (pyrobosim_msgs) StdoutLine: {'line': b'-- Up-to-date symlink: /convince_ws/install/pyrobosim_msgs/include/pyrobosim_msgs/pyrobosim_msgs/msg/detail/execution_result__struct.h\n'}
[0.316402] (pyrobosim_msgs) StdoutLine: {'line': b'-- Up-to-date symlink: /convince_ws/install/pyrobosim_msgs/include/pyrobosim_msgs/pyrobosim_msgs/msg/detail/execution_result__type_support.h\n'}
[0.316470] (pyrobosim_msgs) StdoutLine: {'line': b'-- Up-to-date symlink: /convince_ws/install/pyrobosim_msgs/include/pyrobosim_msgs/pyrobosim_msgs/msg/detail/goal_predicate__functions.h\n'}
[0.316586] (pyrobosim_msgs) StdoutLine: {'line': b'-- Up-to-date symlink: /convince_ws/install/pyrobosim_msgs/include/pyrobosim_msgs/pyrobosim_msgs/msg/detail/goal_predicate__struct.h\n'}
[0.316671] (pyrobosim_msgs) StdoutLine: {'line': b'-- Up-to-date symlink: /convince_ws/install/pyrobosim_msgs/include/pyrobosim_msgs/pyrobosim_msgs/msg/detail/goal_predicate__type_support.h\n'}
[0.316746] (pyrobosim_msgs) StdoutLine: {'line': b'-- Up-to-date symlink: /convince_ws/install/pyrobosim_msgs/include/pyrobosim_msgs/pyrobosim_msgs/msg/detail/goal_specification__functions.h\n'}
[0.316862] (pyrobosim_msgs) StdoutLine: {'line': b'-- Up-to-date symlink: /convince_ws/install/pyrobosim_msgs/include/pyrobosim_msgs/pyrobosim_msgs/msg/detail/goal_specification__struct.h\n'}
[0.316930] (pyrobosim_msgs) StdoutLine: {'line': b'-- Up-to-date symlink: /convince_ws/install/pyrobosim_msgs/include/pyrobosim_msgs/pyrobosim_msgs/msg/detail/goal_specification__type_support.h\n'}
[0.316997] (pyrobosim_msgs) StdoutLine: {'line': b'-- Up-to-date symlink: /convince_ws/install/pyrobosim_msgs/include/pyrobosim_msgs/pyrobosim_msgs/msg/detail/hallway_state__functions.h\n'}
[0.317063] (pyrobosim_msgs) StdoutLine: {'line': b'-- Up-to-date symlink: /convince_ws/install/pyrobosim_msgs/include/pyrobosim_msgs/pyrobosim_msgs/msg/detail/hallway_state__struct.h\n'}
[0.317167] (pyrobosim_msgs) StdoutLine: {'line': b'-- Up-to-date symlink: /convince_ws/install/pyrobosim_msgs/include/pyrobosim_msgs/pyrobosim_msgs/msg/detail/hallway_state__type_support.h\n'}
[0.317234] (pyrobosim_msgs) StdoutLine: {'line': b'-- Up-to-date symlink: /convince_ws/install/pyrobosim_msgs/include/pyrobosim_msgs/pyrobosim_msgs/msg/detail/location_state__functions.h\n'}
[0.317325] (pyrobosim_msgs) StdoutLine: {'line': b'-- Up-to-date symlink: /convince_ws/install/pyrobosim_msgs/include/pyrobosim_msgs/pyrobosim_msgs/msg/detail/location_state__struct.h\n'}
[0.317419] (pyrobosim_msgs) StdoutLine: {'line': b'-- Up-to-date symlink: /convince_ws/install/pyrobosim_msgs/include/pyrobosim_msgs/pyrobosim_msgs/msg/detail/location_state__type_support.h\n'}
[0.317486] (pyrobosim_msgs) StdoutLine: {'line': b'-- Up-to-date symlink: /convince_ws/install/pyrobosim_msgs/include/pyrobosim_msgs/pyrobosim_msgs/msg/detail/object_state__functions.h\n'}
[0.317552] (pyrobosim_msgs) StdoutLine: {'line': b'-- Up-to-date symlink: /convince_ws/install/pyrobosim_msgs/include/pyrobosim_msgs/pyrobosim_msgs/msg/detail/object_state__struct.h\n'}
[0.317618] (pyrobosim_msgs) StdoutLine: {'line': b'-- Up-to-date symlink: /convince_ws/install/pyrobosim_msgs/include/pyrobosim_msgs/pyrobosim_msgs/msg/detail/object_state__type_support.h\n'}
[0.317684] (pyrobosim_msgs) StdoutLine: {'line': b'-- Up-to-date symlink: /convince_ws/install/pyrobosim_msgs/include/pyrobosim_msgs/pyrobosim_msgs/msg/detail/path__functions.h\n'}
[0.317785] (pyrobosim_msgs) StdoutLine: {'line': b'-- Up-to-date symlink: /convince_ws/install/pyrobosim_msgs/include/pyrobosim_msgs/pyrobosim_msgs/msg/detail/path__struct.h\n'}
[0.317901] (pyrobosim_msgs) StdoutLine: {'line': b'-- Up-to-date symlink: /convince_ws/install/pyrobosim_msgs/include/pyrobosim_msgs/pyrobosim_msgs/msg/detail/path__type_support.h\n'}
[0.317968] (pyrobosim_msgs) StdoutLine: {'line': b'-- Up-to-date symlink: /convince_ws/install/pyrobosim_msgs/include/pyrobosim_msgs/pyrobosim_msgs/msg/detail/robot_state__functions.h\n'}
[0.318034] (pyrobosim_msgs) StdoutLine: {'line': b'-- Up-to-date symlink: /convince_ws/install/pyrobosim_msgs/include/pyrobosim_msgs/pyrobosim_msgs/msg/detail/robot_state__struct.h\n'}
[0.318099] (pyrobosim_msgs) StdoutLine: {'line': b'-- Up-to-date symlink: /convince_ws/install/pyrobosim_msgs/include/pyrobosim_msgs/pyrobosim_msgs/msg/detail/robot_state__type_support.h\n'}
[0.318165] (pyrobosim_msgs) StdoutLine: {'line': b'-- Up-to-date symlink: /convince_ws/install/pyrobosim_msgs/include/pyrobosim_msgs/pyrobosim_msgs/msg/detail/task_action__functions.h\n'}
[0.318230] (pyrobosim_msgs) StdoutLine: {'line': b'-- Up-to-date symlink: /convince_ws/install/pyrobosim_msgs/include/pyrobosim_msgs/pyrobosim_msgs/msg/detail/task_action__struct.h\n'}
[0.318296] (pyrobosim_msgs) StdoutLine: {'line': b'-- Up-to-date symlink: /convince_ws/install/pyrobosim_msgs/include/pyrobosim_msgs/pyrobosim_msgs/msg/detail/task_action__type_support.h\n'}
[0.318361] (pyrobosim_msgs) StdoutLine: {'line': b'-- Up-to-date symlink: /convince_ws/install/pyrobosim_msgs/include/pyrobosim_msgs/pyrobosim_msgs/msg/detail/task_plan__functions.h\n'}
[0.318426] (pyrobosim_msgs) StdoutLine: {'line': b'-- Up-to-date symlink: /convince_ws/install/pyrobosim_msgs/include/pyrobosim_msgs/pyrobosim_msgs/msg/detail/task_plan__struct.h\n'}
[0.318510] (bt_interfaces_dummy) StdoutLine: {'line': b"Listing '/convince_ws/install/bt_interfaces_dummy/lib/python3.12/site-packages/bt_interfaces_dummy'...\n"}
[0.318620] (bt_interfaces_dummy) StdoutLine: {'line': b"Listing '/convince_ws/install/bt_interfaces_dummy/lib/python3.12/site-packages/bt_interfaces_dummy/msg'...\n"}
[0.318690] (bt_interfaces_dummy) StdoutLine: {'line': b"Listing '/convince_ws/install/bt_interfaces_dummy/lib/python3.12/site-packages/bt_interfaces_dummy/srv'...\n"}
[0.318797] (pyrobosim_msgs) StdoutLine: {'line': b'-- Up-to-date symlink: /convince_ws/install/pyrobosim_msgs/include/pyrobosim_msgs/pyrobosim_msgs/msg/detail/task_plan__type_support.h\n'}
[0.318909] (pyrobosim_msgs) StdoutLine: {'line': b'-- Up-to-date symlink: /convince_ws/install/pyrobosim_msgs/include/pyrobosim_msgs/pyrobosim_msgs/msg/detail/world_info__functions.h\n'}
[0.319006] (pyrobosim_msgs) StdoutLine: {'line': b'-- Up-to-date symlink: /convince_ws/install/pyrobosim_msgs/include/pyrobosim_msgs/pyrobosim_msgs/msg/detail/world_info__struct.h\n'}
[0.319076] (pyrobosim_msgs) StdoutLine: {'line': b'-- Up-to-date symlink: /convince_ws/install/pyrobosim_msgs/include/pyrobosim_msgs/pyrobosim_msgs/msg/detail/world_info__type_support.h\n'}
[0.319144] (pyrobosim_msgs) StdoutLine: {'line': b'-- Up-to-date symlink: /convince_ws/install/pyrobosim_msgs/include/pyrobosim_msgs/pyrobosim_msgs/msg/detail/world_state__functions.h\n'}
[0.319230] (pyrobosim_msgs) StdoutLine: {'line': b'-- Up-to-date symlink: /convince_ws/install/pyrobosim_msgs/include/pyrobosim_msgs/pyrobosim_msgs/msg/detail/world_state__struct.h\n'}
[0.319308] (pyrobosim_msgs) StdoutLine: {'line': b'-- Up-to-date symlink: /convince_ws/install/pyrobosim_msgs/include/pyrobosim_msgs/pyrobosim_msgs/msg/detail/world_state__type_support.h\n'}
[0.319375] (pyrobosim_msgs) StdoutLine: {'line': b'-- Up-to-date symlink: /convince_ws/install/pyrobosim_msgs/include/pyrobosim_msgs/pyrobosim_msgs/msg/execution_result.h\n'}
[0.319442] (pyrobosim_msgs) StdoutLine: {'line': b'-- Up-to-date symlink: /convince_ws/install/pyrobosim_msgs/include/pyrobosim_msgs/pyrobosim_msgs/msg/goal_predicate.h\n'}
[0.319560] (pyrobosim_msgs) StdoutLine: {'line': b'-- Up-to-date symlink: /convince_ws/install/pyrobosim_msgs/include/pyrobosim_msgs/pyrobosim_msgs/msg/goal_specification.h\n'}
[0.319639] (pyrobosim_msgs) StdoutLine: {'line': b'-- Up-to-date symlink: /convince_ws/install/pyrobosim_msgs/include/pyrobosim_msgs/pyrobosim_msgs/msg/hallway_state.h\n'}
[0.319786] (pyrobosim_msgs) StdoutLine: {'line': b'-- Up-to-date symlink: /convince_ws/install/pyrobosim_msgs/include/pyrobosim_msgs/pyrobosim_msgs/msg/location_state.h\n'}
[0.319877] (pyrobosim_msgs) StdoutLine: {'line': b'-- Up-to-date symlink: /convince_ws/install/pyrobosim_msgs/include/pyrobosim_msgs/pyrobosim_msgs/msg/object_state.h\n'}
[0.319976] (pyrobosim_msgs) StdoutLine: {'line': b'-- Up-to-date symlink: /convince_ws/install/pyrobosim_msgs/include/pyrobosim_msgs/pyrobosim_msgs/msg/path.h\n'}
[0.320076] (pyrobosim_msgs) StdoutLine: {'line': b'-- Up-to-date symlink: /convince_ws/install/pyrobosim_msgs/include/pyrobosim_msgs/pyrobosim_msgs/msg/robot_state.h\n'}
[0.320160] (pyrobosim_msgs) StdoutLine: {'line': b'-- Up-to-date symlink: /convince_ws/install/pyrobosim_msgs/include/pyrobosim_msgs/pyrobosim_msgs/msg/rosidl_generator_c__visibility_control.h\n'}
[0.320227] (pyrobosim_msgs) StdoutLine: {'line': b'-- Up-to-date symlink: /convince_ws/install/pyrobosim_msgs/include/pyrobosim_msgs/pyrobosim_msgs/msg/task_action.h\n'}
[0.320305] (pyrobosim_msgs) StdoutLine: {'line': b'-- Up-to-date symlink: /convince_ws/install/pyrobosim_msgs/include/pyrobosim_msgs/pyrobosim_msgs/msg/task_plan.h\n'}
[0.320373] (pyrobosim_msgs) StdoutLine: {'line': b'-- Up-to-date symlink: /convince_ws/install/pyrobosim_msgs/include/pyrobosim_msgs/pyrobosim_msgs/msg/world_info.h\n'}
[0.320438] (pyrobosim_msgs) StdoutLine: {'line': b'-- Up-to-date symlink: /convince_ws/install/pyrobosim_msgs/include/pyrobosim_msgs/pyrobosim_msgs/msg/world_state.h\n'}
[0.320504] (pyrobosim_msgs) StdoutLine: {'line': b'-- Up-to-date symlink: /convince_ws/install/pyrobosim_msgs/include/pyrobosim_msgs/pyrobosim_msgs/srv/detail/request_world_info__functions.h\n'}
[0.320570] (pyrobosim_msgs) StdoutLine: {'line': b'-- Up-to-date symlink: /convince_ws/install/pyrobosim_msgs/include/pyrobosim_msgs/pyrobosim_msgs/srv/detail/request_world_info__struct.h\n'}
[0.320636] (pyrobosim_msgs) StdoutLine: {'line': b'-- Up-to-date symlink: /convince_ws/install/pyrobosim_msgs/include/pyrobosim_msgs/pyrobosim_msgs/srv/detail/request_world_info__type_support.h\n'}
[0.320701] (pyrobosim_msgs) StdoutLine: {'line': b'-- Up-to-date symlink: /convince_ws/install/pyrobosim_msgs/include/pyrobosim_msgs/pyrobosim_msgs/srv/detail/request_world_state__functions.h\n'}
[0.320827] (pyrobosim_msgs) StdoutLine: {'line': b'-- Up-to-date symlink: /convince_ws/install/pyrobosim_msgs/include/pyrobosim_msgs/pyrobosim_msgs/srv/detail/request_world_state__struct.h\n'}
[0.320918] (pyrobosim_msgs) StdoutLine: {'line': b'-- Up-to-date symlink: /convince_ws/install/pyrobosim_msgs/include/pyrobosim_msgs/pyrobosim_msgs/srv/detail/request_world_state__type_support.h\n'}
[0.321001] (pyrobosim_msgs) StdoutLine: {'line': b'-- Up-to-date symlink: /convince_ws/install/pyrobosim_msgs/include/pyrobosim_msgs/pyrobosim_msgs/srv/detail/reset_world__functions.h\n'}
[0.321067] (pyrobosim_msgs) StdoutLine: {'line': b'-- Up-to-date symlink: /convince_ws/install/pyrobosim_msgs/include/pyrobosim_msgs/pyrobosim_msgs/srv/detail/reset_world__struct.h\n'}
[0.321133] (pyrobosim_msgs) StdoutLine: {'line': b'-- Up-to-date symlink: /convince_ws/install/pyrobosim_msgs/include/pyrobosim_msgs/pyrobosim_msgs/srv/detail/reset_world__type_support.h\n'}
[0.321225] (pyrobosim_msgs) StdoutLine: {'line': b'-- Up-to-date symlink: /convince_ws/install/pyrobosim_msgs/include/pyrobosim_msgs/pyrobosim_msgs/srv/detail/set_location_state__functions.h\n'}
[0.321293] (pyrobosim_msgs) StdoutLine: {'line': b'-- Up-to-date symlink: /convince_ws/install/pyrobosim_msgs/include/pyrobosim_msgs/pyrobosim_msgs/srv/detail/set_location_state__struct.h\n'}
[0.321359] (pyrobosim_msgs) StdoutLine: {'line': b'-- Up-to-date symlink: /convince_ws/install/pyrobosim_msgs/include/pyrobosim_msgs/pyrobosim_msgs/srv/detail/set_location_state__type_support.h\n'}
[0.321424] (pyrobosim_msgs) StdoutLine: {'line': b'-- Up-to-date symlink: /convince_ws/install/pyrobosim_msgs/include/pyrobosim_msgs/pyrobosim_msgs/srv/request_world_info.h\n'}
[0.321489] (bt_interfaces_dummy) StdoutLine: {'line': b'-- Up-to-date: /convince_ws/install/bt_interfaces_dummy/lib/libbt_interfaces_dummy__rosidl_generator_py.so\n'}
[0.321603] (pyrobosim_msgs) StdoutLine: {'line': b'-- Up-to-date symlink: /convince_ws/install/pyrobosim_msgs/include/pyrobosim_msgs/pyrobosim_msgs/srv/request_world_state.h\n'}
[0.321672] (pyrobosim_msgs) StdoutLine: {'line': b'-- Up-to-date symlink: /convince_ws/install/pyrobosim_msgs/include/pyrobosim_msgs/pyrobosim_msgs/srv/reset_world.h\n'}
[0.321777] (pyrobosim_msgs) StdoutLine: {'line': b'-- Up-to-date symlink: /convince_ws/install/pyrobosim_msgs/include/pyrobosim_msgs/pyrobosim_msgs/srv/set_location_state.h\n'}
[0.321879] (bt_interfaces_dummy) StdoutLine: {'line': b'-- Up-to-date: /convince_ws/install/bt_interfaces_dummy/share/bt_interfaces_dummy/cmake/export_bt_interfaces_dummy__rosidl_generator_cExport.cmake\n'}
[0.321992] (bt_interfaces_dummy) StdoutLine: {'line': b'-- Up-to-date: /convince_ws/install/bt_interfaces_dummy/share/bt_interfaces_dummy/cmake/export_bt_interfaces_dummy__rosidl_generator_cExport-noconfig.cmake\n'}
[0.322083] (pyrobosim_msgs) StdoutLine: {'line': b'-- Up-to-date symlink: /convince_ws/install/pyrobosim_msgs/share/pyrobosim_msgs/environment/library_path.sh\n'}
[0.322150] (bt_interfaces_dummy) StdoutLine: {'line': b'-- Up-to-date: /convince_ws/install/bt_interfaces_dummy/share/bt_interfaces_dummy/cmake/export_bt_interfaces_dummy__rosidl_typesupport_fastrtps_cExport.cmake\n'}
[0.322217] (pyrobosim_msgs) StdoutLine: {'line': b'-- Up-to-date symlink: /convince_ws/install/pyrobosim_msgs/share/pyrobosim_msgs/environment/library_path.dsv\n'}
[0.322283] (bt_interfaces_dummy) StdoutLine: {'line': b'-- Up-to-date: /convince_ws/install/bt_interfaces_dummy/share/bt_interfaces_dummy/cmake/export_bt_interfaces_dummy__rosidl_typesupport_fastrtps_cExport-noconfig.cmake\n'}
[0.322349] (bt_interfaces_dummy) StdoutLine: {'line': b'-- Up-to-date: /convince_ws/install/bt_interfaces_dummy/share/bt_interfaces_dummy/cmake/bt_interfaces_dummy__rosidl_typesupport_introspection_cExport.cmake\n'}
[0.322414] (bt_interfaces_dummy) StdoutLine: {'line': b'-- Up-to-date: /convince_ws/install/bt_interfaces_dummy/share/bt_interfaces_dummy/cmake/bt_interfaces_dummy__rosidl_typesupport_introspection_cExport-noconfig.cmake\n'}
[0.322480] (bt_interfaces_dummy) StdoutLine: {'line': b'-- Up-to-date: /convince_ws/install/bt_interfaces_dummy/share/bt_interfaces_dummy/cmake/bt_interfaces_dummy__rosidl_typesupport_cExport.cmake\n'}
[0.322583] (bt_interfaces_dummy) StdoutLine: {'line': b'-- Up-to-date: /convince_ws/install/bt_interfaces_dummy/share/bt_interfaces_dummy/cmake/bt_interfaces_dummy__rosidl_typesupport_cExport-noconfig.cmake\n'}
[0.322653] (bt_interfaces_dummy) StdoutLine: {'line': b'-- Up-to-date: /convince_ws/install/bt_interfaces_dummy/share/bt_interfaces_dummy/cmake/export_bt_interfaces_dummy__rosidl_generator_cppExport.cmake\n'}
[0.322721] (bt_interfaces_dummy) StdoutLine: {'line': b'-- Up-to-date: /convince_ws/install/bt_interfaces_dummy/share/bt_interfaces_dummy/cmake/export_bt_interfaces_dummy__rosidl_typesupport_fastrtps_cppExport.cmake\n'}
[0.322830] (bt_interfaces_dummy) StdoutLine: {'line': b'-- Up-to-date: /convince_ws/install/bt_interfaces_dummy/share/bt_interfaces_dummy/cmake/export_bt_interfaces_dummy__rosidl_typesupport_fastrtps_cppExport-noconfig.cmake\n'}
[0.322908] (bt_interfaces_dummy) StdoutLine: {'line': b'-- Up-to-date: /convince_ws/install/bt_interfaces_dummy/share/bt_interfaces_dummy/cmake/bt_interfaces_dummy__rosidl_typesupport_introspection_cppExport.cmake\n'}
[0.322975] (bt_interfaces_dummy) StdoutLine: {'line': b'-- Up-to-date: /convince_ws/install/bt_interfaces_dummy/share/bt_interfaces_dummy/cmake/bt_interfaces_dummy__rosidl_typesupport_introspection_cppExport-noconfig.cmake\n'}
[0.323041] (bt_interfaces_dummy) StdoutLine: {'line': b'-- Up-to-date: /convince_ws/install/bt_interfaces_dummy/share/bt_interfaces_dummy/cmake/bt_interfaces_dummy__rosidl_typesupport_cppExport.cmake\n'}
[0.323106] (bt_interfaces_dummy) StdoutLine: {'line': b'-- Up-to-date: /convince_ws/install/bt_interfaces_dummy/share/bt_interfaces_dummy/cmake/bt_interfaces_dummy__rosidl_typesupport_cppExport-noconfig.cmake\n'}
[0.323184] (bt_interfaces_dummy) StdoutLine: {'line': b'-- Up-to-date: /convince_ws/install/bt_interfaces_dummy/share/bt_interfaces_dummy/cmake/export_bt_interfaces_dummy__rosidl_generator_pyExport.cmake\n'}
[0.323252] (bt_interfaces_dummy) StdoutLine: {'line': b'-- Up-to-date: /convince_ws/install/bt_interfaces_dummy/share/bt_interfaces_dummy/cmake/export_bt_interfaces_dummy__rosidl_generator_pyExport-noconfig.cmake\n'}
[0.323318] (pyrobosim_msgs) StdoutLine: {'line': b'-- Up-to-date symlink: /convince_ws/install/pyrobosim_msgs/include/pyrobosim_msgs/pyrobosim_msgs/action/detail/detect_objects__rosidl_typesupport_fastrtps_c.h\n'}
[0.323403] (pyrobosim_msgs) StdoutLine: {'line': b'-- Up-to-date symlink: /convince_ws/install/pyrobosim_msgs/include/pyrobosim_msgs/pyrobosim_msgs/action/detail/execute_task_action__rosidl_typesupport_fastrtps_c.h\n'}
[0.323471] (pyrobosim_msgs) StdoutLine: {'line': b'-- Up-to-date symlink: /convince_ws/install/pyrobosim_msgs/include/pyrobosim_msgs/pyrobosim_msgs/action/detail/execute_task_plan__rosidl_typesupport_fastrtps_c.h\n'}
[0.323538] (pyrobosim_msgs) StdoutLine: {'line': b'-- Up-to-date symlink: /convince_ws/install/pyrobosim_msgs/include/pyrobosim_msgs/pyrobosim_msgs/action/detail/follow_path__rosidl_typesupport_fastrtps_c.h\n'}
[0.323604] (pyrobosim_msgs) StdoutLine: {'line': b'-- Up-to-date symlink: /convince_ws/install/pyrobosim_msgs/include/pyrobosim_msgs/pyrobosim_msgs/action/detail/plan_path__rosidl_typesupport_fastrtps_c.h\n'}
[0.323669] (pyrobosim_msgs) StdoutLine: {'line': b'-- Up-to-date symlink: /convince_ws/install/pyrobosim_msgs/include/pyrobosim_msgs/pyrobosim_msgs/msg/detail/execution_result__rosidl_typesupport_fastrtps_c.h\n'}
[0.323740] (pyrobosim_msgs) StdoutLine: {'line': b'-- Up-to-date symlink: /convince_ws/install/pyrobosim_msgs/include/pyrobosim_msgs/pyrobosim_msgs/msg/detail/goal_predicate__rosidl_typesupport_fastrtps_c.h\n'}
[0.323843] (pyrobosim_msgs) StdoutLine: {'line': b'-- Up-to-date symlink: /convince_ws/install/pyrobosim_msgs/include/pyrobosim_msgs/pyrobosim_msgs/msg/detail/goal_specification__rosidl_typesupport_fastrtps_c.h\n'}
[0.323912] (pyrobosim_msgs) StdoutLine: {'line': b'-- Up-to-date symlink: /convince_ws/install/pyrobosim_msgs/include/pyrobosim_msgs/pyrobosim_msgs/msg/detail/hallway_state__rosidl_typesupport_fastrtps_c.h\n'}
[0.324014] (pyrobosim_msgs) StdoutLine: {'line': b'-- Up-to-date symlink: /convince_ws/install/pyrobosim_msgs/include/pyrobosim_msgs/pyrobosim_msgs/msg/detail/location_state__rosidl_typesupport_fastrtps_c.h\n'}
[0.324082] (pyrobosim_msgs) StdoutLine: {'line': b'-- Up-to-date symlink: /convince_ws/install/pyrobosim_msgs/include/pyrobosim_msgs/pyrobosim_msgs/msg/detail/object_state__rosidl_typesupport_fastrtps_c.h\n'}
[0.324148] (pyrobosim_msgs) StdoutLine: {'line': b'-- Up-to-date symlink: /convince_ws/install/pyrobosim_msgs/include/pyrobosim_msgs/pyrobosim_msgs/msg/detail/path__rosidl_typesupport_fastrtps_c.h\n'}
[0.324213] (pyrobosim_msgs) StdoutLine: {'line': b'-- Up-to-date symlink: /convince_ws/install/pyrobosim_msgs/include/pyrobosim_msgs/pyrobosim_msgs/msg/detail/robot_state__rosidl_typesupport_fastrtps_c.h\n'}
[0.324278] (pyrobosim_msgs) StdoutLine: {'line': b'-- Up-to-date symlink: /convince_ws/install/pyrobosim_msgs/include/pyrobosim_msgs/pyrobosim_msgs/msg/detail/task_action__rosidl_typesupport_fastrtps_c.h\n'}
[0.324343] (pyrobosim_msgs) StdoutLine: {'line': b'-- Up-to-date symlink: /convince_ws/install/pyrobosim_msgs/include/pyrobosim_msgs/pyrobosim_msgs/msg/detail/task_plan__rosidl_typesupport_fastrtps_c.h\n'}
[0.324408] (pyrobosim_msgs) StdoutLine: {'line': b'-- Up-to-date symlink: /convince_ws/install/pyrobosim_msgs/include/pyrobosim_msgs/pyrobosim_msgs/msg/detail/world_info__rosidl_typesupport_fastrtps_c.h\n'}
[0.324474] (pyrobosim_msgs) StdoutLine: {'line': b'-- Up-to-date symlink: /convince_ws/install/pyrobosim_msgs/include/pyrobosim_msgs/pyrobosim_msgs/msg/detail/world_state__rosidl_typesupport_fastrtps_c.h\n'}
[0.324599] (pyrobosim_msgs) StdoutLine: {'line': b'-- Up-to-date symlink: /convince_ws/install/pyrobosim_msgs/include/pyrobosim_msgs/pyrobosim_msgs/msg/rosidl_typesupport_fastrtps_c__visibility_control.h\n'}
[0.324867] (pyrobosim_msgs) StdoutLine: {'line': b'-- Up-to-date symlink: /convince_ws/install/pyrobosim_msgs/include/pyrobosim_msgs/pyrobosim_msgs/srv/detail/request_world_info__rosidl_typesupport_fastrtps_c.h\n'}
[0.324939] (pyrobosim_msgs) StdoutLine: {'line': b'-- Up-to-date symlink: /convince_ws/install/pyrobosim_msgs/include/pyrobosim_msgs/pyrobosim_msgs/srv/detail/request_world_state__rosidl_typesupport_fastrtps_c.h\n'}
[0.324976] (pyrobosim_msgs) StdoutLine: {'line': b'-- Up-to-date symlink: /convince_ws/install/pyrobosim_msgs/include/pyrobosim_msgs/pyrobosim_msgs/srv/detail/reset_world__rosidl_typesupport_fastrtps_c.h\n'}
[0.325006] (pyrobosim_msgs) StdoutLine: {'line': b'-- Up-to-date symlink: /convince_ws/install/pyrobosim_msgs/include/pyrobosim_msgs/pyrobosim_msgs/srv/detail/set_location_state__rosidl_typesupport_fastrtps_c.h\n'}
[0.325036] (pyrobosim_msgs) StdoutLine: {'line': b'-- Up-to-date symlink: /convince_ws/install/pyrobosim_msgs/include/pyrobosim_msgs/pyrobosim_msgs/action/detail/detect_objects__builder.hpp\n'}
[0.325129] (pyrobosim_msgs) StdoutLine: {'line': b'-- Up-to-date symlink: /convince_ws/install/pyrobosim_msgs/include/pyrobosim_msgs/pyrobosim_msgs/action/detail/detect_objects__struct.hpp\n'}
[0.325163] (pyrobosim_msgs) StdoutLine: {'line': b'-- Up-to-date symlink: /convince_ws/install/pyrobosim_msgs/include/pyrobosim_msgs/pyrobosim_msgs/action/detail/detect_objects__traits.hpp\n'}
[0.325193] (pyrobosim_msgs) StdoutLine: {'line': b'-- Up-to-date symlink: /convince_ws/install/pyrobosim_msgs/include/pyrobosim_msgs/pyrobosim_msgs/action/detail/detect_objects__type_support.hpp\n'}
[0.325222] (pyrobosim_msgs) StdoutLine: {'line': b'-- Up-to-date symlink: /convince_ws/install/pyrobosim_msgs/include/pyrobosim_msgs/pyrobosim_msgs/action/detail/execute_task_action__builder.hpp\n'}
[0.325252] (pyrobosim_msgs) StdoutLine: {'line': b'-- Up-to-date symlink: /convince_ws/install/pyrobosim_msgs/include/pyrobosim_msgs/pyrobosim_msgs/action/detail/execute_task_action__struct.hpp\n'}
[0.325282] (pyrobosim_msgs) StdoutLine: {'line': b'-- Up-to-date symlink: /convince_ws/install/pyrobosim_msgs/include/pyrobosim_msgs/pyrobosim_msgs/action/detail/execute_task_action__traits.hpp\n'}
[0.325387] (pyrobosim_msgs) StdoutLine: {'line': b'-- Up-to-date symlink: /convince_ws/install/pyrobosim_msgs/include/pyrobosim_msgs/pyrobosim_msgs/action/detail/execute_task_action__type_support.hpp\n'}
[0.325418] (pyrobosim_msgs) StdoutLine: {'line': b'-- Up-to-date symlink: /convince_ws/install/pyrobosim_msgs/include/pyrobosim_msgs/pyrobosim_msgs/action/detail/execute_task_plan__builder.hpp\n'}
[0.325447] (pyrobosim_msgs) StdoutLine: {'line': b'-- Up-to-date symlink: /convince_ws/install/pyrobosim_msgs/include/pyrobosim_msgs/pyrobosim_msgs/action/detail/execute_task_plan__struct.hpp\n'}
[0.325476] (pyrobosim_msgs) StdoutLine: {'line': b'-- Up-to-date symlink: /convince_ws/install/pyrobosim_msgs/include/pyrobosim_msgs/pyrobosim_msgs/action/detail/execute_task_plan__traits.hpp\n'}
[0.325503] (pyrobosim_msgs) StdoutLine: {'line': b'-- Up-to-date symlink: /convince_ws/install/pyrobosim_msgs/include/pyrobosim_msgs/pyrobosim_msgs/action/detail/execute_task_plan__type_support.hpp\n'}
[0.325531] (pyrobosim_msgs) StdoutLine: {'line': b'-- Up-to-date symlink: /convince_ws/install/pyrobosim_msgs/include/pyrobosim_msgs/pyrobosim_msgs/action/detail/follow_path__builder.hpp\n'}
[0.325560] (pyrobosim_msgs) StdoutLine: {'line': b'-- Up-to-date symlink: /convince_ws/install/pyrobosim_msgs/include/pyrobosim_msgs/pyrobosim_msgs/action/detail/follow_path__struct.hpp\n'}
[0.325642] (pyrobosim_msgs) StdoutLine: {'line': b'-- Up-to-date symlink: /convince_ws/install/pyrobosim_msgs/include/pyrobosim_msgs/pyrobosim_msgs/action/detail/follow_path__traits.hpp\n'}
[0.325699] (pyrobosim_msgs) StdoutLine: {'line': b'-- Up-to-date symlink: /convince_ws/install/pyrobosim_msgs/include/pyrobosim_msgs/pyrobosim_msgs/action/detail/follow_path__type_support.hpp\n'}
[0.325728] (pyrobosim_msgs) StdoutLine: {'line': b'-- Up-to-date symlink: /convince_ws/install/pyrobosim_msgs/include/pyrobosim_msgs/pyrobosim_msgs/action/detail/plan_path__builder.hpp\n'}
[0.325762] (pyrobosim_msgs) StdoutLine: {'line': b'-- Up-to-date symlink: /convince_ws/install/pyrobosim_msgs/include/pyrobosim_msgs/pyrobosim_msgs/action/detail/plan_path__struct.hpp\n'}
[0.325790] (pyrobosim_msgs) StdoutLine: {'line': b'-- Up-to-date symlink: /convince_ws/install/pyrobosim_msgs/include/pyrobosim_msgs/pyrobosim_msgs/action/detail/plan_path__traits.hpp\n'}
[0.325821] (pyrobosim_msgs) StdoutLine: {'line': b'-- Up-to-date symlink: /convince_ws/install/pyrobosim_msgs/include/pyrobosim_msgs/pyrobosim_msgs/action/detail/plan_path__type_support.hpp\n'}
[0.325849] (pyrobosim_msgs) StdoutLine: {'line': b'-- Up-to-date symlink: /convince_ws/install/pyrobosim_msgs/include/pyrobosim_msgs/pyrobosim_msgs/action/detect_objects.hpp\n'}
[0.325878] (pyrobosim_msgs) StdoutLine: {'line': b'-- Up-to-date symlink: /convince_ws/install/pyrobosim_msgs/include/pyrobosim_msgs/pyrobosim_msgs/action/execute_task_action.hpp\n'}
[0.325907] (pyrobosim_msgs) StdoutLine: {'line': b'-- Up-to-date symlink: /convince_ws/install/pyrobosim_msgs/include/pyrobosim_msgs/pyrobosim_msgs/action/execute_task_plan.hpp\n'}
[0.325936] (pyrobosim_msgs) StdoutLine: {'line': b'-- Up-to-date symlink: /convince_ws/install/pyrobosim_msgs/include/pyrobosim_msgs/pyrobosim_msgs/action/follow_path.hpp\n'}
[0.325964] (pyrobosim_msgs) StdoutLine: {'line': b'-- Up-to-date symlink: /convince_ws/install/pyrobosim_msgs/include/pyrobosim_msgs/pyrobosim_msgs/action/plan_path.hpp\n'}
[0.325993] (pyrobosim_msgs) StdoutLine: {'line': b'-- Up-to-date symlink: /convince_ws/install/pyrobosim_msgs/include/pyrobosim_msgs/pyrobosim_msgs/msg/detail/execution_result__builder.hpp\n'}
[0.326021] (pyrobosim_msgs) StdoutLine: {'line': b'-- Up-to-date symlink: /convince_ws/install/pyrobosim_msgs/include/pyrobosim_msgs/pyrobosim_msgs/msg/detail/execution_result__struct.hpp\n'}
[0.326050] (pyrobosim_msgs) StdoutLine: {'line': b'-- Up-to-date symlink: /convince_ws/install/pyrobosim_msgs/include/pyrobosim_msgs/pyrobosim_msgs/msg/detail/execution_result__traits.hpp\n'}
[0.326100] (pyrobosim_msgs) StdoutLine: {'line': b'-- Up-to-date symlink: /convince_ws/install/pyrobosim_msgs/include/pyrobosim_msgs/pyrobosim_msgs/msg/detail/execution_result__type_support.hpp\n'}
[0.326163] (pyrobosim_msgs) StdoutLine: {'line': b'-- Up-to-date symlink: /convince_ws/install/pyrobosim_msgs/include/pyrobosim_msgs/pyrobosim_msgs/msg/detail/goal_predicate__builder.hpp\n'}
[0.326193] (pyrobosim_msgs) StdoutLine: {'line': b'-- Up-to-date symlink: /convince_ws/install/pyrobosim_msgs/include/pyrobosim_msgs/pyrobosim_msgs/msg/detail/goal_predicate__struct.hpp\n'}
[0.326221] (pyrobosim_msgs) StdoutLine: {'line': b'-- Up-to-date symlink: /convince_ws/install/pyrobosim_msgs/include/pyrobosim_msgs/pyrobosim_msgs/msg/detail/goal_predicate__traits.hpp\n'}
[0.326249] (pyrobosim_msgs) StdoutLine: {'line': b'-- Up-to-date symlink: /convince_ws/install/pyrobosim_msgs/include/pyrobosim_msgs/pyrobosim_msgs/msg/detail/goal_predicate__type_support.hpp\n'}
[0.326275] (pyrobosim_msgs) StdoutLine: {'line': b'-- Up-to-date symlink: /convince_ws/install/pyrobosim_msgs/include/pyrobosim_msgs/pyrobosim_msgs/msg/detail/goal_specification__builder.hpp\n'}
[0.326303] (pyrobosim_msgs) StdoutLine: {'line': b'-- Up-to-date symlink: /convince_ws/install/pyrobosim_msgs/include/pyrobosim_msgs/pyrobosim_msgs/msg/detail/goal_specification__struct.hpp\n'}
[0.326331] (pyrobosim_msgs) StdoutLine: {'line': b'-- Up-to-date symlink: /convince_ws/install/pyrobosim_msgs/include/pyrobosim_msgs/pyrobosim_msgs/msg/detail/goal_specification__traits.hpp\n'}
[0.326360] (pyrobosim_msgs) StdoutLine: {'line': b'-- Up-to-date symlink: /convince_ws/install/pyrobosim_msgs/include/pyrobosim_msgs/pyrobosim_msgs/msg/detail/goal_specification__type_support.hpp\n'}
[0.326387] (pyrobosim_msgs) StdoutLine: {'line': b'-- Up-to-date symlink: /convince_ws/install/pyrobosim_msgs/include/pyrobosim_msgs/pyrobosim_msgs/msg/detail/hallway_state__builder.hpp\n'}
[0.326414] (pyrobosim_msgs) StdoutLine: {'line': b'-- Up-to-date symlink: /convince_ws/install/pyrobosim_msgs/include/pyrobosim_msgs/pyrobosim_msgs/msg/detail/hallway_state__struct.hpp\n'}
[0.326441] (pyrobosim_msgs) StdoutLine: {'line': b'-- Up-to-date symlink: /convince_ws/install/pyrobosim_msgs/include/pyrobosim_msgs/pyrobosim_msgs/msg/detail/hallway_state__traits.hpp\n'}
[0.326468] (pyrobosim_msgs) StdoutLine: {'line': b'-- Up-to-date symlink: /convince_ws/install/pyrobosim_msgs/include/pyrobosim_msgs/pyrobosim_msgs/msg/detail/hallway_state__type_support.hpp\n'}
[0.326494] (pyrobosim_msgs) StdoutLine: {'line': b'-- Up-to-date symlink: /convince_ws/install/pyrobosim_msgs/include/pyrobosim_msgs/pyrobosim_msgs/msg/detail/location_state__builder.hpp\n'}
[0.326521] (pyrobosim_msgs) StdoutLine: {'line': b'-- Up-to-date symlink: /convince_ws/install/pyrobosim_msgs/include/pyrobosim_msgs/pyrobosim_msgs/msg/detail/location_state__struct.hpp\n'}
[0.326547] (pyrobosim_msgs) StdoutLine: {'line': b'-- Up-to-date symlink: /convince_ws/install/pyrobosim_msgs/include/pyrobosim_msgs/pyrobosim_msgs/msg/detail/location_state__traits.hpp\n'}
[0.326574] (pyrobosim_msgs) StdoutLine: {'line': b'-- Up-to-date symlink: /convince_ws/install/pyrobosim_msgs/include/pyrobosim_msgs/pyrobosim_msgs/msg/detail/location_state__type_support.hpp\n'}
[0.326647] (pyrobosim_msgs) StdoutLine: {'line': b'-- Up-to-date symlink: /convince_ws/install/pyrobosim_msgs/include/pyrobosim_msgs/pyrobosim_msgs/msg/detail/object_state__builder.hpp\n'}
[0.326675] (pyrobosim_msgs) StdoutLine: {'line': b'-- Up-to-date symlink: /convince_ws/install/pyrobosim_msgs/include/pyrobosim_msgs/pyrobosim_msgs/msg/detail/object_state__struct.hpp\n'}
[0.326704] (pyrobosim_msgs) StdoutLine: {'line': b'-- Up-to-date symlink: /convince_ws/install/pyrobosim_msgs/include/pyrobosim_msgs/pyrobosim_msgs/msg/detail/object_state__traits.hpp\n'}
[0.326734] (pyrobosim_msgs) StdoutLine: {'line': b'-- Up-to-date symlink: /convince_ws/install/pyrobosim_msgs/include/pyrobosim_msgs/pyrobosim_msgs/msg/detail/object_state__type_support.hpp\n'}
[0.326768] (pyrobosim_msgs) StdoutLine: {'line': b'-- Up-to-date symlink: /convince_ws/install/pyrobosim_msgs/include/pyrobosim_msgs/pyrobosim_msgs/msg/detail/path__builder.hpp\n'}
[0.326796] (pyrobosim_msgs) StdoutLine: {'line': b'-- Up-to-date symlink: /convince_ws/install/pyrobosim_msgs/include/pyrobosim_msgs/pyrobosim_msgs/msg/detail/path__struct.hpp\n'}
[0.326824] (pyrobosim_msgs) StdoutLine: {'line': b'-- Up-to-date symlink: /convince_ws/install/pyrobosim_msgs/include/pyrobosim_msgs/pyrobosim_msgs/msg/detail/path__traits.hpp\n'}
[0.326852] (pyrobosim_msgs) StdoutLine: {'line': b'-- Up-to-date symlink: /convince_ws/install/pyrobosim_msgs/include/pyrobosim_msgs/pyrobosim_msgs/msg/detail/path__type_support.hpp\n'}
[0.326881] (pyrobosim_msgs) StdoutLine: {'line': b'-- Up-to-date symlink: /convince_ws/install/pyrobosim_msgs/include/pyrobosim_msgs/pyrobosim_msgs/msg/detail/robot_state__builder.hpp\n'}
[0.326908] (pyrobosim_msgs) StdoutLine: {'line': b'-- Up-to-date symlink: /convince_ws/install/pyrobosim_msgs/include/pyrobosim_msgs/pyrobosim_msgs/msg/detail/robot_state__struct.hpp\n'}
[0.326937] (pyrobosim_msgs) StdoutLine: {'line': b'-- Up-to-date symlink: /convince_ws/install/pyrobosim_msgs/include/pyrobosim_msgs/pyrobosim_msgs/msg/detail/robot_state__traits.hpp\n'}
[0.326965] (pyrobosim_msgs) StdoutLine: {'line': b'-- Up-to-date symlink: /convince_ws/install/pyrobosim_msgs/include/pyrobosim_msgs/pyrobosim_msgs/msg/detail/robot_state__type_support.hpp\n'}
[0.326994] (pyrobosim_msgs) StdoutLine: {'line': b'-- Up-to-date symlink: /convince_ws/install/pyrobosim_msgs/include/pyrobosim_msgs/pyrobosim_msgs/msg/detail/task_action__builder.hpp\n'}
[0.327063] (pyrobosim_msgs) StdoutLine: {'line': b'-- Up-to-date symlink: /convince_ws/install/pyrobosim_msgs/include/pyrobosim_msgs/pyrobosim_msgs/msg/detail/task_action__struct.hpp\n'}
[0.327094] (pyrobosim_msgs) StdoutLine: {'line': b'-- Up-to-date symlink: /convince_ws/install/pyrobosim_msgs/include/pyrobosim_msgs/pyrobosim_msgs/msg/detail/task_action__traits.hpp\n'}
[0.327124] (pyrobosim_msgs) StdoutLine: {'line': b'-- Up-to-date symlink: /convince_ws/install/pyrobosim_msgs/include/pyrobosim_msgs/pyrobosim_msgs/msg/detail/task_action__type_support.hpp\n'}
[0.327153] (pyrobosim_msgs) StdoutLine: {'line': b'-- Up-to-date symlink: /convince_ws/install/pyrobosim_msgs/include/pyrobosim_msgs/pyrobosim_msgs/msg/detail/task_plan__builder.hpp\n'}
[0.327181] (pyrobosim_msgs) StdoutLine: {'line': b'-- Up-to-date symlink: /convince_ws/install/pyrobosim_msgs/include/pyrobosim_msgs/pyrobosim_msgs/msg/detail/task_plan__struct.hpp\n'}
[0.327209] (pyrobosim_msgs) StdoutLine: {'line': b'-- Up-to-date symlink: /convince_ws/install/pyrobosim_msgs/include/pyrobosim_msgs/pyrobosim_msgs/msg/detail/task_plan__traits.hpp\n'}
[0.327236] (pyrobosim_msgs) StdoutLine: {'line': b'-- Up-to-date symlink: /convince_ws/install/pyrobosim_msgs/include/pyrobosim_msgs/pyrobosim_msgs/msg/detail/task_plan__type_support.hpp\n'}
[0.327264] (pyrobosim_msgs) StdoutLine: {'line': b'-- Up-to-date symlink: /convince_ws/install/pyrobosim_msgs/include/pyrobosim_msgs/pyrobosim_msgs/msg/detail/world_info__builder.hpp\n'}
[0.327293] (pyrobosim_msgs) StdoutLine: {'line': b'-- Up-to-date symlink: /convince_ws/install/pyrobosim_msgs/include/pyrobosim_msgs/pyrobosim_msgs/msg/detail/world_info__struct.hpp\n'}
[0.327322] (pyrobosim_msgs) StdoutLine: {'line': b'-- Up-to-date symlink: /convince_ws/install/pyrobosim_msgs/include/pyrobosim_msgs/pyrobosim_msgs/msg/detail/world_info__traits.hpp\n'}
[0.327376] (pyrobosim_msgs) StdoutLine: {'line': b'-- Up-to-date symlink: /convince_ws/install/pyrobosim_msgs/include/pyrobosim_msgs/pyrobosim_msgs/msg/detail/world_info__type_support.hpp\n'}
[0.327448] (pyrobosim_msgs) StdoutLine: {'line': b'-- Up-to-date symlink: /convince_ws/install/pyrobosim_msgs/include/pyrobosim_msgs/pyrobosim_msgs/msg/detail/world_state__builder.hpp\n'}
[0.327478] (pyrobosim_msgs) StdoutLine: {'line': b'-- Up-to-date symlink: /convince_ws/install/pyrobosim_msgs/include/pyrobosim_msgs/pyrobosim_msgs/msg/detail/world_state__struct.hpp\n'}
[0.327525] (pyrobosim_msgs) StdoutLine: {'line': b'-- Up-to-date symlink: /convince_ws/install/pyrobosim_msgs/include/pyrobosim_msgs/pyrobosim_msgs/msg/detail/world_state__traits.hpp\n'}
[0.327554] (pyrobosim_msgs) StdoutLine: {'line': b'-- Up-to-date symlink: /convince_ws/install/pyrobosim_msgs/include/pyrobosim_msgs/pyrobosim_msgs/msg/detail/world_state__type_support.hpp\n'}
[0.327582] (pyrobosim_msgs) StdoutLine: {'line': b'-- Up-to-date symlink: /convince_ws/install/pyrobosim_msgs/include/pyrobosim_msgs/pyrobosim_msgs/msg/execution_result.hpp\n'}
[0.327611] (pyrobosim_msgs) StdoutLine: {'line': b'-- Up-to-date symlink: /convince_ws/install/pyrobosim_msgs/include/pyrobosim_msgs/pyrobosim_msgs/msg/goal_predicate.hpp\n'}
[0.327640] (pyrobosim_msgs) StdoutLine: {'line': b'-- Up-to-date symlink: /convince_ws/install/pyrobosim_msgs/include/pyrobosim_msgs/pyrobosim_msgs/msg/goal_specification.hpp\n'}
[0.327699] (pyrobosim_msgs) StdoutLine: {'line': b'-- Up-to-date symlink: /convince_ws/install/pyrobosim_msgs/include/pyrobosim_msgs/pyrobosim_msgs/msg/hallway_state.hpp\n'}
[0.327728] (pyrobosim_msgs) StdoutLine: {'line': b'-- Up-to-date symlink: /convince_ws/install/pyrobosim_msgs/include/pyrobosim_msgs/pyrobosim_msgs/msg/location_state.hpp\n'}
[0.327762] (pyrobosim_msgs) StdoutLine: {'line': b'-- Up-to-date symlink: /convince_ws/install/pyrobosim_msgs/include/pyrobosim_msgs/pyrobosim_msgs/msg/object_state.hpp\n'}
[0.327791] (pyrobosim_msgs) StdoutLine: {'line': b'-- Up-to-date symlink: /convince_ws/install/pyrobosim_msgs/include/pyrobosim_msgs/pyrobosim_msgs/msg/path.hpp\n'}
[0.327818] (pyrobosim_msgs) StdoutLine: {'line': b'-- Up-to-date symlink: /convince_ws/install/pyrobosim_msgs/include/pyrobosim_msgs/pyrobosim_msgs/msg/robot_state.hpp\n'}
[0.327845] (pyrobosim_msgs) StdoutLine: {'line': b'-- Up-to-date symlink: /convince_ws/install/pyrobosim_msgs/include/pyrobosim_msgs/pyrobosim_msgs/msg/rosidl_generator_cpp__visibility_control.hpp\n'}
[0.327873] (pyrobosim_msgs) StdoutLine: {'line': b'-- Up-to-date symlink: /convince_ws/install/pyrobosim_msgs/include/pyrobosim_msgs/pyrobosim_msgs/msg/task_action.hpp\n'}
[0.327900] (pyrobosim_msgs) StdoutLine: {'line': b'-- Up-to-date symlink: /convince_ws/install/pyrobosim_msgs/include/pyrobosim_msgs/pyrobosim_msgs/msg/task_plan.hpp\n'}
[0.327944] (pyrobosim_msgs) StdoutLine: {'line': b'-- Up-to-date symlink: /convince_ws/install/pyrobosim_msgs/include/pyrobosim_msgs/pyrobosim_msgs/msg/world_info.hpp\n'}
[0.328000] (pyrobosim_msgs) StdoutLine: {'line': b'-- Up-to-date symlink: /convince_ws/install/pyrobosim_msgs/include/pyrobosim_msgs/pyrobosim_msgs/msg/world_state.hpp\n'}
[0.328032] (pyrobosim_msgs) StdoutLine: {'line': b'-- Up-to-date symlink: /convince_ws/install/pyrobosim_msgs/include/pyrobosim_msgs/pyrobosim_msgs/srv/detail/request_world_info__builder.hpp\n'}
[0.328078] (pyrobosim_msgs) StdoutLine: {'line': b'-- Up-to-date symlink: /convince_ws/install/pyrobosim_msgs/include/pyrobosim_msgs/pyrobosim_msgs/srv/detail/request_world_info__struct.hpp\n'}
[0.328108] (pyrobosim_msgs) StdoutLine: {'line': b'-- Up-to-date symlink: /convince_ws/install/pyrobosim_msgs/include/pyrobosim_msgs/pyrobosim_msgs/srv/detail/request_world_info__traits.hpp\n'}
[0.328137] (pyrobosim_msgs) StdoutLine: {'line': b'-- Up-to-date symlink: /convince_ws/install/pyrobosim_msgs/include/pyrobosim_msgs/pyrobosim_msgs/srv/detail/request_world_info__type_support.hpp\n'}
[0.328165] (pyrobosim_msgs) StdoutLine: {'line': b'-- Up-to-date symlink: /convince_ws/install/pyrobosim_msgs/include/pyrobosim_msgs/pyrobosim_msgs/srv/detail/request_world_state__builder.hpp\n'}
[0.328193] (pyrobosim_msgs) StdoutLine: {'line': b'-- Up-to-date symlink: /convince_ws/install/pyrobosim_msgs/include/pyrobosim_msgs/pyrobosim_msgs/srv/detail/request_world_state__struct.hpp\n'}
[0.328223] (pyrobosim_msgs) StdoutLine: {'line': b'-- Up-to-date symlink: /convince_ws/install/pyrobosim_msgs/include/pyrobosim_msgs/pyrobosim_msgs/srv/detail/request_world_state__traits.hpp\n'}
[0.328251] (pyrobosim_msgs) StdoutLine: {'line': b'-- Up-to-date symlink: /convince_ws/install/pyrobosim_msgs/include/pyrobosim_msgs/pyrobosim_msgs/srv/detail/request_world_state__type_support.hpp\n'}
[0.328293] (pyrobosim_msgs) StdoutLine: {'line': b'-- Up-to-date symlink: /convince_ws/install/pyrobosim_msgs/include/pyrobosim_msgs/pyrobosim_msgs/srv/detail/reset_world__builder.hpp\n'}
[0.328347] (pyrobosim_msgs) StdoutLine: {'line': b'-- Up-to-date symlink: /convince_ws/install/pyrobosim_msgs/include/pyrobosim_msgs/pyrobosim_msgs/srv/detail/reset_world__struct.hpp\n'}
[0.328385] (pyrobosim_msgs) StdoutLine: {'line': b'-- Up-to-date symlink: /convince_ws/install/pyrobosim_msgs/include/pyrobosim_msgs/pyrobosim_msgs/srv/detail/reset_world__traits.hpp\n'}
[0.328416] (pyrobosim_msgs) StdoutLine: {'line': b'-- Up-to-date symlink: /convince_ws/install/pyrobosim_msgs/include/pyrobosim_msgs/pyrobosim_msgs/srv/detail/reset_world__type_support.hpp\n'}
[0.328445] (pyrobosim_msgs) StdoutLine: {'line': b'-- Up-to-date symlink: /convince_ws/install/pyrobosim_msgs/include/pyrobosim_msgs/pyrobosim_msgs/srv/detail/set_location_state__builder.hpp\n'}
[0.328474] (pyrobosim_msgs) StdoutLine: {'line': b'-- Up-to-date symlink: /convince_ws/install/pyrobosim_msgs/include/pyrobosim_msgs/pyrobosim_msgs/srv/detail/set_location_state__struct.hpp\n'}
[0.328502] (pyrobosim_msgs) StdoutLine: {'line': b'-- Up-to-date symlink: /convince_ws/install/pyrobosim_msgs/include/pyrobosim_msgs/pyrobosim_msgs/srv/detail/set_location_state__traits.hpp\n'}
[0.328529] (pyrobosim_msgs) StdoutLine: {'line': b'-- Up-to-date symlink: /convince_ws/install/pyrobosim_msgs/include/pyrobosim_msgs/pyrobosim_msgs/srv/detail/set_location_state__type_support.hpp\n'}
[0.328556] (pyrobosim_msgs) StdoutLine: {'line': b'-- Up-to-date symlink: /convince_ws/install/pyrobosim_msgs/include/pyrobosim_msgs/pyrobosim_msgs/srv/request_world_info.hpp\n'}
[0.328612] (pyrobosim_msgs) StdoutLine: {'line': b'-- Up-to-date symlink: /convince_ws/install/pyrobosim_msgs/include/pyrobosim_msgs/pyrobosim_msgs/srv/request_world_state.hpp\n'}
[0.328644] (pyrobosim_msgs) StdoutLine: {'line': b'-- Up-to-date symlink: /convince_ws/install/pyrobosim_msgs/include/pyrobosim_msgs/pyrobosim_msgs/srv/reset_world.hpp\n'}
[0.328674] (pyrobosim_msgs) StdoutLine: {'line': b'-- Up-to-date symlink: /convince_ws/install/pyrobosim_msgs/include/pyrobosim_msgs/pyrobosim_msgs/srv/set_location_state.hpp\n'}
[0.329341] (pyrobosim_msgs) StdoutLine: {'line': b'-- Up-to-date symlink: /convince_ws/install/pyrobosim_msgs/include/pyrobosim_msgs/pyrobosim_msgs/action/detail/detect_objects__rosidl_typesupport_fastrtps_cpp.hpp\n'}
[0.329380] (pyrobosim_msgs) StdoutLine: {'line': b'-- Up-to-date symlink: /convince_ws/install/pyrobosim_msgs/include/pyrobosim_msgs/pyrobosim_msgs/action/detail/execute_task_action__rosidl_typesupport_fastrtps_cpp.hpp\n'}
[0.329411] (pyrobosim_msgs) StdoutLine: {'line': b'-- Up-to-date symlink: /convince_ws/install/pyrobosim_msgs/include/pyrobosim_msgs/pyrobosim_msgs/action/detail/execute_task_plan__rosidl_typesupport_fastrtps_cpp.hpp\n'}
[0.329440] (pyrobosim_msgs) StdoutLine: {'line': b'-- Up-to-date symlink: /convince_ws/install/pyrobosim_msgs/include/pyrobosim_msgs/pyrobosim_msgs/action/detail/follow_path__rosidl_typesupport_fastrtps_cpp.hpp\n'}
[0.329468] (pyrobosim_msgs) StdoutLine: {'line': b'-- Up-to-date symlink: /convince_ws/install/pyrobosim_msgs/include/pyrobosim_msgs/pyrobosim_msgs/action/detail/plan_path__rosidl_typesupport_fastrtps_cpp.hpp\n'}
[0.329530] (pyrobosim_msgs) StdoutLine: {'line': b'-- Up-to-date symlink: /convince_ws/install/pyrobosim_msgs/include/pyrobosim_msgs/pyrobosim_msgs/msg/detail/execution_result__rosidl_typesupport_fastrtps_cpp.hpp\n'}
[0.329586] (pyrobosim_msgs) StdoutLine: {'line': b'-- Up-to-date symlink: /convince_ws/install/pyrobosim_msgs/include/pyrobosim_msgs/pyrobosim_msgs/msg/detail/goal_predicate__rosidl_typesupport_fastrtps_cpp.hpp\n'}
[0.329619] (pyrobosim_msgs) StdoutLine: {'line': b'-- Up-to-date symlink: /convince_ws/install/pyrobosim_msgs/include/pyrobosim_msgs/pyrobosim_msgs/msg/detail/goal_specification__rosidl_typesupport_fastrtps_cpp.hpp\n'}
[0.329673] (pyrobosim_msgs) StdoutLine: {'line': b'-- Up-to-date symlink: /convince_ws/install/pyrobosim_msgs/include/pyrobosim_msgs/pyrobosim_msgs/msg/detail/hallway_state__rosidl_typesupport_fastrtps_cpp.hpp\n'}
[0.329770] (pyrobosim_msgs) StdoutLine: {'line': b'-- Up-to-date symlink: /convince_ws/install/pyrobosim_msgs/include/pyrobosim_msgs/pyrobosim_msgs/msg/detail/location_state__rosidl_typesupport_fastrtps_cpp.hpp\n'}
[0.329800] (pyrobosim_msgs) StdoutLine: {'line': b'-- Up-to-date symlink: /convince_ws/install/pyrobosim_msgs/include/pyrobosim_msgs/pyrobosim_msgs/msg/detail/object_state__rosidl_typesupport_fastrtps_cpp.hpp\n'}
[0.329830] (pyrobosim_msgs) StdoutLine: {'line': b'-- Up-to-date symlink: /convince_ws/install/pyrobosim_msgs/include/pyrobosim_msgs/pyrobosim_msgs/msg/detail/path__rosidl_typesupport_fastrtps_cpp.hpp\n'}
[0.329858] (pyrobosim_msgs) StdoutLine: {'line': b'-- Up-to-date symlink: /convince_ws/install/pyrobosim_msgs/include/pyrobosim_msgs/pyrobosim_msgs/msg/detail/robot_state__rosidl_typesupport_fastrtps_cpp.hpp\n'}
[0.329948] (pyrobosim_msgs) StdoutLine: {'line': b'-- Up-to-date symlink: /convince_ws/install/pyrobosim_msgs/include/pyrobosim_msgs/pyrobosim_msgs/msg/detail/task_action__rosidl_typesupport_fastrtps_cpp.hpp\n'}
[0.330007] (pyrobosim_msgs) StdoutLine: {'line': b'-- Up-to-date symlink: /convince_ws/install/pyrobosim_msgs/include/pyrobosim_msgs/pyrobosim_msgs/msg/detail/task_plan__rosidl_typesupport_fastrtps_cpp.hpp\n'}
[0.330039] (pyrobosim_msgs) StdoutLine: {'line': b'-- Up-to-date symlink: /convince_ws/install/pyrobosim_msgs/include/pyrobosim_msgs/pyrobosim_msgs/msg/detail/world_info__rosidl_typesupport_fastrtps_cpp.hpp\n'}
[0.330067] (pyrobosim_msgs) StdoutLine: {'line': b'-- Up-to-date symlink: /convince_ws/install/pyrobosim_msgs/include/pyrobosim_msgs/pyrobosim_msgs/msg/detail/world_state__rosidl_typesupport_fastrtps_cpp.hpp\n'}
[0.330095] (pyrobosim_msgs) StdoutLine: {'line': b'-- Up-to-date symlink: /convince_ws/install/pyrobosim_msgs/include/pyrobosim_msgs/pyrobosim_msgs/msg/rosidl_typesupport_fastrtps_cpp__visibility_control.h\n'}
[0.330125] (pyrobosim_msgs) StdoutLine: {'line': b'-- Up-to-date symlink: /convince_ws/install/pyrobosim_msgs/include/pyrobosim_msgs/pyrobosim_msgs/srv/detail/request_world_info__rosidl_typesupport_fastrtps_cpp.hpp\n'}
[0.330152] (pyrobosim_msgs) StdoutLine: {'line': b'-- Up-to-date symlink: /convince_ws/install/pyrobosim_msgs/include/pyrobosim_msgs/pyrobosim_msgs/srv/detail/request_world_state__rosidl_typesupport_fastrtps_cpp.hpp\n'}
[0.330180] (pyrobosim_msgs) StdoutLine: {'line': b'-- Up-to-date symlink: /convince_ws/install/pyrobosim_msgs/include/pyrobosim_msgs/pyrobosim_msgs/srv/detail/reset_world__rosidl_typesupport_fastrtps_cpp.hpp\n'}
[0.330235] (pyrobosim_msgs) StdoutLine: {'line': b'-- Up-to-date symlink: /convince_ws/install/pyrobosim_msgs/include/pyrobosim_msgs/pyrobosim_msgs/srv/detail/set_location_state__rosidl_typesupport_fastrtps_cpp.hpp\n'}
[0.330389] (pyrobosim_msgs) StdoutLine: {'line': b'-- Up-to-date symlink: /convince_ws/install/pyrobosim_msgs/include/pyrobosim_msgs/pyrobosim_msgs/action/detail/detect_objects__rosidl_typesupport_introspection_c.h\n'}
[0.330454] (pyrobosim_msgs) StdoutLine: {'line': b'-- Up-to-date symlink: /convince_ws/install/pyrobosim_msgs/include/pyrobosim_msgs/pyrobosim_msgs/action/detail/execute_task_action__rosidl_typesupport_introspection_c.h\n'}
[0.330502] (pyrobosim_msgs) StdoutLine: {'line': b'-- Up-to-date symlink: /convince_ws/install/pyrobosim_msgs/include/pyrobosim_msgs/pyrobosim_msgs/action/detail/execute_task_plan__rosidl_typesupport_introspection_c.h\n'}
[0.330541] (pyrobosim_msgs) StdoutLine: {'line': b'-- Up-to-date symlink: /convince_ws/install/pyrobosim_msgs/include/pyrobosim_msgs/pyrobosim_msgs/action/detail/follow_path__rosidl_typesupport_introspection_c.h\n'}
[0.330640] (pyrobosim_msgs) StdoutLine: {'line': b'-- Up-to-date symlink: /convince_ws/install/pyrobosim_msgs/include/pyrobosim_msgs/pyrobosim_msgs/action/detail/plan_path__rosidl_typesupport_introspection_c.h\n'}
[0.330733] (pyrobosim_msgs) StdoutLine: {'line': b'-- Up-to-date symlink: /convince_ws/install/pyrobosim_msgs/include/pyrobosim_msgs/pyrobosim_msgs/msg/detail/execution_result__rosidl_typesupport_introspection_c.h\n'}
[0.330792] (pyrobosim_msgs) StdoutLine: {'line': b'-- Up-to-date symlink: /convince_ws/install/pyrobosim_msgs/include/pyrobosim_msgs/pyrobosim_msgs/msg/detail/goal_predicate__rosidl_typesupport_introspection_c.h\n'}
[0.330829] (pyrobosim_msgs) StdoutLine: {'line': b'-- Up-to-date symlink: /convince_ws/install/pyrobosim_msgs/include/pyrobosim_msgs/pyrobosim_msgs/msg/detail/goal_specification__rosidl_typesupport_introspection_c.h\n'}
[0.330858] (pyrobosim_msgs) StdoutLine: {'line': b'-- Up-to-date symlink: /convince_ws/install/pyrobosim_msgs/include/pyrobosim_msgs/pyrobosim_msgs/msg/detail/hallway_state__rosidl_typesupport_introspection_c.h\n'}
[0.330887] (pyrobosim_msgs) StdoutLine: {'line': b'-- Up-to-date symlink: /convince_ws/install/pyrobosim_msgs/include/pyrobosim_msgs/pyrobosim_msgs/msg/detail/location_state__rosidl_typesupport_introspection_c.h\n'}
[0.330935] (pyrobosim_msgs) StdoutLine: {'line': b'-- Up-to-date symlink: /convince_ws/install/pyrobosim_msgs/include/pyrobosim_msgs/pyrobosim_msgs/msg/detail/object_state__rosidl_typesupport_introspection_c.h\n'}
[0.330967] (pyrobosim_msgs) StdoutLine: {'line': b'-- Up-to-date symlink: /convince_ws/install/pyrobosim_msgs/include/pyrobosim_msgs/pyrobosim_msgs/msg/detail/path__rosidl_typesupport_introspection_c.h\n'}
[0.331024] (pyrobosim_msgs) StdoutLine: {'line': b'-- Up-to-date symlink: /convince_ws/install/pyrobosim_msgs/include/pyrobosim_msgs/pyrobosim_msgs/msg/detail/robot_state__rosidl_typesupport_introspection_c.h\n'}
[0.331064] (pyrobosim_msgs) StdoutLine: {'line': b'-- Up-to-date symlink: /convince_ws/install/pyrobosim_msgs/include/pyrobosim_msgs/pyrobosim_msgs/msg/detail/task_action__rosidl_typesupport_introspection_c.h\n'}
[0.331093] (pyrobosim_msgs) StdoutLine: {'line': b'-- Up-to-date symlink: /convince_ws/install/pyrobosim_msgs/include/pyrobosim_msgs/pyrobosim_msgs/msg/detail/task_plan__rosidl_typesupport_introspection_c.h\n'}
[0.331122] (pyrobosim_msgs) StdoutLine: {'line': b'-- Up-to-date symlink: /convince_ws/install/pyrobosim_msgs/include/pyrobosim_msgs/pyrobosim_msgs/msg/detail/world_info__rosidl_typesupport_introspection_c.h\n'}
[0.331160] (pyrobosim_msgs) StdoutLine: {'line': b'-- Up-to-date symlink: /convince_ws/install/pyrobosim_msgs/include/pyrobosim_msgs/pyrobosim_msgs/msg/detail/world_state__rosidl_typesupport_introspection_c.h\n'}
[0.331188] (pyrobosim_msgs) StdoutLine: {'line': b'-- Up-to-date symlink: /convince_ws/install/pyrobosim_msgs/include/pyrobosim_msgs/pyrobosim_msgs/msg/rosidl_typesupport_introspection_c__visibility_control.h\n'}
[0.331237] (pyrobosim_msgs) StdoutLine: {'line': b'-- Up-to-date symlink: /convince_ws/install/pyrobosim_msgs/include/pyrobosim_msgs/pyrobosim_msgs/srv/detail/request_world_info__rosidl_typesupport_introspection_c.h\n'}
[0.331268] (pyrobosim_msgs) StdoutLine: {'line': b'-- Up-to-date symlink: /convince_ws/install/pyrobosim_msgs/include/pyrobosim_msgs/pyrobosim_msgs/srv/detail/request_world_state__rosidl_typesupport_introspection_c.h\n'}
[0.331296] (pyrobosim_msgs) StdoutLine: {'line': b'-- Up-to-date symlink: /convince_ws/install/pyrobosim_msgs/include/pyrobosim_msgs/pyrobosim_msgs/srv/detail/reset_world__rosidl_typesupport_introspection_c.h\n'}
[0.331348] (pyrobosim_msgs) StdoutLine: {'line': b'-- Up-to-date symlink: /convince_ws/install/pyrobosim_msgs/include/pyrobosim_msgs/pyrobosim_msgs/srv/detail/set_location_state__rosidl_typesupport_introspection_c.h\n'}
[0.331616] (pyrobosim_msgs) StdoutLine: {'line': b'-- Up-to-date symlink: /convince_ws/install/pyrobosim_msgs/include/pyrobosim_msgs/pyrobosim_msgs/action/detail/detect_objects__rosidl_typesupport_introspection_cpp.hpp\n'}
[0.331808] (pyrobosim_msgs) StdoutLine: {'line': b'-- Up-to-date symlink: /convince_ws/install/pyrobosim_msgs/include/pyrobosim_msgs/pyrobosim_msgs/action/detail/execute_task_action__rosidl_typesupport_introspection_cpp.hpp\n'}
[0.331861] (pyrobosim_msgs) StdoutLine: {'line': b'-- Up-to-date symlink: /convince_ws/install/pyrobosim_msgs/include/pyrobosim_msgs/pyrobosim_msgs/action/detail/execute_task_plan__rosidl_typesupport_introspection_cpp.hpp\n'}
[0.331891] (pyrobosim_msgs) StdoutLine: {'line': b'-- Up-to-date symlink: /convince_ws/install/pyrobosim_msgs/include/pyrobosim_msgs/pyrobosim_msgs/action/detail/follow_path__rosidl_typesupport_introspection_cpp.hpp\n'}
[0.331921] (pyrobosim_msgs) StdoutLine: {'line': b'-- Up-to-date symlink: /convince_ws/install/pyrobosim_msgs/include/pyrobosim_msgs/pyrobosim_msgs/action/detail/plan_path__rosidl_typesupport_introspection_cpp.hpp\n'}
[0.331968] (pyrobosim_msgs) StdoutLine: {'line': b'-- Up-to-date symlink: /convince_ws/install/pyrobosim_msgs/include/pyrobosim_msgs/pyrobosim_msgs/msg/detail/execution_result__rosidl_typesupport_introspection_cpp.hpp\n'}
[0.332018] (pyrobosim_msgs) StdoutLine: {'line': b'-- Up-to-date symlink: /convince_ws/install/pyrobosim_msgs/include/pyrobosim_msgs/pyrobosim_msgs/msg/detail/goal_predicate__rosidl_typesupport_introspection_cpp.hpp\n'}
[0.332051] (pyrobosim_msgs) StdoutLine: {'line': b'-- Up-to-date symlink: /convince_ws/install/pyrobosim_msgs/include/pyrobosim_msgs/pyrobosim_msgs/msg/detail/goal_specification__rosidl_typesupport_introspection_cpp.hpp\n'}
[0.332090] (pyrobosim_msgs) StdoutLine: {'line': b'-- Up-to-date symlink: /convince_ws/install/pyrobosim_msgs/include/pyrobosim_msgs/pyrobosim_msgs/msg/detail/hallway_state__rosidl_typesupport_introspection_cpp.hpp\n'}
[0.332186] (pyrobosim_msgs) StdoutLine: {'line': b'-- Up-to-date symlink: /convince_ws/install/pyrobosim_msgs/include/pyrobosim_msgs/pyrobosim_msgs/msg/detail/location_state__rosidl_typesupport_introspection_cpp.hpp\n'}
[0.332252] (pyrobosim_msgs) StdoutLine: {'line': b'-- Up-to-date symlink: /convince_ws/install/pyrobosim_msgs/include/pyrobosim_msgs/pyrobosim_msgs/msg/detail/object_state__rosidl_typesupport_introspection_cpp.hpp\n'}
[0.332284] (pyrobosim_msgs) StdoutLine: {'line': b'-- Up-to-date symlink: /convince_ws/install/pyrobosim_msgs/include/pyrobosim_msgs/pyrobosim_msgs/msg/detail/path__rosidl_typesupport_introspection_cpp.hpp\n'}
[0.332317] (pyrobosim_msgs) StdoutLine: {'line': b'-- Up-to-date symlink: /convince_ws/install/pyrobosim_msgs/include/pyrobosim_msgs/pyrobosim_msgs/msg/detail/robot_state__rosidl_typesupport_introspection_cpp.hpp\n'}
[0.332367] (pyrobosim_msgs) StdoutLine: {'line': b'-- Up-to-date symlink: /convince_ws/install/pyrobosim_msgs/include/pyrobosim_msgs/pyrobosim_msgs/msg/detail/task_action__rosidl_typesupport_introspection_cpp.hpp\n'}
[0.332396] (pyrobosim_msgs) StdoutLine: {'line': b'-- Up-to-date symlink: /convince_ws/install/pyrobosim_msgs/include/pyrobosim_msgs/pyrobosim_msgs/msg/detail/task_plan__rosidl_typesupport_introspection_cpp.hpp\n'}
[0.332427] (pyrobosim_msgs) StdoutLine: {'line': b'-- Up-to-date symlink: /convince_ws/install/pyrobosim_msgs/include/pyrobosim_msgs/pyrobosim_msgs/msg/detail/world_info__rosidl_typesupport_introspection_cpp.hpp\n'}
[0.332495] (pyrobosim_msgs) StdoutLine: {'line': b'-- Up-to-date symlink: /convince_ws/install/pyrobosim_msgs/include/pyrobosim_msgs/pyrobosim_msgs/msg/detail/world_state__rosidl_typesupport_introspection_cpp.hpp\n'}
[0.332528] (pyrobosim_msgs) StdoutLine: {'line': b'-- Up-to-date symlink: /convince_ws/install/pyrobosim_msgs/include/pyrobosim_msgs/pyrobosim_msgs/srv/detail/request_world_info__rosidl_typesupport_introspection_cpp.hpp\n'}
[0.332580] (pyrobosim_msgs) StdoutLine: {'line': b'-- Up-to-date symlink: /convince_ws/install/pyrobosim_msgs/include/pyrobosim_msgs/pyrobosim_msgs/srv/detail/request_world_state__rosidl_typesupport_introspection_cpp.hpp\n'}
[0.332611] (pyrobosim_msgs) StdoutLine: {'line': b'-- Up-to-date symlink: /convince_ws/install/pyrobosim_msgs/include/pyrobosim_msgs/pyrobosim_msgs/srv/detail/reset_world__rosidl_typesupport_introspection_cpp.hpp\n'}
[0.332639] (pyrobosim_msgs) StdoutLine: {'line': b'-- Up-to-date symlink: /convince_ws/install/pyrobosim_msgs/include/pyrobosim_msgs/pyrobosim_msgs/srv/detail/set_location_state__rosidl_typesupport_introspection_cpp.hpp\n'}
[0.332777] (pyrobosim_msgs) StdoutLine: {'line': b'-- Up-to-date symlink: /convince_ws/install/pyrobosim_msgs/share/pyrobosim_msgs/environment/pythonpath.sh\n'}
[0.332809] (pyrobosim_msgs) StdoutLine: {'line': b'-- Up-to-date symlink: /convince_ws/install/pyrobosim_msgs/share/pyrobosim_msgs/environment/pythonpath.dsv\n'}
[0.332894] (pyrobosim_msgs) StdoutLine: {'line': b'-- Up-to-date symlink: /convince_ws/install/pyrobosim_msgs/lib/python3.12/site-packages/pyrobosim_msgs-4.3.3-py3.12.egg-info/PKG-INFO\n'}
[0.332928] (pyrobosim_msgs) StdoutLine: {'line': b'-- Up-to-date symlink: /convince_ws/install/pyrobosim_msgs/lib/python3.12/site-packages/pyrobosim_msgs-4.3.3-py3.12.egg-info/SOURCES.txt\n'}
[0.332958] (pyrobosim_msgs) StdoutLine: {'line': b'-- Up-to-date symlink: /convince_ws/install/pyrobosim_msgs/lib/python3.12/site-packages/pyrobosim_msgs-4.3.3-py3.12.egg-info/dependency_links.txt\n'}
[0.332988] (pyrobosim_msgs) StdoutLine: {'line': b'-- Up-to-date symlink: /convince_ws/install/pyrobosim_msgs/lib/python3.12/site-packages/pyrobosim_msgs-4.3.3-py3.12.egg-info/top_level.txt\n'}
[0.333539] (overarching_msgs) StdoutLine: {'line': b"Listing '/convince_ws/install/overarching_msgs/lib/python3.12/site-packages/overarching_msgs'...\n"}
[0.333621] (overarching_msgs) StdoutLine: {'line': b"Listing '/convince_ws/install/overarching_msgs/lib/python3.12/site-packages/overarching_msgs/action'...\n"}
[0.333651] (overarching_msgs) StdoutLine: {'line': b"Listing '/convince_ws/install/overarching_msgs/lib/python3.12/site-packages/overarching_msgs/msg'...\n"}
[0.333678] (pyrobosim_msgs) StdoutLine: {'line': b'-- Up-to-date symlink: /convince_ws/install/pyrobosim_msgs/lib/python3.12/site-packages/pyrobosim_msgs/__init__.py\n'}
[0.333737] (pyrobosim_msgs) StdoutLine: {'line': b'-- Up-to-date symlink: /convince_ws/install/pyrobosim_msgs/lib/python3.12/site-packages/pyrobosim_msgs/_pyrobosim_msgs_s.ep.rosidl_typesupport_c.c\n'}
[0.333828] (pyrobosim_msgs) StdoutLine: {'line': b'-- Up-to-date symlink: /convince_ws/install/pyrobosim_msgs/lib/python3.12/site-packages/pyrobosim_msgs/_pyrobosim_msgs_s.ep.rosidl_typesupport_fastrtps_c.c\n'}
[0.333861] (pyrobosim_msgs) StdoutLine: {'line': b'-- Up-to-date symlink: /convince_ws/install/pyrobosim_msgs/lib/python3.12/site-packages/pyrobosim_msgs/_pyrobosim_msgs_s.ep.rosidl_typesupport_introspection_c.c\n'}
[0.334233] (pyrobosim_msgs) StdoutLine: {'line': b'-- Up-to-date symlink: /convince_ws/install/pyrobosim_msgs/lib/python3.12/site-packages/pyrobosim_msgs/action/__init__.py\n'}
[0.334268] (pyrobosim_msgs) StdoutLine: {'line': b'-- Up-to-date symlink: /convince_ws/install/pyrobosim_msgs/lib/python3.12/site-packages/pyrobosim_msgs/action/_detect_objects.py\n'}
[0.334344] (pyrobosim_msgs) StdoutLine: {'line': b'-- Up-to-date symlink: /convince_ws/install/pyrobosim_msgs/lib/python3.12/site-packages/pyrobosim_msgs/action/_detect_objects_s.c\n'}
[0.334374] (pyrobosim_msgs) StdoutLine: {'line': b'-- Up-to-date symlink: /convince_ws/install/pyrobosim_msgs/lib/python3.12/site-packages/pyrobosim_msgs/action/_execute_task_action.py\n'}
[0.334403] (pyrobosim_msgs) StdoutLine: {'line': b'-- Up-to-date symlink: /convince_ws/install/pyrobosim_msgs/lib/python3.12/site-packages/pyrobosim_msgs/action/_execute_task_action_s.c\n'}
[0.334532] (pyrobosim_msgs) StdoutLine: {'line': b'-- Up-to-date symlink: /convince_ws/install/pyrobosim_msgs/lib/python3.12/site-packages/pyrobosim_msgs/action/_execute_task_plan.py\n'}
[0.334562] (pyrobosim_msgs) StdoutLine: {'line': b'-- Up-to-date symlink: /convince_ws/install/pyrobosim_msgs/lib/python3.12/site-packages/pyrobosim_msgs/action/_execute_task_plan_s.c\n'}
[0.334591] (pyrobosim_msgs) StdoutLine: {'line': b'-- Up-to-date symlink: /convince_ws/install/pyrobosim_msgs/lib/python3.12/site-packages/pyrobosim_msgs/action/_follow_path.py\n'}
[0.334631] (pyrobosim_msgs) StdoutLine: {'line': b'-- Up-to-date symlink: /convince_ws/install/pyrobosim_msgs/lib/python3.12/site-packages/pyrobosim_msgs/action/_follow_path_s.c\n'}
[0.334680] (pyrobosim_msgs) StdoutLine: {'line': b'-- Up-to-date symlink: /convince_ws/install/pyrobosim_msgs/lib/python3.12/site-packages/pyrobosim_msgs/action/_plan_path.py\n'}
[0.334710] (pyrobosim_msgs) StdoutLine: {'line': b'-- Up-to-date symlink: /convince_ws/install/pyrobosim_msgs/lib/python3.12/site-packages/pyrobosim_msgs/action/_plan_path_s.c\n'}
[0.334741] (pyrobosim_msgs) StdoutLine: {'line': b'-- Up-to-date symlink: /convince_ws/install/pyrobosim_msgs/lib/python3.12/site-packages/pyrobosim_msgs/msg/__init__.py\n'}
[0.334770] (pyrobosim_msgs) StdoutLine: {'line': b'-- Up-to-date symlink: /convince_ws/install/pyrobosim_msgs/lib/python3.12/site-packages/pyrobosim_msgs/msg/_execution_result.py\n'}
[0.334798] (pyrobosim_msgs) StdoutLine: {'line': b'-- Up-to-date symlink: /convince_ws/install/pyrobosim_msgs/lib/python3.12/site-packages/pyrobosim_msgs/msg/_execution_result_s.c\n'}
[0.334826] (pyrobosim_msgs) StdoutLine: {'line': b'-- Up-to-date symlink: /convince_ws/install/pyrobosim_msgs/lib/python3.12/site-packages/pyrobosim_msgs/msg/_goal_predicate.py\n'}
[0.334853] (pyrobosim_msgs) StdoutLine: {'line': b'-- Up-to-date symlink: /convince_ws/install/pyrobosim_msgs/lib/python3.12/site-packages/pyrobosim_msgs/msg/_goal_predicate_s.c\n'}
[0.334892] (pyrobosim_msgs) StdoutLine: {'line': b'-- Up-to-date symlink: /convince_ws/install/pyrobosim_msgs/lib/python3.12/site-packages/pyrobosim_msgs/msg/_goal_specification.py\n'}
[0.334920] (pyrobosim_msgs) StdoutLine: {'line': b'-- Up-to-date symlink: /convince_ws/install/pyrobosim_msgs/lib/python3.12/site-packages/pyrobosim_msgs/msg/_goal_specification_s.c\n'}
[0.334948] (pyrobosim_msgs) StdoutLine: {'line': b'-- Up-to-date symlink: /convince_ws/install/pyrobosim_msgs/lib/python3.12/site-packages/pyrobosim_msgs/msg/_hallway_state.py\n'}
[0.334975] (pyrobosim_msgs) StdoutLine: {'line': b'-- Up-to-date symlink: /convince_ws/install/pyrobosim_msgs/lib/python3.12/site-packages/pyrobosim_msgs/msg/_hallway_state_s.c\n'}
[0.335002] (pyrobosim_msgs) StdoutLine: {'line': b'-- Up-to-date symlink: /convince_ws/install/pyrobosim_msgs/lib/python3.12/site-packages/pyrobosim_msgs/msg/_location_state.py\n'}
[0.335030] (pyrobosim_msgs) StdoutLine: {'line': b'-- Up-to-date symlink: /convince_ws/install/pyrobosim_msgs/lib/python3.12/site-packages/pyrobosim_msgs/msg/_location_state_s.c\n'}
[0.335059] (pyrobosim_msgs) StdoutLine: {'line': b'-- Up-to-date symlink: /convince_ws/install/pyrobosim_msgs/lib/python3.12/site-packages/pyrobosim_msgs/msg/_object_state.py\n'}
[0.335114] (pyrobosim_msgs) StdoutLine: {'line': b'-- Up-to-date symlink: /convince_ws/install/pyrobosim_msgs/lib/python3.12/site-packages/pyrobosim_msgs/msg/_object_state_s.c\n'}
[0.335233] (pyrobosim_msgs) StdoutLine: {'line': b'-- Up-to-date symlink: /convince_ws/install/pyrobosim_msgs/lib/python3.12/site-packages/pyrobosim_msgs/msg/_path.py\n'}
[0.335265] (pyrobosim_msgs) StdoutLine: {'line': b'-- Up-to-date symlink: /convince_ws/install/pyrobosim_msgs/lib/python3.12/site-packages/pyrobosim_msgs/msg/_path_s.c\n'}
[0.335293] (pyrobosim_msgs) StdoutLine: {'line': b'-- Up-to-date symlink: /convince_ws/install/pyrobosim_msgs/lib/python3.12/site-packages/pyrobosim_msgs/msg/_robot_state.py\n'}
[0.335321] (pyrobosim_msgs) StdoutLine: {'line': b'-- Up-to-date symlink: /convince_ws/install/pyrobosim_msgs/lib/python3.12/site-packages/pyrobosim_msgs/msg/_robot_state_s.c\n'}
[0.335349] (pyrobosim_msgs) StdoutLine: {'line': b'-- Up-to-date symlink: /convince_ws/install/pyrobosim_msgs/lib/python3.12/site-packages/pyrobosim_msgs/msg/_task_action.py\n'}
[0.335376] (pyrobosim_msgs) StdoutLine: {'line': b'-- Up-to-date symlink: /convince_ws/install/pyrobosim_msgs/lib/python3.12/site-packages/pyrobosim_msgs/msg/_task_action_s.c\n'}
[0.335403] (pyrobosim_msgs) StdoutLine: {'line': b'-- Up-to-date symlink: /convince_ws/install/pyrobosim_msgs/lib/python3.12/site-packages/pyrobosim_msgs/msg/_task_plan.py\n'}
[0.335430] (pyrobosim_msgs) StdoutLine: {'line': b'-- Up-to-date symlink: /convince_ws/install/pyrobosim_msgs/lib/python3.12/site-packages/pyrobosim_msgs/msg/_task_plan_s.c\n'}
[0.335488] (pyrobosim_msgs) StdoutLine: {'line': b'-- Up-to-date symlink: /convince_ws/install/pyrobosim_msgs/lib/python3.12/site-packages/pyrobosim_msgs/msg/_world_info.py\n'}
[0.335516] (pyrobosim_msgs) StdoutLine: {'line': b'-- Up-to-date symlink: /convince_ws/install/pyrobosim_msgs/lib/python3.12/site-packages/pyrobosim_msgs/msg/_world_info_s.c\n'}
[0.335544] (pyrobosim_msgs) StdoutLine: {'line': b'-- Up-to-date symlink: /convince_ws/install/pyrobosim_msgs/lib/python3.12/site-packages/pyrobosim_msgs/msg/_world_state.py\n'}
[0.335571] (pyrobosim_msgs) StdoutLine: {'line': b'-- Up-to-date symlink: /convince_ws/install/pyrobosim_msgs/lib/python3.12/site-packages/pyrobosim_msgs/msg/_world_state_s.c\n'}
[0.335598] (pyrobosim_msgs) StdoutLine: {'line': b'-- Up-to-date symlink: /convince_ws/install/pyrobosim_msgs/lib/python3.12/site-packages/pyrobosim_msgs/pyrobosim_msgs_s__rosidl_typesupport_c.so\n'}
[0.335638] (pyrobosim_msgs) StdoutLine: {'line': b'-- Up-to-date symlink: /convince_ws/install/pyrobosim_msgs/lib/python3.12/site-packages/pyrobosim_msgs/pyrobosim_msgs_s__rosidl_typesupport_fastrtps_c.so\n'}
[0.335667] (pyrobosim_msgs) StdoutLine: {'line': b'-- Up-to-date symlink: /convince_ws/install/pyrobosim_msgs/lib/python3.12/site-packages/pyrobosim_msgs/pyrobosim_msgs_s__rosidl_typesupport_introspection_c.so\n'}
[0.335697] (pyrobosim_msgs) StdoutLine: {'line': b'-- Up-to-date symlink: /convince_ws/install/pyrobosim_msgs/lib/python3.12/site-packages/pyrobosim_msgs/srv/__init__.py\n'}
[0.335726] (pyrobosim_msgs) StdoutLine: {'line': b'-- Up-to-date symlink: /convince_ws/install/pyrobosim_msgs/lib/python3.12/site-packages/pyrobosim_msgs/srv/_request_world_info.py\n'}
[0.335757] (pyrobosim_msgs) StdoutLine: {'line': b'-- Up-to-date symlink: /convince_ws/install/pyrobosim_msgs/lib/python3.12/site-packages/pyrobosim_msgs/srv/_request_world_info_s.c\n'}
[0.335785] (pyrobosim_msgs) StdoutLine: {'line': b'-- Up-to-date symlink: /convince_ws/install/pyrobosim_msgs/lib/python3.12/site-packages/pyrobosim_msgs/srv/_request_world_state.py\n'}
[0.335812] (pyrobosim_msgs) StdoutLine: {'line': b'-- Up-to-date symlink: /convince_ws/install/pyrobosim_msgs/lib/python3.12/site-packages/pyrobosim_msgs/srv/_request_world_state_s.c\n'}
[0.335916] (pyrobosim_msgs) StdoutLine: {'line': b'-- Up-to-date symlink: /convince_ws/install/pyrobosim_msgs/lib/python3.12/site-packages/pyrobosim_msgs/srv/_reset_world.py\n'}
[0.335974] (pyrobosim_msgs) StdoutLine: {'line': b'-- Up-to-date symlink: /convince_ws/install/pyrobosim_msgs/lib/python3.12/site-packages/pyrobosim_msgs/srv/_reset_world_s.c\n'}
[0.336003] (pyrobosim_msgs) StdoutLine: {'line': b'-- Up-to-date symlink: /convince_ws/install/pyrobosim_msgs/lib/python3.12/site-packages/pyrobosim_msgs/srv/_set_location_state.py\n'}
[0.336031] (pyrobosim_msgs) StdoutLine: {'line': b'-- Up-to-date symlink: /convince_ws/install/pyrobosim_msgs/lib/python3.12/site-packages/pyrobosim_msgs/srv/_set_location_state_s.c\n'}
[0.336076] (pyrobosim_msgs) StdoutLine: {'line': b'-- Up-to-date symlink: /convince_ws/install/pyrobosim_msgs/lib/python3.12/site-packages/pyrobosim_msgs/pyrobosim_msgs_s__rosidl_typesupport_fastrtps_c.so\n'}
[0.336103] (pyrobosim_msgs) StdoutLine: {'line': b'-- Up-to-date symlink: /convince_ws/install/pyrobosim_msgs/lib/python3.12/site-packages/pyrobosim_msgs/pyrobosim_msgs_s__rosidl_typesupport_introspection_c.so\n'}
[0.336130] (pyrobosim_msgs) StdoutLine: {'line': b'-- Up-to-date symlink: /convince_ws/install/pyrobosim_msgs/lib/python3.12/site-packages/pyrobosim_msgs/pyrobosim_msgs_s__rosidl_typesupport_c.so\n'}
[0.336158] (pyrobosim_msgs) StdoutLine: {'line': b'-- Up-to-date symlink: /convince_ws/install/pyrobosim_msgs/share/pyrobosim_msgs/msg/ExecutionResult.idl\n'}
[0.336219] (pyrobosim_msgs) StdoutLine: {'line': b'-- Up-to-date symlink: /convince_ws/install/pyrobosim_msgs/share/pyrobosim_msgs/msg/GoalPredicate.idl\n'}
[0.336251] (pyrobosim_msgs) StdoutLine: {'line': b'-- Up-to-date symlink: /convince_ws/install/pyrobosim_msgs/share/pyrobosim_msgs/msg/GoalSpecification.idl\n'}
[0.336326] (pyrobosim_msgs) StdoutLine: {'line': b'-- Up-to-date symlink: /convince_ws/install/pyrobosim_msgs/share/pyrobosim_msgs/msg/HallwayState.idl\n'}
[0.336354] (pyrobosim_msgs) StdoutLine: {'line': b'-- Up-to-date symlink: /convince_ws/install/pyrobosim_msgs/share/pyrobosim_msgs/msg/LocationState.idl\n'}
[0.336421] (pyrobosim_msgs) StdoutLine: {'line': b'-- Up-to-date symlink: /convince_ws/install/pyrobosim_msgs/share/pyrobosim_msgs/msg/ObjectState.idl\n'}
[0.336576] (overarching_msgs) StdoutLine: {'line': b'-- Up-to-date: /convince_ws/install/overarching_msgs/lib/liboverarching_msgs__rosidl_generator_py.so\n'}
[0.336633] (pyrobosim_msgs) StdoutLine: {'line': b'-- Up-to-date symlink: /convince_ws/install/pyrobosim_msgs/share/pyrobosim_msgs/msg/Path.idl\n'}
[0.336662] (pyrobosim_msgs) StdoutLine: {'line': b'-- Up-to-date symlink: /convince_ws/install/pyrobosim_msgs/share/pyrobosim_msgs/msg/RobotState.idl\n'}
[0.336689] (pyrobosim_msgs) StdoutLine: {'line': b'-- Up-to-date symlink: /convince_ws/install/pyrobosim_msgs/share/pyrobosim_msgs/msg/TaskAction.idl\n'}
[0.336717] (overarching_msgs) StdoutLine: {'line': b'-- Up-to-date: /convince_ws/install/overarching_msgs/share/overarching_msgs/cmake/export_overarching_msgs__rosidl_generator_cExport.cmake\n'}
[0.336749] (pyrobosim_msgs) StdoutLine: {'line': b'-- Up-to-date symlink: /convince_ws/install/pyrobosim_msgs/share/pyrobosim_msgs/msg/TaskPlan.idl\n'}
[0.336820] (overarching_msgs) StdoutLine: {'line': b'-- Up-to-date: /convince_ws/install/overarching_msgs/share/overarching_msgs/cmake/export_overarching_msgs__rosidl_generator_cExport-noconfig.cmake\n'}
[0.336853] (overarching_msgs) StdoutLine: {'line': b'-- Up-to-date: /convince_ws/install/overarching_msgs/share/overarching_msgs/cmake/export_overarching_msgs__rosidl_typesupport_fastrtps_cExport.cmake\n'}
[0.336881] (overarching_msgs) StdoutLine: {'line': b'-- Up-to-date: /convince_ws/install/overarching_msgs/share/overarching_msgs/cmake/export_overarching_msgs__rosidl_typesupport_fastrtps_cExport-noconfig.cmake\n'}
[0.336944] (overarching_msgs) StdoutLine: {'line': b'-- Up-to-date: /convince_ws/install/overarching_msgs/share/overarching_msgs/cmake/overarching_msgs__rosidl_typesupport_introspection_cExport.cmake\n'}
[0.336972] (pyrobosim_msgs) StdoutLine: {'line': b'-- Up-to-date symlink: /convince_ws/install/pyrobosim_msgs/share/pyrobosim_msgs/msg/WorldInfo.idl\n'}
[0.337037] (overarching_msgs) StdoutLine: {'line': b'-- Up-to-date: /convince_ws/install/overarching_msgs/share/overarching_msgs/cmake/overarching_msgs__rosidl_typesupport_introspection_cExport-noconfig.cmake\n'}
[0.337067] (pyrobosim_msgs) StdoutLine: {'line': b'-- Up-to-date symlink: /convince_ws/install/pyrobosim_msgs/share/pyrobosim_msgs/msg/WorldState.idl\n'}
[0.337095] (pyrobosim_msgs) StdoutLine: {'line': b'-- Up-to-date symlink: /convince_ws/install/pyrobosim_msgs/share/pyrobosim_msgs/srv/RequestWorldInfo.idl\n'}
[0.337122] (pyrobosim_msgs) StdoutLine: {'line': b'-- Up-to-date symlink: /convince_ws/install/pyrobosim_msgs/share/pyrobosim_msgs/srv/RequestWorldState.idl\n'}
[0.337150] (pyrobosim_msgs) StdoutLine: {'line': b'-- Up-to-date symlink: /convince_ws/install/pyrobosim_msgs/share/pyrobosim_msgs/srv/ResetWorld.idl\n'}
[0.337177] (pyrobosim_msgs) StdoutLine: {'line': b'-- Up-to-date symlink: /convince_ws/install/pyrobosim_msgs/share/pyrobosim_msgs/srv/SetLocationState.idl\n'}
[0.337202] (pyrobosim_msgs) StdoutLine: {'line': b'-- Up-to-date symlink: /convince_ws/install/pyrobosim_msgs/share/pyrobosim_msgs/action/DetectObjects.idl\n'}
[0.337264] (overarching_msgs) StdoutLine: {'line': b'-- Up-to-date: /convince_ws/install/overarching_msgs/share/overarching_msgs/cmake/overarching_msgs__rosidl_typesupport_cExport.cmake\n'}
[0.337296] (overarching_msgs) StdoutLine: {'line': b'-- Up-to-date: /convince_ws/install/overarching_msgs/share/overarching_msgs/cmake/overarching_msgs__rosidl_typesupport_cExport-noconfig.cmake\n'}
[0.337325] (pyrobosim_msgs) StdoutLine: {'line': b'-- Up-to-date symlink: /convince_ws/install/pyrobosim_msgs/share/pyrobosim_msgs/action/ExecuteTaskAction.idl\n'}
[0.337382] (overarching_msgs) StdoutLine: {'line': b'-- Up-to-date: /convince_ws/install/overarching_msgs/share/overarching_msgs/cmake/export_overarching_msgs__rosidl_generator_cppExport.cmake\n'}
[0.337410] (overarching_msgs) StdoutLine: {'line': b'-- Up-to-date: /convince_ws/install/overarching_msgs/share/overarching_msgs/cmake/export_overarching_msgs__rosidl_typesupport_fastrtps_cppExport.cmake\n'}
[0.337667] (overarching_msgs) StdoutLine: {'line': b'-- Up-to-date: /convince_ws/install/overarching_msgs/share/overarching_msgs/cmake/export_overarching_msgs__rosidl_typesupport_fastrtps_cppExport-noconfig.cmake\n'}
[0.337698] (overarching_msgs) StdoutLine: {'line': b'-- Up-to-date: /convince_ws/install/overarching_msgs/share/overarching_msgs/cmake/overarching_msgs__rosidl_typesupport_introspection_cppExport.cmake\n'}
[0.337726] (overarching_msgs) StdoutLine: {'line': b'-- Up-to-date: /convince_ws/install/overarching_msgs/share/overarching_msgs/cmake/overarching_msgs__rosidl_typesupport_introspection_cppExport-noconfig.cmake\n'}
[0.337758] (overarching_msgs) StdoutLine: {'line': b'-- Up-to-date: /convince_ws/install/overarching_msgs/share/overarching_msgs/cmake/overarching_msgs__rosidl_typesupport_cppExport.cmake\n'}
[0.337786] (pyrobosim_msgs) StdoutLine: {'line': b'-- Up-to-date symlink: /convince_ws/install/pyrobosim_msgs/share/pyrobosim_msgs/action/ExecuteTaskPlan.idl\n'}
[0.337816] (pyrobosim_msgs) StdoutLine: {'line': b'-- Up-to-date symlink: /convince_ws/install/pyrobosim_msgs/share/pyrobosim_msgs/action/FollowPath.idl\n'}
[0.337844] (pyrobosim_msgs) StdoutLine: {'line': b'-- Up-to-date symlink: /convince_ws/install/pyrobosim_msgs/share/pyrobosim_msgs/action/PlanPath.idl\n'}
[0.338095] (pyrobosim_msgs) StdoutLine: {'line': b'-- Up-to-date symlink: /convince_ws/install/pyrobosim_msgs/share/pyrobosim_msgs/msg/ExecutionResult.msg\n'}
[0.338125] (overarching_msgs) StdoutLine: {'line': b'-- Up-to-date: /convince_ws/install/overarching_msgs/share/overarching_msgs/cmake/overarching_msgs__rosidl_typesupport_cppExport-noconfig.cmake\n'}
[0.338155] (pyrobosim_msgs) StdoutLine: {'line': b'-- Up-to-date symlink: /convince_ws/install/pyrobosim_msgs/share/pyrobosim_msgs/msg/GoalPredicate.msg\n'}
[0.338183] (pyrobosim_msgs) StdoutLine: {'line': b'-- Up-to-date symlink: /convince_ws/install/pyrobosim_msgs/share/pyrobosim_msgs/msg/GoalSpecification.msg\n'}
[0.338211] (pyrobosim_msgs) StdoutLine: {'line': b'-- Up-to-date symlink: /convince_ws/install/pyrobosim_msgs/share/pyrobosim_msgs/msg/HallwayState.msg\n'}
[0.338239] (pyrobosim_msgs) StdoutLine: {'line': b'-- Up-to-date symlink: /convince_ws/install/pyrobosim_msgs/share/pyrobosim_msgs/msg/LocationState.msg\n'}
[0.338267] (overarching_msgs) StdoutLine: {'line': b'-- Up-to-date: /convince_ws/install/overarching_msgs/share/overarching_msgs/cmake/export_overarching_msgs__rosidl_generator_pyExport.cmake\n'}
[0.338295] (overarching_msgs) StdoutLine: {'line': b'-- Up-to-date: /convince_ws/install/overarching_msgs/share/overarching_msgs/cmake/export_overarching_msgs__rosidl_generator_pyExport-noconfig.cmake\n'}
[0.338322] (pyrobosim_msgs) StdoutLine: {'line': b'-- Up-to-date symlink: /convince_ws/install/pyrobosim_msgs/share/pyrobosim_msgs/msg/ObjectState.msg\n'}
[0.338352] (pyrobosim_msgs) StdoutLine: {'line': b'-- Up-to-date symlink: /convince_ws/install/pyrobosim_msgs/share/pyrobosim_msgs/msg/Path.msg\n'}
[0.338379] (pyrobosim_msgs) StdoutLine: {'line': b'-- Up-to-date symlink: /convince_ws/install/pyrobosim_msgs/share/pyrobosim_msgs/msg/RobotState.msg\n'}
[0.338406] (pyrobosim_msgs) StdoutLine: {'line': b'-- Up-to-date symlink: /convince_ws/install/pyrobosim_msgs/share/pyrobosim_msgs/msg/TaskAction.msg\n'}
[0.338432] (pyrobosim_msgs) StdoutLine: {'line': b'-- Up-to-date symlink: /convince_ws/install/pyrobosim_msgs/share/pyrobosim_msgs/msg/TaskPlan.msg\n'}
[0.338458] (pyrobosim_msgs) StdoutLine: {'line': b'-- Up-to-date symlink: /convince_ws/install/pyrobosim_msgs/share/pyrobosim_msgs/msg/WorldInfo.msg\n'}
[0.338533] (pyrobosim_msgs) StdoutLine: {'line': b'-- Up-to-date symlink: /convince_ws/install/pyrobosim_msgs/share/pyrobosim_msgs/msg/WorldState.msg\n'}
[0.338561] (pyrobosim_msgs) StdoutLine: {'line': b'-- Up-to-date symlink: /convince_ws/install/pyrobosim_msgs/share/pyrobosim_msgs/srv/RequestWorldInfo.srv\n'}
[0.338589] (pyrobosim_msgs) StdoutLine: {'line': b'-- Up-to-date symlink: /convince_ws/install/pyrobosim_msgs/share/pyrobosim_msgs/srv/RequestWorldState.srv\n'}
[0.338616] (pyrobosim_msgs) StdoutLine: {'line': b'-- Up-to-date symlink: /convince_ws/install/pyrobosim_msgs/share/pyrobosim_msgs/srv/ResetWorld.srv\n'}
[0.338644] (pyrobosim_msgs) StdoutLine: {'line': b'-- Up-to-date symlink: /convince_ws/install/pyrobosim_msgs/share/pyrobosim_msgs/srv/SetLocationState.srv\n'}
[0.338672] (pyrobosim_msgs) StdoutLine: {'line': b'-- Up-to-date symlink: /convince_ws/install/pyrobosim_msgs/share/pyrobosim_msgs/action/DetectObjects.action\n'}
[0.338700] (pyrobosim_msgs) StdoutLine: {'line': b'-- Up-to-date symlink: /convince_ws/install/pyrobosim_msgs/share/pyrobosim_msgs/action/ExecuteTaskAction.action\n'}
[0.338728] (pyrobosim_msgs) StdoutLine: {'line': b'-- Up-to-date symlink: /convince_ws/install/pyrobosim_msgs/share/pyrobosim_msgs/action/ExecuteTaskPlan.action\n'}
[0.338760] (pyrobosim_msgs) StdoutLine: {'line': b'-- Up-to-date symlink: /convince_ws/install/pyrobosim_msgs/share/pyrobosim_msgs/action/FollowPath.action\n'}
[0.338788] (pyrobosim_msgs) StdoutLine: {'line': b'-- Up-to-date symlink: /convince_ws/install/pyrobosim_msgs/share/pyrobosim_msgs/action/PlanPath.action\n'}
[0.338815] (pyrobosim_msgs) StdoutLine: {'line': b'-- Up-to-date symlink: /convince_ws/install/pyrobosim_msgs/share/ament_index/resource_index/package_run_dependencies/pyrobosim_msgs\n'}
[0.338983] (pyrobosim_msgs) StdoutLine: {'line': b'-- Up-to-date symlink: /convince_ws/install/pyrobosim_msgs/share/ament_index/resource_index/parent_prefix_path/pyrobosim_msgs\n'}
[0.339012] (pyrobosim_msgs) StdoutLine: {'line': b'-- Up-to-date symlink: /convince_ws/install/pyrobosim_msgs/share/pyrobosim_msgs/environment/ament_prefix_path.sh\n'}
[0.339059] (pyrobosim_msgs) StdoutLine: {'line': b'-- Up-to-date symlink: /convince_ws/install/pyrobosim_msgs/share/pyrobosim_msgs/environment/ament_prefix_path.dsv\n'}
[0.339120] (pyrobosim_msgs) StdoutLine: {'line': b'-- Up-to-date symlink: /convince_ws/install/pyrobosim_msgs/share/pyrobosim_msgs/environment/path.sh\n'}
[0.339152] (pyrobosim_msgs) StdoutLine: {'line': b'-- Up-to-date symlink: /convince_ws/install/pyrobosim_msgs/share/pyrobosim_msgs/environment/path.dsv\n'}
[0.339181] (pyrobosim_msgs) StdoutLine: {'line': b'-- Up-to-date symlink: /convince_ws/install/pyrobosim_msgs/share/pyrobosim_msgs/local_setup.bash\n'}
[0.339209] (pyrobosim_msgs) StdoutLine: {'line': b'-- Up-to-date symlink: /convince_ws/install/pyrobosim_msgs/share/pyrobosim_msgs/local_setup.sh\n'}
[0.339236] (pyrobosim_msgs) StdoutLine: {'line': b'-- Up-to-date symlink: /convince_ws/install/pyrobosim_msgs/share/pyrobosim_msgs/local_setup.zsh\n'}
[0.339264] (pyrobosim_msgs) StdoutLine: {'line': b'-- Up-to-date symlink: /convince_ws/install/pyrobosim_msgs/share/pyrobosim_msgs/local_setup.dsv\n'}
[0.339291] (pyrobosim_msgs) StdoutLine: {'line': b'-- Symlinking: /convince_ws/install/pyrobosim_msgs/share/pyrobosim_msgs/package.dsv\n'}
[0.343678] (pyrobosim_msgs) StdoutLine: {'line': b'-- Up-to-date symlink: /convince_ws/install/pyrobosim_msgs/share/ament_index/resource_index/packages/pyrobosim_msgs\n'}
[0.343716] (pyrobosim_msgs) StdoutLine: {'line': b'-- Up-to-date symlink: /convince_ws/install/pyrobosim_msgs/share/pyrobosim_msgs/cmake/rosidl_cmake-extras.cmake\n'}
[0.343766] (pyrobosim_msgs) StdoutLine: {'line': b'-- Up-to-date symlink: /convince_ws/install/pyrobosim_msgs/share/pyrobosim_msgs/cmake/ament_cmake_export_dependencies-extras.cmake\n'}
[0.343869] (pyrobosim_msgs) StdoutLine: {'line': b'-- Up-to-date symlink: /convince_ws/install/pyrobosim_msgs/share/pyrobosim_msgs/cmake/ament_cmake_export_include_directories-extras.cmake\n'}
[0.344055] (pyrobosim_msgs) StdoutLine: {'line': b'-- Up-to-date symlink: /convince_ws/install/pyrobosim_msgs/share/pyrobosim_msgs/cmake/ament_cmake_export_libraries-extras.cmake\n'}
[0.344107] (pyrobosim_msgs) StdoutLine: {'line': b'-- Up-to-date symlink: /convince_ws/install/pyrobosim_msgs/share/pyrobosim_msgs/cmake/ament_cmake_export_targets-extras.cmake\n'}
[0.344136] (pyrobosim_msgs) StdoutLine: {'line': b'-- Up-to-date symlink: /convince_ws/install/pyrobosim_msgs/share/pyrobosim_msgs/cmake/rosidl_cmake_export_typesupport_targets-extras.cmake\n'}
[0.344188] (pyrobosim_msgs) StdoutLine: {'line': b'-- Up-to-date symlink: /convince_ws/install/pyrobosim_msgs/share/pyrobosim_msgs/cmake/rosidl_cmake_export_typesupport_libraries-extras.cmake\n'}
[0.344217] (pyrobosim_msgs) StdoutLine: {'line': b'-- Up-to-date symlink: /convince_ws/install/pyrobosim_msgs/share/pyrobosim_msgs/cmake/pyrobosim_msgsConfig.cmake\n'}
[0.344245] (pyrobosim_msgs) StdoutLine: {'line': b'-- Up-to-date symlink: /convince_ws/install/pyrobosim_msgs/share/pyrobosim_msgs/cmake/pyrobosim_msgsConfig-version.cmake\n'}
[0.344273] (pyrobosim_msgs) StdoutLine: {'line': b'-- Up-to-date symlink: /convince_ws/install/pyrobosim_msgs/share/pyrobosim_msgs/package.xml\n'}
[0.344315] (pyrobosim_msgs) StdoutLine: {'line': b'-- Up-to-date: /convince_ws/install/pyrobosim_msgs/lib/libpyrobosim_msgs__rosidl_generator_c.so\n'}
[0.344434] (pyrobosim_msgs) StdoutLine: {'line': b'-- Up-to-date: /convince_ws/install/pyrobosim_msgs/lib/libpyrobosim_msgs__rosidl_typesupport_fastrtps_c.so\n'}
[0.344600] (pyrobosim_msgs) StdoutLine: {'line': b'-- Up-to-date: /convince_ws/install/pyrobosim_msgs/lib/libpyrobosim_msgs__rosidl_typesupport_fastrtps_cpp.so\n'}
[0.344644] (pyrobosim_msgs) StdoutLine: {'line': b'-- Up-to-date: /convince_ws/install/pyrobosim_msgs/lib/libpyrobosim_msgs__rosidl_typesupport_introspection_c.so\n'}
[0.344765] (pyrobosim_msgs) StdoutLine: {'line': b'-- Up-to-date: /convince_ws/install/pyrobosim_msgs/lib/libpyrobosim_msgs__rosidl_typesupport_c.so\n'}
[0.344904] (pyrobosim_msgs) StdoutLine: {'line': b'-- Up-to-date: /convince_ws/install/pyrobosim_msgs/lib/libpyrobosim_msgs__rosidl_typesupport_introspection_cpp.so\n'}
[0.344958] (pyrobosim_msgs) StdoutLine: {'line': b'-- Up-to-date: /convince_ws/install/pyrobosim_msgs/lib/libpyrobosim_msgs__rosidl_typesupport_cpp.so\n'}
[0.345261] (btcpp_ros2_interfaces) JobEnded: {'identifier': 'btcpp_ros2_interfaces', 'rc': 0}
[0.345701] (behaviortree_ros2) JobStarted: {'identifier': 'behaviortree_ros2'}
[0.347379] (bt_interfaces_dummy) CommandEnded: {'returncode': 0}
[0.362825] (bt_interfaces_dummy) JobEnded: {'identifier': 'bt_interfaces_dummy', 'rc': 0}
[0.363283] (overarching_msgs) CommandEnded: {'returncode': 0}
[0.364790] (pyrobosim_msgs) StdoutLine: {'line': b"Listing '/convince_ws/install/pyrobosim_msgs/lib/python3.12/site-packages/pyrobosim_msgs'...\n"}
[0.364902] (pyrobosim_msgs) StdoutLine: {'line': b"Listing '/convince_ws/install/pyrobosim_msgs/lib/python3.12/site-packages/pyrobosim_msgs/action'...\n"}
[0.364992] (pyrobosim_msgs) StdoutLine: {'line': b"Listing '/convince_ws/install/pyrobosim_msgs/lib/python3.12/site-packages/pyrobosim_msgs/msg'...\n"}
[0.365082] (pyrobosim_msgs) StdoutLine: {'line': b"Listing '/convince_ws/install/pyrobosim_msgs/lib/python3.12/site-packages/pyrobosim_msgs/srv'...\n"}
[0.367815] (pyrobosim_msgs) StdoutLine: {'line': b'-- Up-to-date: /convince_ws/install/pyrobosim_msgs/lib/libpyrobosim_msgs__rosidl_generator_py.so\n'}
[0.368115] (pyrobosim_msgs) StdoutLine: {'line': b'-- Up-to-date: /convince_ws/install/pyrobosim_msgs/share/pyrobosim_msgs/cmake/export_pyrobosim_msgs__rosidl_generator_cExport.cmake\n'}
[0.368219] (pyrobosim_msgs) StdoutLine: {'line': b'-- Up-to-date: /convince_ws/install/pyrobosim_msgs/share/pyrobosim_msgs/cmake/export_pyrobosim_msgs__rosidl_generator_cExport-noconfig.cmake\n'}
[0.368375] (pyrobosim_msgs) StdoutLine: {'line': b'-- Up-to-date: /convince_ws/install/pyrobosim_msgs/share/pyrobosim_msgs/cmake/export_pyrobosim_msgs__rosidl_typesupport_fastrtps_cExport.cmake\n'}
[0.368600] (pyrobosim_msgs) StdoutLine: {'line': b'-- Up-to-date: /convince_ws/install/pyrobosim_msgs/share/pyrobosim_msgs/cmake/export_pyrobosim_msgs__rosidl_typesupport_fastrtps_cExport-noconfig.cmake\n'}
[0.368699] (pyrobosim_msgs) StdoutLine: {'line': b'-- Up-to-date: /convince_ws/install/pyrobosim_msgs/share/pyrobosim_msgs/cmake/export_pyrobosim_msgs__rosidl_generator_cppExport.cmake\n'}
[0.368994] (pyrobosim_msgs) StdoutLine: {'line': b'-- Up-to-date: /convince_ws/install/pyrobosim_msgs/share/pyrobosim_msgs/cmake/export_pyrobosim_msgs__rosidl_typesupport_fastrtps_cppExport.cmake\n'}
[0.369129] (pyrobosim_msgs) StdoutLine: {'line': b'-- Up-to-date: /convince_ws/install/pyrobosim_msgs/share/pyrobosim_msgs/cmake/export_pyrobosim_msgs__rosidl_typesupport_fastrtps_cppExport-noconfig.cmake\n'}
[0.369249] (pyrobosim_msgs) StdoutLine: {'line': b'-- Up-to-date: /convince_ws/install/pyrobosim_msgs/share/pyrobosim_msgs/cmake/pyrobosim_msgs__rosidl_typesupport_introspection_cExport.cmake\n'}
[0.369392] (pyrobosim_msgs) StdoutLine: {'line': b'-- Up-to-date: /convince_ws/install/pyrobosim_msgs/share/pyrobosim_msgs/cmake/pyrobosim_msgs__rosidl_typesupport_introspection_cExport-noconfig.cmake\n'}
[0.369542] (pyrobosim_msgs) StdoutLine: {'line': b'-- Up-to-date: /convince_ws/install/pyrobosim_msgs/share/pyrobosim_msgs/cmake/pyrobosim_msgs__rosidl_typesupport_cExport.cmake\n'}
[0.369687] (pyrobosim_msgs) StdoutLine: {'line': b'-- Up-to-date: /convince_ws/install/pyrobosim_msgs/share/pyrobosim_msgs/cmake/pyrobosim_msgs__rosidl_typesupport_cExport-noconfig.cmake\n'}
[0.369831] (pyrobosim_msgs) StdoutLine: {'line': b'-- Up-to-date: /convince_ws/install/pyrobosim_msgs/share/pyrobosim_msgs/cmake/pyrobosim_msgs__rosidl_typesupport_introspection_cppExport.cmake\n'}
[0.369941] (pyrobosim_msgs) StdoutLine: {'line': b'-- Up-to-date: /convince_ws/install/pyrobosim_msgs/share/pyrobosim_msgs/cmake/pyrobosim_msgs__rosidl_typesupport_introspection_cppExport-noconfig.cmake\n'}
[0.370051] (pyrobosim_msgs) StdoutLine: {'line': b'-- Up-to-date: /convince_ws/install/pyrobosim_msgs/share/pyrobosim_msgs/cmake/pyrobosim_msgs__rosidl_typesupport_cppExport.cmake\n'}
[0.370127] (pyrobosim_msgs) StdoutLine: {'line': b'-- Up-to-date: /convince_ws/install/pyrobosim_msgs/share/pyrobosim_msgs/cmake/pyrobosim_msgs__rosidl_typesupport_cppExport-noconfig.cmake\n'}
[0.370211] (pyrobosim_msgs) StdoutLine: {'line': b'-- Up-to-date: /convince_ws/install/pyrobosim_msgs/share/pyrobosim_msgs/cmake/export_pyrobosim_msgs__rosidl_generator_pyExport.cmake\n'}
[0.370328] (pyrobosim_msgs) StdoutLine: {'line': b'-- Up-to-date: /convince_ws/install/pyrobosim_msgs/share/pyrobosim_msgs/cmake/export_pyrobosim_msgs__rosidl_generator_pyExport-noconfig.cmake\n'}
[0.374555] (overarching_msgs) JobEnded: {'identifier': 'overarching_msgs', 'rc': 0}
[0.375259] (behaviortree_ros2) JobProgress: {'identifier': 'behaviortree_ros2', 'progress': 'cmake'}
[0.375345] (behaviortree_ros2) JobProgress: {'identifier': 'behaviortree_ros2', 'progress': 'build'}
[0.375549] (behaviortree_ros2) Command: {'cmd': ['/usr/bin/cmake', '--build', '/convince_ws/build/behaviortree_ros2', '--', '-j20', '-l20'], 'cwd': '/convince_ws/build/behaviortree_ros2', 'env': OrderedDict({'PYTHONWARNINGS': 'ignore:setup.py install is deprecated,ignore:easy_install command is deprecated', 'HOSTNAME': '7bef9378b671', 'SHLVL': '1', 'LD_LIBRARY_PATH': '/convince_ws/install/btcpp_ros2_interfaces/lib:/opt/ros/jazzy/opt/zmqpp_vendor/lib:/opt/ros/jazzy/lib/x86_64-linux-gnu:/opt/ros/jazzy/lib', 'HOME': '/root', 'OLDPWD': '/convince_ws', 'ROS_PYTHON_VERSION': '3', 'ROS_DISTRO': 'jazzy', '_': '/usr/bin/colcon', 'ROS_VERSION': '2', 'TERM': 'xterm', 'QT_X11_NO_MITSHM': '1', 'PATH': '/opt/ros/jazzy/bin:/usr/local/sbin:/usr/local/bin:/usr/sbin:/usr/bin:/sbin:/bin', 'DISPLAY': ':1', 'LANG': 'C.UTF-8', 'AMENT_PREFIX_PATH': '/convince_ws/install/btcpp_ros2_interfaces:/opt/ros/jazzy', 'ROS_WS': '/convince_ws', 'ROS_AUTOMATIC_DISCOVERY_RANGE': 'SUBNET', 'PWD': '/convince_ws/build/behaviortree_ros2', 'LC_ALL': 'C.UTF-8', 'PYTHONPATH': '/convince_ws/install/btcpp_ros2_interfaces/lib/python3.12/site-packages:/opt/ros/jazzy/lib/python3.12/site-packages', 'COLCON': '1', 'CMAKE_PREFIX_PATH': '/convince_ws/install/btcpp_ros2_interfaces:/opt/ros/jazzy'}), 'shell': False}
[0.376431] (pyrobosim_msgs) CommandEnded: {'returncode': 0}
[0.385358] (pyrobosim_msgs) JobEnded: {'identifier': 'pyrobosim_msgs', 'rc': 0}
[0.385969] (pyrobosim_ros) JobStarted: {'identifier': 'pyrobosim_ros'}
[0.390212] (pyrobosim_ros) JobProgress: {'identifier': 'pyrobosim_ros', 'progress': 'cmake'}
[0.390667] (pyrobosim_ros) JobProgress: {'identifier': 'pyrobosim_ros', 'progress': 'build'}
[0.390992] (pyrobosim_ros) Command: {'cmd': ['/usr/bin/cmake', '--build', '/convince_ws/build/pyrobosim_ros', '--', '-j20', '-l20'], 'cwd': '/convince_ws/build/pyrobosim_ros', 'env': OrderedDict({'PYTHONWARNINGS': 'ignore:setup.py install is deprecated,ignore:easy_install command is deprecated', 'HOSTNAME': '7bef9378b671', 'SHLVL': '1', 'LD_LIBRARY_PATH': '/convince_ws/install/pyrobosim_msgs/lib:/opt/ros/jazzy/opt/zmqpp_vendor/lib:/opt/ros/jazzy/lib/x86_64-linux-gnu:/opt/ros/jazzy/lib', 'HOME': '/root', 'OLDPWD': '/convince_ws', 'ROS_PYTHON_VERSION': '3', 'ROS_DISTRO': 'jazzy', '_': '/usr/bin/colcon', 'ROS_VERSION': '2', 'TERM': 'xterm', 'QT_X11_NO_MITSHM': '1', 'PATH': '/opt/ros/jazzy/bin:/usr/local/sbin:/usr/local/bin:/usr/sbin:/usr/bin:/sbin:/bin', 'DISPLAY': ':1', 'LANG': 'C.UTF-8', 'AMENT_PREFIX_PATH': '/convince_ws/install/pyrobosim_msgs:/opt/ros/jazzy', 'ROS_WS': '/convince_ws', 'ROS_AUTOMATIC_DISCOVERY_RANGE': 'SUBNET', 'PWD': '/convince_ws/build/pyrobosim_ros', 'LC_ALL': 'C.UTF-8', 'PYTHONPATH': '/convince_ws/install/pyrobosim_msgs/lib/python3.12/site-packages:/opt/ros/jazzy/lib/python3.12/site-packages', 'COLCON': '1', 'CMAKE_PREFIX_PATH': '/convince_ws/install/pyrobosim_msgs:/opt/ros/jazzy'}), 'shell': False}
[0.400492] (-) TimerEvent: {}
[0.413892] (behaviortree_ros2) StdoutLine: {'line': b'[ 28%] Built target bt_executor_parameters\n'}
[0.415940] (pyrobosim) Command: {'cmd': ['/usr/bin/python3', '-W', 'ignore:setup.py install is deprecated', '-W', 'ignore:easy_install command is deprecated', 'setup.py', 'develop', '--editable', '--build-directory', '/convince_ws/build/pyrobosim/build', '--no-deps'], 'cwd': '/convince_ws/build/pyrobosim', 'env': {'PYTHONWARNINGS': 'ignore:setup.py install is deprecated,ignore:easy_install command is deprecated', 'HOSTNAME': '7bef9378b671', 'SHLVL': '1', 'LD_LIBRARY_PATH': '/opt/ros/jazzy/opt/zmqpp_vendor/lib:/opt/ros/jazzy/lib/x86_64-linux-gnu:/opt/ros/jazzy/lib', 'HOME': '/root', 'OLDPWD': '/convince_ws', 'ROS_PYTHON_VERSION': '3', 'ROS_DISTRO': 'jazzy', '_': '/usr/bin/colcon', 'ROS_VERSION': '2', 'TERM': 'xterm', 'QT_X11_NO_MITSHM': '1', 'PATH': '/opt/ros/jazzy/bin:/usr/local/sbin:/usr/local/bin:/usr/sbin:/usr/bin:/sbin:/bin', 'DISPLAY': ':1', 'LANG': 'C.UTF-8', 'AMENT_PREFIX_PATH': '/opt/ros/jazzy', 'ROS_WS': '/convince_ws', 'ROS_AUTOMATIC_DISCOVERY_RANGE': 'SUBNET', 'PWD': '/convince_ws/build/pyrobosim', 'LC_ALL': 'C.UTF-8', 'PYTHONPATH': '/convince_ws/build/pyrobosim/prefix_override:/usr/lib/python3/dist-packages/colcon_core/task/python/colcon_distutils_commands:/convince_ws/install/pyrobosim/lib/python3.12/site-packages:/opt/ros/jazzy/lib/python3.12/site-packages', 'COLCON': '1'}, 'shell': False}
[0.428621] (pyrobosim_ros) StdoutLine: {'line': b'Built target ament_cmake_python_symlink_pyrobosim_ros\n'}
[0.437527] (behaviortree_ros2) StdoutLine: {'line': b'[100%] Built target behaviortree_ros2\n'}
[0.444704] (behaviortree_ros2) CommandEnded: {'returncode': 0}
[0.445144] (behaviortree_ros2) JobProgress: {'identifier': 'behaviortree_ros2', 'progress': 'install'}
[0.445471] (behaviortree_ros2) Command: {'cmd': ['/usr/bin/cmake', '--install', '/convince_ws/build/behaviortree_ros2'], 'cwd': '/convince_ws/build/behaviortree_ros2', 'env': OrderedDict({'PYTHONWARNINGS': 'ignore:setup.py install is deprecated,ignore:easy_install command is deprecated', 'HOSTNAME': '7bef9378b671', 'SHLVL': '1', 'LD_LIBRARY_PATH': '/convince_ws/install/btcpp_ros2_interfaces/lib:/opt/ros/jazzy/opt/zmqpp_vendor/lib:/opt/ros/jazzy/lib/x86_64-linux-gnu:/opt/ros/jazzy/lib', 'HOME': '/root', 'OLDPWD': '/convince_ws', 'ROS_PYTHON_VERSION': '3', 'ROS_DISTRO': 'jazzy', '_': '/usr/bin/colcon', 'ROS_VERSION': '2', 'TERM': 'xterm', 'QT_X11_NO_MITSHM': '1', 'PATH': '/opt/ros/jazzy/bin:/usr/local/sbin:/usr/local/bin:/usr/sbin:/usr/bin:/sbin:/bin', 'DISPLAY': ':1', 'LANG': 'C.UTF-8', 'AMENT_PREFIX_PATH': '/convince_ws/install/btcpp_ros2_interfaces:/opt/ros/jazzy', 'ROS_WS': '/convince_ws', 'ROS_AUTOMATIC_DISCOVERY_RANGE': 'SUBNET', 'PWD': '/convince_ws/build/behaviortree_ros2', 'LC_ALL': 'C.UTF-8', 'PYTHONPATH': '/convince_ws/install/btcpp_ros2_interfaces/lib/python3.12/site-packages:/opt/ros/jazzy/lib/python3.12/site-packages', 'COLCON': '1', 'CMAKE_PREFIX_PATH': '/convince_ws/install/btcpp_ros2_interfaces:/opt/ros/jazzy'}), 'shell': False}
[0.450357] (behaviortree_ros2) StdoutLine: {'line': b'-- Install configuration: ""\n'}
[0.450543] (behaviortree_ros2) StdoutLine: {'line': b'-- Execute custom install script\n'}
[0.450739] (behaviortree_ros2) StdoutLine: {'line': b'-- Up-to-date symlink: /convince_ws/install/behaviortree_ros2/include/behaviortree_ros2/bt_executor_parameters.hpp\n'}
[0.450990] (behaviortree_ros2) StdoutLine: {'line': b'-- Up-to-date symlink: /convince_ws/install/behaviortree_ros2/include//behaviortree_ros2/bt_action_node.hpp\n'}
[0.451075] (behaviortree_ros2) StdoutLine: {'line': b'-- Up-to-date symlink: /convince_ws/install/behaviortree_ros2/include//behaviortree_ros2/bt_ros_logger.hpp\n'}
[0.451157] (behaviortree_ros2) StdoutLine: {'line': b'-- Up-to-date symlink: /convince_ws/install/behaviortree_ros2/include//behaviortree_ros2/bt_service_node.hpp\n'}
[0.451250] (behaviortree_ros2) StdoutLine: {'line': b'-- Up-to-date symlink: /convince_ws/install/behaviortree_ros2/include//behaviortree_ros2/bt_topic_pub_node.hpp\n'}
[0.451315] (behaviortree_ros2) StdoutLine: {'line': b'-- Up-to-date symlink: /convince_ws/install/behaviortree_ros2/include//behaviortree_ros2/bt_topic_sub_node.hpp\n'}
[0.451380] (behaviortree_ros2) StdoutLine: {'line': b'-- Up-to-date symlink: /convince_ws/install/behaviortree_ros2/include//behaviortree_ros2/bt_utils.hpp\n'}
[0.451443] (behaviortree_ros2) StdoutLine: {'line': b'-- Up-to-date symlink: /convince_ws/install/behaviortree_ros2/include//behaviortree_ros2/plugins.hpp\n'}
[0.451520] (behaviortree_ros2) StdoutLine: {'line': b'-- Up-to-date symlink: /convince_ws/install/behaviortree_ros2/include//behaviortree_ros2/ros_node_params.hpp\n'}
[0.451612] (behaviortree_ros2) StdoutLine: {'line': b'-- Up-to-date symlink: /convince_ws/install/behaviortree_ros2/include//behaviortree_ros2/tree_execution_server.hpp\n'}
[0.451676] (behaviortree_ros2) StdoutLine: {'line': b'-- Up-to-date symlink: /convince_ws/install/behaviortree_ros2/share/behaviortree_ros2/environment/library_path.sh\n'}
[0.451743] (behaviortree_ros2) StdoutLine: {'line': b'-- Up-to-date symlink: /convince_ws/install/behaviortree_ros2/share/behaviortree_ros2/environment/library_path.dsv\n'}
[0.451896] (behaviortree_ros2) StdoutLine: {'line': b'-- Up-to-date symlink: /convince_ws/install/behaviortree_ros2/share/ament_index/resource_index/package_run_dependencies/behaviortree_ros2\n'}
[0.451941] (behaviortree_ros2) StdoutLine: {'line': b'-- Up-to-date symlink: /convince_ws/install/behaviortree_ros2/share/ament_index/resource_index/parent_prefix_path/behaviortree_ros2\n'}
[0.451973] (behaviortree_ros2) StdoutLine: {'line': b'-- Up-to-date symlink: /convince_ws/install/behaviortree_ros2/share/behaviortree_ros2/environment/ament_prefix_path.sh\n'}
[0.452003] (behaviortree_ros2) StdoutLine: {'line': b'-- Up-to-date symlink: /convince_ws/install/behaviortree_ros2/share/behaviortree_ros2/environment/ament_prefix_path.dsv\n'}
[0.452034] (behaviortree_ros2) StdoutLine: {'line': b'-- Up-to-date symlink: /convince_ws/install/behaviortree_ros2/share/behaviortree_ros2/environment/path.sh\n'}
[0.452064] (behaviortree_ros2) StdoutLine: {'line': b'-- Up-to-date symlink: /convince_ws/install/behaviortree_ros2/share/behaviortree_ros2/environment/path.dsv\n'}
[0.452101] (behaviortree_ros2) StdoutLine: {'line': b'-- Up-to-date symlink: /convince_ws/install/behaviortree_ros2/share/behaviortree_ros2/local_setup.bash\n'}
[0.452129] (behaviortree_ros2) StdoutLine: {'line': b'-- Up-to-date symlink: /convince_ws/install/behaviortree_ros2/share/behaviortree_ros2/local_setup.sh\n'}
[0.452158] (behaviortree_ros2) StdoutLine: {'line': b'-- Up-to-date symlink: /convince_ws/install/behaviortree_ros2/share/behaviortree_ros2/local_setup.zsh\n'}
[0.452193] (behaviortree_ros2) StdoutLine: {'line': b'-- Up-to-date symlink: /convince_ws/install/behaviortree_ros2/share/behaviortree_ros2/local_setup.dsv\n'}
[0.452220] (behaviortree_ros2) StdoutLine: {'line': b'-- Symlinking: /convince_ws/install/behaviortree_ros2/share/behaviortree_ros2/package.dsv\n'}
[0.458629] (behaviortree_ros2) StdoutLine: {'line': b'-- Up-to-date symlink: /convince_ws/install/behaviortree_ros2/share/ament_index/resource_index/packages/behaviortree_ros2\n'}
[0.458692] (behaviortree_ros2) StdoutLine: {'line': b'-- Up-to-date symlink: /convince_ws/install/behaviortree_ros2/share/behaviortree_ros2/cmake/ament_cmake_export_dependencies-extras.cmake\n'}
[0.458723] (behaviortree_ros2) StdoutLine: {'line': b'-- Up-to-date symlink: /convince_ws/install/behaviortree_ros2/share/behaviortree_ros2/cmake/ament_cmake_export_targets-extras.cmake\n'}
[0.458766] (behaviortree_ros2) StdoutLine: {'line': b'-- Up-to-date symlink: /convince_ws/install/behaviortree_ros2/share/behaviortree_ros2/cmake/ament_cmake_export_include_directories-extras.cmake\n'}
[0.458806] (behaviortree_ros2) StdoutLine: {'line': b'-- Up-to-date symlink: /convince_ws/install/behaviortree_ros2/share/behaviortree_ros2/cmake/ament_cmake_export_libraries-extras.cmake\n'}
[0.458865] (behaviortree_ros2) StdoutLine: {'line': b'-- Up-to-date symlink: /convince_ws/install/behaviortree_ros2/share/behaviortree_ros2/cmake/behaviortree_ros2Config.cmake\n'}
[0.458913] (behaviortree_ros2) StdoutLine: {'line': b'-- Up-to-date symlink: /convince_ws/install/behaviortree_ros2/share/behaviortree_ros2/cmake/behaviortree_ros2Config-version.cmake\n'}
[0.458955] (behaviortree_ros2) StdoutLine: {'line': b'-- Up-to-date symlink: /convince_ws/install/behaviortree_ros2/share/behaviortree_ros2/package.xml\n'}
[0.458998] (behaviortree_ros2) StdoutLine: {'line': b'-- Up-to-date: /convince_ws/install/behaviortree_ros2/lib/libbehaviortree_ros2.a\n'}
[0.459057] (behaviortree_ros2) StdoutLine: {'line': b'-- Up-to-date: /convince_ws/install/behaviortree_ros2/share/behaviortree_ros2/cmake/behaviortree_ros2TargetsExport.cmake\n'}
[0.459095] (behaviortree_ros2) StdoutLine: {'line': b'-- Up-to-date: /convince_ws/install/behaviortree_ros2/share/behaviortree_ros2/cmake/behaviortree_ros2TargetsExport-noconfig.cmake\n'}
[0.460072] (behaviortree_ros2) CommandEnded: {'returncode': 0}
[0.469464] (behaviortree_ros2) JobEnded: {'identifier': 'behaviortree_ros2', 'rc': 0}
[0.469914] (bt_executor) JobStarted: {'identifier': 'bt_executor'}
[0.471180] (btcpp_ros2_samples) JobStarted: {'identifier': 'btcpp_ros2_samples'}
[0.476422] (btcpp_ros2_samples) JobProgress: {'identifier': 'btcpp_ros2_samples', 'progress': 'cmake'}
[0.476891] (btcpp_ros2_samples) JobProgress: {'identifier': 'btcpp_ros2_samples', 'progress': 'build'}
[0.477065] (btcpp_ros2_samples) Command: {'cmd': ['/usr/bin/cmake', '--build', '/convince_ws/build/btcpp_ros2_samples', '--', '-j20', '-l20'], 'cwd': '/convince_ws/build/btcpp_ros2_samples', 'env': OrderedDict({'PYTHONWARNINGS': 'ignore:setup.py install is deprecated,ignore:easy_install command is deprecated', 'HOSTNAME': '7bef9378b671', 'SHLVL': '1', 'LD_LIBRARY_PATH': '/convince_ws/install/behaviortree_ros2/lib:/convince_ws/install/btcpp_ros2_interfaces/lib:/opt/ros/jazzy/opt/zmqpp_vendor/lib:/opt/ros/jazzy/lib/x86_64-linux-gnu:/opt/ros/jazzy/lib', 'HOME': '/root', 'OLDPWD': '/convince_ws', 'ROS_PYTHON_VERSION': '3', 'ROS_DISTRO': 'jazzy', '_': '/usr/bin/colcon', 'ROS_VERSION': '2', 'TERM': 'xterm', 'QT_X11_NO_MITSHM': '1', 'PATH': '/opt/ros/jazzy/bin:/usr/local/sbin:/usr/local/bin:/usr/sbin:/usr/bin:/sbin:/bin', 'DISPLAY': ':1', 'LANG': 'C.UTF-8', 'AMENT_PREFIX_PATH': '/convince_ws/install/behaviortree_ros2:/convince_ws/install/btcpp_ros2_interfaces:/opt/ros/jazzy', 'ROS_WS': '/convince_ws', 'ROS_AUTOMATIC_DISCOVERY_RANGE': 'SUBNET', 'PWD': '/convince_ws/build/btcpp_ros2_samples', 'LC_ALL': 'C.UTF-8', 'PYTHONPATH': '/convince_ws/install/btcpp_ros2_interfaces/lib/python3.12/site-packages:/opt/ros/jazzy/lib/python3.12/site-packages', 'COLCON': '1', 'CMAKE_PREFIX_PATH': '/convince_ws/install/behaviortree_ros2:/convince_ws/install/btcpp_ros2_interfaces:/opt/ros/jazzy'}), 'shell': False}
[0.480511] (bt_executor) JobProgress: {'identifier': 'bt_executor', 'progress': 'cmake'}
[0.480872] (bt_executor) Command: {'cmd': ['/usr/bin/cmake', '/convince_ws/src/behavior_tree/bt_executor', '-DCMAKE_EXPORT_COMPILE_COMMANDS=ON', '--no-warn-unused-cli', '-DAMENT_CMAKE_SYMLINK_INSTALL=1', '-DCMAKE_INSTALL_PREFIX=/convince_ws/install/bt_executor'], 'cwd': '/convince_ws/build/bt_executor', 'env': OrderedDict({'PYTHONWARNINGS': 'ignore:setup.py install is deprecated,ignore:easy_install command is deprecated', 'HOSTNAME': '7bef9378b671', 'SHLVL': '1', 'LD_LIBRARY_PATH': '/convince_ws/install/behaviortree_ros2/lib:/convince_ws/install/pyrobosim_msgs/lib:/convince_ws/install/overarching_msgs/lib:/convince_ws/install/btcpp_ros2_interfaces/lib:/convince_ws/install/bt_interfaces_dummy/lib:/opt/ros/jazzy/opt/zmqpp_vendor/lib:/opt/ros/jazzy/lib/x86_64-linux-gnu:/opt/ros/jazzy/lib', 'HOME': '/root', 'OLDPWD': '/convince_ws', 'ROS_PYTHON_VERSION': '3', 'ROS_DISTRO': 'jazzy', '_': '/usr/bin/colcon', 'ROS_VERSION': '2', 'TERM': 'xterm', 'QT_X11_NO_MITSHM': '1', 'PATH': '/opt/ros/jazzy/bin:/usr/local/sbin:/usr/local/bin:/usr/sbin:/usr/bin:/sbin:/bin', 'DISPLAY': ':1', 'LANG': 'C.UTF-8', 'AMENT_PREFIX_PATH': '/convince_ws/install/behaviortree_ros2:/convince_ws/install/pyrobosim_msgs:/convince_ws/install/overarching_msgs:/convince_ws/install/btcpp_ros2_interfaces:/convince_ws/install/bt_interfaces_dummy:/opt/ros/jazzy', 'ROS_WS': '/convince_ws', 'ROS_AUTOMATIC_DISCOVERY_RANGE': 'SUBNET', 'PWD': '/convince_ws/build/bt_executor', 'LC_ALL': 'C.UTF-8', 'PYTHONPATH': '/convince_ws/install/pyrobosim_msgs/lib/python3.12/site-packages:/convince_ws/install/overarching_msgs/lib/python3.12/site-packages:/convince_ws/install/btcpp_ros2_interfaces/lib/python3.12/site-packages:/convince_ws/install/bt_interfaces_dummy/lib/python3.12/site-packages:/opt/ros/jazzy/lib/python3.12/site-packages', 'COLCON': '1', 'CMAKE_PREFIX_PATH': '/convince_ws/install/behaviortree_ros2:/convince_ws/install/pyrobosim_msgs:/convince_ws/install/overarching_msgs:/convince_ws/install/btcpp_ros2_interfaces:/convince_ws/install/bt_interfaces_dummy:/opt/ros/jazzy'}), 'shell': False}
[0.485042] (bt_executor) StdoutLine: {'line': b'Not searching for unused variables given on the command line.\n'}
[0.500574] (-) TimerEvent: {}
[0.511960] (btcpp_ros2_samples) StdoutLine: {'line': b'[ 11%] Built target sleep_server\n'}
[0.515323] (btcpp_ros2_samples) StdoutLine: {'line': b'[ 22%] Built target bool_server\n'}
[0.515683] (btcpp_ros2_samples) StdoutLine: {'line': b'[ 33%] Built target subscriber_test\n'}
[0.516201] (btcpp_ros2_samples) StdoutLine: {'line': b'[ 50%] Built target sleep_client\n'}
[0.516305] (btcpp_ros2_samples) StdoutLine: {'line': b'[ 66%] Built target bool_client\n'}
[0.516412] (bt_executor) StdoutLine: {'line': b'-- The C compiler identification is GNU 13.3.0\n'}
[0.517409] (btcpp_ros2_samples) StdoutLine: {'line': b'[ 77%] Built target sample_bt_executor\n'}
[0.518302] (btcpp_ros2_samples) StdoutLine: {'line': b'[ 88%] Built target sleep_plugin\n'}
[0.530805] (pyrobosim_ros) StdoutLine: {'line': b'running egg_info\n'}
[0.536081] (btcpp_ros2_samples) StdoutLine: {'line': b'[100%] Built target sleep_client_dyn\n'}
[0.537551] (pyrobosim_ros) StdoutLine: {'line': b'writing pyrobosim_ros.egg-info/PKG-INFO\n'}
[0.537685] (pyrobosim_ros) StdoutLine: {'line': b'writing dependency_links to pyrobosim_ros.egg-info/dependency_links.txt\n'}
[0.537746] (pyrobosim_ros) StdoutLine: {'line': b'writing top-level names to pyrobosim_ros.egg-info/top_level.txt\n'}
[0.541778] (btcpp_ros2_samples) CommandEnded: {'returncode': 0}
[0.542162] (btcpp_ros2_samples) JobProgress: {'identifier': 'btcpp_ros2_samples', 'progress': 'install'}
[0.542312] (btcpp_ros2_samples) Command: {'cmd': ['/usr/bin/cmake', '--install', '/convince_ws/build/btcpp_ros2_samples'], 'cwd': '/convince_ws/build/btcpp_ros2_samples', 'env': OrderedDict({'PYTHONWARNINGS': 'ignore:setup.py install is deprecated,ignore:easy_install command is deprecated', 'HOSTNAME': '7bef9378b671', 'SHLVL': '1', 'LD_LIBRARY_PATH': '/convince_ws/install/behaviortree_ros2/lib:/convince_ws/install/btcpp_ros2_interfaces/lib:/opt/ros/jazzy/opt/zmqpp_vendor/lib:/opt/ros/jazzy/lib/x86_64-linux-gnu:/opt/ros/jazzy/lib', 'HOME': '/root', 'OLDPWD': '/convince_ws', 'ROS_PYTHON_VERSION': '3', 'ROS_DISTRO': 'jazzy', '_': '/usr/bin/colcon', 'ROS_VERSION': '2', 'TERM': 'xterm', 'QT_X11_NO_MITSHM': '1', 'PATH': '/opt/ros/jazzy/bin:/usr/local/sbin:/usr/local/bin:/usr/sbin:/usr/bin:/sbin:/bin', 'DISPLAY': ':1', 'LANG': 'C.UTF-8', 'AMENT_PREFIX_PATH': '/convince_ws/install/behaviortree_ros2:/convince_ws/install/btcpp_ros2_interfaces:/opt/ros/jazzy', 'ROS_WS': '/convince_ws', 'ROS_AUTOMATIC_DISCOVERY_RANGE': 'SUBNET', 'PWD': '/convince_ws/build/btcpp_ros2_samples', 'LC_ALL': 'C.UTF-8', 'PYTHONPATH': '/convince_ws/install/btcpp_ros2_interfaces/lib/python3.12/site-packages:/opt/ros/jazzy/lib/python3.12/site-packages', 'COLCON': '1', 'CMAKE_PREFIX_PATH': '/convince_ws/install/behaviortree_ros2:/convince_ws/install/btcpp_ros2_interfaces:/opt/ros/jazzy'}), 'shell': False}
[0.546355] (btcpp_ros2_samples) StdoutLine: {'line': b'-- Install configuration: ""\n'}
[0.546577] (btcpp_ros2_samples) StdoutLine: {'line': b'-- Execute custom install script\n'}
[0.546822] (btcpp_ros2_samples) StdoutLine: {'line': b'-- Up-to-date symlink: /convince_ws/install/btcpp_ros2_samples/lib/btcpp_ros2_samples/sleep_client\n'}
[0.546914] (btcpp_ros2_samples) StdoutLine: {'line': b'-- Up-to-date symlink: /convince_ws/install/btcpp_ros2_samples/lib/btcpp_ros2_samples/sleep_client_dyn\n'}
[0.547000] (btcpp_ros2_samples) StdoutLine: {'line': b'-- Up-to-date symlink: /convince_ws/install/btcpp_ros2_samples/lib/btcpp_ros2_samples/sleep_server\n'}
[0.547102] (btcpp_ros2_samples) StdoutLine: {'line': b'-- Up-to-date symlink: /convince_ws/install/btcpp_ros2_samples/lib/btcpp_ros2_samples/libsleep_plugin.so\n'}
[0.547187] (btcpp_ros2_samples) StdoutLine: {'line': b'-- Up-to-date symlink: /convince_ws/install/btcpp_ros2_samples/lib/btcpp_ros2_samples/subscriber_test\n'}
[0.547277] (btcpp_ros2_samples) StdoutLine: {'line': b'-- Up-to-date symlink: /convince_ws/install/btcpp_ros2_samples/lib/btcpp_ros2_samples/sample_bt_executor\n'}
[0.547368] (btcpp_ros2_samples) StdoutLine: {'line': b'-- Up-to-date symlink: /convince_ws/install/btcpp_ros2_samples/lib/btcpp_ros2_samples/bool_client\n'}
[0.547456] (btcpp_ros2_samples) StdoutLine: {'line': b'-- Up-to-date symlink: /convince_ws/install/btcpp_ros2_samples/lib/btcpp_ros2_samples/bool_server\n'}
[0.547605] (btcpp_ros2_samples) StdoutLine: {'line': b'-- Up-to-date symlink: /convince_ws/install/btcpp_ros2_samples/share/btcpp_ros2_samples/bt_plugins/libsleep_plugin.so\n'}
[0.547856] (btcpp_ros2_samples) StdoutLine: {'line': b'-- Up-to-date symlink: /convince_ws/install/btcpp_ros2_samples/share/btcpp_ros2_samples//behavior_trees/cross_door.xml\n'}
[0.547942] (btcpp_ros2_samples) StdoutLine: {'line': b'-- Up-to-date symlink: /convince_ws/install/btcpp_ros2_samples/share/btcpp_ros2_samples//behavior_trees/door_closed.xml\n'}
[0.548007] (btcpp_ros2_samples) StdoutLine: {'line': b'-- Up-to-date symlink: /convince_ws/install/btcpp_ros2_samples/share/btcpp_ros2_samples//behavior_trees/sleep_action.xml\n'}
[0.548157] (btcpp_ros2_samples) StdoutLine: {'line': b'-- Up-to-date symlink: /convince_ws/install/btcpp_ros2_samples/share/btcpp_ros2_samples//config/sample_bt_executor.yaml\n'}
[0.548303] (btcpp_ros2_samples) StdoutLine: {'line': b'-- Up-to-date symlink: /convince_ws/install/btcpp_ros2_samples/share/btcpp_ros2_samples//launch/sample_bt_executor.launch.xml\n'}
[0.548412] (btcpp_ros2_samples) StdoutLine: {'line': b'-- Up-to-date symlink: /convince_ws/install/btcpp_ros2_samples/share/ament_index/resource_index/package_run_dependencies/btcpp_ros2_samples\n'}
[0.548521] (btcpp_ros2_samples) StdoutLine: {'line': b'-- Up-to-date symlink: /convince_ws/install/btcpp_ros2_samples/share/ament_index/resource_index/parent_prefix_path/btcpp_ros2_samples\n'}
[0.548638] (btcpp_ros2_samples) StdoutLine: {'line': b'-- Up-to-date symlink: /convince_ws/install/btcpp_ros2_samples/share/btcpp_ros2_samples/environment/ament_prefix_path.sh\n'}
[0.548725] (btcpp_ros2_samples) StdoutLine: {'line': b'-- Up-to-date symlink: /convince_ws/install/btcpp_ros2_samples/share/btcpp_ros2_samples/environment/ament_prefix_path.dsv\n'}
[0.548829] (btcpp_ros2_samples) StdoutLine: {'line': b'-- Up-to-date symlink: /convince_ws/install/btcpp_ros2_samples/share/btcpp_ros2_samples/environment/path.sh\n'}
[0.548920] (btcpp_ros2_samples) StdoutLine: {'line': b'-- Up-to-date symlink: /convince_ws/install/btcpp_ros2_samples/share/btcpp_ros2_samples/environment/path.dsv\n'}
[0.549010] (btcpp_ros2_samples) StdoutLine: {'line': b'-- Up-to-date symlink: /convince_ws/install/btcpp_ros2_samples/share/btcpp_ros2_samples/local_setup.bash\n'}
[0.549108] (btcpp_ros2_samples) StdoutLine: {'line': b'-- Up-to-date symlink: /convince_ws/install/btcpp_ros2_samples/share/btcpp_ros2_samples/local_setup.sh\n'}
[0.549189] (btcpp_ros2_samples) StdoutLine: {'line': b'-- Up-to-date symlink: /convince_ws/install/btcpp_ros2_samples/share/btcpp_ros2_samples/local_setup.zsh\n'}
[0.549277] (btcpp_ros2_samples) StdoutLine: {'line': b'-- Up-to-date symlink: /convince_ws/install/btcpp_ros2_samples/share/btcpp_ros2_samples/local_setup.dsv\n'}
[0.549353] (btcpp_ros2_samples) StdoutLine: {'line': b'-- Symlinking: /convince_ws/install/btcpp_ros2_samples/share/btcpp_ros2_samples/package.dsv\n'}
[0.554854] (bt_executor) StdoutLine: {'line': b'-- The CXX compiler identification is GNU 13.3.0\n'}
[0.555184] (btcpp_ros2_samples) StdoutLine: {'line': b'-- Up-to-date symlink: /convince_ws/install/btcpp_ros2_samples/share/ament_index/resource_index/packages/btcpp_ros2_samples\n'}
[0.555285] (btcpp_ros2_samples) StdoutLine: {'line': b'-- Up-to-date symlink: /convince_ws/install/btcpp_ros2_samples/share/btcpp_ros2_samples/cmake/ament_cmake_export_dependencies-extras.cmake\n'}
[0.555370] (btcpp_ros2_samples) StdoutLine: {'line': b'-- Up-to-date symlink: /convince_ws/install/btcpp_ros2_samples/share/btcpp_ros2_samples/cmake/btcpp_ros2_samplesConfig.cmake\n'}
[0.555441] (btcpp_ros2_samples) StdoutLine: {'line': b'-- Up-to-date symlink: /convince_ws/install/btcpp_ros2_samples/share/btcpp_ros2_samples/cmake/btcpp_ros2_samplesConfig-version.cmake\n'}
[0.555541] (btcpp_ros2_samples) StdoutLine: {'line': b'-- Up-to-date symlink: /convince_ws/install/btcpp_ros2_samples/share/btcpp_ros2_samples/package.xml\n'}
[0.556541] (btcpp_ros2_samples) CommandEnded: {'returncode': 0}
[0.556954] (pyrobosim_ros) StdoutLine: {'line': b"reading manifest file 'pyrobosim_ros.egg-info/SOURCES.txt'\n"}
[0.557039] (pyrobosim_ros) StdoutLine: {'line': b"writing manifest file 'pyrobosim_ros.egg-info/SOURCES.txt'\n"}
[0.561020] (pyrobosim) StdoutLine: {'line': b'running develop\n'}
[0.566592] (bt_executor) StdoutLine: {'line': b'-- Detecting C compiler ABI info\n'}
[0.567656] (btcpp_ros2_samples) JobEnded: {'identifier': 'btcpp_ros2_samples', 'rc': 0}
[0.572484] (pyrobosim_ros) StdoutLine: {'line': b'Built target ament_cmake_python_build_pyrobosim_ros_egg\n'}
[0.580023] (pyrobosim_ros) CommandEnded: {'returncode': 0}
[0.580376] (pyrobosim_ros) JobProgress: {'identifier': 'pyrobosim_ros', 'progress': 'install'}
[0.580526] (pyrobosim_ros) Command: {'cmd': ['/usr/bin/cmake', '--install', '/convince_ws/build/pyrobosim_ros'], 'cwd': '/convince_ws/build/pyrobosim_ros', 'env': OrderedDict({'PYTHONWARNINGS': 'ignore:setup.py install is deprecated,ignore:easy_install command is deprecated', 'HOSTNAME': '7bef9378b671', 'SHLVL': '1', 'LD_LIBRARY_PATH': '/convince_ws/install/pyrobosim_msgs/lib:/opt/ros/jazzy/opt/zmqpp_vendor/lib:/opt/ros/jazzy/lib/x86_64-linux-gnu:/opt/ros/jazzy/lib', 'HOME': '/root', 'OLDPWD': '/convince_ws', 'ROS_PYTHON_VERSION': '3', 'ROS_DISTRO': 'jazzy', '_': '/usr/bin/colcon', 'ROS_VERSION': '2', 'TERM': 'xterm', 'QT_X11_NO_MITSHM': '1', 'PATH': '/opt/ros/jazzy/bin:/usr/local/sbin:/usr/local/bin:/usr/sbin:/usr/bin:/sbin:/bin', 'DISPLAY': ':1', 'LANG': 'C.UTF-8', 'AMENT_PREFIX_PATH': '/convince_ws/install/pyrobosim_msgs:/opt/ros/jazzy', 'ROS_WS': '/convince_ws', 'ROS_AUTOMATIC_DISCOVERY_RANGE': 'SUBNET', 'PWD': '/convince_ws/build/pyrobosim_ros', 'LC_ALL': 'C.UTF-8', 'PYTHONPATH': '/convince_ws/install/pyrobosim_msgs/lib/python3.12/site-packages:/opt/ros/jazzy/lib/python3.12/site-packages', 'COLCON': '1', 'CMAKE_PREFIX_PATH': '/convince_ws/install/pyrobosim_msgs:/opt/ros/jazzy'}), 'shell': False}
[0.585109] (pyrobosim_ros) StdoutLine: {'line': b'-- Install configuration: ""\n'}
[0.585418] (pyrobosim_ros) StdoutLine: {'line': b'-- Execute custom install script\n'}
[0.585561] (pyrobosim_ros) StdoutLine: {'line': b'-- Up-to-date symlink: /convince_ws/install/pyrobosim_ros/lib/pyrobosim_ros/demo.py\n'}
[0.585647] (pyrobosim_ros) StdoutLine: {'line': b'-- Up-to-date symlink: /convince_ws/install/pyrobosim_ros/lib/pyrobosim_ros/demo_commands.py\n'}
[0.585745] (pyrobosim_ros) StdoutLine: {'line': b'-- Up-to-date symlink: /convince_ws/install/pyrobosim_ros/lib/pyrobosim_ros/demo_pddl_world.py\n'}
[0.585853] (pyrobosim_ros) StdoutLine: {'line': b'-- Up-to-date symlink: /convince_ws/install/pyrobosim_ros/lib/pyrobosim_ros/demo_pddl_planner.py\n'}
[0.585984] (pyrobosim_ros) StdoutLine: {'line': b'-- Up-to-date symlink: /convince_ws/install/pyrobosim_ros/lib/pyrobosim_ros/demo_pddl_goal_publisher.py\n'}
[0.586104] (pyrobosim_ros) StdoutLine: {'line': b'-- Up-to-date symlink: /convince_ws/install/pyrobosim_ros/lib/pyrobosim_ros/demo_velocity_publisher.py\n'}
[0.586245] (pyrobosim_ros) StdoutLine: {'line': b'-- Up-to-date symlink: /convince_ws/install/pyrobosim_ros/share/pyrobosim_ros/environment/pythonpath.sh\n'}
[0.586379] (pyrobosim_ros) StdoutLine: {'line': b'-- Up-to-date symlink: /convince_ws/install/pyrobosim_ros/share/pyrobosim_ros/environment/pythonpath.dsv\n'}
[0.586708] (pyrobosim_ros) StdoutLine: {'line': b'-- Up-to-date symlink: /convince_ws/install/pyrobosim_ros/lib/python3.12/site-packages/pyrobosim_ros-4.3.3-py3.12.egg-info/PKG-INFO\n'}
[0.586816] (pyrobosim_ros) StdoutLine: {'line': b'-- Up-to-date symlink: /convince_ws/install/pyrobosim_ros/lib/python3.12/site-packages/pyrobosim_ros-4.3.3-py3.12.egg-info/SOURCES.txt\n'}
[0.586913] (pyrobosim_ros) StdoutLine: {'line': b'-- Up-to-date symlink: /convince_ws/install/pyrobosim_ros/lib/python3.12/site-packages/pyrobosim_ros-4.3.3-py3.12.egg-info/dependency_links.txt\n'}
[0.587005] (pyrobosim_ros) StdoutLine: {'line': b'-- Up-to-date symlink: /convince_ws/install/pyrobosim_ros/lib/python3.12/site-packages/pyrobosim_ros-4.3.3-py3.12.egg-info/top_level.txt\n'}
[0.587408] (pyrobosim_ros) StdoutLine: {'line': b'-- Up-to-date symlink: /convince_ws/install/pyrobosim_ros/lib/python3.12/site-packages/pyrobosim_ros/__init__.py\n'}
[0.587472] (pyrobosim_ros) StdoutLine: {'line': b'-- Up-to-date symlink: /convince_ws/install/pyrobosim_ros/lib/python3.12/site-packages/pyrobosim_ros/ros_conversions.py\n'}
[0.587544] (pyrobosim_ros) StdoutLine: {'line': b'-- Up-to-date symlink: /convince_ws/install/pyrobosim_ros/lib/python3.12/site-packages/pyrobosim_ros/ros_interface.py\n'}
[0.587905] (pyrobosim_ros) StdoutLine: {'line': b'-- Up-to-date symlink: /convince_ws/install/pyrobosim_ros/share/pyrobosim_ros/launch/demo.launch.py\n'}
[0.587948] (pyrobosim_ros) StdoutLine: {'line': b'-- Up-to-date symlink: /convince_ws/install/pyrobosim_ros/share/pyrobosim_ros/launch/demo_commands.launch.py\n'}
[0.587995] (pyrobosim_ros) StdoutLine: {'line': b'-- Up-to-date symlink: /convince_ws/install/pyrobosim_ros/share/pyrobosim_ros/launch/demo_commands_multirobot.launch.py\n'}
[0.588037] (pyrobosim_ros) StdoutLine: {'line': b'-- Up-to-date symlink: /convince_ws/install/pyrobosim_ros/share/pyrobosim_ros/launch/demo_pddl.launch.py\n'}
[0.588121] (pyrobosim_ros) StdoutLine: {'line': b'-- Up-to-date symlink: /convince_ws/install/pyrobosim_ros/share/ament_index/resource_index/package_run_dependencies/pyrobosim_ros\n'}
[0.588194] (pyrobosim_ros) StdoutLine: {'line': b'-- Up-to-date symlink: /convince_ws/install/pyrobosim_ros/share/ament_index/resource_index/parent_prefix_path/pyrobosim_ros\n'}
[0.588267] (pyrobosim_ros) StdoutLine: {'line': b'-- Up-to-date symlink: /convince_ws/install/pyrobosim_ros/share/pyrobosim_ros/environment/ament_prefix_path.sh\n'}
[0.588328] (pyrobosim_ros) StdoutLine: {'line': b'-- Up-to-date symlink: /convince_ws/install/pyrobosim_ros/share/pyrobosim_ros/environment/ament_prefix_path.dsv\n'}
[0.588391] (pyrobosim_ros) StdoutLine: {'line': b'-- Up-to-date symlink: /convince_ws/install/pyrobosim_ros/share/pyrobosim_ros/environment/path.sh\n'}
[0.588448] (pyrobosim_ros) StdoutLine: {'line': b'-- Up-to-date symlink: /convince_ws/install/pyrobosim_ros/share/pyrobosim_ros/environment/path.dsv\n'}
[0.588505] (pyrobosim_ros) StdoutLine: {'line': b'-- Up-to-date symlink: /convince_ws/install/pyrobosim_ros/share/pyrobosim_ros/local_setup.bash\n'}
[0.588560] (pyrobosim_ros) StdoutLine: {'line': b'-- Up-to-date symlink: /convince_ws/install/pyrobosim_ros/share/pyrobosim_ros/local_setup.sh\n'}
[0.588615] (pyrobosim_ros) StdoutLine: {'line': b'-- Up-to-date symlink: /convince_ws/install/pyrobosim_ros/share/pyrobosim_ros/local_setup.zsh\n'}
[0.588669] (pyrobosim_ros) StdoutLine: {'line': b'-- Up-to-date symlink: /convince_ws/install/pyrobosim_ros/share/pyrobosim_ros/local_setup.dsv\n'}
[0.588713] (pyrobosim_ros) StdoutLine: {'line': b'-- Symlinking: /convince_ws/install/pyrobosim_ros/share/pyrobosim_ros/package.dsv\n'}
[0.595212] (pyrobosim_ros) StdoutLine: {'line': b'-- Up-to-date symlink: /convince_ws/install/pyrobosim_ros/share/ament_index/resource_index/packages/pyrobosim_ros\n'}
[0.595279] (pyrobosim_ros) StdoutLine: {'line': b'-- Up-to-date symlink: /convince_ws/install/pyrobosim_ros/share/pyrobosim_ros/cmake/pyrobosim_rosConfig.cmake\n'}
[0.595331] (pyrobosim_ros) StdoutLine: {'line': b'-- Up-to-date symlink: /convince_ws/install/pyrobosim_ros/share/pyrobosim_ros/cmake/pyrobosim_rosConfig-version.cmake\n'}
[0.595359] (pyrobosim_ros) StdoutLine: {'line': b'-- Up-to-date symlink: /convince_ws/install/pyrobosim_ros/share/pyrobosim_ros/package.xml\n'}
[0.600670] (-) TimerEvent: {}
[0.620873] (pyrobosim_ros) StdoutLine: {'line': b"Listing '/convince_ws/install/pyrobosim_ros/lib/python3.12/site-packages/pyrobosim_ros'...\n"}
[0.623566] (bt_executor) StdoutLine: {'line': b'-- Detecting C compiler ABI info - done\n'}
[0.624796] (pyrobosim_ros) CommandEnded: {'returncode': 0}
[0.625366] (pyrobosim) StdoutLine: {'line': b'running egg_info\n'}
[0.628596] (bt_executor) StdoutLine: {'line': b'-- Check for working C compiler: /usr/bin/cc - skipped\n'}
[0.628721] (bt_executor) StdoutLine: {'line': b'-- Detecting C compile features\n'}
[0.628947] (bt_executor) StdoutLine: {'line': b'-- Detecting C compile features - done\n'}
[0.631155] (pyrobosim) StdoutLine: {'line': b'writing pyrobosim.egg-info/PKG-INFO\n'}
[0.631249] (pyrobosim) StdoutLine: {'line': b'writing dependency_links to pyrobosim.egg-info/dependency_links.txt\n'}
[0.631316] (pyrobosim) StdoutLine: {'line': b'writing requirements to pyrobosim.egg-info/requires.txt\n'}
[0.631366] (pyrobosim) StdoutLine: {'line': b'writing top-level names to pyrobosim.egg-info/top_level.txt\n'}
[0.635333] (bt_executor) StdoutLine: {'line': b'-- Detecting CXX compiler ABI info\n'}
[0.636165] (pyrobosim_ros) JobEnded: {'identifier': 'pyrobosim_ros', 'rc': 0}
[0.636590] (tutorial_sim) JobStarted: {'identifier': 'tutorial_sim'}
[0.645127] (pyrobosim) StdoutLine: {'line': b"reading manifest file 'pyrobosim.egg-info/SOURCES.txt'\n"}
[0.646125] (pyrobosim) StdoutLine: {'line': b"writing manifest file 'pyrobosim.egg-info/SOURCES.txt'\n"}
[0.653263] (pyrobosim) StdoutLine: {'line': b'running build_ext\n'}
[0.653404] (pyrobosim) StdoutLine: {'line': b'Creating /convince_ws/install/pyrobosim/lib/python3.12/site-packages/pyrobosim.egg-link (link to .)\n'}
[0.653650] (pyrobosim) StdoutLine: {'line': b'\n'}
[0.653716] (pyrobosim) StdoutLine: {'line': b'Installed /convince_ws/build/pyrobosim\n'}
[0.700800] (-) TimerEvent: {}
[0.702398] (bt_executor) StdoutLine: {'line': b'-- Detecting CXX compiler ABI info - done\n'}
[0.710450] (bt_executor) StdoutLine: {'line': b'-- Check for working CXX compiler: /usr/bin/c++ - skipped\n'}
[0.710544] (bt_executor) StdoutLine: {'line': b'-- Detecting CXX compile features\n'}
[0.710807] (bt_executor) StdoutLine: {'line': b'-- Detecting CXX compile features - done\n'}
[0.712773] (bt_executor) StdoutLine: {'line': b'-- Found ament_cmake: 2.5.5 (/opt/ros/jazzy/share/ament_cmake/cmake)\n'}
[0.743878] (pyrobosim) CommandEnded: {'returncode': 0}
[0.747283] (pyrobosim) JobEnded: {'identifier': 'pyrobosim', 'rc': 0}
[0.800876] (-) TimerEvent: {}
[0.801184] (bt_executor) StdoutLine: {'line': b'-- Found Python3: /usr/bin/python3 (found version "3.12.3") found components: Interpreter \n'}
[0.842010] (bt_executor) StdoutLine: {'line': b'-- Override CMake install command with custom implementation using symlinks instead of copying resources\n'}
[0.860328] (bt_executor) StdoutLine: {'line': b'-- Found ament_index_cpp: 1.8.2 (/opt/ros/jazzy/share/ament_index_cpp/cmake)\n'}
[0.860813] (bt_executor) StdoutLine: {'line': b'-- Found behaviortree_ros2: 0.3.0 (/convince_ws/install/behaviortree_ros2/share/behaviortree_ros2/cmake)\n'}
[0.885929] (bt_executor) StdoutLine: {'line': b'-- Found rosidl_generator_c: 4.6.7 (/opt/ros/jazzy/share/rosidl_generator_c/cmake)\n'}
[0.893696] (bt_executor) StdoutLine: {'line': b'-- Found rosidl_generator_cpp: 4.6.7 (/opt/ros/jazzy/share/rosidl_generator_cpp/cmake)\n'}
[0.900929] (-) TimerEvent: {}
[0.902780] (bt_executor) StdoutLine: {'line': b'-- Using all available rosidl_typesupport_c: rosidl_typesupport_fastrtps_c;rosidl_typesupport_introspection_c\n'}
[0.912854] (bt_executor) StdoutLine: {'line': b'-- Using all available rosidl_typesupport_cpp: rosidl_typesupport_fastrtps_cpp;rosidl_typesupport_introspection_cpp\n'}
[0.956989] (bt_executor) StdoutLine: {'line': b'-- Found rmw_implementation_cmake: 7.3.3 (/opt/ros/jazzy/share/rmw_implementation_cmake/cmake)\n'}
[0.958844] (bt_executor) StdoutLine: {'line': b'-- Found rmw_fastrtps_cpp: 8.4.3 (/opt/ros/jazzy/share/rmw_fastrtps_cpp/cmake)\n'}
[0.991667] (tutorial_sim) Command: {'cmd': ['/usr/bin/python3', '-W', 'ignore:setup.py install is deprecated', '-W', 'ignore:easy_install command is deprecated', 'setup.py', 'develop', '--editable', '--build-directory', '/convince_ws/build/tutorial_sim/build', '--no-deps', 'symlink_data'], 'cwd': '/convince_ws/build/tutorial_sim', 'env': {'PYTHONWARNINGS': 'ignore:setup.py install is deprecated,ignore:easy_install command is deprecated', 'HOSTNAME': '7bef9378b671', 'SHLVL': '1', 'LD_LIBRARY_PATH': '/convince_ws/install/pyrobosim_msgs/lib:/convince_ws/install/overarching_msgs/lib:/opt/ros/jazzy/opt/zmqpp_vendor/lib:/opt/ros/jazzy/lib/x86_64-linux-gnu:/opt/ros/jazzy/lib', 'HOME': '/root', 'OLDPWD': '/convince_ws', 'ROS_PYTHON_VERSION': '3', 'ROS_DISTRO': 'jazzy', '_': '/usr/bin/colcon', 'ROS_VERSION': '2', 'TERM': 'xterm', 'QT_X11_NO_MITSHM': '1', 'PATH': '/opt/ros/jazzy/bin:/usr/local/sbin:/usr/local/bin:/usr/sbin:/usr/bin:/sbin:/bin', 'DISPLAY': ':1', 'LANG': 'C.UTF-8', 'AMENT_PREFIX_PATH': '/convince_ws/install/pyrobosim_ros:/convince_ws/install/pyrobosim_msgs:/convince_ws/install/overarching_msgs:/opt/ros/jazzy', 'ROS_WS': '/convince_ws', 'ROS_AUTOMATIC_DISCOVERY_RANGE': 'SUBNET', 'PWD': '/convince_ws/build/tutorial_sim', 'LC_ALL': 'C.UTF-8', 'PYTHONPATH': '/convince_ws/build/tutorial_sim/prefix_override:/usr/lib/python3/dist-packages/colcon_core/task/python/colcon_distutils_commands:/convince_ws/install/tutorial_sim/lib/python3.12/site-packages:/convince_ws/install/pyrobosim_ros/lib/python3.12/site-packages:/convince_ws/install/pyrobosim_msgs/lib/python3.12/site-packages:/convince_ws/install/overarching_msgs/lib/python3.12/site-packages:/opt/ros/jazzy/lib/python3.12/site-packages', 'COLCON': '1', 'CMAKE_PREFIX_PATH': '/convince_ws/install/pyrobosim_ros:/convince_ws/install/pyrobosim_msgs:/convince_ws/install/overarching_msgs'}, 'shell': False}
[1.001011] (-) TimerEvent: {}
[1.005978] (bt_executor) StdoutLine: {'line': b'-- Found OpenSSL: /usr/lib/x86_64-linux-gnu/libcrypto.so (found version "3.0.13")  \n'}
[1.016814] (bt_executor) StdoutLine: {'line': b'-- Found FastRTPS: /opt/ros/jazzy/include (Required is at least version "2.13") \n'}
[1.031970] (bt_executor) StdoutLine: {'line': b"-- Using RMW implementation 'rmw_fastrtps_cpp' as default\n"}
[1.101167] (-) TimerEvent: {}
[1.120318] (tutorial_sim) StdoutLine: {'line': b'running develop\n'}
[1.144562] (bt_executor) StdoutLine: {'line': b'-- Found pyrobosim_msgs: 4.3.3 (/convince_ws/install/pyrobosim_msgs/share/pyrobosim_msgs/cmake)\n'}
[1.180884] (bt_executor) StdoutLine: {'line': b'-- Found bt_interfaces_dummy: 0.0.0 (/convince_ws/install/bt_interfaces_dummy/share/bt_interfaces_dummy/cmake)\n'}
[1.182055] (tutorial_sim) StdoutLine: {'line': b'running egg_info\n'}
[1.188093] (tutorial_sim) StdoutLine: {'line': b'writing tutorial_sim.egg-info/PKG-INFO\n'}
[1.188249] (tutorial_sim) StdoutLine: {'line': b'writing dependency_links to tutorial_sim.egg-info/dependency_links.txt\n'}
[1.188345] (tutorial_sim) StdoutLine: {'line': b'writing entry points to tutorial_sim.egg-info/entry_points.txt\n'}
[1.188411] (tutorial_sim) StdoutLine: {'line': b'writing requirements to tutorial_sim.egg-info/requires.txt\n'}
[1.188471] (tutorial_sim) StdoutLine: {'line': b'writing top-level names to tutorial_sim.egg-info/top_level.txt\n'}
[1.189842] (bt_executor) StdoutLine: {'line': b'-- Found overarching_msgs: 0.0.0 (/convince_ws/install/overarching_msgs/share/overarching_msgs/cmake)\n'}
[1.200474] (tutorial_sim) StdoutLine: {'line': b"reading manifest file 'tutorial_sim.egg-info/SOURCES.txt'\n"}
[1.200865] (tutorial_sim) StdoutLine: {'line': b"writing manifest file 'tutorial_sim.egg-info/SOURCES.txt'\n"}
[1.201220] (-) TimerEvent: {}
[1.204258] (bt_executor) StderrLine: {'line': b'\x1b[31mCMake Error at CMakeLists.txt:23 (find_package):\n'}
[1.204379] (bt_executor) StderrLine: {'line': b'  By not providing "Findbt_nodes.cmake" in CMAKE_MODULE_PATH this project has\n'}
[1.204443] (bt_executor) StderrLine: {'line': b'  asked CMake to find a package configuration file provided by "bt_nodes",\n'}
[1.204503] (bt_executor) StderrLine: {'line': b'  but CMake did not find one.\n'}
[1.204562] (bt_executor) StderrLine: {'line': b'\n'}
[1.204621] (bt_executor) StderrLine: {'line': b'  Could not find a package configuration file provided by "bt_nodes" with any\n'}
[1.204679] (bt_executor) StderrLine: {'line': b'  of the following names:\n'}
[1.204744] (bt_executor) StderrLine: {'line': b'\n'}
[1.204808] (bt_executor) StderrLine: {'line': b'    bt_nodesConfig.cmake\n'}
[1.204872] (bt_executor) StderrLine: {'line': b'    bt_nodes-config.cmake\n'}
[1.204931] (bt_executor) StderrLine: {'line': b'\n'}
[1.204989] (bt_executor) StderrLine: {'line': b'  Add the installation prefix of "bt_nodes" to CMAKE_PREFIX_PATH or set\n'}
[1.205047] (bt_executor) StderrLine: {'line': b'  "bt_nodes_DIR" to a directory containing one of the above files.  If\n'}
[1.205104] (bt_executor) StderrLine: {'line': b'  "bt_nodes" provides a separate development package or SDK, be sure it has\n'}
[1.205163] (bt_executor) StderrLine: {'line': b'  been installed.\n'}
[1.205220] (bt_executor) StderrLine: {'line': b'\n'}
[1.205277] (bt_executor) StderrLine: {'line': b'\x1b[0m\n'}
[1.205335] (bt_executor) StdoutLine: {'line': b'-- Configuring incomplete, errors occurred!\n'}
[1.207720] (tutorial_sim) StdoutLine: {'line': b'running build_ext\n'}
[1.207833] (tutorial_sim) StdoutLine: {'line': b'Creating /convince_ws/install/tutorial_sim/lib/python3.12/site-packages/tutorial-sim.egg-link (link to .)\n'}
[1.208142] (tutorial_sim) StdoutLine: {'line': b'Installing run script to /convince_ws/install/tutorial_sim/lib/tutorial_sim\n'}
[1.208248] (tutorial_sim) StdoutLine: {'line': b'Installing translate_component script to /convince_ws/install/tutorial_sim/lib/tutorial_sim\n'}
[1.208354] (tutorial_sim) StdoutLine: {'line': b'\n'}
[1.208419] (tutorial_sim) StdoutLine: {'line': b'Installed /convince_ws/build/tutorial_sim\n'}
[1.208529] (tutorial_sim) StdoutLine: {'line': b'running symlink_data\n'}
[1.208938] (bt_executor) CommandEnded: {'returncode': 1}
[1.221202] (bt_executor) JobEnded: {'identifier': 'bt_executor', 'rc': 1}
[1.223334] (tutorial_sim) CommandEnded: {'returncode': 0}
[1.228334] (tutorial_sim) JobEnded: {'identifier': 'tutorial_sim', 'rc': 0}
[1.238606] (-) EventReactorShutdown: {}
