[0.054s] DEBUG:colcon:Command line arguments: ['/usr/bin/colcon', 'build']
[0.054s] DEBUG:colcon:Parsed command line arguments: Namespace(log_base=None, log_level=None, verb_name='build', build_base='build', install_base='install', merge_install=False, symlink_install=False, test_result_base=None, continue_on_error=False, executor='parallel', parallel_workers=20, event_handlers=None, ignore_user_meta=False, metas=['./colcon.meta'], base_paths=['.'], packages_ignore=None, packages_ignore_regex=None, paths=None, packages_up_to=None, packages_up_to_regex=None, packages_above=None, packages_above_and_dependencies=None, packages_above_depth=None, packages_select_by_dep=None, packages_skip_by_dep=None, packages_skip_up_to=None, packages_select_build_failed=False, packages_skip_build_finished=False, packages_select_test_failures=False, packages_skip_test_passed=False, packages_select=None, packages_skip=None, packages_select_regex=None, packages_skip_regex=None, packages_start=None, packages_end=None, cmake_args=None, cmake_target=None, cmake_target_skip_unavailable=False, cmake_clean_cache=False, cmake_clean_first=False, cmake_force_configure=False, ament_cmake_args=None, catkin_cmake_args=None, catkin_skip_building_tests=False, mixin_files=None, mixin=None, verb_parser=<colcon_mixin.mixin.mixin_argument.MixinArgumentDecorator object at 0x7487e1a23f20>, verb_extension=<colcon_core.verb.build.BuildVerb object at 0x7487e1a23c50>, main=<bound method BuildVerb.main of <colcon_core.verb.build.BuildVerb object at 0x7487e1a23c50>>, mixin_verb=('build',))
[0.073s] Level 1:colcon.colcon_core.package_discovery:discover_packages(colcon_meta) check parameters
[0.073s] INFO:colcon.colcon_metadata.package_discovery.colcon_meta:Using configuration from '/root/.colcon/metadata/default/Gazebo.meta'
[0.073s] INFO:colcon.colcon_metadata.package_discovery.colcon_meta:Using configuration from '/root/.colcon/metadata/default/fastdds.meta'
[0.073s] INFO:colcon.colcon_metadata.package_discovery.colcon_meta:Using configuration from '/root/.colcon/metadata/default/fastrtps.meta'
[0.073s] Level 1:colcon.colcon_core.package_discovery:discover_packages(recursive) check parameters
[0.073s] Level 1:colcon.colcon_core.package_discovery:discover_packages(ignore) check parameters
[0.073s] Level 1:colcon.colcon_core.package_discovery:discover_packages(path) check parameters
[0.073s] Level 1:colcon.colcon_core.package_discovery:discover_packages(colcon_meta) discover
[0.073s] Level 1:colcon.colcon_core.package_discovery:discover_packages(recursive) discover
[0.073s] INFO:colcon.colcon_core.package_discovery:Crawling recursively for packages in '/convince_ws'
[0.074s] Level 1:colcon.colcon_core.package_identification:_identify(.) by extensions ['ignore', 'ignore_ament_install']
[0.074s] Level 1:colcon.colcon_core.package_identification:_identify(.) by extension 'ignore'
[0.074s] Level 1:colcon.colcon_core.package_identification:_identify(.) by extension 'ignore_ament_install'
[0.074s] Level 1:colcon.colcon_core.package_identification:_identify(.) by extensions ['colcon_pkg']
[0.074s] Level 1:colcon.colcon_core.package_identification:_identify(.) by extension 'colcon_pkg'
[0.074s] Level 1:colcon.colcon_core.package_identification:_identify(.) by extensions ['colcon_meta']
[0.074s] Level 1:colcon.colcon_core.package_identification:_identify(.) by extension 'colcon_meta'
[0.074s] Level 1:colcon.colcon_core.package_identification:_identify(.) by extensions ['ros']
[0.074s] Level 1:colcon.colcon_core.package_identification:_identify(.) by extension 'ros'
[0.087s] Level 1:colcon.colcon_core.package_identification:_identify(.) by extensions ['cmake', 'python']
[0.087s] Level 1:colcon.colcon_core.package_identification:_identify(.) by extension 'cmake'
[0.087s] Level 1:colcon.colcon_core.package_identification:_identify(.) by extension 'python'
[0.087s] Level 1:colcon.colcon_core.package_identification:_identify(.) by extensions ['python_setup_py']
[0.087s] Level 1:colcon.colcon_core.package_identification:_identify(.) by extension 'python_setup_py'
[0.087s] Level 1:colcon.colcon_core.package_identification:_identify(BehaviorTree.CPP) by extensions ['ignore', 'ignore_ament_install']
[0.087s] Level 1:colcon.colcon_core.package_identification:_identify(BehaviorTree.CPP) by extension 'ignore'
[0.087s] Level 1:colcon.colcon_core.package_identification:_identify(BehaviorTree.CPP) by extension 'ignore_ament_install'
[0.087s] Level 1:colcon.colcon_core.package_identification:_identify(BehaviorTree.CPP) by extensions ['colcon_pkg']
[0.087s] Level 1:colcon.colcon_core.package_identification:_identify(BehaviorTree.CPP) by extension 'colcon_pkg'
[0.087s] Level 1:colcon.colcon_core.package_identification:_identify(BehaviorTree.CPP) by extensions ['colcon_meta']
[0.087s] Level 1:colcon.colcon_core.package_identification:_identify(BehaviorTree.CPP) by extension 'colcon_meta'
[0.088s] Level 1:colcon.colcon_core.package_identification:_identify(BehaviorTree.CPP) by extensions ['ros']
[0.088s] Level 1:colcon.colcon_core.package_identification:_identify(BehaviorTree.CPP) by extension 'ros'
[0.091s] DEBUG:colcon.colcon_core.package_identification:Package 'BehaviorTree.CPP' with type 'ros.ament_cmake' and name 'behaviortree_cpp_v3'
[0.091s] Level 1:colcon.colcon_core.package_identification:_identify(build) by extensions ['ignore', 'ignore_ament_install']
[0.091s] Level 1:colcon.colcon_core.package_identification:_identify(build) by extension 'ignore'
[0.091s] Level 1:colcon.colcon_core.package_identification:_identify(build) ignored
[0.091s] Level 1:colcon.colcon_core.package_identification:_identify(install) by extensions ['ignore', 'ignore_ament_install']
[0.091s] Level 1:colcon.colcon_core.package_identification:_identify(install) by extension 'ignore'
[0.091s] Level 1:colcon.colcon_core.package_identification:_identify(install) ignored
[0.091s] Level 1:colcon.colcon_core.package_identification:_identify(log) by extensions ['ignore', 'ignore_ament_install']
[0.091s] Level 1:colcon.colcon_core.package_identification:_identify(log) by extension 'ignore'
[0.091s] Level 1:colcon.colcon_core.package_identification:_identify(log) ignored
[0.091s] Level 1:colcon.colcon_core.package_identification:_identify(src) by extensions ['ignore', 'ignore_ament_install']
[0.092s] Level 1:colcon.colcon_core.package_identification:_identify(src) by extension 'ignore'
[0.092s] Level 1:colcon.colcon_core.package_identification:_identify(src) by extension 'ignore_ament_install'
[0.092s] Level 1:colcon.colcon_core.package_identification:_identify(src) by extensions ['colcon_pkg']
[0.092s] Level 1:colcon.colcon_core.package_identification:_identify(src) by extension 'colcon_pkg'
[0.092s] Level 1:colcon.colcon_core.package_identification:_identify(src) by extensions ['colcon_meta']
[0.092s] Level 1:colcon.colcon_core.package_identification:_identify(src) by extension 'colcon_meta'
[0.092s] Level 1:colcon.colcon_core.package_identification:_identify(src) by extensions ['ros']
[0.092s] Level 1:colcon.colcon_core.package_identification:_identify(src) by extension 'ros'
[0.092s] Level 1:colcon.colcon_core.package_identification:_identify(src) by extensions ['cmake', 'python']
[0.092s] Level 1:colcon.colcon_core.package_identification:_identify(src) by extension 'cmake'
[0.092s] Level 1:colcon.colcon_core.package_identification:_identify(src) by extension 'python'
[0.092s] Level 1:colcon.colcon_core.package_identification:_identify(src) by extensions ['python_setup_py']
[0.092s] Level 1:colcon.colcon_core.package_identification:_identify(src) by extension 'python_setup_py'
[0.092s] Level 1:colcon.colcon_core.package_identification:_identify(src/behavior_tree) by extensions ['ignore', 'ignore_ament_install']
[0.092s] Level 1:colcon.colcon_core.package_identification:_identify(src/behavior_tree) by extension 'ignore'
[0.092s] Level 1:colcon.colcon_core.package_identification:_identify(src/behavior_tree) by extension 'ignore_ament_install'
[0.092s] Level 1:colcon.colcon_core.package_identification:_identify(src/behavior_tree) by extensions ['colcon_pkg']
[0.092s] Level 1:colcon.colcon_core.package_identification:_identify(src/behavior_tree) by extension 'colcon_pkg'
[0.092s] Level 1:colcon.colcon_core.package_identification:_identify(src/behavior_tree) by extensions ['colcon_meta']
[0.092s] Level 1:colcon.colcon_core.package_identification:_identify(src/behavior_tree) by extension 'colcon_meta'
[0.092s] Level 1:colcon.colcon_core.package_identification:_identify(src/behavior_tree) by extensions ['ros']
[0.092s] Level 1:colcon.colcon_core.package_identification:_identify(src/behavior_tree) by extension 'ros'
[0.092s] Level 1:colcon.colcon_core.package_identification:_identify(src/behavior_tree) by extensions ['cmake', 'python']
[0.092s] Level 1:colcon.colcon_core.package_identification:_identify(src/behavior_tree) by extension 'cmake'
[0.092s] Level 1:colcon.colcon_core.package_identification:_identify(src/behavior_tree) by extension 'python'
[0.092s] Level 1:colcon.colcon_core.package_identification:_identify(src/behavior_tree) by extensions ['python_setup_py']
[0.092s] Level 1:colcon.colcon_core.package_identification:_identify(src/behavior_tree) by extension 'python_setup_py'
[0.092s] Level 1:colcon.colcon_core.package_identification:_identify(src/behaviortree_ros2) by extensions ['ignore', 'ignore_ament_install']
[0.092s] Level 1:colcon.colcon_core.package_identification:_identify(src/behaviortree_ros2) by extension 'ignore'
[0.092s] Level 1:colcon.colcon_core.package_identification:_identify(src/behaviortree_ros2) by extension 'ignore_ament_install'
[0.092s] Level 1:colcon.colcon_core.package_identification:_identify(src/behaviortree_ros2) by extensions ['colcon_pkg']
[0.092s] Level 1:colcon.colcon_core.package_identification:_identify(src/behaviortree_ros2) by extension 'colcon_pkg'
[0.092s] Level 1:colcon.colcon_core.package_identification:_identify(src/behaviortree_ros2) by extensions ['colcon_meta']
[0.092s] Level 1:colcon.colcon_core.package_identification:_identify(src/behaviortree_ros2) by extension 'colcon_meta'
[0.092s] Level 1:colcon.colcon_core.package_identification:_identify(src/behaviortree_ros2) by extensions ['ros']
[0.092s] Level 1:colcon.colcon_core.package_identification:_identify(src/behaviortree_ros2) by extension 'ros'
[0.092s] Level 1:colcon.colcon_core.package_identification:_identify(src/behaviortree_ros2) by extensions ['cmake', 'python']
[0.092s] Level 1:colcon.colcon_core.package_identification:_identify(src/behaviortree_ros2) by extension 'cmake'
[0.092s] Level 1:colcon.colcon_core.package_identification:_identify(src/behaviortree_ros2) by extension 'python'
[0.092s] Level 1:colcon.colcon_core.package_identification:_identify(src/behaviortree_ros2) by extensions ['python_setup_py']
[0.092s] Level 1:colcon.colcon_core.package_identification:_identify(src/behaviortree_ros2) by extension 'python_setup_py'
[0.092s] Level 1:colcon.colcon_core.package_identification:_identify(src/behaviortree_ros2/behaviortree_ros2) by extensions ['ignore', 'ignore_ament_install']
[0.092s] Level 1:colcon.colcon_core.package_identification:_identify(src/behaviortree_ros2/behaviortree_ros2) by extension 'ignore'
[0.092s] Level 1:colcon.colcon_core.package_identification:_identify(src/behaviortree_ros2/behaviortree_ros2) by extension 'ignore_ament_install'
[0.092s] Level 1:colcon.colcon_core.package_identification:_identify(src/behaviortree_ros2/behaviortree_ros2) by extensions ['colcon_pkg']
[0.092s] Level 1:colcon.colcon_core.package_identification:_identify(src/behaviortree_ros2/behaviortree_ros2) by extension 'colcon_pkg'
[0.092s] Level 1:colcon.colcon_core.package_identification:_identify(src/behaviortree_ros2/behaviortree_ros2) by extensions ['colcon_meta']
[0.092s] Level 1:colcon.colcon_core.package_identification:_identify(src/behaviortree_ros2/behaviortree_ros2) by extension 'colcon_meta'
[0.092s] Level 1:colcon.colcon_core.package_identification:_identify(src/behaviortree_ros2/behaviortree_ros2) by extensions ['ros']
[0.092s] Level 1:colcon.colcon_core.package_identification:_identify(src/behaviortree_ros2/behaviortree_ros2) by extension 'ros'
[0.093s] DEBUG:colcon.colcon_core.package_identification:Package 'src/behaviortree_ros2/behaviortree_ros2' with type 'ros.ament_cmake' and name 'behaviortree_ros2'
[0.093s] Level 1:colcon.colcon_core.package_identification:_identify(src/behaviortree_ros2/btcpp_ros2_interfaces) by extensions ['ignore', 'ignore_ament_install']
[0.093s] Level 1:colcon.colcon_core.package_identification:_identify(src/behaviortree_ros2/btcpp_ros2_interfaces) by extension 'ignore'
[0.093s] Level 1:colcon.colcon_core.package_identification:_identify(src/behaviortree_ros2/btcpp_ros2_interfaces) by extension 'ignore_ament_install'
[0.093s] Level 1:colcon.colcon_core.package_identification:_identify(src/behaviortree_ros2/btcpp_ros2_interfaces) by extensions ['colcon_pkg']
[0.093s] Level 1:colcon.colcon_core.package_identification:_identify(src/behaviortree_ros2/btcpp_ros2_interfaces) by extension 'colcon_pkg'
[0.093s] Level 1:colcon.colcon_core.package_identification:_identify(src/behaviortree_ros2/btcpp_ros2_interfaces) by extensions ['colcon_meta']
[0.093s] Level 1:colcon.colcon_core.package_identification:_identify(src/behaviortree_ros2/btcpp_ros2_interfaces) by extension 'colcon_meta'
[0.093s] Level 1:colcon.colcon_core.package_identification:_identify(src/behaviortree_ros2/btcpp_ros2_interfaces) by extensions ['ros']
[0.093s] Level 1:colcon.colcon_core.package_identification:_identify(src/behaviortree_ros2/btcpp_ros2_interfaces) by extension 'ros'
[0.093s] DEBUG:colcon.colcon_core.package_identification:Package 'src/behaviortree_ros2/btcpp_ros2_interfaces' with type 'ros.ament_cmake' and name 'btcpp_ros2_interfaces'
[0.093s] Level 1:colcon.colcon_core.package_identification:_identify(src/behaviortree_ros2/btcpp_ros2_samples) by extensions ['ignore', 'ignore_ament_install']
[0.093s] Level 1:colcon.colcon_core.package_identification:_identify(src/behaviortree_ros2/btcpp_ros2_samples) by extension 'ignore'
[0.093s] Level 1:colcon.colcon_core.package_identification:_identify(src/behaviortree_ros2/btcpp_ros2_samples) by extension 'ignore_ament_install'
[0.093s] Level 1:colcon.colcon_core.package_identification:_identify(src/behaviortree_ros2/btcpp_ros2_samples) by extensions ['colcon_pkg']
[0.093s] Level 1:colcon.colcon_core.package_identification:_identify(src/behaviortree_ros2/btcpp_ros2_samples) by extension 'colcon_pkg'
[0.093s] Level 1:colcon.colcon_core.package_identification:_identify(src/behaviortree_ros2/btcpp_ros2_samples) by extensions ['colcon_meta']
[0.093s] Level 1:colcon.colcon_core.package_identification:_identify(src/behaviortree_ros2/btcpp_ros2_samples) by extension 'colcon_meta'
[0.093s] Level 1:colcon.colcon_core.package_identification:_identify(src/behaviortree_ros2/btcpp_ros2_samples) by extensions ['ros']
[0.093s] Level 1:colcon.colcon_core.package_identification:_identify(src/behaviortree_ros2/btcpp_ros2_samples) by extension 'ros'
[0.094s] DEBUG:colcon.colcon_core.package_identification:Package 'src/behaviortree_ros2/btcpp_ros2_samples' with type 'ros.ament_cmake' and name 'btcpp_ros2_samples'
[0.094s] Level 1:colcon.colcon_core.package_identification:_identify(src/bt_nodes) by extensions ['ignore', 'ignore_ament_install']
[0.094s] Level 1:colcon.colcon_core.package_identification:_identify(src/bt_nodes) by extension 'ignore'
[0.094s] Level 1:colcon.colcon_core.package_identification:_identify(src/bt_nodes) by extension 'ignore_ament_install'
[0.094s] Level 1:colcon.colcon_core.package_identification:_identify(src/bt_nodes) by extensions ['colcon_pkg']
[0.094s] Level 1:colcon.colcon_core.package_identification:_identify(src/bt_nodes) by extension 'colcon_pkg'
[0.094s] Level 1:colcon.colcon_core.package_identification:_identify(src/bt_nodes) by extensions ['colcon_meta']
[0.094s] Level 1:colcon.colcon_core.package_identification:_identify(src/bt_nodes) by extension 'colcon_meta'
[0.094s] Level 1:colcon.colcon_core.package_identification:_identify(src/bt_nodes) by extensions ['ros']
[0.094s] Level 1:colcon.colcon_core.package_identification:_identify(src/bt_nodes) by extension 'ros'
[0.094s] Level 1:colcon.colcon_core.package_identification:_identify(src/bt_nodes) by extensions ['cmake', 'python']
[0.094s] Level 1:colcon.colcon_core.package_identification:_identify(src/bt_nodes) by extension 'cmake'
[0.094s] Level 1:colcon.colcon_core.package_identification:_identify(src/bt_nodes) by extension 'python'
[0.094s] Level 1:colcon.colcon_core.package_identification:_identify(src/bt_nodes) by extensions ['python_setup_py']
[0.094s] Level 1:colcon.colcon_core.package_identification:_identify(src/bt_nodes) by extension 'python_setup_py'
[0.094s] Level 1:colcon.colcon_core.package_identification:_identify(src/dependencies) by extensions ['ignore', 'ignore_ament_install']
[0.094s] Level 1:colcon.colcon_core.package_identification:_identify(src/dependencies) by extension 'ignore'
[0.094s] Level 1:colcon.colcon_core.package_identification:_identify(src/dependencies) by extension 'ignore_ament_install'
[0.094s] Level 1:colcon.colcon_core.package_identification:_identify(src/dependencies) by extensions ['colcon_pkg']
[0.094s] Level 1:colcon.colcon_core.package_identification:_identify(src/dependencies) by extension 'colcon_pkg'
[0.094s] Level 1:colcon.colcon_core.package_identification:_identify(src/dependencies) by extensions ['colcon_meta']
[0.094s] Level 1:colcon.colcon_core.package_identification:_identify(src/dependencies) by extension 'colcon_meta'
[0.094s] Level 1:colcon.colcon_core.package_identification:_identify(src/dependencies) by extensions ['ros']
[0.094s] Level 1:colcon.colcon_core.package_identification:_identify(src/dependencies) by extension 'ros'
[0.094s] Level 1:colcon.colcon_core.package_identification:_identify(src/dependencies) by extensions ['cmake', 'python']
[0.094s] Level 1:colcon.colcon_core.package_identification:_identify(src/dependencies) by extension 'cmake'
[0.094s] Level 1:colcon.colcon_core.package_identification:_identify(src/dependencies) by extension 'python'
[0.094s] Level 1:colcon.colcon_core.package_identification:_identify(src/dependencies) by extensions ['python_setup_py']
[0.094s] Level 1:colcon.colcon_core.package_identification:_identify(src/dependencies) by extension 'python_setup_py'
[0.094s] Level 1:colcon.colcon_core.package_identification:_identify(src/dependencies/BehaviorTree.ROS2) by extensions ['ignore', 'ignore_ament_install']
[0.094s] Level 1:colcon.colcon_core.package_identification:_identify(src/dependencies/BehaviorTree.ROS2) by extension 'ignore'
[0.094s] Level 1:colcon.colcon_core.package_identification:_identify(src/dependencies/BehaviorTree.ROS2) by extension 'ignore_ament_install'
[0.094s] Level 1:colcon.colcon_core.package_identification:_identify(src/dependencies/BehaviorTree.ROS2) by extensions ['colcon_pkg']
[0.094s] Level 1:colcon.colcon_core.package_identification:_identify(src/dependencies/BehaviorTree.ROS2) by extension 'colcon_pkg'
[0.094s] Level 1:colcon.colcon_core.package_identification:_identify(src/dependencies/BehaviorTree.ROS2) by extensions ['colcon_meta']
[0.094s] Level 1:colcon.colcon_core.package_identification:_identify(src/dependencies/BehaviorTree.ROS2) by extension 'colcon_meta'
[0.094s] Level 1:colcon.colcon_core.package_identification:_identify(src/dependencies/BehaviorTree.ROS2) by extensions ['ros']
[0.094s] Level 1:colcon.colcon_core.package_identification:_identify(src/dependencies/BehaviorTree.ROS2) by extension 'ros'
[0.094s] Level 1:colcon.colcon_core.package_identification:_identify(src/dependencies/BehaviorTree.ROS2) by extensions ['cmake', 'python']
[0.094s] Level 1:colcon.colcon_core.package_identification:_identify(src/dependencies/BehaviorTree.ROS2) by extension 'cmake'
[0.095s] Level 1:colcon.colcon_core.package_identification:_identify(src/dependencies/BehaviorTree.ROS2) by extension 'python'
[0.095s] Level 1:colcon.colcon_core.package_identification:_identify(src/dependencies/BehaviorTree.ROS2) by extensions ['python_setup_py']
[0.095s] Level 1:colcon.colcon_core.package_identification:_identify(src/dependencies/BehaviorTree.ROS2) by extension 'python_setup_py'
[0.095s] Level 1:colcon.colcon_core.package_identification:_identify(src/generated_skill) by extensions ['ignore', 'ignore_ament_install']
[0.095s] Level 1:colcon.colcon_core.package_identification:_identify(src/generated_skill) by extension 'ignore'
[0.095s] Level 1:colcon.colcon_core.package_identification:_identify(src/generated_skill) by extension 'ignore_ament_install'
[0.095s] Level 1:colcon.colcon_core.package_identification:_identify(src/generated_skill) by extensions ['colcon_pkg']
[0.095s] Level 1:colcon.colcon_core.package_identification:_identify(src/generated_skill) by extension 'colcon_pkg'
[0.095s] Level 1:colcon.colcon_core.package_identification:_identify(src/generated_skill) by extensions ['colcon_meta']
[0.095s] Level 1:colcon.colcon_core.package_identification:_identify(src/generated_skill) by extension 'colcon_meta'
[0.095s] Level 1:colcon.colcon_core.package_identification:_identify(src/generated_skill) by extensions ['ros']
[0.095s] Level 1:colcon.colcon_core.package_identification:_identify(src/generated_skill) by extension 'ros'
[0.095s] Level 1:colcon.colcon_core.package_identification:_identify(src/generated_skill) by extensions ['cmake', 'python']
[0.095s] Level 1:colcon.colcon_core.package_identification:_identify(src/generated_skill) by extension 'cmake'
[0.095s] Level 1:colcon.colcon_core.package_identification:_identify(src/generated_skill) by extension 'python'
[0.095s] Level 1:colcon.colcon_core.package_identification:_identify(src/generated_skill) by extensions ['python_setup_py']
[0.095s] Level 1:colcon.colcon_core.package_identification:_identify(src/generated_skill) by extension 'python_setup_py'
[0.095s] Level 1:colcon.colcon_core.package_identification:_identify(src/pyrobosim) by extensions ['ignore', 'ignore_ament_install']
[0.095s] Level 1:colcon.colcon_core.package_identification:_identify(src/pyrobosim) by extension 'ignore'
[0.095s] Level 1:colcon.colcon_core.package_identification:_identify(src/pyrobosim) by extension 'ignore_ament_install'
[0.095s] Level 1:colcon.colcon_core.package_identification:_identify(src/pyrobosim) by extensions ['colcon_pkg']
[0.095s] Level 1:colcon.colcon_core.package_identification:_identify(src/pyrobosim) by extension 'colcon_pkg'
[0.095s] Level 1:colcon.colcon_core.package_identification:_identify(src/pyrobosim) by extensions ['colcon_meta']
[0.095s] Level 1:colcon.colcon_core.package_identification:_identify(src/pyrobosim) by extension 'colcon_meta'
[0.095s] Level 1:colcon.colcon_core.package_identification:_identify(src/pyrobosim) by extensions ['ros']
[0.095s] Level 1:colcon.colcon_core.package_identification:_identify(src/pyrobosim) by extension 'ros'
[0.095s] Level 1:colcon.colcon_core.package_identification:_identify(src/pyrobosim) by extensions ['cmake', 'python']
[0.095s] Level 1:colcon.colcon_core.package_identification:_identify(src/pyrobosim) by extension 'cmake'
[0.095s] Level 1:colcon.colcon_core.package_identification:_identify(src/pyrobosim) by extension 'python'
[0.095s] Level 1:colcon.colcon_core.package_identification:_identify(src/pyrobosim) by extensions ['python_setup_py']
[0.095s] Level 1:colcon.colcon_core.package_identification:_identify(src/pyrobosim) by extension 'python_setup_py'
[0.095s] Level 1:colcon.colcon_core.package_identification:_identify(src/pyrobosim/docker) by extensions ['ignore', 'ignore_ament_install']
[0.095s] Level 1:colcon.colcon_core.package_identification:_identify(src/pyrobosim/docker) by extension 'ignore'
[0.095s] Level 1:colcon.colcon_core.package_identification:_identify(src/pyrobosim/docker) by extension 'ignore_ament_install'
[0.095s] Level 1:colcon.colcon_core.package_identification:_identify(src/pyrobosim/docker) by extensions ['colcon_pkg']
[0.095s] Level 1:colcon.colcon_core.package_identification:_identify(src/pyrobosim/docker) by extension 'colcon_pkg'
[0.095s] Level 1:colcon.colcon_core.package_identification:_identify(src/pyrobosim/docker) by extensions ['colcon_meta']
[0.095s] Level 1:colcon.colcon_core.package_identification:_identify(src/pyrobosim/docker) by extension 'colcon_meta'
[0.095s] Level 1:colcon.colcon_core.package_identification:_identify(src/pyrobosim/docker) by extensions ['ros']
[0.095s] Level 1:colcon.colcon_core.package_identification:_identify(src/pyrobosim/docker) by extension 'ros'
[0.095s] Level 1:colcon.colcon_core.package_identification:_identify(src/pyrobosim/docker) by extensions ['cmake', 'python']
[0.095s] Level 1:colcon.colcon_core.package_identification:_identify(src/pyrobosim/docker) by extension 'cmake'
[0.095s] Level 1:colcon.colcon_core.package_identification:_identify(src/pyrobosim/docker) by extension 'python'
[0.095s] Level 1:colcon.colcon_core.package_identification:_identify(src/pyrobosim/docker) by extensions ['python_setup_py']
[0.095s] Level 1:colcon.colcon_core.package_identification:_identify(src/pyrobosim/docker) by extension 'python_setup_py'
[0.095s] Level 1:colcon.colcon_core.package_identification:_identify(src/pyrobosim/docs) by extensions ['ignore', 'ignore_ament_install']
[0.095s] Level 1:colcon.colcon_core.package_identification:_identify(src/pyrobosim/docs) by extension 'ignore'
[0.095s] Level 1:colcon.colcon_core.package_identification:_identify(src/pyrobosim/docs) by extension 'ignore_ament_install'
[0.095s] Level 1:colcon.colcon_core.package_identification:_identify(src/pyrobosim/docs) by extensions ['colcon_pkg']
[0.095s] Level 1:colcon.colcon_core.package_identification:_identify(src/pyrobosim/docs) by extension 'colcon_pkg'
[0.095s] Level 1:colcon.colcon_core.package_identification:_identify(src/pyrobosim/docs) by extensions ['colcon_meta']
[0.095s] Level 1:colcon.colcon_core.package_identification:_identify(src/pyrobosim/docs) by extension 'colcon_meta'
[0.095s] Level 1:colcon.colcon_core.package_identification:_identify(src/pyrobosim/docs) by extensions ['ros']
[0.095s] Level 1:colcon.colcon_core.package_identification:_identify(src/pyrobosim/docs) by extension 'ros'
[0.096s] Level 1:colcon.colcon_core.package_identification:_identify(src/pyrobosim/docs) by extensions ['cmake', 'python']
[0.096s] Level 1:colcon.colcon_core.package_identification:_identify(src/pyrobosim/docs) by extension 'cmake'
[0.096s] Level 1:colcon.colcon_core.package_identification:_identify(src/pyrobosim/docs) by extension 'python'
[0.096s] Level 1:colcon.colcon_core.package_identification:_identify(src/pyrobosim/docs) by extensions ['python_setup_py']
[0.096s] Level 1:colcon.colcon_core.package_identification:_identify(src/pyrobosim/docs) by extension 'python_setup_py'
[0.096s] Level 1:colcon.colcon_core.package_identification:_identify(src/pyrobosim/docs/source) by extensions ['ignore', 'ignore_ament_install']
[0.096s] Level 1:colcon.colcon_core.package_identification:_identify(src/pyrobosim/docs/source) by extension 'ignore'
[0.096s] Level 1:colcon.colcon_core.package_identification:_identify(src/pyrobosim/docs/source) by extension 'ignore_ament_install'
[0.096s] Level 1:colcon.colcon_core.package_identification:_identify(src/pyrobosim/docs/source) by extensions ['colcon_pkg']
[0.096s] Level 1:colcon.colcon_core.package_identification:_identify(src/pyrobosim/docs/source) by extension 'colcon_pkg'
[0.096s] Level 1:colcon.colcon_core.package_identification:_identify(src/pyrobosim/docs/source) by extensions ['colcon_meta']
[0.096s] Level 1:colcon.colcon_core.package_identification:_identify(src/pyrobosim/docs/source) by extension 'colcon_meta'
[0.096s] Level 1:colcon.colcon_core.package_identification:_identify(src/pyrobosim/docs/source) by extensions ['ros']
[0.096s] Level 1:colcon.colcon_core.package_identification:_identify(src/pyrobosim/docs/source) by extension 'ros'
[0.096s] Level 1:colcon.colcon_core.package_identification:_identify(src/pyrobosim/docs/source) by extensions ['cmake', 'python']
[0.096s] Level 1:colcon.colcon_core.package_identification:_identify(src/pyrobosim/docs/source) by extension 'cmake'
[0.096s] Level 1:colcon.colcon_core.package_identification:_identify(src/pyrobosim/docs/source) by extension 'python'
[0.096s] Level 1:colcon.colcon_core.package_identification:_identify(src/pyrobosim/docs/source) by extensions ['python_setup_py']
[0.096s] Level 1:colcon.colcon_core.package_identification:_identify(src/pyrobosim/docs/source) by extension 'python_setup_py'
[0.096s] Level 1:colcon.colcon_core.package_identification:_identify(src/pyrobosim/docs/source/_templates) by extensions ['ignore', 'ignore_ament_install']
[0.096s] Level 1:colcon.colcon_core.package_identification:_identify(src/pyrobosim/docs/source/_templates) by extension 'ignore'
[0.096s] Level 1:colcon.colcon_core.package_identification:_identify(src/pyrobosim/docs/source/_templates) by extension 'ignore_ament_install'
[0.096s] Level 1:colcon.colcon_core.package_identification:_identify(src/pyrobosim/docs/source/_templates) by extensions ['colcon_pkg']
[0.096s] Level 1:colcon.colcon_core.package_identification:_identify(src/pyrobosim/docs/source/_templates) by extension 'colcon_pkg'
[0.096s] Level 1:colcon.colcon_core.package_identification:_identify(src/pyrobosim/docs/source/_templates) by extensions ['colcon_meta']
[0.096s] Level 1:colcon.colcon_core.package_identification:_identify(src/pyrobosim/docs/source/_templates) by extension 'colcon_meta'
[0.096s] Level 1:colcon.colcon_core.package_identification:_identify(src/pyrobosim/docs/source/_templates) by extensions ['ros']
[0.096s] Level 1:colcon.colcon_core.package_identification:_identify(src/pyrobosim/docs/source/_templates) by extension 'ros'
[0.096s] Level 1:colcon.colcon_core.package_identification:_identify(src/pyrobosim/docs/source/_templates) by extensions ['cmake', 'python']
[0.096s] Level 1:colcon.colcon_core.package_identification:_identify(src/pyrobosim/docs/source/_templates) by extension 'cmake'
[0.096s] Level 1:colcon.colcon_core.package_identification:_identify(src/pyrobosim/docs/source/_templates) by extension 'python'
[0.096s] Level 1:colcon.colcon_core.package_identification:_identify(src/pyrobosim/docs/source/_templates) by extensions ['python_setup_py']
[0.096s] Level 1:colcon.colcon_core.package_identification:_identify(src/pyrobosim/docs/source/_templates) by extension 'python_setup_py'
[0.096s] Level 1:colcon.colcon_core.package_identification:_identify(src/pyrobosim/docs/source/_templates/autosummary) by extensions ['ignore', 'ignore_ament_install']
[0.096s] Level 1:colcon.colcon_core.package_identification:_identify(src/pyrobosim/docs/source/_templates/autosummary) by extension 'ignore'
[0.096s] Level 1:colcon.colcon_core.package_identification:_identify(src/pyrobosim/docs/source/_templates/autosummary) by extension 'ignore_ament_install'
[0.096s] Level 1:colcon.colcon_core.package_identification:_identify(src/pyrobosim/docs/source/_templates/autosummary) by extensions ['colcon_pkg']
[0.096s] Level 1:colcon.colcon_core.package_identification:_identify(src/pyrobosim/docs/source/_templates/autosummary) by extension 'colcon_pkg'
[0.096s] Level 1:colcon.colcon_core.package_identification:_identify(src/pyrobosim/docs/source/_templates/autosummary) by extensions ['colcon_meta']
[0.096s] Level 1:colcon.colcon_core.package_identification:_identify(src/pyrobosim/docs/source/_templates/autosummary) by extension 'colcon_meta'
[0.096s] Level 1:colcon.colcon_core.package_identification:_identify(src/pyrobosim/docs/source/_templates/autosummary) by extensions ['ros']
[0.096s] Level 1:colcon.colcon_core.package_identification:_identify(src/pyrobosim/docs/source/_templates/autosummary) by extension 'ros'
[0.097s] Level 1:colcon.colcon_core.package_identification:_identify(src/pyrobosim/docs/source/_templates/autosummary) by extensions ['cmake', 'python']
[0.097s] Level 1:colcon.colcon_core.package_identification:_identify(src/pyrobosim/docs/source/_templates/autosummary) by extension 'cmake'
[0.097s] Level 1:colcon.colcon_core.package_identification:_identify(src/pyrobosim/docs/source/_templates/autosummary) by extension 'python'
[0.097s] Level 1:colcon.colcon_core.package_identification:_identify(src/pyrobosim/docs/source/_templates/autosummary) by extensions ['python_setup_py']
[0.097s] Level 1:colcon.colcon_core.package_identification:_identify(src/pyrobosim/docs/source/_templates/autosummary) by extension 'python_setup_py'
[0.097s] Level 1:colcon.colcon_core.package_identification:_identify(src/pyrobosim/docs/source/media) by extensions ['ignore', 'ignore_ament_install']
[0.097s] Level 1:colcon.colcon_core.package_identification:_identify(src/pyrobosim/docs/source/media) by extension 'ignore'
[0.097s] Level 1:colcon.colcon_core.package_identification:_identify(src/pyrobosim/docs/source/media) by extension 'ignore_ament_install'
[0.097s] Level 1:colcon.colcon_core.package_identification:_identify(src/pyrobosim/docs/source/media) by extensions ['colcon_pkg']
[0.097s] Level 1:colcon.colcon_core.package_identification:_identify(src/pyrobosim/docs/source/media) by extension 'colcon_pkg'
[0.097s] Level 1:colcon.colcon_core.package_identification:_identify(src/pyrobosim/docs/source/media) by extensions ['colcon_meta']
[0.097s] Level 1:colcon.colcon_core.package_identification:_identify(src/pyrobosim/docs/source/media) by extension 'colcon_meta'
[0.097s] Level 1:colcon.colcon_core.package_identification:_identify(src/pyrobosim/docs/source/media) by extensions ['ros']
[0.097s] Level 1:colcon.colcon_core.package_identification:_identify(src/pyrobosim/docs/source/media) by extension 'ros'
[0.097s] Level 1:colcon.colcon_core.package_identification:_identify(src/pyrobosim/docs/source/media) by extensions ['cmake', 'python']
[0.097s] Level 1:colcon.colcon_core.package_identification:_identify(src/pyrobosim/docs/source/media) by extension 'cmake'
[0.097s] Level 1:colcon.colcon_core.package_identification:_identify(src/pyrobosim/docs/source/media) by extension 'python'
[0.097s] Level 1:colcon.colcon_core.package_identification:_identify(src/pyrobosim/docs/source/media) by extensions ['python_setup_py']
[0.097s] Level 1:colcon.colcon_core.package_identification:_identify(src/pyrobosim/docs/source/media) by extension 'python_setup_py'
[0.097s] Level 1:colcon.colcon_core.package_identification:_identify(src/pyrobosim/docs/source/usage) by extensions ['ignore', 'ignore_ament_install']
[0.097s] Level 1:colcon.colcon_core.package_identification:_identify(src/pyrobosim/docs/source/usage) by extension 'ignore'
[0.097s] Level 1:colcon.colcon_core.package_identification:_identify(src/pyrobosim/docs/source/usage) by extension 'ignore_ament_install'
[0.097s] Level 1:colcon.colcon_core.package_identification:_identify(src/pyrobosim/docs/source/usage) by extensions ['colcon_pkg']
[0.097s] Level 1:colcon.colcon_core.package_identification:_identify(src/pyrobosim/docs/source/usage) by extension 'colcon_pkg'
[0.097s] Level 1:colcon.colcon_core.package_identification:_identify(src/pyrobosim/docs/source/usage) by extensions ['colcon_meta']
[0.097s] Level 1:colcon.colcon_core.package_identification:_identify(src/pyrobosim/docs/source/usage) by extension 'colcon_meta'
[0.097s] Level 1:colcon.colcon_core.package_identification:_identify(src/pyrobosim/docs/source/usage) by extensions ['ros']
[0.097s] Level 1:colcon.colcon_core.package_identification:_identify(src/pyrobosim/docs/source/usage) by extension 'ros'
[0.097s] Level 1:colcon.colcon_core.package_identification:_identify(src/pyrobosim/docs/source/usage) by extensions ['cmake', 'python']
[0.097s] Level 1:colcon.colcon_core.package_identification:_identify(src/pyrobosim/docs/source/usage) by extension 'cmake'
[0.097s] Level 1:colcon.colcon_core.package_identification:_identify(src/pyrobosim/docs/source/usage) by extension 'python'
[0.097s] Level 1:colcon.colcon_core.package_identification:_identify(src/pyrobosim/docs/source/usage) by extensions ['python_setup_py']
[0.097s] Level 1:colcon.colcon_core.package_identification:_identify(src/pyrobosim/docs/source/usage) by extension 'python_setup_py'
[0.097s] Level 1:colcon.colcon_core.package_identification:_identify(src/pyrobosim/docs/source/yaml) by extensions ['ignore', 'ignore_ament_install']
[0.097s] Level 1:colcon.colcon_core.package_identification:_identify(src/pyrobosim/docs/source/yaml) by extension 'ignore'
[0.097s] Level 1:colcon.colcon_core.package_identification:_identify(src/pyrobosim/docs/source/yaml) by extension 'ignore_ament_install'
[0.097s] Level 1:colcon.colcon_core.package_identification:_identify(src/pyrobosim/docs/source/yaml) by extensions ['colcon_pkg']
[0.097s] Level 1:colcon.colcon_core.package_identification:_identify(src/pyrobosim/docs/source/yaml) by extension 'colcon_pkg'
[0.097s] Level 1:colcon.colcon_core.package_identification:_identify(src/pyrobosim/docs/source/yaml) by extensions ['colcon_meta']
[0.097s] Level 1:colcon.colcon_core.package_identification:_identify(src/pyrobosim/docs/source/yaml) by extension 'colcon_meta'
[0.097s] Level 1:colcon.colcon_core.package_identification:_identify(src/pyrobosim/docs/source/yaml) by extensions ['ros']
[0.097s] Level 1:colcon.colcon_core.package_identification:_identify(src/pyrobosim/docs/source/yaml) by extension 'ros'
[0.097s] Level 1:colcon.colcon_core.package_identification:_identify(src/pyrobosim/docs/source/yaml) by extensions ['cmake', 'python']
[0.097s] Level 1:colcon.colcon_core.package_identification:_identify(src/pyrobosim/docs/source/yaml) by extension 'cmake'
[0.097s] Level 1:colcon.colcon_core.package_identification:_identify(src/pyrobosim/docs/source/yaml) by extension 'python'
[0.097s] Level 1:colcon.colcon_core.package_identification:_identify(src/pyrobosim/docs/source/yaml) by extensions ['python_setup_py']
[0.097s] Level 1:colcon.colcon_core.package_identification:_identify(src/pyrobosim/docs/source/yaml) by extension 'python_setup_py'
[0.098s] Level 1:colcon.colcon_core.package_identification:_identify(src/pyrobosim/pyrobosim) by extensions ['ignore', 'ignore_ament_install']
[0.098s] Level 1:colcon.colcon_core.package_identification:_identify(src/pyrobosim/pyrobosim) by extension 'ignore'
[0.098s] Level 1:colcon.colcon_core.package_identification:_identify(src/pyrobosim/pyrobosim) by extension 'ignore_ament_install'
[0.098s] Level 1:colcon.colcon_core.package_identification:_identify(src/pyrobosim/pyrobosim) by extensions ['colcon_pkg']
[0.098s] Level 1:colcon.colcon_core.package_identification:_identify(src/pyrobosim/pyrobosim) by extension 'colcon_pkg'
[0.098s] Level 1:colcon.colcon_core.package_identification:_identify(src/pyrobosim/pyrobosim) by extensions ['colcon_meta']
[0.098s] Level 1:colcon.colcon_core.package_identification:_identify(src/pyrobosim/pyrobosim) by extension 'colcon_meta'
[0.098s] Level 1:colcon.colcon_core.package_identification:_identify(src/pyrobosim/pyrobosim) by extensions ['ros']
[0.098s] Level 1:colcon.colcon_core.package_identification:_identify(src/pyrobosim/pyrobosim) by extension 'ros'
[0.098s] Level 1:colcon.colcon_core.package_identification:_identify(src/pyrobosim/pyrobosim) by extensions ['cmake', 'python']
[0.098s] Level 1:colcon.colcon_core.package_identification:_identify(src/pyrobosim/pyrobosim) by extension 'cmake'
[0.098s] Level 1:colcon.colcon_core.package_identification:_identify(src/pyrobosim/pyrobosim) by extension 'python'
[0.098s] Level 1:colcon.colcon_core.package_identification:_identify(src/pyrobosim/pyrobosim) by extensions ['python_setup_py']
[0.098s] Level 1:colcon.colcon_core.package_identification:_identify(src/pyrobosim/pyrobosim) by extension 'python_setup_py'
[0.191s] DEBUG:colcon.colcon_core.package_identification:Package 'src/pyrobosim/pyrobosim' with type 'python' and name 'pyrobosim'
[0.191s] Level 1:colcon.colcon_core.package_identification:_identify(src/pyrobosim/pyrobosim_msgs) by extensions ['ignore', 'ignore_ament_install']
[0.192s] Level 1:colcon.colcon_core.package_identification:_identify(src/pyrobosim/pyrobosim_msgs) by extension 'ignore'
[0.192s] Level 1:colcon.colcon_core.package_identification:_identify(src/pyrobosim/pyrobosim_msgs) by extension 'ignore_ament_install'
[0.192s] Level 1:colcon.colcon_core.package_identification:_identify(src/pyrobosim/pyrobosim_msgs) by extensions ['colcon_pkg']
[0.192s] Level 1:colcon.colcon_core.package_identification:_identify(src/pyrobosim/pyrobosim_msgs) by extension 'colcon_pkg'
[0.192s] Level 1:colcon.colcon_core.package_identification:_identify(src/pyrobosim/pyrobosim_msgs) by extensions ['colcon_meta']
[0.192s] Level 1:colcon.colcon_core.package_identification:_identify(src/pyrobosim/pyrobosim_msgs) by extension 'colcon_meta'
[0.192s] Level 1:colcon.colcon_core.package_identification:_identify(src/pyrobosim/pyrobosim_msgs) by extensions ['ros']
[0.192s] Level 1:colcon.colcon_core.package_identification:_identify(src/pyrobosim/pyrobosim_msgs) by extension 'ros'
[0.192s] DEBUG:colcon.colcon_core.package_identification:Package 'src/pyrobosim/pyrobosim_msgs' with type 'ros.ament_cmake' and name 'pyrobosim_msgs'
[0.192s] Level 1:colcon.colcon_core.package_identification:_identify(src/pyrobosim/pyrobosim_ros) by extensions ['ignore', 'ignore_ament_install']
[0.192s] Level 1:colcon.colcon_core.package_identification:_identify(src/pyrobosim/pyrobosim_ros) by extension 'ignore'
[0.192s] Level 1:colcon.colcon_core.package_identification:_identify(src/pyrobosim/pyrobosim_ros) by extension 'ignore_ament_install'
[0.192s] Level 1:colcon.colcon_core.package_identification:_identify(src/pyrobosim/pyrobosim_ros) by extensions ['colcon_pkg']
[0.192s] Level 1:colcon.colcon_core.package_identification:_identify(src/pyrobosim/pyrobosim_ros) by extension 'colcon_pkg'
[0.192s] Level 1:colcon.colcon_core.package_identification:_identify(src/pyrobosim/pyrobosim_ros) by extensions ['colcon_meta']
[0.192s] Level 1:colcon.colcon_core.package_identification:_identify(src/pyrobosim/pyrobosim_ros) by extension 'colcon_meta'
[0.192s] Level 1:colcon.colcon_core.package_identification:_identify(src/pyrobosim/pyrobosim_ros) by extensions ['ros']
[0.192s] Level 1:colcon.colcon_core.package_identification:_identify(src/pyrobosim/pyrobosim_ros) by extension 'ros'
[0.192s] DEBUG:colcon.colcon_core.package_identification:Package 'src/pyrobosim/pyrobosim_ros' with type 'ros.ament_cmake' and name 'pyrobosim_ros'
[0.193s] Level 1:colcon.colcon_core.package_identification:_identify(src/pyrobosim/setup) by extensions ['ignore', 'ignore_ament_install']
[0.193s] Level 1:colcon.colcon_core.package_identification:_identify(src/pyrobosim/setup) by extension 'ignore'
[0.193s] Level 1:colcon.colcon_core.package_identification:_identify(src/pyrobosim/setup) by extension 'ignore_ament_install'
[0.193s] Level 1:colcon.colcon_core.package_identification:_identify(src/pyrobosim/setup) by extensions ['colcon_pkg']
[0.193s] Level 1:colcon.colcon_core.package_identification:_identify(src/pyrobosim/setup) by extension 'colcon_pkg'
[0.193s] Level 1:colcon.colcon_core.package_identification:_identify(src/pyrobosim/setup) by extensions ['colcon_meta']
[0.193s] Level 1:colcon.colcon_core.package_identification:_identify(src/pyrobosim/setup) by extension 'colcon_meta'
[0.193s] Level 1:colcon.colcon_core.package_identification:_identify(src/pyrobosim/setup) by extensions ['ros']
[0.193s] Level 1:colcon.colcon_core.package_identification:_identify(src/pyrobosim/setup) by extension 'ros'
[0.193s] Level 1:colcon.colcon_core.package_identification:_identify(src/pyrobosim/setup) by extensions ['cmake', 'python']
[0.193s] Level 1:colcon.colcon_core.package_identification:_identify(src/pyrobosim/setup) by extension 'cmake'
[0.193s] Level 1:colcon.colcon_core.package_identification:_identify(src/pyrobosim/setup) by extension 'python'
[0.193s] Level 1:colcon.colcon_core.package_identification:_identify(src/pyrobosim/setup) by extensions ['python_setup_py']
[0.193s] Level 1:colcon.colcon_core.package_identification:_identify(src/pyrobosim/setup) by extension 'python_setup_py'
[0.193s] Level 1:colcon.colcon_core.package_identification:_identify(src/pyrobosim/test) by extensions ['ignore', 'ignore_ament_install']
[0.193s] Level 1:colcon.colcon_core.package_identification:_identify(src/pyrobosim/test) by extension 'ignore'
[0.193s] Level 1:colcon.colcon_core.package_identification:_identify(src/pyrobosim/test) by extension 'ignore_ament_install'
[0.193s] Level 1:colcon.colcon_core.package_identification:_identify(src/pyrobosim/test) by extensions ['colcon_pkg']
[0.193s] Level 1:colcon.colcon_core.package_identification:_identify(src/pyrobosim/test) by extension 'colcon_pkg'
[0.193s] Level 1:colcon.colcon_core.package_identification:_identify(src/pyrobosim/test) by extensions ['colcon_meta']
[0.193s] Level 1:colcon.colcon_core.package_identification:_identify(src/pyrobosim/test) by extension 'colcon_meta'
[0.193s] Level 1:colcon.colcon_core.package_identification:_identify(src/pyrobosim/test) by extensions ['ros']
[0.193s] Level 1:colcon.colcon_core.package_identification:_identify(src/pyrobosim/test) by extension 'ros'
[0.193s] Level 1:colcon.colcon_core.package_identification:_identify(src/pyrobosim/test) by extensions ['cmake', 'python']
[0.193s] Level 1:colcon.colcon_core.package_identification:_identify(src/pyrobosim/test) by extension 'cmake'
[0.193s] Level 1:colcon.colcon_core.package_identification:_identify(src/pyrobosim/test) by extension 'python'
[0.193s] Level 1:colcon.colcon_core.package_identification:_identify(src/pyrobosim/test) by extensions ['python_setup_py']
[0.193s] Level 1:colcon.colcon_core.package_identification:_identify(src/pyrobosim/test) by extension 'python_setup_py'
[0.193s] Level 1:colcon.colcon_core.package_identification:_identify(src/roaml) by extensions ['ignore', 'ignore_ament_install']
[0.193s] Level 1:colcon.colcon_core.package_identification:_identify(src/roaml) by extension 'ignore'
[0.193s] Level 1:colcon.colcon_core.package_identification:_identify(src/roaml) by extension 'ignore_ament_install'
[0.193s] Level 1:colcon.colcon_core.package_identification:_identify(src/roaml) by extensions ['colcon_pkg']
[0.193s] Level 1:colcon.colcon_core.package_identification:_identify(src/roaml) by extension 'colcon_pkg'
[0.193s] Level 1:colcon.colcon_core.package_identification:_identify(src/roaml) by extensions ['colcon_meta']
[0.193s] Level 1:colcon.colcon_core.package_identification:_identify(src/roaml) by extension 'colcon_meta'
[0.193s] Level 1:colcon.colcon_core.package_identification:_identify(src/roaml) by extensions ['ros']
[0.193s] Level 1:colcon.colcon_core.package_identification:_identify(src/roaml) by extension 'ros'
[0.193s] Level 1:colcon.colcon_core.package_identification:_identify(src/roaml) by extensions ['cmake', 'python']
[0.193s] Level 1:colcon.colcon_core.package_identification:_identify(src/roaml) by extension 'cmake'
[0.193s] Level 1:colcon.colcon_core.package_identification:_identify(src/roaml) by extension 'python'
[0.193s] Level 1:colcon.colcon_core.package_identification:_identify(src/roaml) by extensions ['python_setup_py']
[0.193s] Level 1:colcon.colcon_core.package_identification:_identify(src/roaml) by extension 'python_setup_py'
[0.193s] Level 1:colcon.colcon_core.package_identification:_identify(src/ros_interfaces) by extensions ['ignore', 'ignore_ament_install']
[0.193s] Level 1:colcon.colcon_core.package_identification:_identify(src/ros_interfaces) by extension 'ignore'
[0.193s] Level 1:colcon.colcon_core.package_identification:_identify(src/ros_interfaces) by extension 'ignore_ament_install'
[0.193s] Level 1:colcon.colcon_core.package_identification:_identify(src/ros_interfaces) by extensions ['colcon_pkg']
[0.193s] Level 1:colcon.colcon_core.package_identification:_identify(src/ros_interfaces) by extension 'colcon_pkg'
[0.193s] Level 1:colcon.colcon_core.package_identification:_identify(src/ros_interfaces) by extensions ['colcon_meta']
[0.193s] Level 1:colcon.colcon_core.package_identification:_identify(src/ros_interfaces) by extension 'colcon_meta'
[0.194s] Level 1:colcon.colcon_core.package_identification:_identify(src/ros_interfaces) by extensions ['ros']
[0.194s] Level 1:colcon.colcon_core.package_identification:_identify(src/ros_interfaces) by extension 'ros'
[0.194s] Level 1:colcon.colcon_core.package_identification:_identify(src/ros_interfaces) by extensions ['cmake', 'python']
[0.194s] Level 1:colcon.colcon_core.package_identification:_identify(src/ros_interfaces) by extension 'cmake'
[0.194s] Level 1:colcon.colcon_core.package_identification:_identify(src/ros_interfaces) by extension 'python'
[0.194s] Level 1:colcon.colcon_core.package_identification:_identify(src/ros_interfaces) by extensions ['python_setup_py']
[0.194s] Level 1:colcon.colcon_core.package_identification:_identify(src/ros_interfaces) by extension 'python_setup_py'
[0.194s] Level 1:colcon.colcon_core.package_identification:_identify(src/tutorial_sim) by extensions ['ignore', 'ignore_ament_install']
[0.194s] Level 1:colcon.colcon_core.package_identification:_identify(src/tutorial_sim) by extension 'ignore'
[0.194s] Level 1:colcon.colcon_core.package_identification:_identify(src/tutorial_sim) by extension 'ignore_ament_install'
[0.194s] Level 1:colcon.colcon_core.package_identification:_identify(src/tutorial_sim) by extensions ['colcon_pkg']
[0.194s] Level 1:colcon.colcon_core.package_identification:_identify(src/tutorial_sim) by extension 'colcon_pkg'
[0.194s] Level 1:colcon.colcon_core.package_identification:_identify(src/tutorial_sim) by extensions ['colcon_meta']
[0.194s] Level 1:colcon.colcon_core.package_identification:_identify(src/tutorial_sim) by extension 'colcon_meta'
[0.194s] Level 1:colcon.colcon_core.package_identification:_identify(src/tutorial_sim) by extensions ['ros']
[0.194s] Level 1:colcon.colcon_core.package_identification:_identify(src/tutorial_sim) by extension 'ros'
[0.194s] DEBUG:colcon.colcon_core.package_identification:Package 'src/tutorial_sim' with type 'ros.ament_python' and name 'tutorial_sim'
[0.194s] Level 1:colcon.colcon_core.package_discovery:discover_packages(recursive) using defaults
[0.194s] Level 1:colcon.colcon_core.package_discovery:discover_packages(ignore) discover
[0.194s] Level 1:colcon.colcon_core.package_discovery:discover_packages(ignore) using defaults
[0.194s] Level 1:colcon.colcon_core.package_discovery:discover_packages(path) discover
[0.194s] Level 1:colcon.colcon_core.package_discovery:discover_packages(path) using defaults
[0.207s] Level 5:colcon.colcon_core.verb:set package 'behaviortree_cpp_v3' build argument 'cmake_args' from command line to 'None'
[0.207s] Level 5:colcon.colcon_core.verb:set package 'behaviortree_cpp_v3' build argument 'cmake_target' from command line to 'None'
[0.207s] Level 5:colcon.colcon_core.verb:set package 'behaviortree_cpp_v3' build argument 'cmake_target_skip_unavailable' from command line to 'False'
[0.207s] Level 5:colcon.colcon_core.verb:set package 'behaviortree_cpp_v3' build argument 'cmake_clean_cache' from command line to 'False'
[0.207s] Level 5:colcon.colcon_core.verb:set package 'behaviortree_cpp_v3' build argument 'cmake_clean_first' from command line to 'False'
[0.207s] Level 5:colcon.colcon_core.verb:set package 'behaviortree_cpp_v3' build argument 'cmake_force_configure' from command line to 'False'
[0.207s] Level 5:colcon.colcon_core.verb:set package 'behaviortree_cpp_v3' build argument 'ament_cmake_args' from command line to 'None'
[0.207s] Level 5:colcon.colcon_core.verb:set package 'behaviortree_cpp_v3' build argument 'catkin_cmake_args' from command line to 'None'
[0.207s] Level 5:colcon.colcon_core.verb:set package 'behaviortree_cpp_v3' build argument 'catkin_skip_building_tests' from command line to 'False'
[0.207s] DEBUG:colcon.colcon_core.verb:Building package 'behaviortree_cpp_v3' with the following arguments: {'ament_cmake_args': None, 'build_base': '/convince_ws/build/behaviortree_cpp_v3', 'catkin_cmake_args': None, 'catkin_skip_building_tests': False, 'cmake_args': None, 'cmake_clean_cache': False, 'cmake_clean_first': False, 'cmake_force_configure': False, 'cmake_target': None, 'cmake_target_skip_unavailable': False, 'install_base': '/convince_ws/install/behaviortree_cpp_v3', 'merge_install': False, 'path': '/convince_ws/BehaviorTree.CPP', 'symlink_install': False, 'test_result_base': None}
[0.207s] Level 5:colcon.colcon_core.verb:set package 'btcpp_ros2_interfaces' build argument 'cmake_args' from command line to 'None'
[0.207s] Level 5:colcon.colcon_core.verb:set package 'btcpp_ros2_interfaces' build argument 'cmake_target' from command line to 'None'
[0.207s] Level 5:colcon.colcon_core.verb:set package 'btcpp_ros2_interfaces' build argument 'cmake_target_skip_unavailable' from command line to 'False'
[0.207s] Level 5:colcon.colcon_core.verb:set package 'btcpp_ros2_interfaces' build argument 'cmake_clean_cache' from command line to 'False'
[0.207s] Level 5:colcon.colcon_core.verb:set package 'btcpp_ros2_interfaces' build argument 'cmake_clean_first' from command line to 'False'
[0.207s] Level 5:colcon.colcon_core.verb:set package 'btcpp_ros2_interfaces' build argument 'cmake_force_configure' from command line to 'False'
[0.207s] Level 5:colcon.colcon_core.verb:set package 'btcpp_ros2_interfaces' build argument 'ament_cmake_args' from command line to 'None'
[0.207s] Level 5:colcon.colcon_core.verb:set package 'btcpp_ros2_interfaces' build argument 'catkin_cmake_args' from command line to 'None'
[0.207s] Level 5:colcon.colcon_core.verb:set package 'btcpp_ros2_interfaces' build argument 'catkin_skip_building_tests' from command line to 'False'
[0.207s] DEBUG:colcon.colcon_core.verb:Building package 'btcpp_ros2_interfaces' with the following arguments: {'ament_cmake_args': None, 'build_base': '/convince_ws/build/btcpp_ros2_interfaces', 'catkin_cmake_args': None, 'catkin_skip_building_tests': False, 'cmake_args': None, 'cmake_clean_cache': False, 'cmake_clean_first': False, 'cmake_force_configure': False, 'cmake_target': None, 'cmake_target_skip_unavailable': False, 'install_base': '/convince_ws/install/btcpp_ros2_interfaces', 'merge_install': False, 'path': '/convince_ws/src/behaviortree_ros2/btcpp_ros2_interfaces', 'symlink_install': False, 'test_result_base': None}
[0.207s] Level 5:colcon.colcon_core.verb:set package 'pyrobosim' build argument 'cmake_args' from command line to 'None'
[0.207s] Level 5:colcon.colcon_core.verb:set package 'pyrobosim' build argument 'cmake_target' from command line to 'None'
[0.207s] Level 5:colcon.colcon_core.verb:set package 'pyrobosim' build argument 'cmake_target_skip_unavailable' from command line to 'False'
[0.207s] Level 5:colcon.colcon_core.verb:set package 'pyrobosim' build argument 'cmake_clean_cache' from command line to 'False'
[0.208s] Level 5:colcon.colcon_core.verb:set package 'pyrobosim' build argument 'cmake_clean_first' from command line to 'False'
[0.208s] Level 5:colcon.colcon_core.verb:set package 'pyrobosim' build argument 'cmake_force_configure' from command line to 'False'
[0.208s] Level 5:colcon.colcon_core.verb:set package 'pyrobosim' build argument 'ament_cmake_args' from command line to 'None'
[0.208s] Level 5:colcon.colcon_core.verb:set package 'pyrobosim' build argument 'catkin_cmake_args' from command line to 'None'
[0.208s] Level 5:colcon.colcon_core.verb:set package 'pyrobosim' build argument 'catkin_skip_building_tests' from command line to 'False'
[0.208s] DEBUG:colcon.colcon_core.verb:Building package 'pyrobosim' with the following arguments: {'ament_cmake_args': None, 'build_base': '/convince_ws/build/pyrobosim', 'catkin_cmake_args': None, 'catkin_skip_building_tests': False, 'cmake_args': None, 'cmake_clean_cache': False, 'cmake_clean_first': False, 'cmake_force_configure': False, 'cmake_target': None, 'cmake_target_skip_unavailable': False, 'install_base': '/convince_ws/install/pyrobosim', 'merge_install': False, 'path': '/convince_ws/src/pyrobosim/pyrobosim', 'symlink_install': False, 'test_result_base': None}
[0.208s] Level 5:colcon.colcon_core.verb:set package 'pyrobosim_msgs' build argument 'cmake_args' from command line to 'None'
[0.208s] Level 5:colcon.colcon_core.verb:set package 'pyrobosim_msgs' build argument 'cmake_target' from command line to 'None'
[0.208s] Level 5:colcon.colcon_core.verb:set package 'pyrobosim_msgs' build argument 'cmake_target_skip_unavailable' from command line to 'False'
[0.208s] Level 5:colcon.colcon_core.verb:set package 'pyrobosim_msgs' build argument 'cmake_clean_cache' from command line to 'False'
[0.208s] Level 5:colcon.colcon_core.verb:set package 'pyrobosim_msgs' build argument 'cmake_clean_first' from command line to 'False'
[0.208s] Level 5:colcon.colcon_core.verb:set package 'pyrobosim_msgs' build argument 'cmake_force_configure' from command line to 'False'
[0.208s] Level 5:colcon.colcon_core.verb:set package 'pyrobosim_msgs' build argument 'ament_cmake_args' from command line to 'None'
[0.208s] Level 5:colcon.colcon_core.verb:set package 'pyrobosim_msgs' build argument 'catkin_cmake_args' from command line to 'None'
[0.208s] Level 5:colcon.colcon_core.verb:set package 'pyrobosim_msgs' build argument 'catkin_skip_building_tests' from command line to 'False'
[0.208s] DEBUG:colcon.colcon_core.verb:Building package 'pyrobosim_msgs' with the following arguments: {'ament_cmake_args': None, 'build_base': '/convince_ws/build/pyrobosim_msgs', 'catkin_cmake_args': None, 'catkin_skip_building_tests': False, 'cmake_args': None, 'cmake_clean_cache': False, 'cmake_clean_first': False, 'cmake_force_configure': False, 'cmake_target': None, 'cmake_target_skip_unavailable': False, 'install_base': '/convince_ws/install/pyrobosim_msgs', 'merge_install': False, 'path': '/convince_ws/src/pyrobosim/pyrobosim_msgs', 'symlink_install': False, 'test_result_base': None}
[0.208s] Level 5:colcon.colcon_core.verb:set package 'behaviortree_ros2' build argument 'cmake_args' from command line to 'None'
[0.208s] Level 5:colcon.colcon_core.verb:set package 'behaviortree_ros2' build argument 'cmake_target' from command line to 'None'
[0.208s] Level 5:colcon.colcon_core.verb:set package 'behaviortree_ros2' build argument 'cmake_target_skip_unavailable' from command line to 'False'
[0.208s] Level 5:colcon.colcon_core.verb:set package 'behaviortree_ros2' build argument 'cmake_clean_cache' from command line to 'False'
[0.208s] Level 5:colcon.colcon_core.verb:set package 'behaviortree_ros2' build argument 'cmake_clean_first' from command line to 'False'
[0.208s] Level 5:colcon.colcon_core.verb:set package 'behaviortree_ros2' build argument 'cmake_force_configure' from command line to 'False'
[0.208s] Level 5:colcon.colcon_core.verb:set package 'behaviortree_ros2' build argument 'ament_cmake_args' from command line to 'None'
[0.208s] Level 5:colcon.colcon_core.verb:set package 'behaviortree_ros2' build argument 'catkin_cmake_args' from command line to 'None'
[0.208s] Level 5:colcon.colcon_core.verb:set package 'behaviortree_ros2' build argument 'catkin_skip_building_tests' from command line to 'False'
[0.208s] DEBUG:colcon.colcon_core.verb:Building package 'behaviortree_ros2' with the following arguments: {'ament_cmake_args': None, 'build_base': '/convince_ws/build/behaviortree_ros2', 'catkin_cmake_args': None, 'catkin_skip_building_tests': False, 'cmake_args': None, 'cmake_clean_cache': False, 'cmake_clean_first': False, 'cmake_force_configure': False, 'cmake_target': None, 'cmake_target_skip_unavailable': False, 'install_base': '/convince_ws/install/behaviortree_ros2', 'merge_install': False, 'path': '/convince_ws/src/behaviortree_ros2/behaviortree_ros2', 'symlink_install': False, 'test_result_base': None}
[0.208s] Level 5:colcon.colcon_core.verb:set package 'pyrobosim_ros' build argument 'cmake_args' from command line to 'None'
[0.208s] Level 5:colcon.colcon_core.verb:set package 'pyrobosim_ros' build argument 'cmake_target' from command line to 'None'
[0.208s] Level 5:colcon.colcon_core.verb:set package 'pyrobosim_ros' build argument 'cmake_target_skip_unavailable' from command line to 'False'
[0.208s] Level 5:colcon.colcon_core.verb:set package 'pyrobosim_ros' build argument 'cmake_clean_cache' from command line to 'False'
[0.208s] Level 5:colcon.colcon_core.verb:set package 'pyrobosim_ros' build argument 'cmake_clean_first' from command line to 'False'
[0.208s] Level 5:colcon.colcon_core.verb:set package 'pyrobosim_ros' build argument 'cmake_force_configure' from command line to 'False'
[0.208s] Level 5:colcon.colcon_core.verb:set package 'pyrobosim_ros' build argument 'ament_cmake_args' from command line to 'None'
[0.208s] Level 5:colcon.colcon_core.verb:set package 'pyrobosim_ros' build argument 'catkin_cmake_args' from command line to 'None'
[0.208s] Level 5:colcon.colcon_core.verb:set package 'pyrobosim_ros' build argument 'catkin_skip_building_tests' from command line to 'False'
[0.208s] DEBUG:colcon.colcon_core.verb:Building package 'pyrobosim_ros' with the following arguments: {'ament_cmake_args': None, 'build_base': '/convince_ws/build/pyrobosim_ros', 'catkin_cmake_args': None, 'catkin_skip_building_tests': False, 'cmake_args': None, 'cmake_clean_cache': False, 'cmake_clean_first': False, 'cmake_force_configure': False, 'cmake_target': None, 'cmake_target_skip_unavailable': False, 'install_base': '/convince_ws/install/pyrobosim_ros', 'merge_install': False, 'path': '/convince_ws/src/pyrobosim/pyrobosim_ros', 'symlink_install': False, 'test_result_base': None}
[0.208s] Level 5:colcon.colcon_core.verb:set package 'btcpp_ros2_samples' build argument 'cmake_args' from command line to 'None'
[0.208s] Level 5:colcon.colcon_core.verb:set package 'btcpp_ros2_samples' build argument 'cmake_target' from command line to 'None'
[0.208s] Level 5:colcon.colcon_core.verb:set package 'btcpp_ros2_samples' build argument 'cmake_target_skip_unavailable' from command line to 'False'
[0.208s] Level 5:colcon.colcon_core.verb:set package 'btcpp_ros2_samples' build argument 'cmake_clean_cache' from command line to 'False'
[0.208s] Level 5:colcon.colcon_core.verb:set package 'btcpp_ros2_samples' build argument 'cmake_clean_first' from command line to 'False'
[0.208s] Level 5:colcon.colcon_core.verb:set package 'btcpp_ros2_samples' build argument 'cmake_force_configure' from command line to 'False'
[0.208s] Level 5:colcon.colcon_core.verb:set package 'btcpp_ros2_samples' build argument 'ament_cmake_args' from command line to 'None'
[0.208s] Level 5:colcon.colcon_core.verb:set package 'btcpp_ros2_samples' build argument 'catkin_cmake_args' from command line to 'None'
[0.208s] Level 5:colcon.colcon_core.verb:set package 'btcpp_ros2_samples' build argument 'catkin_skip_building_tests' from command line to 'False'
[0.208s] DEBUG:colcon.colcon_core.verb:Building package 'btcpp_ros2_samples' with the following arguments: {'ament_cmake_args': None, 'build_base': '/convince_ws/build/btcpp_ros2_samples', 'catkin_cmake_args': None, 'catkin_skip_building_tests': False, 'cmake_args': None, 'cmake_clean_cache': False, 'cmake_clean_first': False, 'cmake_force_configure': False, 'cmake_target': None, 'cmake_target_skip_unavailable': False, 'install_base': '/convince_ws/install/btcpp_ros2_samples', 'merge_install': False, 'path': '/convince_ws/src/behaviortree_ros2/btcpp_ros2_samples', 'symlink_install': False, 'test_result_base': None}
[0.208s] Level 5:colcon.colcon_core.verb:set package 'tutorial_sim' build argument 'cmake_args' from command line to 'None'
[0.208s] Level 5:colcon.colcon_core.verb:set package 'tutorial_sim' build argument 'cmake_target' from command line to 'None'
[0.208s] Level 5:colcon.colcon_core.verb:set package 'tutorial_sim' build argument 'cmake_target_skip_unavailable' from command line to 'False'
[0.208s] Level 5:colcon.colcon_core.verb:set package 'tutorial_sim' build argument 'cmake_clean_cache' from command line to 'False'
[0.208s] Level 5:colcon.colcon_core.verb:set package 'tutorial_sim' build argument 'cmake_clean_first' from command line to 'False'
[0.208s] Level 5:colcon.colcon_core.verb:set package 'tutorial_sim' build argument 'cmake_force_configure' from command line to 'False'
[0.208s] Level 5:colcon.colcon_core.verb:set package 'tutorial_sim' build argument 'ament_cmake_args' from command line to 'None'
[0.208s] Level 5:colcon.colcon_core.verb:set package 'tutorial_sim' build argument 'catkin_cmake_args' from command line to 'None'
[0.208s] Level 5:colcon.colcon_core.verb:set package 'tutorial_sim' build argument 'catkin_skip_building_tests' from command line to 'False'
[0.208s] DEBUG:colcon.colcon_core.verb:Building package 'tutorial_sim' with the following arguments: {'ament_cmake_args': None, 'build_base': '/convince_ws/build/tutorial_sim', 'catkin_cmake_args': None, 'catkin_skip_building_tests': False, 'cmake_args': None, 'cmake_clean_cache': False, 'cmake_clean_first': False, 'cmake_force_configure': False, 'cmake_target': None, 'cmake_target_skip_unavailable': False, 'install_base': '/convince_ws/install/tutorial_sim', 'merge_install': False, 'path': '/convince_ws/src/tutorial_sim', 'symlink_install': False, 'test_result_base': None}
[0.209s] INFO:colcon.colcon_core.executor:Executing jobs using 'parallel' executor
[0.209s] DEBUG:colcon.colcon_parallel_executor.executor.parallel:run_until_complete
[0.209s] INFO:colcon.colcon_ros.task.ament_cmake.build:Building ROS package in '/convince_ws/src/behaviortree_ros2/btcpp_ros2_interfaces' with build type 'ament_cmake'
[0.209s] INFO:colcon.colcon_cmake.task.cmake.build:Building CMake package in '/convince_ws/src/behaviortree_ros2/btcpp_ros2_interfaces'
[0.211s] INFO:colcon.colcon_core.plugin_system:Skipping extension 'colcon_core.shell.bat': Not used on non-Windows systems
[0.211s] INFO:colcon.colcon_core.shell:Skip shell extension 'powershell' for command environment: Not usable outside of PowerShell
[0.211s] DEBUG:colcon.colcon_core.shell:Skip shell extension 'dsv' for command environment
[0.213s] INFO:colcon.colcon_ros.task.ament_cmake.build:Building ROS package in '/convince_ws/src/pyrobosim/pyrobosim_msgs' with build type 'ament_cmake'
[0.213s] INFO:colcon.colcon_cmake.task.cmake.build:Building CMake package in '/convince_ws/src/pyrobosim/pyrobosim_msgs'
[0.213s] INFO:colcon.colcon_core.shell:Skip shell extension 'powershell' for command environment: Not usable outside of PowerShell
[0.213s] DEBUG:colcon.colcon_core.shell:Skip shell extension 'dsv' for command environment
[0.215s] INFO:colcon.colcon_ros.task.ament_cmake.build:Building ROS package in '/convince_ws/BehaviorTree.CPP' with build type 'ament_cmake'
[0.215s] INFO:colcon.colcon_cmake.task.cmake.build:Building CMake package in '/convince_ws/BehaviorTree.CPP'
[0.215s] INFO:colcon.colcon_core.shell:Skip shell extension 'powershell' for command environment: Not usable outside of PowerShell
[0.215s] DEBUG:colcon.colcon_core.shell:Skip shell extension 'dsv' for command environment
[0.216s] INFO:colcon.colcon_core.task.python.build:Building Python package in '/convince_ws/src/pyrobosim/pyrobosim'
[0.216s] INFO:colcon.colcon_core.shell:Skip shell extension 'powershell' for command environment: Not usable outside of PowerShell
[0.216s] DEBUG:colcon.colcon_core.shell:Skip shell extension 'dsv' for command environment
[0.220s] DEBUG:colcon.colcon_core.event_handler.log_command:Invoking command in '/convince_ws/build/btcpp_ros2_interfaces': CMAKE_PREFIX_PATH=${CMAKE_PREFIX_PATH}:/convince_ws/install/tutorial_sim:/opt/ros/jazzy /usr/bin/cmake /convince_ws/src/behaviortree_ros2/btcpp_ros2_interfaces -DCMAKE_INSTALL_PREFIX=/convince_ws/install/btcpp_ros2_interfaces
[0.221s] DEBUG:colcon.colcon_core.event_handler.log_command:Invoking command in '/convince_ws/build/pyrobosim_msgs': CMAKE_PREFIX_PATH=${CMAKE_PREFIX_PATH}:/convince_ws/install/tutorial_sim:/opt/ros/jazzy /usr/bin/cmake /convince_ws/src/pyrobosim/pyrobosim_msgs -DCMAKE_INSTALL_PREFIX=/convince_ws/install/pyrobosim_msgs
[0.222s] DEBUG:colcon.colcon_core.event_handler.log_command:Invoking command in '/convince_ws/build/behaviortree_cpp_v3': CMAKE_PREFIX_PATH=${CMAKE_PREFIX_PATH}:/convince_ws/install/tutorial_sim:/opt/ros/jazzy /usr/bin/cmake /convince_ws/BehaviorTree.CPP -DCMAKE_INSTALL_PREFIX=/convince_ws/install/behaviortree_cpp_v3
[0.490s] DEBUG:colcon.colcon_core.event_handler.log_command:Invoked command in '/convince_ws/build/behaviortree_cpp_v3' returned '0': CMAKE_PREFIX_PATH=${CMAKE_PREFIX_PATH}:/convince_ws/install/tutorial_sim:/opt/ros/jazzy /usr/bin/cmake /convince_ws/BehaviorTree.CPP -DCMAKE_INSTALL_PREFIX=/convince_ws/install/behaviortree_cpp_v3
[0.490s] DEBUG:colcon.colcon_core.event_handler.log_command:Invoking command in '/convince_ws/build/behaviortree_cpp_v3': CMAKE_PREFIX_PATH=${CMAKE_PREFIX_PATH}:/convince_ws/install/tutorial_sim:/opt/ros/jazzy /usr/bin/cmake --build /convince_ws/build/behaviortree_cpp_v3 -- -j20 -l20
[0.598s] DEBUG:colcon.colcon_core.event_handler.log_command:Invoking command in '/convince_ws/build/pyrobosim': PYTHONPATH=/convince_ws/build/pyrobosim/prefix_override:/usr/lib/python3/dist-packages/colcon_core/task/python/colcon_distutils_commands:/convince_ws/install/pyrobosim/lib/python3.12/site-packages:${PYTHONPATH} /usr/bin/python3 -W ignore:setup.py install is deprecated -W ignore:easy_install command is deprecated setup.py develop --uninstall --editable --build-directory /convince_ws/build/pyrobosim/build
[0.605s] DEBUG:colcon.colcon_core.event_handler.log_command:Invoked command in '/convince_ws/build/behaviortree_cpp_v3' returned '0': CMAKE_PREFIX_PATH=${CMAKE_PREFIX_PATH}:/convince_ws/install/tutorial_sim:/opt/ros/jazzy /usr/bin/cmake --build /convince_ws/build/behaviortree_cpp_v3 -- -j20 -l20
[0.613s] DEBUG:colcon.colcon_core.event_handler.log_command:Invoking command in '/convince_ws/build/behaviortree_cpp_v3': CMAKE_PREFIX_PATH=${CMAKE_PREFIX_PATH}:/convince_ws/install/tutorial_sim:/opt/ros/jazzy /usr/bin/cmake --install /convince_ws/build/behaviortree_cpp_v3
[0.633s] Level 1:colcon.colcon_core.environment:create_environment_scripts_only(behaviortree_cpp_v3)
[0.637s] DEBUG:colcon.colcon_core.event_handler.log_command:Invoked command in '/convince_ws/build/behaviortree_cpp_v3' returned '0': CMAKE_PREFIX_PATH=${CMAKE_PREFIX_PATH}:/convince_ws/install/tutorial_sim:/opt/ros/jazzy /usr/bin/cmake --install /convince_ws/build/behaviortree_cpp_v3
[0.638s] Level 1:colcon.colcon_core.environment:checking '/convince_ws/install/behaviortree_cpp_v3' for CMake module files
[0.639s] Level 1:colcon.colcon_core.environment:checking '/convince_ws/install/behaviortree_cpp_v3' for CMake config files
[0.639s] Level 1:colcon.colcon_core.shell:create_environment_hook('behaviortree_cpp_v3', 'cmake_prefix_path')
[0.639s] INFO:colcon.colcon_core.shell:Creating environment hook '/convince_ws/install/behaviortree_cpp_v3/share/behaviortree_cpp_v3/hook/cmake_prefix_path.ps1'
[0.639s] INFO:colcon.colcon_core.shell:Creating environment descriptor '/convince_ws/install/behaviortree_cpp_v3/share/behaviortree_cpp_v3/hook/cmake_prefix_path.dsv'
[0.639s] INFO:colcon.colcon_core.shell:Creating environment hook '/convince_ws/install/behaviortree_cpp_v3/share/behaviortree_cpp_v3/hook/cmake_prefix_path.sh'
[0.640s] Level 1:colcon.colcon_core.environment:checking '/convince_ws/install/behaviortree_cpp_v3/lib'
[0.640s] Level 1:colcon.colcon_core.shell:create_environment_hook('behaviortree_cpp_v3', 'ld_library_path_lib')
[0.640s] INFO:colcon.colcon_core.shell:Creating environment hook '/convince_ws/install/behaviortree_cpp_v3/share/behaviortree_cpp_v3/hook/ld_library_path_lib.ps1'
[0.640s] INFO:colcon.colcon_core.shell:Creating environment descriptor '/convince_ws/install/behaviortree_cpp_v3/share/behaviortree_cpp_v3/hook/ld_library_path_lib.dsv'
[0.640s] INFO:colcon.colcon_core.shell:Creating environment hook '/convince_ws/install/behaviortree_cpp_v3/share/behaviortree_cpp_v3/hook/ld_library_path_lib.sh'
[0.640s] Level 1:colcon.colcon_core.environment:checking '/convince_ws/install/behaviortree_cpp_v3/bin'
[0.640s] Level 1:colcon.colcon_core.shell:create_environment_hook('behaviortree_cpp_v3', 'path')
[0.641s] INFO:colcon.colcon_core.shell:Creating environment hook '/convince_ws/install/behaviortree_cpp_v3/share/behaviortree_cpp_v3/hook/path.ps1'
[0.641s] INFO:colcon.colcon_core.shell:Creating environment descriptor '/convince_ws/install/behaviortree_cpp_v3/share/behaviortree_cpp_v3/hook/path.dsv'
[0.641s] INFO:colcon.colcon_core.shell:Creating environment hook '/convince_ws/install/behaviortree_cpp_v3/share/behaviortree_cpp_v3/hook/path.sh'
[0.641s] Level 1:colcon.colcon_core.environment:checking '/convince_ws/install/behaviortree_cpp_v3/lib/pkgconfig/behaviortree_cpp_v3.pc'
[0.641s] Level 1:colcon.colcon_core.environment:checking '/convince_ws/install/behaviortree_cpp_v3/lib/python3.12/site-packages'
[0.641s] Level 1:colcon.colcon_core.environment:checking '/convince_ws/install/behaviortree_cpp_v3/bin'
[0.641s] Level 1:colcon.colcon_core.shell:create_environment_hook('behaviortree_cpp_v3', 'pythonscriptspath')
[0.641s] INFO:colcon.colcon_core.shell:Creating environment hook '/convince_ws/install/behaviortree_cpp_v3/share/behaviortree_cpp_v3/hook/pythonscriptspath.ps1'
[0.642s] INFO:colcon.colcon_core.shell:Creating environment descriptor '/convince_ws/install/behaviortree_cpp_v3/share/behaviortree_cpp_v3/hook/pythonscriptspath.dsv'
[0.642s] INFO:colcon.colcon_core.shell:Creating environment hook '/convince_ws/install/behaviortree_cpp_v3/share/behaviortree_cpp_v3/hook/pythonscriptspath.sh'
[0.642s] INFO:colcon.colcon_core.shell:Creating package script '/convince_ws/install/behaviortree_cpp_v3/share/behaviortree_cpp_v3/package.ps1'
[0.642s] INFO:colcon.colcon_core.shell:Creating package descriptor '/convince_ws/install/behaviortree_cpp_v3/share/behaviortree_cpp_v3/package.dsv'
[0.643s] INFO:colcon.colcon_core.shell:Creating package script '/convince_ws/install/behaviortree_cpp_v3/share/behaviortree_cpp_v3/package.sh'
[0.643s] INFO:colcon.colcon_core.shell:Creating package script '/convince_ws/install/behaviortree_cpp_v3/share/behaviortree_cpp_v3/package.bash'
[0.643s] INFO:colcon.colcon_core.shell:Creating package script '/convince_ws/install/behaviortree_cpp_v3/share/behaviortree_cpp_v3/package.zsh'
[0.644s] Level 1:colcon.colcon_core.environment:create_file_with_runtime_dependencies(/convince_ws/install/behaviortree_cpp_v3/share/colcon-core/packages/behaviortree_cpp_v3)
[0.644s] Level 1:colcon.colcon_core.environment:create_environment_scripts_only(behaviortree_cpp_v3)
[0.644s] Level 1:colcon.colcon_core.environment:checking '/convince_ws/install/behaviortree_cpp_v3' for CMake module files
[0.644s] Level 1:colcon.colcon_core.environment:checking '/convince_ws/install/behaviortree_cpp_v3' for CMake config files
[0.644s] Level 1:colcon.colcon_core.shell:create_environment_hook('behaviortree_cpp_v3', 'cmake_prefix_path')
[0.644s] INFO:colcon.colcon_core.shell:Creating environment hook '/convince_ws/install/behaviortree_cpp_v3/share/behaviortree_cpp_v3/hook/cmake_prefix_path.ps1'
[0.645s] INFO:colcon.colcon_core.shell:Creating environment descriptor '/convince_ws/install/behaviortree_cpp_v3/share/behaviortree_cpp_v3/hook/cmake_prefix_path.dsv'
[0.645s] INFO:colcon.colcon_core.shell:Creating environment hook '/convince_ws/install/behaviortree_cpp_v3/share/behaviortree_cpp_v3/hook/cmake_prefix_path.sh'
[0.645s] Level 1:colcon.colcon_core.environment:checking '/convince_ws/install/behaviortree_cpp_v3/lib'
[0.645s] Level 1:colcon.colcon_core.shell:create_environment_hook('behaviortree_cpp_v3', 'ld_library_path_lib')
[0.645s] INFO:colcon.colcon_core.shell:Creating environment hook '/convince_ws/install/behaviortree_cpp_v3/share/behaviortree_cpp_v3/hook/ld_library_path_lib.ps1'
[0.645s] INFO:colcon.colcon_core.shell:Creating environment descriptor '/convince_ws/install/behaviortree_cpp_v3/share/behaviortree_cpp_v3/hook/ld_library_path_lib.dsv'
[0.645s] INFO:colcon.colcon_core.shell:Creating environment hook '/convince_ws/install/behaviortree_cpp_v3/share/behaviortree_cpp_v3/hook/ld_library_path_lib.sh'
[0.646s] Level 1:colcon.colcon_core.environment:checking '/convince_ws/install/behaviortree_cpp_v3/bin'
[0.646s] Level 1:colcon.colcon_core.shell:create_environment_hook('behaviortree_cpp_v3', 'path')
[0.646s] INFO:colcon.colcon_core.shell:Creating environment hook '/convince_ws/install/behaviortree_cpp_v3/share/behaviortree_cpp_v3/hook/path.ps1'
[0.646s] INFO:colcon.colcon_core.shell:Creating environment descriptor '/convince_ws/install/behaviortree_cpp_v3/share/behaviortree_cpp_v3/hook/path.dsv'
[0.646s] INFO:colcon.colcon_core.shell:Creating environment hook '/convince_ws/install/behaviortree_cpp_v3/share/behaviortree_cpp_v3/hook/path.sh'
[0.646s] Level 1:colcon.colcon_core.environment:checking '/convince_ws/install/behaviortree_cpp_v3/lib/pkgconfig/behaviortree_cpp_v3.pc'
[0.646s] Level 1:colcon.colcon_core.environment:checking '/convince_ws/install/behaviortree_cpp_v3/lib/python3.12/site-packages'
[0.646s] Level 1:colcon.colcon_core.environment:checking '/convince_ws/install/behaviortree_cpp_v3/bin'
[0.646s] Level 1:colcon.colcon_core.shell:create_environment_hook('behaviortree_cpp_v3', 'pythonscriptspath')
[0.647s] INFO:colcon.colcon_core.shell:Creating environment hook '/convince_ws/install/behaviortree_cpp_v3/share/behaviortree_cpp_v3/hook/pythonscriptspath.ps1'
[0.647s] INFO:colcon.colcon_core.shell:Creating environment descriptor '/convince_ws/install/behaviortree_cpp_v3/share/behaviortree_cpp_v3/hook/pythonscriptspath.dsv'
[0.647s] INFO:colcon.colcon_core.shell:Creating environment hook '/convince_ws/install/behaviortree_cpp_v3/share/behaviortree_cpp_v3/hook/pythonscriptspath.sh'
[0.647s] INFO:colcon.colcon_core.shell:Creating package script '/convince_ws/install/behaviortree_cpp_v3/share/behaviortree_cpp_v3/package.ps1'
[0.647s] INFO:colcon.colcon_core.shell:Creating package descriptor '/convince_ws/install/behaviortree_cpp_v3/share/behaviortree_cpp_v3/package.dsv'
[0.648s] INFO:colcon.colcon_core.shell:Creating package script '/convince_ws/install/behaviortree_cpp_v3/share/behaviortree_cpp_v3/package.sh'
[0.648s] INFO:colcon.colcon_core.shell:Creating package script '/convince_ws/install/behaviortree_cpp_v3/share/behaviortree_cpp_v3/package.bash'
[0.648s] INFO:colcon.colcon_core.shell:Creating package script '/convince_ws/install/behaviortree_cpp_v3/share/behaviortree_cpp_v3/package.zsh'
[0.648s] Level 1:colcon.colcon_core.environment:create_file_with_runtime_dependencies(/convince_ws/install/behaviortree_cpp_v3/share/colcon-core/packages/behaviortree_cpp_v3)
[0.820s] DEBUG:colcon.colcon_core.event_handler.log_command:Invoked command in '/convince_ws/build/pyrobosim' returned '0': PYTHONPATH=/convince_ws/build/pyrobosim/prefix_override:/usr/lib/python3/dist-packages/colcon_core/task/python/colcon_distutils_commands:/convince_ws/install/pyrobosim/lib/python3.12/site-packages:${PYTHONPATH} /usr/bin/python3 -W ignore:setup.py install is deprecated -W ignore:easy_install command is deprecated setup.py develop --uninstall --editable --build-directory /convince_ws/build/pyrobosim/build
[0.820s] DEBUG:colcon.colcon_core.event_handler.log_command:Invoking command in '/convince_ws/src/pyrobosim/pyrobosim': PYTHONPATH=/convince_ws/build/pyrobosim/prefix_override:/usr/lib/python3/dist-packages/colcon_core/task/python/colcon_distutils_commands:/convince_ws/install/pyrobosim/lib/python3.12/site-packages:${PYTHONPATH} /usr/bin/python3 -W ignore:setup.py install is deprecated -W ignore:easy_install command is deprecated setup.py egg_info --egg-base ../../../build/pyrobosim build --build-base /convince_ws/build/pyrobosim/build install --record /convince_ws/build/pyrobosim/install.log --single-version-externally-managed
[0.921s] DEBUG:colcon.colcon_core.event_handler.log_command:Invoked command in '/convince_ws/build/btcpp_ros2_interfaces' returned '0': CMAKE_PREFIX_PATH=${CMAKE_PREFIX_PATH}:/convince_ws/install/tutorial_sim:/opt/ros/jazzy /usr/bin/cmake /convince_ws/src/behaviortree_ros2/btcpp_ros2_interfaces -DCMAKE_INSTALL_PREFIX=/convince_ws/install/btcpp_ros2_interfaces
[0.921s] DEBUG:colcon.colcon_core.event_handler.log_command:Invoking command in '/convince_ws/build/btcpp_ros2_interfaces': CMAKE_PREFIX_PATH=${CMAKE_PREFIX_PATH}:/convince_ws/install/tutorial_sim:/opt/ros/jazzy /usr/bin/cmake --build /convince_ws/build/btcpp_ros2_interfaces -- -j20 -l20
[1.125s] Level 1:colcon.colcon_core.environment:checking '/convince_ws/install/pyrobosim' for CMake module files
[1.125s] DEBUG:colcon.colcon_core.event_handler.log_command:Invoked command in '/convince_ws/src/pyrobosim/pyrobosim' returned '0': PYTHONPATH=/convince_ws/build/pyrobosim/prefix_override:/usr/lib/python3/dist-packages/colcon_core/task/python/colcon_distutils_commands:/convince_ws/install/pyrobosim/lib/python3.12/site-packages:${PYTHONPATH} /usr/bin/python3 -W ignore:setup.py install is deprecated -W ignore:easy_install command is deprecated setup.py egg_info --egg-base ../../../build/pyrobosim build --build-base /convince_ws/build/pyrobosim/build install --record /convince_ws/build/pyrobosim/install.log --single-version-externally-managed
[1.126s] Level 1:colcon.colcon_core.environment:checking '/convince_ws/install/pyrobosim' for CMake config files
[1.126s] Level 1:colcon.colcon_core.environment:checking '/convince_ws/install/pyrobosim/lib'
[1.126s] Level 1:colcon.colcon_core.environment:checking '/convince_ws/install/pyrobosim/bin'
[1.126s] Level 1:colcon.colcon_core.environment:checking '/convince_ws/install/pyrobosim/lib/pkgconfig/pyrobosim.pc'
[1.126s] Level 1:colcon.colcon_core.environment:checking '/convince_ws/install/pyrobosim/lib/python3.12/site-packages'
[1.126s] Level 1:colcon.colcon_core.shell:create_environment_hook('pyrobosim', 'pythonpath')
[1.127s] INFO:colcon.colcon_core.shell:Creating environment hook '/convince_ws/install/pyrobosim/share/pyrobosim/hook/pythonpath.ps1'
[1.127s] INFO:colcon.colcon_core.shell:Creating environment descriptor '/convince_ws/install/pyrobosim/share/pyrobosim/hook/pythonpath.dsv'
[1.127s] INFO:colcon.colcon_core.shell:Creating environment hook '/convince_ws/install/pyrobosim/share/pyrobosim/hook/pythonpath.sh'
[1.128s] Level 1:colcon.colcon_core.environment:checking '/convince_ws/install/pyrobosim/bin'
[1.128s] Level 1:colcon.colcon_core.environment:create_environment_scripts_only(pyrobosim)
[1.128s] INFO:colcon.colcon_core.shell:Creating package script '/convince_ws/install/pyrobosim/share/pyrobosim/package.ps1'
[1.128s] INFO:colcon.colcon_core.shell:Creating package descriptor '/convince_ws/install/pyrobosim/share/pyrobosim/package.dsv'
[1.128s] INFO:colcon.colcon_core.shell:Creating package script '/convince_ws/install/pyrobosim/share/pyrobosim/package.sh'
[1.128s] INFO:colcon.colcon_core.shell:Creating package script '/convince_ws/install/pyrobosim/share/pyrobosim/package.bash'
[1.129s] INFO:colcon.colcon_core.shell:Creating package script '/convince_ws/install/pyrobosim/share/pyrobosim/package.zsh'
[1.129s] Level 1:colcon.colcon_core.environment:create_file_with_runtime_dependencies(/convince_ws/install/pyrobosim/share/colcon-core/packages/pyrobosim)
[1.131s] DEBUG:colcon.colcon_core.event_handler.log_command:Invoked command in '/convince_ws/build/btcpp_ros2_interfaces' returned '0': CMAKE_PREFIX_PATH=${CMAKE_PREFIX_PATH}:/convince_ws/install/tutorial_sim:/opt/ros/jazzy /usr/bin/cmake --build /convince_ws/build/btcpp_ros2_interfaces -- -j20 -l20
[1.132s] DEBUG:colcon.colcon_core.event_handler.log_command:Invoking command in '/convince_ws/build/btcpp_ros2_interfaces': CMAKE_PREFIX_PATH=${CMAKE_PREFIX_PATH}:/convince_ws/install/tutorial_sim:/opt/ros/jazzy /usr/bin/cmake --install /convince_ws/build/btcpp_ros2_interfaces
[1.180s] Level 1:colcon.colcon_core.environment:create_environment_scripts_only(btcpp_ros2_interfaces)
[1.180s] Level 1:colcon.colcon_core.environment:checking '/convince_ws/install/btcpp_ros2_interfaces' for CMake module files
[1.180s] DEBUG:colcon.colcon_core.event_handler.log_command:Invoked command in '/convince_ws/build/btcpp_ros2_interfaces' returned '0': CMAKE_PREFIX_PATH=${CMAKE_PREFIX_PATH}:/convince_ws/install/tutorial_sim:/opt/ros/jazzy /usr/bin/cmake --install /convince_ws/build/btcpp_ros2_interfaces
[1.181s] Level 1:colcon.colcon_core.environment:checking '/convince_ws/install/btcpp_ros2_interfaces' for CMake config files
[1.182s] Level 1:colcon.colcon_core.shell:create_environment_hook('btcpp_ros2_interfaces', 'cmake_prefix_path')
[1.182s] INFO:colcon.colcon_core.shell:Creating environment hook '/convince_ws/install/btcpp_ros2_interfaces/share/btcpp_ros2_interfaces/hook/cmake_prefix_path.ps1'
[1.182s] INFO:colcon.colcon_core.shell:Creating environment descriptor '/convince_ws/install/btcpp_ros2_interfaces/share/btcpp_ros2_interfaces/hook/cmake_prefix_path.dsv'
[1.182s] INFO:colcon.colcon_core.shell:Creating environment hook '/convince_ws/install/btcpp_ros2_interfaces/share/btcpp_ros2_interfaces/hook/cmake_prefix_path.sh'
[1.183s] Level 1:colcon.colcon_core.environment:checking '/convince_ws/install/btcpp_ros2_interfaces/lib'
[1.183s] Level 1:colcon.colcon_core.shell:create_environment_hook('btcpp_ros2_interfaces', 'ld_library_path_lib')
[1.183s] INFO:colcon.colcon_core.shell:Creating environment hook '/convince_ws/install/btcpp_ros2_interfaces/share/btcpp_ros2_interfaces/hook/ld_library_path_lib.ps1'
[1.183s] INFO:colcon.colcon_core.shell:Creating environment descriptor '/convince_ws/install/btcpp_ros2_interfaces/share/btcpp_ros2_interfaces/hook/ld_library_path_lib.dsv'
[1.184s] INFO:colcon.colcon_core.shell:Creating environment hook '/convince_ws/install/btcpp_ros2_interfaces/share/btcpp_ros2_interfaces/hook/ld_library_path_lib.sh'
[1.184s] Level 1:colcon.colcon_core.environment:checking '/convince_ws/install/btcpp_ros2_interfaces/bin'
[1.184s] Level 1:colcon.colcon_core.environment:checking '/convince_ws/install/btcpp_ros2_interfaces/lib/pkgconfig/btcpp_ros2_interfaces.pc'
[1.184s] Level 1:colcon.colcon_core.environment:checking '/convince_ws/install/btcpp_ros2_interfaces/lib/python3.12/site-packages'
[1.184s] Level 1:colcon.colcon_core.shell:create_environment_hook('btcpp_ros2_interfaces', 'pythonpath')
[1.184s] INFO:colcon.colcon_core.shell:Creating environment hook '/convince_ws/install/btcpp_ros2_interfaces/share/btcpp_ros2_interfaces/hook/pythonpath.ps1'
[1.185s] INFO:colcon.colcon_core.shell:Creating environment descriptor '/convince_ws/install/btcpp_ros2_interfaces/share/btcpp_ros2_interfaces/hook/pythonpath.dsv'
[1.185s] INFO:colcon.colcon_core.shell:Creating environment hook '/convince_ws/install/btcpp_ros2_interfaces/share/btcpp_ros2_interfaces/hook/pythonpath.sh'
[1.186s] Level 1:colcon.colcon_core.environment:checking '/convince_ws/install/btcpp_ros2_interfaces/bin'
[1.186s] INFO:colcon.colcon_core.shell:Creating package script '/convince_ws/install/btcpp_ros2_interfaces/share/btcpp_ros2_interfaces/package.ps1'
[1.186s] INFO:colcon.colcon_core.shell:Creating package descriptor '/convince_ws/install/btcpp_ros2_interfaces/share/btcpp_ros2_interfaces/package.dsv'
[1.187s] INFO:colcon.colcon_core.shell:Creating package script '/convince_ws/install/btcpp_ros2_interfaces/share/btcpp_ros2_interfaces/package.sh'
[1.187s] INFO:colcon.colcon_core.shell:Creating package script '/convince_ws/install/btcpp_ros2_interfaces/share/btcpp_ros2_interfaces/package.bash'
[1.187s] INFO:colcon.colcon_core.shell:Creating package script '/convince_ws/install/btcpp_ros2_interfaces/share/btcpp_ros2_interfaces/package.zsh'
[1.188s] Level 1:colcon.colcon_core.environment:create_file_with_runtime_dependencies(/convince_ws/install/btcpp_ros2_interfaces/share/colcon-core/packages/btcpp_ros2_interfaces)
[1.188s] Level 1:colcon.colcon_core.environment:create_environment_scripts_only(btcpp_ros2_interfaces)
[1.188s] Level 1:colcon.colcon_core.environment:checking '/convince_ws/install/btcpp_ros2_interfaces' for CMake module files
[1.189s] Level 1:colcon.colcon_core.environment:checking '/convince_ws/install/btcpp_ros2_interfaces' for CMake config files
[1.189s] Level 1:colcon.colcon_core.shell:create_environment_hook('btcpp_ros2_interfaces', 'cmake_prefix_path')
[1.189s] INFO:colcon.colcon_core.shell:Creating environment hook '/convince_ws/install/btcpp_ros2_interfaces/share/btcpp_ros2_interfaces/hook/cmake_prefix_path.ps1'
[1.190s] INFO:colcon.colcon_core.shell:Creating environment descriptor '/convince_ws/install/btcpp_ros2_interfaces/share/btcpp_ros2_interfaces/hook/cmake_prefix_path.dsv'
[1.190s] INFO:colcon.colcon_core.shell:Creating environment hook '/convince_ws/install/btcpp_ros2_interfaces/share/btcpp_ros2_interfaces/hook/cmake_prefix_path.sh'
[1.190s] Level 1:colcon.colcon_core.environment:checking '/convince_ws/install/btcpp_ros2_interfaces/lib'
[1.190s] Level 1:colcon.colcon_core.shell:create_environment_hook('btcpp_ros2_interfaces', 'ld_library_path_lib')
[1.190s] INFO:colcon.colcon_core.shell:Creating environment hook '/convince_ws/install/btcpp_ros2_interfaces/share/btcpp_ros2_interfaces/hook/ld_library_path_lib.ps1'
[1.190s] INFO:colcon.colcon_core.shell:Creating environment descriptor '/convince_ws/install/btcpp_ros2_interfaces/share/btcpp_ros2_interfaces/hook/ld_library_path_lib.dsv'
[1.190s] INFO:colcon.colcon_core.shell:Creating environment hook '/convince_ws/install/btcpp_ros2_interfaces/share/btcpp_ros2_interfaces/hook/ld_library_path_lib.sh'
[1.191s] Level 1:colcon.colcon_core.environment:checking '/convince_ws/install/btcpp_ros2_interfaces/bin'
[1.191s] Level 1:colcon.colcon_core.environment:checking '/convince_ws/install/btcpp_ros2_interfaces/lib/pkgconfig/btcpp_ros2_interfaces.pc'
[1.191s] Level 1:colcon.colcon_core.environment:checking '/convince_ws/install/btcpp_ros2_interfaces/lib/python3.12/site-packages'
[1.191s] Level 1:colcon.colcon_core.shell:create_environment_hook('btcpp_ros2_interfaces', 'pythonpath')
[1.191s] INFO:colcon.colcon_core.shell:Creating environment hook '/convince_ws/install/btcpp_ros2_interfaces/share/btcpp_ros2_interfaces/hook/pythonpath.ps1'
[1.191s] INFO:colcon.colcon_core.shell:Creating environment descriptor '/convince_ws/install/btcpp_ros2_interfaces/share/btcpp_ros2_interfaces/hook/pythonpath.dsv'
[1.191s] INFO:colcon.colcon_core.shell:Creating environment hook '/convince_ws/install/btcpp_ros2_interfaces/share/btcpp_ros2_interfaces/hook/pythonpath.sh'
[1.192s] Level 1:colcon.colcon_core.environment:checking '/convince_ws/install/btcpp_ros2_interfaces/bin'
[1.192s] INFO:colcon.colcon_core.shell:Creating package script '/convince_ws/install/btcpp_ros2_interfaces/share/btcpp_ros2_interfaces/package.ps1'
[1.192s] INFO:colcon.colcon_core.shell:Creating package descriptor '/convince_ws/install/btcpp_ros2_interfaces/share/btcpp_ros2_interfaces/package.dsv'
[1.192s] INFO:colcon.colcon_core.shell:Creating package script '/convince_ws/install/btcpp_ros2_interfaces/share/btcpp_ros2_interfaces/package.sh'
[1.192s] INFO:colcon.colcon_core.shell:Creating package script '/convince_ws/install/btcpp_ros2_interfaces/share/btcpp_ros2_interfaces/package.bash'
[1.193s] INFO:colcon.colcon_core.shell:Creating package script '/convince_ws/install/btcpp_ros2_interfaces/share/btcpp_ros2_interfaces/package.zsh'
[1.193s] Level 1:colcon.colcon_core.environment:create_file_with_runtime_dependencies(/convince_ws/install/btcpp_ros2_interfaces/share/colcon-core/packages/btcpp_ros2_interfaces)
[1.193s] INFO:colcon.colcon_ros.task.ament_cmake.build:Building ROS package in '/convince_ws/src/behaviortree_ros2/behaviortree_ros2' with build type 'ament_cmake'
[1.193s] INFO:colcon.colcon_cmake.task.cmake.build:Building CMake package in '/convince_ws/src/behaviortree_ros2/behaviortree_ros2'
[1.193s] INFO:colcon.colcon_core.shell:Skip shell extension 'powershell' for command environment: Not usable outside of PowerShell
[1.193s] DEBUG:colcon.colcon_core.shell:Skip shell extension 'dsv' for command environment
[1.201s] DEBUG:colcon.colcon_core.event_handler.log_command:Invoking command in '/convince_ws/build/behaviortree_ros2': CMAKE_PREFIX_PATH=/convince_ws/install/btcpp_ros2_interfaces:/convince_ws/install/pyrobosim_ros:/convince_ws/install/pyrobosim_msgs:/convince_ws/install/btcpp_ros2_samples:/convince_ws/install/behaviortree_ros2:/convince_ws/install/behaviortree_cpp_v3:/convince_ws/install/tutorial_sim:/opt/ros/jazzy LD_LIBRARY_PATH=/convince_ws/install/btcpp_ros2_interfaces/lib:/convince_ws/install/pyrobosim_msgs/lib:/convince_ws/install/behaviortree_ros2/lib:/convince_ws/install/behaviortree_cpp_v3/lib:/opt/ros/jazzy/opt/zmqpp_vendor/lib:/opt/ros/jazzy/lib/x86_64-linux-gnu:/opt/ros/jazzy/lib PYTHONPATH=/convince_ws/install/btcpp_ros2_interfaces/lib/python3.12/site-packages:/convince_ws/build/tutorial_sim:/convince_ws/install/tutorial_sim/lib/python3.12/site-packages:/convince_ws/install/pyrobosim_ros/lib/python3.12/site-packages:/convince_ws/install/pyrobosim_msgs/lib/python3.12/site-packages:/convince_ws/build/pyrobosim:/convince_ws/install/pyrobosim/lib/python3.12/site-packages:/opt/ros/jazzy/lib/python3.12/site-packages /usr/bin/cmake /convince_ws/src/behaviortree_ros2/behaviortree_ros2 -DCMAKE_INSTALL_PREFIX=/convince_ws/install/behaviortree_ros2
[1.272s] DEBUG:colcon.colcon_core.event_handler.log_command:Invoked command in '/convince_ws/build/pyrobosim_msgs' returned '0': CMAKE_PREFIX_PATH=${CMAKE_PREFIX_PATH}:/convince_ws/install/tutorial_sim:/opt/ros/jazzy /usr/bin/cmake /convince_ws/src/pyrobosim/pyrobosim_msgs -DCMAKE_INSTALL_PREFIX=/convince_ws/install/pyrobosim_msgs
[1.273s] DEBUG:colcon.colcon_core.event_handler.log_command:Invoking command in '/convince_ws/build/pyrobosim_msgs': CMAKE_PREFIX_PATH=${CMAKE_PREFIX_PATH}:/convince_ws/install/tutorial_sim:/opt/ros/jazzy /usr/bin/cmake --build /convince_ws/build/pyrobosim_msgs -- -j20 -l20
[1.486s] DEBUG:colcon.colcon_core.event_handler.log_command:Invoked command in '/convince_ws/build/pyrobosim_msgs' returned '0': CMAKE_PREFIX_PATH=${CMAKE_PREFIX_PATH}:/convince_ws/install/tutorial_sim:/opt/ros/jazzy /usr/bin/cmake --build /convince_ws/build/pyrobosim_msgs -- -j20 -l20
[1.487s] DEBUG:colcon.colcon_core.event_handler.log_command:Invoking command in '/convince_ws/build/pyrobosim_msgs': CMAKE_PREFIX_PATH=${CMAKE_PREFIX_PATH}:/convince_ws/install/tutorial_sim:/opt/ros/jazzy /usr/bin/cmake --install /convince_ws/build/pyrobosim_msgs
[1.557s] Level 1:colcon.colcon_core.environment:create_environment_scripts_only(pyrobosim_msgs)
[1.557s] Level 1:colcon.colcon_core.environment:checking '/convince_ws/install/pyrobosim_msgs' for CMake module files
[1.557s] DEBUG:colcon.colcon_core.event_handler.log_command:Invoked command in '/convince_ws/build/pyrobosim_msgs' returned '0': CMAKE_PREFIX_PATH=${CMAKE_PREFIX_PATH}:/convince_ws/install/tutorial_sim:/opt/ros/jazzy /usr/bin/cmake --install /convince_ws/build/pyrobosim_msgs
[1.558s] Level 1:colcon.colcon_core.environment:checking '/convince_ws/install/pyrobosim_msgs' for CMake config files
[1.558s] Level 1:colcon.colcon_core.shell:create_environment_hook('pyrobosim_msgs', 'cmake_prefix_path')
[1.559s] INFO:colcon.colcon_core.shell:Creating environment hook '/convince_ws/install/pyrobosim_msgs/share/pyrobosim_msgs/hook/cmake_prefix_path.ps1'
[1.559s] INFO:colcon.colcon_core.shell:Creating environment descriptor '/convince_ws/install/pyrobosim_msgs/share/pyrobosim_msgs/hook/cmake_prefix_path.dsv'
[1.559s] INFO:colcon.colcon_core.shell:Creating environment hook '/convince_ws/install/pyrobosim_msgs/share/pyrobosim_msgs/hook/cmake_prefix_path.sh'
[1.560s] Level 1:colcon.colcon_core.environment:checking '/convince_ws/install/pyrobosim_msgs/lib'
[1.560s] Level 1:colcon.colcon_core.shell:create_environment_hook('pyrobosim_msgs', 'ld_library_path_lib')
[1.560s] INFO:colcon.colcon_core.shell:Creating environment hook '/convince_ws/install/pyrobosim_msgs/share/pyrobosim_msgs/hook/ld_library_path_lib.ps1'
[1.560s] INFO:colcon.colcon_core.shell:Creating environment descriptor '/convince_ws/install/pyrobosim_msgs/share/pyrobosim_msgs/hook/ld_library_path_lib.dsv'
[1.561s] INFO:colcon.colcon_core.shell:Creating environment hook '/convince_ws/install/pyrobosim_msgs/share/pyrobosim_msgs/hook/ld_library_path_lib.sh'
[1.561s] Level 1:colcon.colcon_core.environment:checking '/convince_ws/install/pyrobosim_msgs/bin'
[1.561s] Level 1:colcon.colcon_core.environment:checking '/convince_ws/install/pyrobosim_msgs/lib/pkgconfig/pyrobosim_msgs.pc'
[1.561s] Level 1:colcon.colcon_core.environment:checking '/convince_ws/install/pyrobosim_msgs/lib/python3.12/site-packages'
[1.561s] Level 1:colcon.colcon_core.shell:create_environment_hook('pyrobosim_msgs', 'pythonpath')
[1.561s] INFO:colcon.colcon_core.shell:Creating environment hook '/convince_ws/install/pyrobosim_msgs/share/pyrobosim_msgs/hook/pythonpath.ps1'
[1.562s] INFO:colcon.colcon_core.shell:Creating environment descriptor '/convince_ws/install/pyrobosim_msgs/share/pyrobosim_msgs/hook/pythonpath.dsv'
[1.562s] INFO:colcon.colcon_core.shell:Creating environment hook '/convince_ws/install/pyrobosim_msgs/share/pyrobosim_msgs/hook/pythonpath.sh'
[1.562s] Level 1:colcon.colcon_core.environment:checking '/convince_ws/install/pyrobosim_msgs/bin'
[1.563s] INFO:colcon.colcon_core.shell:Creating package script '/convince_ws/install/pyrobosim_msgs/share/pyrobosim_msgs/package.ps1'
[1.563s] INFO:colcon.colcon_core.shell:Creating package descriptor '/convince_ws/install/pyrobosim_msgs/share/pyrobosim_msgs/package.dsv'
[1.564s] INFO:colcon.colcon_core.shell:Creating package script '/convince_ws/install/pyrobosim_msgs/share/pyrobosim_msgs/package.sh'
[1.564s] INFO:colcon.colcon_core.shell:Creating package script '/convince_ws/install/pyrobosim_msgs/share/pyrobosim_msgs/package.bash'
[1.564s] INFO:colcon.colcon_core.shell:Creating package script '/convince_ws/install/pyrobosim_msgs/share/pyrobosim_msgs/package.zsh'
[1.565s] Level 1:colcon.colcon_core.environment:create_file_with_runtime_dependencies(/convince_ws/install/pyrobosim_msgs/share/colcon-core/packages/pyrobosim_msgs)
[1.565s] Level 1:colcon.colcon_core.environment:create_environment_scripts_only(pyrobosim_msgs)
[1.565s] Level 1:colcon.colcon_core.environment:checking '/convince_ws/install/pyrobosim_msgs' for CMake module files
[1.566s] Level 1:colcon.colcon_core.environment:checking '/convince_ws/install/pyrobosim_msgs' for CMake config files
[1.566s] Level 1:colcon.colcon_core.shell:create_environment_hook('pyrobosim_msgs', 'cmake_prefix_path')
[1.567s] INFO:colcon.colcon_core.shell:Creating environment hook '/convince_ws/install/pyrobosim_msgs/share/pyrobosim_msgs/hook/cmake_prefix_path.ps1'
[1.567s] INFO:colcon.colcon_core.shell:Creating environment descriptor '/convince_ws/install/pyrobosim_msgs/share/pyrobosim_msgs/hook/cmake_prefix_path.dsv'
[1.567s] INFO:colcon.colcon_core.shell:Creating environment hook '/convince_ws/install/pyrobosim_msgs/share/pyrobosim_msgs/hook/cmake_prefix_path.sh'
[1.568s] Level 1:colcon.colcon_core.environment:checking '/convince_ws/install/pyrobosim_msgs/lib'
[1.568s] Level 1:colcon.colcon_core.shell:create_environment_hook('pyrobosim_msgs', 'ld_library_path_lib')
[1.568s] INFO:colcon.colcon_core.shell:Creating environment hook '/convince_ws/install/pyrobosim_msgs/share/pyrobosim_msgs/hook/ld_library_path_lib.ps1'
[1.568s] INFO:colcon.colcon_core.shell:Creating environment descriptor '/convince_ws/install/pyrobosim_msgs/share/pyrobosim_msgs/hook/ld_library_path_lib.dsv'
[1.568s] INFO:colcon.colcon_core.shell:Creating environment hook '/convince_ws/install/pyrobosim_msgs/share/pyrobosim_msgs/hook/ld_library_path_lib.sh'
[1.569s] Level 1:colcon.colcon_core.environment:checking '/convince_ws/install/pyrobosim_msgs/bin'
[1.569s] Level 1:colcon.colcon_core.environment:checking '/convince_ws/install/pyrobosim_msgs/lib/pkgconfig/pyrobosim_msgs.pc'
[1.569s] Level 1:colcon.colcon_core.environment:checking '/convince_ws/install/pyrobosim_msgs/lib/python3.12/site-packages'
[1.569s] Level 1:colcon.colcon_core.shell:create_environment_hook('pyrobosim_msgs', 'pythonpath')
[1.569s] INFO:colcon.colcon_core.shell:Creating environment hook '/convince_ws/install/pyrobosim_msgs/share/pyrobosim_msgs/hook/pythonpath.ps1'
[1.569s] INFO:colcon.colcon_core.shell:Creating environment descriptor '/convince_ws/install/pyrobosim_msgs/share/pyrobosim_msgs/hook/pythonpath.dsv'
[1.569s] INFO:colcon.colcon_core.shell:Creating environment hook '/convince_ws/install/pyrobosim_msgs/share/pyrobosim_msgs/hook/pythonpath.sh'
[1.570s] Level 1:colcon.colcon_core.environment:checking '/convince_ws/install/pyrobosim_msgs/bin'
[1.570s] INFO:colcon.colcon_core.shell:Creating package script '/convince_ws/install/pyrobosim_msgs/share/pyrobosim_msgs/package.ps1'
[1.570s] INFO:colcon.colcon_core.shell:Creating package descriptor '/convince_ws/install/pyrobosim_msgs/share/pyrobosim_msgs/package.dsv'
[1.570s] INFO:colcon.colcon_core.shell:Creating package script '/convince_ws/install/pyrobosim_msgs/share/pyrobosim_msgs/package.sh'
[1.571s] INFO:colcon.colcon_core.shell:Creating package script '/convince_ws/install/pyrobosim_msgs/share/pyrobosim_msgs/package.bash'
[1.571s] INFO:colcon.colcon_core.shell:Creating package script '/convince_ws/install/pyrobosim_msgs/share/pyrobosim_msgs/package.zsh'
[1.571s] Level 1:colcon.colcon_core.environment:create_file_with_runtime_dependencies(/convince_ws/install/pyrobosim_msgs/share/colcon-core/packages/pyrobosim_msgs)
[1.571s] INFO:colcon.colcon_ros.task.ament_cmake.build:Building ROS package in '/convince_ws/src/pyrobosim/pyrobosim_ros' with build type 'ament_cmake'
[1.571s] INFO:colcon.colcon_cmake.task.cmake.build:Building CMake package in '/convince_ws/src/pyrobosim/pyrobosim_ros'
[1.571s] INFO:colcon.colcon_core.shell:Skip shell extension 'powershell' for command environment: Not usable outside of PowerShell
[1.571s] DEBUG:colcon.colcon_core.shell:Skip shell extension 'dsv' for command environment
[1.578s] DEBUG:colcon.colcon_core.event_handler.log_command:Invoking command in '/convince_ws/build/pyrobosim_ros': CMAKE_PREFIX_PATH=/convince_ws/install/pyrobosim_msgs:/convince_ws/install/pyrobosim_ros:/convince_ws/install/btcpp_ros2_samples:/convince_ws/install/behaviortree_ros2:/convince_ws/install/btcpp_ros2_interfaces:/convince_ws/install/behaviortree_cpp_v3:/convince_ws/install/tutorial_sim:/opt/ros/jazzy PYTHONPATH=/convince_ws/install/pyrobosim_msgs/lib/python3.12/site-packages:/convince_ws/build/tutorial_sim:/convince_ws/install/tutorial_sim/lib/python3.12/site-packages:/convince_ws/install/pyrobosim_ros/lib/python3.12/site-packages:/convince_ws/build/pyrobosim:/convince_ws/install/pyrobosim/lib/python3.12/site-packages:/convince_ws/install/btcpp_ros2_interfaces/lib/python3.12/site-packages:/opt/ros/jazzy/lib/python3.12/site-packages /usr/bin/cmake /convince_ws/src/pyrobosim/pyrobosim_ros -DCMAKE_INSTALL_PREFIX=/convince_ws/install/pyrobosim_ros
[1.655s] DEBUG:colcon.colcon_core.event_handler.log_command:Invoked command in '/convince_ws/build/behaviortree_ros2' returned '0': CMAKE_PREFIX_PATH=/convince_ws/install/btcpp_ros2_interfaces:/convince_ws/install/pyrobosim_ros:/convince_ws/install/pyrobosim_msgs:/convince_ws/install/btcpp_ros2_samples:/convince_ws/install/behaviortree_ros2:/convince_ws/install/behaviortree_cpp_v3:/convince_ws/install/tutorial_sim:/opt/ros/jazzy LD_LIBRARY_PATH=/convince_ws/install/btcpp_ros2_interfaces/lib:/convince_ws/install/pyrobosim_msgs/lib:/convince_ws/install/behaviortree_ros2/lib:/convince_ws/install/behaviortree_cpp_v3/lib:/opt/ros/jazzy/opt/zmqpp_vendor/lib:/opt/ros/jazzy/lib/x86_64-linux-gnu:/opt/ros/jazzy/lib PYTHONPATH=/convince_ws/install/btcpp_ros2_interfaces/lib/python3.12/site-packages:/convince_ws/build/tutorial_sim:/convince_ws/install/tutorial_sim/lib/python3.12/site-packages:/convince_ws/install/pyrobosim_ros/lib/python3.12/site-packages:/convince_ws/install/pyrobosim_msgs/lib/python3.12/site-packages:/convince_ws/build/pyrobosim:/convince_ws/install/pyrobosim/lib/python3.12/site-packages:/opt/ros/jazzy/lib/python3.12/site-packages /usr/bin/cmake /convince_ws/src/behaviortree_ros2/behaviortree_ros2 -DCMAKE_INSTALL_PREFIX=/convince_ws/install/behaviortree_ros2
[1.656s] DEBUG:colcon.colcon_core.event_handler.log_command:Invoking command in '/convince_ws/build/behaviortree_ros2': CMAKE_PREFIX_PATH=/convince_ws/install/btcpp_ros2_interfaces:/convince_ws/install/pyrobosim_ros:/convince_ws/install/pyrobosim_msgs:/convince_ws/install/btcpp_ros2_samples:/convince_ws/install/behaviortree_ros2:/convince_ws/install/behaviortree_cpp_v3:/convince_ws/install/tutorial_sim:/opt/ros/jazzy LD_LIBRARY_PATH=/convince_ws/install/btcpp_ros2_interfaces/lib:/convince_ws/install/pyrobosim_msgs/lib:/convince_ws/install/behaviortree_ros2/lib:/convince_ws/install/behaviortree_cpp_v3/lib:/opt/ros/jazzy/opt/zmqpp_vendor/lib:/opt/ros/jazzy/lib/x86_64-linux-gnu:/opt/ros/jazzy/lib PYTHONPATH=/convince_ws/install/btcpp_ros2_interfaces/lib/python3.12/site-packages:/convince_ws/build/tutorial_sim:/convince_ws/install/tutorial_sim/lib/python3.12/site-packages:/convince_ws/install/pyrobosim_ros/lib/python3.12/site-packages:/convince_ws/install/pyrobosim_msgs/lib/python3.12/site-packages:/convince_ws/build/pyrobosim:/convince_ws/install/pyrobosim/lib/python3.12/site-packages:/opt/ros/jazzy/lib/python3.12/site-packages /usr/bin/cmake --build /convince_ws/build/behaviortree_ros2 -- -j20 -l20
[1.740s] DEBUG:colcon.colcon_core.event_handler.log_command:Invoked command in '/convince_ws/build/behaviortree_ros2' returned '0': CMAKE_PREFIX_PATH=/convince_ws/install/btcpp_ros2_interfaces:/convince_ws/install/pyrobosim_ros:/convince_ws/install/pyrobosim_msgs:/convince_ws/install/btcpp_ros2_samples:/convince_ws/install/behaviortree_ros2:/convince_ws/install/behaviortree_cpp_v3:/convince_ws/install/tutorial_sim:/opt/ros/jazzy LD_LIBRARY_PATH=/convince_ws/install/btcpp_ros2_interfaces/lib:/convince_ws/install/pyrobosim_msgs/lib:/convince_ws/install/behaviortree_ros2/lib:/convince_ws/install/behaviortree_cpp_v3/lib:/opt/ros/jazzy/opt/zmqpp_vendor/lib:/opt/ros/jazzy/lib/x86_64-linux-gnu:/opt/ros/jazzy/lib PYTHONPATH=/convince_ws/install/btcpp_ros2_interfaces/lib/python3.12/site-packages:/convince_ws/build/tutorial_sim:/convince_ws/install/tutorial_sim/lib/python3.12/site-packages:/convince_ws/install/pyrobosim_ros/lib/python3.12/site-packages:/convince_ws/install/pyrobosim_msgs/lib/python3.12/site-packages:/convince_ws/build/pyrobosim:/convince_ws/install/pyrobosim/lib/python3.12/site-packages:/opt/ros/jazzy/lib/python3.12/site-packages /usr/bin/cmake --build /convince_ws/build/behaviortree_ros2 -- -j20 -l20
[1.740s] DEBUG:colcon.colcon_core.event_handler.log_command:Invoking command in '/convince_ws/build/behaviortree_ros2': CMAKE_PREFIX_PATH=/convince_ws/install/btcpp_ros2_interfaces:/convince_ws/install/pyrobosim_ros:/convince_ws/install/pyrobosim_msgs:/convince_ws/install/btcpp_ros2_samples:/convince_ws/install/behaviortree_ros2:/convince_ws/install/behaviortree_cpp_v3:/convince_ws/install/tutorial_sim:/opt/ros/jazzy LD_LIBRARY_PATH=/convince_ws/install/btcpp_ros2_interfaces/lib:/convince_ws/install/pyrobosim_msgs/lib:/convince_ws/install/behaviortree_ros2/lib:/convince_ws/install/behaviortree_cpp_v3/lib:/opt/ros/jazzy/opt/zmqpp_vendor/lib:/opt/ros/jazzy/lib/x86_64-linux-gnu:/opt/ros/jazzy/lib PYTHONPATH=/convince_ws/install/btcpp_ros2_interfaces/lib/python3.12/site-packages:/convince_ws/build/tutorial_sim:/convince_ws/install/tutorial_sim/lib/python3.12/site-packages:/convince_ws/install/pyrobosim_ros/lib/python3.12/site-packages:/convince_ws/install/pyrobosim_msgs/lib/python3.12/site-packages:/convince_ws/build/pyrobosim:/convince_ws/install/pyrobosim/lib/python3.12/site-packages:/opt/ros/jazzy/lib/python3.12/site-packages /usr/bin/cmake --install /convince_ws/build/behaviortree_ros2
[1.755s] Level 1:colcon.colcon_core.environment:create_environment_scripts_only(behaviortree_ros2)
[1.755s] Level 1:colcon.colcon_core.environment:checking '/convince_ws/install/behaviortree_ros2' for CMake module files
[1.756s] DEBUG:colcon.colcon_core.event_handler.log_command:Invoked command in '/convince_ws/build/behaviortree_ros2' returned '0': CMAKE_PREFIX_PATH=/convince_ws/install/btcpp_ros2_interfaces:/convince_ws/install/pyrobosim_ros:/convince_ws/install/pyrobosim_msgs:/convince_ws/install/btcpp_ros2_samples:/convince_ws/install/behaviortree_ros2:/convince_ws/install/behaviortree_cpp_v3:/convince_ws/install/tutorial_sim:/opt/ros/jazzy LD_LIBRARY_PATH=/convince_ws/install/btcpp_ros2_interfaces/lib:/convince_ws/install/pyrobosim_msgs/lib:/convince_ws/install/behaviortree_ros2/lib:/convince_ws/install/behaviortree_cpp_v3/lib:/opt/ros/jazzy/opt/zmqpp_vendor/lib:/opt/ros/jazzy/lib/x86_64-linux-gnu:/opt/ros/jazzy/lib PYTHONPATH=/convince_ws/install/btcpp_ros2_interfaces/lib/python3.12/site-packages:/convince_ws/build/tutorial_sim:/convince_ws/install/tutorial_sim/lib/python3.12/site-packages:/convince_ws/install/pyrobosim_ros/lib/python3.12/site-packages:/convince_ws/install/pyrobosim_msgs/lib/python3.12/site-packages:/convince_ws/build/pyrobosim:/convince_ws/install/pyrobosim/lib/python3.12/site-packages:/opt/ros/jazzy/lib/python3.12/site-packages /usr/bin/cmake --install /convince_ws/build/behaviortree_ros2
[1.756s] Level 1:colcon.colcon_core.environment:checking '/convince_ws/install/behaviortree_ros2' for CMake config files
[1.756s] Level 1:colcon.colcon_core.shell:create_environment_hook('behaviortree_ros2', 'cmake_prefix_path')
[1.756s] INFO:colcon.colcon_core.shell:Creating environment hook '/convince_ws/install/behaviortree_ros2/share/behaviortree_ros2/hook/cmake_prefix_path.ps1'
[1.757s] INFO:colcon.colcon_core.shell:Creating environment descriptor '/convince_ws/install/behaviortree_ros2/share/behaviortree_ros2/hook/cmake_prefix_path.dsv'
[1.757s] INFO:colcon.colcon_core.shell:Creating environment hook '/convince_ws/install/behaviortree_ros2/share/behaviortree_ros2/hook/cmake_prefix_path.sh'
[1.757s] Level 1:colcon.colcon_core.environment:checking '/convince_ws/install/behaviortree_ros2/lib'
[1.757s] Level 1:colcon.colcon_core.environment:checking '/convince_ws/install/behaviortree_ros2/bin'
[1.757s] Level 1:colcon.colcon_core.environment:checking '/convince_ws/install/behaviortree_ros2/lib/pkgconfig/behaviortree_ros2.pc'
[1.757s] Level 1:colcon.colcon_core.environment:checking '/convince_ws/install/behaviortree_ros2/lib/python3.12/site-packages'
[1.757s] Level 1:colcon.colcon_core.environment:checking '/convince_ws/install/behaviortree_ros2/bin'
[1.757s] INFO:colcon.colcon_core.shell:Creating package script '/convince_ws/install/behaviortree_ros2/share/behaviortree_ros2/package.ps1'
[1.758s] INFO:colcon.colcon_core.shell:Creating package descriptor '/convince_ws/install/behaviortree_ros2/share/behaviortree_ros2/package.dsv'
[1.758s] INFO:colcon.colcon_core.shell:Creating package script '/convince_ws/install/behaviortree_ros2/share/behaviortree_ros2/package.sh'
[1.758s] INFO:colcon.colcon_core.shell:Creating package script '/convince_ws/install/behaviortree_ros2/share/behaviortree_ros2/package.bash'
[1.758s] INFO:colcon.colcon_core.shell:Creating package script '/convince_ws/install/behaviortree_ros2/share/behaviortree_ros2/package.zsh'
[1.758s] Level 1:colcon.colcon_core.environment:create_file_with_runtime_dependencies(/convince_ws/install/behaviortree_ros2/share/colcon-core/packages/behaviortree_ros2)
[1.758s] Level 1:colcon.colcon_core.environment:create_environment_scripts_only(behaviortree_ros2)
[1.759s] Level 1:colcon.colcon_core.environment:checking '/convince_ws/install/behaviortree_ros2' for CMake module files
[1.759s] Level 1:colcon.colcon_core.environment:checking '/convince_ws/install/behaviortree_ros2' for CMake config files
[1.759s] Level 1:colcon.colcon_core.shell:create_environment_hook('behaviortree_ros2', 'cmake_prefix_path')
[1.759s] INFO:colcon.colcon_core.shell:Creating environment hook '/convince_ws/install/behaviortree_ros2/share/behaviortree_ros2/hook/cmake_prefix_path.ps1'
[1.759s] INFO:colcon.colcon_core.shell:Creating environment descriptor '/convince_ws/install/behaviortree_ros2/share/behaviortree_ros2/hook/cmake_prefix_path.dsv'
[1.759s] INFO:colcon.colcon_core.shell:Creating environment hook '/convince_ws/install/behaviortree_ros2/share/behaviortree_ros2/hook/cmake_prefix_path.sh'
[1.760s] Level 1:colcon.colcon_core.environment:checking '/convince_ws/install/behaviortree_ros2/lib'
[1.760s] Level 1:colcon.colcon_core.environment:checking '/convince_ws/install/behaviortree_ros2/bin'
[1.760s] Level 1:colcon.colcon_core.environment:checking '/convince_ws/install/behaviortree_ros2/lib/pkgconfig/behaviortree_ros2.pc'
[1.760s] Level 1:colcon.colcon_core.environment:checking '/convince_ws/install/behaviortree_ros2/lib/python3.12/site-packages'
[1.760s] Level 1:colcon.colcon_core.environment:checking '/convince_ws/install/behaviortree_ros2/bin'
[1.760s] INFO:colcon.colcon_core.shell:Creating package script '/convince_ws/install/behaviortree_ros2/share/behaviortree_ros2/package.ps1'
[1.760s] INFO:colcon.colcon_core.shell:Creating package descriptor '/convince_ws/install/behaviortree_ros2/share/behaviortree_ros2/package.dsv'
[1.761s] INFO:colcon.colcon_core.shell:Creating package script '/convince_ws/install/behaviortree_ros2/share/behaviortree_ros2/package.sh'
[1.761s] INFO:colcon.colcon_core.shell:Creating package script '/convince_ws/install/behaviortree_ros2/share/behaviortree_ros2/package.bash'
[1.761s] INFO:colcon.colcon_core.shell:Creating package script '/convince_ws/install/behaviortree_ros2/share/behaviortree_ros2/package.zsh'
[1.761s] Level 1:colcon.colcon_core.environment:create_file_with_runtime_dependencies(/convince_ws/install/behaviortree_ros2/share/colcon-core/packages/behaviortree_ros2)
[1.761s] INFO:colcon.colcon_ros.task.ament_cmake.build:Building ROS package in '/convince_ws/src/behaviortree_ros2/btcpp_ros2_samples' with build type 'ament_cmake'
[1.761s] INFO:colcon.colcon_cmake.task.cmake.build:Building CMake package in '/convince_ws/src/behaviortree_ros2/btcpp_ros2_samples'
[1.761s] INFO:colcon.colcon_core.shell:Skip shell extension 'powershell' for command environment: Not usable outside of PowerShell
[1.761s] DEBUG:colcon.colcon_core.shell:Skip shell extension 'dsv' for command environment
[1.770s] DEBUG:colcon.colcon_core.event_handler.log_command:Invoking command in '/convince_ws/build/btcpp_ros2_samples': CMAKE_PREFIX_PATH=/convince_ws/install/behaviortree_ros2:/convince_ws/install/btcpp_ros2_interfaces:/convince_ws/install/pyrobosim_ros:/convince_ws/install/pyrobosim_msgs:/convince_ws/install/btcpp_ros2_samples:/convince_ws/install/behaviortree_cpp_v3:/convince_ws/install/tutorial_sim:/opt/ros/jazzy LD_LIBRARY_PATH=/convince_ws/install/btcpp_ros2_interfaces/lib:/convince_ws/install/pyrobosim_msgs/lib:/convince_ws/install/behaviortree_ros2/lib:/convince_ws/install/behaviortree_cpp_v3/lib:/opt/ros/jazzy/opt/zmqpp_vendor/lib:/opt/ros/jazzy/lib/x86_64-linux-gnu:/opt/ros/jazzy/lib PYTHONPATH=/convince_ws/install/btcpp_ros2_interfaces/lib/python3.12/site-packages:/convince_ws/build/tutorial_sim:/convince_ws/install/tutorial_sim/lib/python3.12/site-packages:/convince_ws/install/pyrobosim_ros/lib/python3.12/site-packages:/convince_ws/install/pyrobosim_msgs/lib/python3.12/site-packages:/convince_ws/build/pyrobosim:/convince_ws/install/pyrobosim/lib/python3.12/site-packages:/opt/ros/jazzy/lib/python3.12/site-packages /usr/bin/cmake /convince_ws/src/behaviortree_ros2/btcpp_ros2_samples -DCMAKE_INSTALL_PREFIX=/convince_ws/install/btcpp_ros2_samples
[2.268s] DEBUG:colcon.colcon_core.event_handler.log_command:Invoked command in '/convince_ws/build/btcpp_ros2_samples' returned '0': CMAKE_PREFIX_PATH=/convince_ws/install/behaviortree_ros2:/convince_ws/install/btcpp_ros2_interfaces:/convince_ws/install/pyrobosim_ros:/convince_ws/install/pyrobosim_msgs:/convince_ws/install/btcpp_ros2_samples:/convince_ws/install/behaviortree_cpp_v3:/convince_ws/install/tutorial_sim:/opt/ros/jazzy LD_LIBRARY_PATH=/convince_ws/install/btcpp_ros2_interfaces/lib:/convince_ws/install/pyrobosim_msgs/lib:/convince_ws/install/behaviortree_ros2/lib:/convince_ws/install/behaviortree_cpp_v3/lib:/opt/ros/jazzy/opt/zmqpp_vendor/lib:/opt/ros/jazzy/lib/x86_64-linux-gnu:/opt/ros/jazzy/lib PYTHONPATH=/convince_ws/install/btcpp_ros2_interfaces/lib/python3.12/site-packages:/convince_ws/build/tutorial_sim:/convince_ws/install/tutorial_sim/lib/python3.12/site-packages:/convince_ws/install/pyrobosim_ros/lib/python3.12/site-packages:/convince_ws/install/pyrobosim_msgs/lib/python3.12/site-packages:/convince_ws/build/pyrobosim:/convince_ws/install/pyrobosim/lib/python3.12/site-packages:/opt/ros/jazzy/lib/python3.12/site-packages /usr/bin/cmake /convince_ws/src/behaviortree_ros2/btcpp_ros2_samples -DCMAKE_INSTALL_PREFIX=/convince_ws/install/btcpp_ros2_samples
[2.269s] DEBUG:colcon.colcon_core.event_handler.log_command:Invoking command in '/convince_ws/build/btcpp_ros2_samples': CMAKE_PREFIX_PATH=/convince_ws/install/behaviortree_ros2:/convince_ws/install/btcpp_ros2_interfaces:/convince_ws/install/pyrobosim_ros:/convince_ws/install/pyrobosim_msgs:/convince_ws/install/btcpp_ros2_samples:/convince_ws/install/behaviortree_cpp_v3:/convince_ws/install/tutorial_sim:/opt/ros/jazzy LD_LIBRARY_PATH=/convince_ws/install/btcpp_ros2_interfaces/lib:/convince_ws/install/pyrobosim_msgs/lib:/convince_ws/install/behaviortree_ros2/lib:/convince_ws/install/behaviortree_cpp_v3/lib:/opt/ros/jazzy/opt/zmqpp_vendor/lib:/opt/ros/jazzy/lib/x86_64-linux-gnu:/opt/ros/jazzy/lib PYTHONPATH=/convince_ws/install/btcpp_ros2_interfaces/lib/python3.12/site-packages:/convince_ws/build/tutorial_sim:/convince_ws/install/tutorial_sim/lib/python3.12/site-packages:/convince_ws/install/pyrobosim_ros/lib/python3.12/site-packages:/convince_ws/install/pyrobosim_msgs/lib/python3.12/site-packages:/convince_ws/build/pyrobosim:/convince_ws/install/pyrobosim/lib/python3.12/site-packages:/opt/ros/jazzy/lib/python3.12/site-packages /usr/bin/cmake --build /convince_ws/build/btcpp_ros2_samples -- -j20 -l20
[2.339s] DEBUG:colcon.colcon_core.event_handler.log_command:Invoked command in '/convince_ws/build/btcpp_ros2_samples' returned '0': CMAKE_PREFIX_PATH=/convince_ws/install/behaviortree_ros2:/convince_ws/install/btcpp_ros2_interfaces:/convince_ws/install/pyrobosim_ros:/convince_ws/install/pyrobosim_msgs:/convince_ws/install/btcpp_ros2_samples:/convince_ws/install/behaviortree_cpp_v3:/convince_ws/install/tutorial_sim:/opt/ros/jazzy LD_LIBRARY_PATH=/convince_ws/install/btcpp_ros2_interfaces/lib:/convince_ws/install/pyrobosim_msgs/lib:/convince_ws/install/behaviortree_ros2/lib:/convince_ws/install/behaviortree_cpp_v3/lib:/opt/ros/jazzy/opt/zmqpp_vendor/lib:/opt/ros/jazzy/lib/x86_64-linux-gnu:/opt/ros/jazzy/lib PYTHONPATH=/convince_ws/install/btcpp_ros2_interfaces/lib/python3.12/site-packages:/convince_ws/build/tutorial_sim:/convince_ws/install/tutorial_sim/lib/python3.12/site-packages:/convince_ws/install/pyrobosim_ros/lib/python3.12/site-packages:/convince_ws/install/pyrobosim_msgs/lib/python3.12/site-packages:/convince_ws/build/pyrobosim:/convince_ws/install/pyrobosim/lib/python3.12/site-packages:/opt/ros/jazzy/lib/python3.12/site-packages /usr/bin/cmake --build /convince_ws/build/btcpp_ros2_samples -- -j20 -l20
[2.340s] DEBUG:colcon.colcon_core.event_handler.log_command:Invoking command in '/convince_ws/build/btcpp_ros2_samples': CMAKE_PREFIX_PATH=/convince_ws/install/behaviortree_ros2:/convince_ws/install/btcpp_ros2_interfaces:/convince_ws/install/pyrobosim_ros:/convince_ws/install/pyrobosim_msgs:/convince_ws/install/btcpp_ros2_samples:/convince_ws/install/behaviortree_cpp_v3:/convince_ws/install/tutorial_sim:/opt/ros/jazzy LD_LIBRARY_PATH=/convince_ws/install/btcpp_ros2_interfaces/lib:/convince_ws/install/pyrobosim_msgs/lib:/convince_ws/install/behaviortree_ros2/lib:/convince_ws/install/behaviortree_cpp_v3/lib:/opt/ros/jazzy/opt/zmqpp_vendor/lib:/opt/ros/jazzy/lib/x86_64-linux-gnu:/opt/ros/jazzy/lib PYTHONPATH=/convince_ws/install/btcpp_ros2_interfaces/lib/python3.12/site-packages:/convince_ws/build/tutorial_sim:/convince_ws/install/tutorial_sim/lib/python3.12/site-packages:/convince_ws/install/pyrobosim_ros/lib/python3.12/site-packages:/convince_ws/install/pyrobosim_msgs/lib/python3.12/site-packages:/convince_ws/build/pyrobosim:/convince_ws/install/pyrobosim/lib/python3.12/site-packages:/opt/ros/jazzy/lib/python3.12/site-packages /usr/bin/cmake --install /convince_ws/build/btcpp_ros2_samples
[2.352s] Level 1:colcon.colcon_core.environment:create_environment_scripts_only(btcpp_ros2_samples)
[2.352s] Level 1:colcon.colcon_core.environment:checking '/convince_ws/install/btcpp_ros2_samples' for CMake module files
[2.352s] DEBUG:colcon.colcon_core.event_handler.log_command:Invoked command in '/convince_ws/build/btcpp_ros2_samples' returned '0': CMAKE_PREFIX_PATH=/convince_ws/install/behaviortree_ros2:/convince_ws/install/btcpp_ros2_interfaces:/convince_ws/install/pyrobosim_ros:/convince_ws/install/pyrobosim_msgs:/convince_ws/install/btcpp_ros2_samples:/convince_ws/install/behaviortree_cpp_v3:/convince_ws/install/tutorial_sim:/opt/ros/jazzy LD_LIBRARY_PATH=/convince_ws/install/btcpp_ros2_interfaces/lib:/convince_ws/install/pyrobosim_msgs/lib:/convince_ws/install/behaviortree_ros2/lib:/convince_ws/install/behaviortree_cpp_v3/lib:/opt/ros/jazzy/opt/zmqpp_vendor/lib:/opt/ros/jazzy/lib/x86_64-linux-gnu:/opt/ros/jazzy/lib PYTHONPATH=/convince_ws/install/btcpp_ros2_interfaces/lib/python3.12/site-packages:/convince_ws/build/tutorial_sim:/convince_ws/install/tutorial_sim/lib/python3.12/site-packages:/convince_ws/install/pyrobosim_ros/lib/python3.12/site-packages:/convince_ws/install/pyrobosim_msgs/lib/python3.12/site-packages:/convince_ws/build/pyrobosim:/convince_ws/install/pyrobosim/lib/python3.12/site-packages:/opt/ros/jazzy/lib/python3.12/site-packages /usr/bin/cmake --install /convince_ws/build/btcpp_ros2_samples
[2.353s] Level 1:colcon.colcon_core.environment:checking '/convince_ws/install/btcpp_ros2_samples' for CMake config files
[2.353s] Level 1:colcon.colcon_core.shell:create_environment_hook('btcpp_ros2_samples', 'cmake_prefix_path')
[2.353s] INFO:colcon.colcon_core.shell:Creating environment hook '/convince_ws/install/btcpp_ros2_samples/share/btcpp_ros2_samples/hook/cmake_prefix_path.ps1'
[2.354s] INFO:colcon.colcon_core.shell:Creating environment descriptor '/convince_ws/install/btcpp_ros2_samples/share/btcpp_ros2_samples/hook/cmake_prefix_path.dsv'
[2.354s] INFO:colcon.colcon_core.shell:Creating environment hook '/convince_ws/install/btcpp_ros2_samples/share/btcpp_ros2_samples/hook/cmake_prefix_path.sh'
[2.354s] Level 1:colcon.colcon_core.environment:checking '/convince_ws/install/btcpp_ros2_samples/lib'
[2.354s] Level 1:colcon.colcon_core.environment:checking '/convince_ws/install/btcpp_ros2_samples/bin'
[2.354s] Level 1:colcon.colcon_core.environment:checking '/convince_ws/install/btcpp_ros2_samples/lib/pkgconfig/btcpp_ros2_samples.pc'
[2.354s] Level 1:colcon.colcon_core.environment:checking '/convince_ws/install/btcpp_ros2_samples/lib/python3.12/site-packages'
[2.355s] Level 1:colcon.colcon_core.environment:checking '/convince_ws/install/btcpp_ros2_samples/bin'
[2.355s] INFO:colcon.colcon_core.shell:Creating package script '/convince_ws/install/btcpp_ros2_samples/share/btcpp_ros2_samples/package.ps1'
[2.355s] INFO:colcon.colcon_core.shell:Creating package descriptor '/convince_ws/install/btcpp_ros2_samples/share/btcpp_ros2_samples/package.dsv'
[2.355s] INFO:colcon.colcon_core.shell:Creating package script '/convince_ws/install/btcpp_ros2_samples/share/btcpp_ros2_samples/package.sh'
[2.355s] INFO:colcon.colcon_core.shell:Creating package script '/convince_ws/install/btcpp_ros2_samples/share/btcpp_ros2_samples/package.bash'
[2.355s] INFO:colcon.colcon_core.shell:Creating package script '/convince_ws/install/btcpp_ros2_samples/share/btcpp_ros2_samples/package.zsh'
[2.356s] Level 1:colcon.colcon_core.environment:create_file_with_runtime_dependencies(/convince_ws/install/btcpp_ros2_samples/share/colcon-core/packages/btcpp_ros2_samples)
[2.356s] Level 1:colcon.colcon_core.environment:create_environment_scripts_only(btcpp_ros2_samples)
[2.356s] Level 1:colcon.colcon_core.environment:checking '/convince_ws/install/btcpp_ros2_samples' for CMake module files
[2.356s] Level 1:colcon.colcon_core.environment:checking '/convince_ws/install/btcpp_ros2_samples' for CMake config files
[2.356s] Level 1:colcon.colcon_core.shell:create_environment_hook('btcpp_ros2_samples', 'cmake_prefix_path')
[2.356s] INFO:colcon.colcon_core.shell:Creating environment hook '/convince_ws/install/btcpp_ros2_samples/share/btcpp_ros2_samples/hook/cmake_prefix_path.ps1'
[2.357s] INFO:colcon.colcon_core.shell:Creating environment descriptor '/convince_ws/install/btcpp_ros2_samples/share/btcpp_ros2_samples/hook/cmake_prefix_path.dsv'
[2.357s] INFO:colcon.colcon_core.shell:Creating environment hook '/convince_ws/install/btcpp_ros2_samples/share/btcpp_ros2_samples/hook/cmake_prefix_path.sh'
[2.357s] Level 1:colcon.colcon_core.environment:checking '/convince_ws/install/btcpp_ros2_samples/lib'
[2.357s] Level 1:colcon.colcon_core.environment:checking '/convince_ws/install/btcpp_ros2_samples/bin'
[2.357s] Level 1:colcon.colcon_core.environment:checking '/convince_ws/install/btcpp_ros2_samples/lib/pkgconfig/btcpp_ros2_samples.pc'
[2.357s] Level 1:colcon.colcon_core.environment:checking '/convince_ws/install/btcpp_ros2_samples/lib/python3.12/site-packages'
[2.357s] Level 1:colcon.colcon_core.environment:checking '/convince_ws/install/btcpp_ros2_samples/bin'
[2.357s] INFO:colcon.colcon_core.shell:Creating package script '/convince_ws/install/btcpp_ros2_samples/share/btcpp_ros2_samples/package.ps1'
[2.358s] INFO:colcon.colcon_core.shell:Creating package descriptor '/convince_ws/install/btcpp_ros2_samples/share/btcpp_ros2_samples/package.dsv'
[2.358s] INFO:colcon.colcon_core.shell:Creating package script '/convince_ws/install/btcpp_ros2_samples/share/btcpp_ros2_samples/package.sh'
[2.358s] INFO:colcon.colcon_core.shell:Creating package script '/convince_ws/install/btcpp_ros2_samples/share/btcpp_ros2_samples/package.bash'
[2.358s] INFO:colcon.colcon_core.shell:Creating package script '/convince_ws/install/btcpp_ros2_samples/share/btcpp_ros2_samples/package.zsh'
[2.358s] Level 1:colcon.colcon_core.environment:create_file_with_runtime_dependencies(/convince_ws/install/btcpp_ros2_samples/share/colcon-core/packages/btcpp_ros2_samples)
[2.887s] DEBUG:colcon.colcon_core.event_handler.log_command:Invoked command in '/convince_ws/build/pyrobosim_ros' returned '0': CMAKE_PREFIX_PATH=/convince_ws/install/pyrobosim_msgs:/convince_ws/install/pyrobosim_ros:/convince_ws/install/btcpp_ros2_samples:/convince_ws/install/behaviortree_ros2:/convince_ws/install/btcpp_ros2_interfaces:/convince_ws/install/behaviortree_cpp_v3:/convince_ws/install/tutorial_sim:/opt/ros/jazzy PYTHONPATH=/convince_ws/install/pyrobosim_msgs/lib/python3.12/site-packages:/convince_ws/build/tutorial_sim:/convince_ws/install/tutorial_sim/lib/python3.12/site-packages:/convince_ws/install/pyrobosim_ros/lib/python3.12/site-packages:/convince_ws/build/pyrobosim:/convince_ws/install/pyrobosim/lib/python3.12/site-packages:/convince_ws/install/btcpp_ros2_interfaces/lib/python3.12/site-packages:/opt/ros/jazzy/lib/python3.12/site-packages /usr/bin/cmake /convince_ws/src/pyrobosim/pyrobosim_ros -DCMAKE_INSTALL_PREFIX=/convince_ws/install/pyrobosim_ros
[2.887s] DEBUG:colcon.colcon_core.event_handler.log_command:Invoking command in '/convince_ws/build/pyrobosim_ros': CMAKE_PREFIX_PATH=/convince_ws/install/pyrobosim_msgs:/convince_ws/install/pyrobosim_ros:/convince_ws/install/btcpp_ros2_samples:/convince_ws/install/behaviortree_ros2:/convince_ws/install/btcpp_ros2_interfaces:/convince_ws/install/behaviortree_cpp_v3:/convince_ws/install/tutorial_sim:/opt/ros/jazzy PYTHONPATH=/convince_ws/install/pyrobosim_msgs/lib/python3.12/site-packages:/convince_ws/build/tutorial_sim:/convince_ws/install/tutorial_sim/lib/python3.12/site-packages:/convince_ws/install/pyrobosim_ros/lib/python3.12/site-packages:/convince_ws/build/pyrobosim:/convince_ws/install/pyrobosim/lib/python3.12/site-packages:/convince_ws/install/btcpp_ros2_interfaces/lib/python3.12/site-packages:/opt/ros/jazzy/lib/python3.12/site-packages /usr/bin/cmake --build /convince_ws/build/pyrobosim_ros -- -j20 -l20
[3.084s] DEBUG:colcon.colcon_core.event_handler.log_command:Invoked command in '/convince_ws/build/pyrobosim_ros' returned '0': CMAKE_PREFIX_PATH=/convince_ws/install/pyrobosim_msgs:/convince_ws/install/pyrobosim_ros:/convince_ws/install/btcpp_ros2_samples:/convince_ws/install/behaviortree_ros2:/convince_ws/install/btcpp_ros2_interfaces:/convince_ws/install/behaviortree_cpp_v3:/convince_ws/install/tutorial_sim:/opt/ros/jazzy PYTHONPATH=/convince_ws/install/pyrobosim_msgs/lib/python3.12/site-packages:/convince_ws/build/tutorial_sim:/convince_ws/install/tutorial_sim/lib/python3.12/site-packages:/convince_ws/install/pyrobosim_ros/lib/python3.12/site-packages:/convince_ws/build/pyrobosim:/convince_ws/install/pyrobosim/lib/python3.12/site-packages:/convince_ws/install/btcpp_ros2_interfaces/lib/python3.12/site-packages:/opt/ros/jazzy/lib/python3.12/site-packages /usr/bin/cmake --build /convince_ws/build/pyrobosim_ros -- -j20 -l20
[3.085s] DEBUG:colcon.colcon_core.event_handler.log_command:Invoking command in '/convince_ws/build/pyrobosim_ros': CMAKE_PREFIX_PATH=/convince_ws/install/pyrobosim_msgs:/convince_ws/install/pyrobosim_ros:/convince_ws/install/btcpp_ros2_samples:/convince_ws/install/behaviortree_ros2:/convince_ws/install/btcpp_ros2_interfaces:/convince_ws/install/behaviortree_cpp_v3:/convince_ws/install/tutorial_sim:/opt/ros/jazzy PYTHONPATH=/convince_ws/install/pyrobosim_msgs/lib/python3.12/site-packages:/convince_ws/build/tutorial_sim:/convince_ws/install/tutorial_sim/lib/python3.12/site-packages:/convince_ws/install/pyrobosim_ros/lib/python3.12/site-packages:/convince_ws/build/pyrobosim:/convince_ws/install/pyrobosim/lib/python3.12/site-packages:/convince_ws/install/btcpp_ros2_interfaces/lib/python3.12/site-packages:/opt/ros/jazzy/lib/python3.12/site-packages /usr/bin/cmake --install /convince_ws/build/pyrobosim_ros
[3.129s] Level 1:colcon.colcon_core.environment:create_environment_scripts_only(pyrobosim_ros)
[3.129s] Level 1:colcon.colcon_core.environment:checking '/convince_ws/install/pyrobosim_ros' for CMake module files
[3.129s] DEBUG:colcon.colcon_core.event_handler.log_command:Invoked command in '/convince_ws/build/pyrobosim_ros' returned '0': CMAKE_PREFIX_PATH=/convince_ws/install/pyrobosim_msgs:/convince_ws/install/pyrobosim_ros:/convince_ws/install/btcpp_ros2_samples:/convince_ws/install/behaviortree_ros2:/convince_ws/install/btcpp_ros2_interfaces:/convince_ws/install/behaviortree_cpp_v3:/convince_ws/install/tutorial_sim:/opt/ros/jazzy PYTHONPATH=/convince_ws/install/pyrobosim_msgs/lib/python3.12/site-packages:/convince_ws/build/tutorial_sim:/convince_ws/install/tutorial_sim/lib/python3.12/site-packages:/convince_ws/install/pyrobosim_ros/lib/python3.12/site-packages:/convince_ws/build/pyrobosim:/convince_ws/install/pyrobosim/lib/python3.12/site-packages:/convince_ws/install/btcpp_ros2_interfaces/lib/python3.12/site-packages:/opt/ros/jazzy/lib/python3.12/site-packages /usr/bin/cmake --install /convince_ws/build/pyrobosim_ros
[3.129s] Level 1:colcon.colcon_core.environment:checking '/convince_ws/install/pyrobosim_ros' for CMake config files
[3.130s] Level 1:colcon.colcon_core.shell:create_environment_hook('pyrobosim_ros', 'cmake_prefix_path')
[3.130s] INFO:colcon.colcon_core.shell:Creating environment hook '/convince_ws/install/pyrobosim_ros/share/pyrobosim_ros/hook/cmake_prefix_path.ps1'
[3.130s] INFO:colcon.colcon_core.shell:Creating environment descriptor '/convince_ws/install/pyrobosim_ros/share/pyrobosim_ros/hook/cmake_prefix_path.dsv'
[3.130s] INFO:colcon.colcon_core.shell:Creating environment hook '/convince_ws/install/pyrobosim_ros/share/pyrobosim_ros/hook/cmake_prefix_path.sh'
[3.130s] Level 1:colcon.colcon_core.environment:checking '/convince_ws/install/pyrobosim_ros/lib'
[3.130s] Level 1:colcon.colcon_core.environment:checking '/convince_ws/install/pyrobosim_ros/bin'
[3.130s] Level 1:colcon.colcon_core.environment:checking '/convince_ws/install/pyrobosim_ros/lib/pkgconfig/pyrobosim_ros.pc'
[3.131s] Level 1:colcon.colcon_core.environment:checking '/convince_ws/install/pyrobosim_ros/lib/python3.12/site-packages'
[3.131s] Level 1:colcon.colcon_core.shell:create_environment_hook('pyrobosim_ros', 'pythonpath')
[3.131s] INFO:colcon.colcon_core.shell:Creating environment hook '/convince_ws/install/pyrobosim_ros/share/pyrobosim_ros/hook/pythonpath.ps1'
[3.131s] INFO:colcon.colcon_core.shell:Creating environment descriptor '/convince_ws/install/pyrobosim_ros/share/pyrobosim_ros/hook/pythonpath.dsv'
[3.131s] INFO:colcon.colcon_core.shell:Creating environment hook '/convince_ws/install/pyrobosim_ros/share/pyrobosim_ros/hook/pythonpath.sh'
[3.131s] Level 1:colcon.colcon_core.environment:checking '/convince_ws/install/pyrobosim_ros/bin'
[3.131s] INFO:colcon.colcon_core.shell:Creating package script '/convince_ws/install/pyrobosim_ros/share/pyrobosim_ros/package.ps1'
[3.132s] INFO:colcon.colcon_core.shell:Creating package descriptor '/convince_ws/install/pyrobosim_ros/share/pyrobosim_ros/package.dsv'
[3.132s] INFO:colcon.colcon_core.shell:Creating package script '/convince_ws/install/pyrobosim_ros/share/pyrobosim_ros/package.sh'
[3.132s] INFO:colcon.colcon_core.shell:Creating package script '/convince_ws/install/pyrobosim_ros/share/pyrobosim_ros/package.bash'
[3.132s] INFO:colcon.colcon_core.shell:Creating package script '/convince_ws/install/pyrobosim_ros/share/pyrobosim_ros/package.zsh'
[3.132s] Level 1:colcon.colcon_core.environment:create_file_with_runtime_dependencies(/convince_ws/install/pyrobosim_ros/share/colcon-core/packages/pyrobosim_ros)
[3.133s] Level 1:colcon.colcon_core.environment:create_environment_scripts_only(pyrobosim_ros)
[3.133s] Level 1:colcon.colcon_core.environment:checking '/convince_ws/install/pyrobosim_ros' for CMake module files
[3.133s] Level 1:colcon.colcon_core.environment:checking '/convince_ws/install/pyrobosim_ros' for CMake config files
[3.133s] Level 1:colcon.colcon_core.shell:create_environment_hook('pyrobosim_ros', 'cmake_prefix_path')
[3.133s] INFO:colcon.colcon_core.shell:Creating environment hook '/convince_ws/install/pyrobosim_ros/share/pyrobosim_ros/hook/cmake_prefix_path.ps1'
[3.133s] INFO:colcon.colcon_core.shell:Creating environment descriptor '/convince_ws/install/pyrobosim_ros/share/pyrobosim_ros/hook/cmake_prefix_path.dsv'
[3.134s] INFO:colcon.colcon_core.shell:Creating environment hook '/convince_ws/install/pyrobosim_ros/share/pyrobosim_ros/hook/cmake_prefix_path.sh'
[3.134s] Level 1:colcon.colcon_core.environment:checking '/convince_ws/install/pyrobosim_ros/lib'
[3.134s] Level 1:colcon.colcon_core.environment:checking '/convince_ws/install/pyrobosim_ros/bin'
[3.134s] Level 1:colcon.colcon_core.environment:checking '/convince_ws/install/pyrobosim_ros/lib/pkgconfig/pyrobosim_ros.pc'
[3.134s] Level 1:colcon.colcon_core.environment:checking '/convince_ws/install/pyrobosim_ros/lib/python3.12/site-packages'
[3.134s] Level 1:colcon.colcon_core.shell:create_environment_hook('pyrobosim_ros', 'pythonpath')
[3.134s] INFO:colcon.colcon_core.shell:Creating environment hook '/convince_ws/install/pyrobosim_ros/share/pyrobosim_ros/hook/pythonpath.ps1'
[3.134s] INFO:colcon.colcon_core.shell:Creating environment descriptor '/convince_ws/install/pyrobosim_ros/share/pyrobosim_ros/hook/pythonpath.dsv'
[3.134s] INFO:colcon.colcon_core.shell:Creating environment hook '/convince_ws/install/pyrobosim_ros/share/pyrobosim_ros/hook/pythonpath.sh'
[3.135s] Level 1:colcon.colcon_core.environment:checking '/convince_ws/install/pyrobosim_ros/bin'
[3.135s] INFO:colcon.colcon_core.shell:Creating package script '/convince_ws/install/pyrobosim_ros/share/pyrobosim_ros/package.ps1'
[3.135s] INFO:colcon.colcon_core.shell:Creating package descriptor '/convince_ws/install/pyrobosim_ros/share/pyrobosim_ros/package.dsv'
[3.135s] INFO:colcon.colcon_core.shell:Creating package script '/convince_ws/install/pyrobosim_ros/share/pyrobosim_ros/package.sh'
[3.136s] INFO:colcon.colcon_core.shell:Creating package script '/convince_ws/install/pyrobosim_ros/share/pyrobosim_ros/package.bash'
[3.136s] INFO:colcon.colcon_core.shell:Creating package script '/convince_ws/install/pyrobosim_ros/share/pyrobosim_ros/package.zsh'
[3.136s] Level 1:colcon.colcon_core.environment:create_file_with_runtime_dependencies(/convince_ws/install/pyrobosim_ros/share/colcon-core/packages/pyrobosim_ros)
[3.136s] INFO:colcon.colcon_ros.task.ament_python.build:Building ROS package in '/convince_ws/src/tutorial_sim' with build type 'ament_python'
[3.136s] Level 1:colcon.colcon_core.shell:create_environment_hook('tutorial_sim', 'ament_prefix_path')
[3.136s] INFO:colcon.colcon_core.shell:Creating environment hook '/convince_ws/install/tutorial_sim/share/tutorial_sim/hook/ament_prefix_path.ps1'
[3.137s] INFO:colcon.colcon_core.shell:Creating environment descriptor '/convince_ws/install/tutorial_sim/share/tutorial_sim/hook/ament_prefix_path.dsv'
[3.137s] INFO:colcon.colcon_core.shell:Creating environment hook '/convince_ws/install/tutorial_sim/share/tutorial_sim/hook/ament_prefix_path.sh'
[3.137s] INFO:colcon.colcon_core.shell:Skip shell extension 'powershell' for command environment: Not usable outside of PowerShell
[3.137s] DEBUG:colcon.colcon_core.shell:Skip shell extension 'dsv' for command environment
[3.247s] INFO:colcon.colcon_core.task.python.build:Building Python package in '/convince_ws/src/tutorial_sim'
[3.247s] INFO:colcon.colcon_core.shell:Skip shell extension 'powershell' for command environment: Not usable outside of PowerShell
[3.247s] DEBUG:colcon.colcon_core.shell:Skip shell extension 'dsv' for command environment
[3.498s] DEBUG:colcon.colcon_core.event_handler.log_command:Invoking command in '/convince_ws/build/tutorial_sim': PYTHONPATH=/convince_ws/build/tutorial_sim/prefix_override:/usr/lib/python3/dist-packages/colcon_core/task/python/colcon_distutils_commands:/convince_ws/install/tutorial_sim/lib/python3.12/site-packages:/convince_ws/install/pyrobosim_ros/lib/python3.12/site-packages:/convince_ws/install/pyrobosim_msgs/lib/python3.12/site-packages:/convince_ws/build/tutorial_sim:/convince_ws/install/tutorial_sim/lib/python3.12/site-packages:/convince_ws/build/pyrobosim:/convince_ws/install/pyrobosim/lib/python3.12/site-packages:/convince_ws/install/btcpp_ros2_interfaces/lib/python3.12/site-packages:/opt/ros/jazzy/lib/python3.12/site-packages /usr/bin/python3 -W ignore:setup.py install is deprecated -W ignore:easy_install command is deprecated setup.py develop --uninstall --editable --build-directory /convince_ws/build/tutorial_sim/build
[3.702s] DEBUG:colcon.colcon_core.event_handler.log_command:Invoked command in '/convince_ws/build/tutorial_sim' returned '0': PYTHONPATH=/convince_ws/build/tutorial_sim/prefix_override:/usr/lib/python3/dist-packages/colcon_core/task/python/colcon_distutils_commands:/convince_ws/install/tutorial_sim/lib/python3.12/site-packages:/convince_ws/install/pyrobosim_ros/lib/python3.12/site-packages:/convince_ws/install/pyrobosim_msgs/lib/python3.12/site-packages:/convince_ws/build/tutorial_sim:/convince_ws/install/tutorial_sim/lib/python3.12/site-packages:/convince_ws/build/pyrobosim:/convince_ws/install/pyrobosim/lib/python3.12/site-packages:/convince_ws/install/btcpp_ros2_interfaces/lib/python3.12/site-packages:/opt/ros/jazzy/lib/python3.12/site-packages /usr/bin/python3 -W ignore:setup.py install is deprecated -W ignore:easy_install command is deprecated setup.py develop --uninstall --editable --build-directory /convince_ws/build/tutorial_sim/build
[3.703s] DEBUG:colcon.colcon_core.event_handler.log_command:Invoking command in '/convince_ws/src/tutorial_sim': PYTHONPATH=/convince_ws/build/tutorial_sim/prefix_override:/usr/lib/python3/dist-packages/colcon_core/task/python/colcon_distutils_commands:/convince_ws/install/tutorial_sim/lib/python3.12/site-packages:/convince_ws/install/pyrobosim_ros/lib/python3.12/site-packages:/convince_ws/install/pyrobosim_msgs/lib/python3.12/site-packages:/convince_ws/build/tutorial_sim:/convince_ws/install/tutorial_sim/lib/python3.12/site-packages:/convince_ws/build/pyrobosim:/convince_ws/install/pyrobosim/lib/python3.12/site-packages:/convince_ws/install/btcpp_ros2_interfaces/lib/python3.12/site-packages:/opt/ros/jazzy/lib/python3.12/site-packages /usr/bin/python3 -W ignore:setup.py install is deprecated -W ignore:easy_install command is deprecated setup.py egg_info --egg-base ../../build/tutorial_sim build --build-base /convince_ws/build/tutorial_sim/build install --record /convince_ws/build/tutorial_sim/install.log --single-version-externally-managed install_data --force
[3.911s] Level 1:colcon.colcon_core.environment:checking '/convince_ws/install/tutorial_sim' for CMake module files
[3.912s] DEBUG:colcon.colcon_core.event_handler.log_command:Invoked command in '/convince_ws/src/tutorial_sim' returned '0': PYTHONPATH=/convince_ws/build/tutorial_sim/prefix_override:/usr/lib/python3/dist-packages/colcon_core/task/python/colcon_distutils_commands:/convince_ws/install/tutorial_sim/lib/python3.12/site-packages:/convince_ws/install/pyrobosim_ros/lib/python3.12/site-packages:/convince_ws/install/pyrobosim_msgs/lib/python3.12/site-packages:/convince_ws/build/tutorial_sim:/convince_ws/install/tutorial_sim/lib/python3.12/site-packages:/convince_ws/build/pyrobosim:/convince_ws/install/pyrobosim/lib/python3.12/site-packages:/convince_ws/install/btcpp_ros2_interfaces/lib/python3.12/site-packages:/opt/ros/jazzy/lib/python3.12/site-packages /usr/bin/python3 -W ignore:setup.py install is deprecated -W ignore:easy_install command is deprecated setup.py egg_info --egg-base ../../build/tutorial_sim build --build-base /convince_ws/build/tutorial_sim/build install --record /convince_ws/build/tutorial_sim/install.log --single-version-externally-managed install_data --force
[3.912s] Level 1:colcon.colcon_core.environment:checking '/convince_ws/install/tutorial_sim' for CMake config files
[3.913s] Level 1:colcon.colcon_core.environment:checking '/convince_ws/install/tutorial_sim/lib'
[3.913s] Level 1:colcon.colcon_core.environment:checking '/convince_ws/install/tutorial_sim/bin'
[3.913s] Level 1:colcon.colcon_core.environment:checking '/convince_ws/install/tutorial_sim/lib/pkgconfig/tutorial_sim.pc'
[3.913s] Level 1:colcon.colcon_core.environment:checking '/convince_ws/install/tutorial_sim/lib/python3.12/site-packages'
[3.913s] Level 1:colcon.colcon_core.shell:create_environment_hook('tutorial_sim', 'pythonpath')
[3.913s] INFO:colcon.colcon_core.shell:Creating environment hook '/convince_ws/install/tutorial_sim/share/tutorial_sim/hook/pythonpath.ps1'
[3.914s] INFO:colcon.colcon_core.shell:Creating environment descriptor '/convince_ws/install/tutorial_sim/share/tutorial_sim/hook/pythonpath.dsv'
[3.914s] INFO:colcon.colcon_core.shell:Creating environment hook '/convince_ws/install/tutorial_sim/share/tutorial_sim/hook/pythonpath.sh'
[3.915s] Level 1:colcon.colcon_core.environment:checking '/convince_ws/install/tutorial_sim/bin'
[3.915s] Level 1:colcon.colcon_core.environment:create_environment_scripts_only(tutorial_sim)
[3.915s] INFO:colcon.colcon_core.shell:Creating package script '/convince_ws/install/tutorial_sim/share/tutorial_sim/package.ps1'
[3.915s] INFO:colcon.colcon_core.shell:Creating package descriptor '/convince_ws/install/tutorial_sim/share/tutorial_sim/package.dsv'
[3.916s] INFO:colcon.colcon_core.shell:Creating package script '/convince_ws/install/tutorial_sim/share/tutorial_sim/package.sh'
[3.916s] INFO:colcon.colcon_core.shell:Creating package script '/convince_ws/install/tutorial_sim/share/tutorial_sim/package.bash'
[3.916s] INFO:colcon.colcon_core.shell:Creating package script '/convince_ws/install/tutorial_sim/share/tutorial_sim/package.zsh'
[3.917s] Level 1:colcon.colcon_core.environment:create_file_with_runtime_dependencies(/convince_ws/install/tutorial_sim/share/colcon-core/packages/tutorial_sim)
[3.917s] DEBUG:colcon.colcon_parallel_executor.executor.parallel:closing loop
[3.917s] DEBUG:colcon.colcon_parallel_executor.executor.parallel:loop closed
[3.917s] DEBUG:colcon.colcon_parallel_executor.executor.parallel:run_until_complete finished with '0'
[3.917s] DEBUG:colcon.colcon_core.event_reactor:joining thread
[3.923s] INFO:colcon.colcon_core.plugin_system:Skipping extension 'colcon_notification.desktop_notification.notify_send': Could not find 'notify-send'
[3.923s] INFO:colcon.colcon_core.plugin_system:Skipping extension 'colcon_notification.desktop_notification.terminal_notifier': Not used on non-Darwin systems
[3.923s] INFO:colcon.colcon_core.plugin_system:Skipping extension 'colcon_notification.desktop_notification.win32': Not used on non-Windows systems
[3.923s] INFO:colcon.colcon_notification.desktop_notification:Sending desktop notification using 'notify2'
[3.927s] DEBUG:colcon.colcon_notification.desktop_notification.notify2:Failed to initialize notify2: org.freedesktop.DBus.Error.ServiceUnknown: The name org.freedesktop.Notifications was not provided by any .service files
[3.927s] DEBUG:colcon.colcon_core.event_reactor:joined thread
[3.928s] INFO:colcon.colcon_core.shell:Creating prefix script '/convince_ws/install/local_setup.ps1'
[3.928s] INFO:colcon.colcon_core.shell:Creating prefix util module '/convince_ws/install/_local_setup_util_ps1.py'
[3.929s] INFO:colcon.colcon_core.shell:Creating prefix chain script '/convince_ws/install/setup.ps1'
[3.929s] INFO:colcon.colcon_core.shell:Creating prefix script '/convince_ws/install/local_setup.sh'
[3.930s] INFO:colcon.colcon_core.shell:Creating prefix util module '/convince_ws/install/_local_setup_util_sh.py'
[3.930s] INFO:colcon.colcon_core.shell:Creating prefix chain script '/convince_ws/install/setup.sh'
[3.930s] INFO:colcon.colcon_core.shell:Creating prefix script '/convince_ws/install/local_setup.bash'
[3.931s] INFO:colcon.colcon_core.shell:Creating prefix chain script '/convince_ws/install/setup.bash'
[3.931s] INFO:colcon.colcon_core.shell:Creating prefix script '/convince_ws/install/local_setup.zsh'
[3.931s] INFO:colcon.colcon_core.shell:Creating prefix chain script '/convince_ws/install/setup.zsh'
