[0.156s] DEBUG:colcon:Command line arguments: ['/usr/bin/colcon', 'build', '--base-paths', 'ros_interfaces']
[0.157s] DEBUG:colcon:Parsed command line arguments: Namespace(log_base=None, log_level=None, verb_name='build', build_base='build', install_base='install', merge_install=False, symlink_install=False, test_result_base=None, continue_on_error=False, executor='parallel', parallel_workers=12, event_handlers=None, ignore_user_meta=False, metas=['./colcon.meta'], base_paths=['ros_interfaces'], packages_ignore=None, packages_ignore_regex=None, paths=None, packages_up_to=None, packages_up_to_regex=None, packages_above=None, packages_above_and_dependencies=None, packages_above_depth=None, packages_select_by_dep=None, packages_skip_by_dep=None, packages_skip_up_to=None, packages_select_build_failed=False, packages_skip_build_finished=False, packages_select_test_failures=False, packages_skip_test_passed=False, packages_select=None, packages_skip=None, packages_select_regex=None, packages_skip_regex=None, packages_start=None, packages_end=None, allow_overriding=[], cmake_args=None, cmake_target=None, cmake_target_skip_unavailable=False, cmake_clean_cache=False, cmake_clean_first=False, cmake_force_configure=False, ament_cmake_args=None, catkin_cmake_args=None, catkin_skip_building_tests=False, verb_parser=<colcon_defaults.argument_parser.defaults.DefaultArgumentsDecorator object at 0x7fa73f43d4e0>, verb_extension=<colcon_core.verb.build.BuildVerb object at 0x7fa73f5834c0>, main=<bound method BuildVerb.main of <colcon_core.verb.build.BuildVerb object at 0x7fa73f5834c0>>)
[0.513s] Level 1:colcon.colcon_core.package_discovery:discover_packages(colcon_meta) check parameters
[0.513s] Level 1:colcon.colcon_core.package_discovery:discover_packages(recursive) check parameters
[0.513s] Level 1:colcon.colcon_core.package_discovery:discover_packages(ignore) check parameters
[0.513s] Level 1:colcon.colcon_core.package_discovery:discover_packages(path) check parameters
[0.513s] Level 1:colcon.colcon_core.package_discovery:discover_packages(recursive) discover
[0.513s] INFO:colcon.colcon_core.package_discovery:Crawling recursively for packages in '/home/ste/ws/hsp-iit/data-model/examples/UC3-museum-guide/high-level-models/ros_interfaces'
[0.513s] Level 1:colcon.colcon_core.package_identification:_identify(ros_interfaces) by extensions ['ignore', 'ignore_ament_install']
[0.513s] Level 1:colcon.colcon_core.package_identification:_identify(ros_interfaces) by extension 'ignore'
[0.513s] Level 1:colcon.colcon_core.package_identification:_identify(ros_interfaces) by extension 'ignore_ament_install'
[0.513s] Level 1:colcon.colcon_core.package_identification:_identify(ros_interfaces) by extensions ['colcon_pkg']
[0.513s] Level 1:colcon.colcon_core.package_identification:_identify(ros_interfaces) by extension 'colcon_pkg'
[0.513s] Level 1:colcon.colcon_core.package_identification:_identify(ros_interfaces) by extensions ['colcon_meta']
[0.513s] Level 1:colcon.colcon_core.package_identification:_identify(ros_interfaces) by extension 'colcon_meta'
[0.513s] Level 1:colcon.colcon_core.package_identification:_identify(ros_interfaces) by extensions ['ros']
[0.513s] Level 1:colcon.colcon_core.package_identification:_identify(ros_interfaces) by extension 'ros'
[0.545s] Level 1:colcon.colcon_core.package_identification:_identify(ros_interfaces) by extensions ['cmake', 'python']
[0.545s] Level 1:colcon.colcon_core.package_identification:_identify(ros_interfaces) by extension 'cmake'
[0.545s] Level 1:colcon.colcon_core.package_identification:_identify(ros_interfaces) by extension 'python'
[0.545s] Level 1:colcon.colcon_core.package_identification:_identify(ros_interfaces) by extensions ['python_setup_py']
[0.545s] Level 1:colcon.colcon_core.package_identification:_identify(ros_interfaces) by extension 'python_setup_py'
[0.545s] Level 1:colcon.colcon_core.package_identification:_identify(ros_interfaces/blackboard_interfaces_dummy) by extensions ['ignore', 'ignore_ament_install']
[0.545s] Level 1:colcon.colcon_core.package_identification:_identify(ros_interfaces/blackboard_interfaces_dummy) by extension 'ignore'
[0.545s] Level 1:colcon.colcon_core.package_identification:_identify(ros_interfaces/blackboard_interfaces_dummy) by extension 'ignore_ament_install'
[0.545s] Level 1:colcon.colcon_core.package_identification:_identify(ros_interfaces/blackboard_interfaces_dummy) by extensions ['colcon_pkg']
[0.545s] Level 1:colcon.colcon_core.package_identification:_identify(ros_interfaces/blackboard_interfaces_dummy) by extension 'colcon_pkg'
[0.545s] Level 1:colcon.colcon_core.package_identification:_identify(ros_interfaces/blackboard_interfaces_dummy) by extensions ['colcon_meta']
[0.545s] Level 1:colcon.colcon_core.package_identification:_identify(ros_interfaces/blackboard_interfaces_dummy) by extension 'colcon_meta'
[0.545s] Level 1:colcon.colcon_core.package_identification:_identify(ros_interfaces/blackboard_interfaces_dummy) by extensions ['ros']
[0.546s] Level 1:colcon.colcon_core.package_identification:_identify(ros_interfaces/blackboard_interfaces_dummy) by extension 'ros'
[0.549s] DEBUG:colcon.colcon_core.package_identification:Package 'ros_interfaces/blackboard_interfaces_dummy' with type 'ros.ament_cmake' and name 'blackboard_interfaces_dummy'
[0.550s] Level 1:colcon.colcon_core.package_identification:_identify(ros_interfaces/bt_interfaces_dummy) by extensions ['ignore', 'ignore_ament_install']
[0.550s] Level 1:colcon.colcon_core.package_identification:_identify(ros_interfaces/bt_interfaces_dummy) by extension 'ignore'
[0.550s] Level 1:colcon.colcon_core.package_identification:_identify(ros_interfaces/bt_interfaces_dummy) by extension 'ignore_ament_install'
[0.550s] Level 1:colcon.colcon_core.package_identification:_identify(ros_interfaces/bt_interfaces_dummy) by extensions ['colcon_pkg']
[0.550s] Level 1:colcon.colcon_core.package_identification:_identify(ros_interfaces/bt_interfaces_dummy) by extension 'colcon_pkg'
[0.550s] Level 1:colcon.colcon_core.package_identification:_identify(ros_interfaces/bt_interfaces_dummy) by extensions ['colcon_meta']
[0.550s] Level 1:colcon.colcon_core.package_identification:_identify(ros_interfaces/bt_interfaces_dummy) by extension 'colcon_meta'
[0.550s] Level 1:colcon.colcon_core.package_identification:_identify(ros_interfaces/bt_interfaces_dummy) by extensions ['ros']
[0.550s] Level 1:colcon.colcon_core.package_identification:_identify(ros_interfaces/bt_interfaces_dummy) by extension 'ros'
[0.551s] DEBUG:colcon.colcon_core.package_identification:Package 'ros_interfaces/bt_interfaces_dummy' with type 'ros.ament_cmake' and name 'bt_interfaces_dummy'
[0.551s] Level 1:colcon.colcon_core.package_identification:_identify(ros_interfaces/navigation_interfaces_dummy) by extensions ['ignore', 'ignore_ament_install']
[0.551s] Level 1:colcon.colcon_core.package_identification:_identify(ros_interfaces/navigation_interfaces_dummy) by extension 'ignore'
[0.551s] Level 1:colcon.colcon_core.package_identification:_identify(ros_interfaces/navigation_interfaces_dummy) by extension 'ignore_ament_install'
[0.551s] Level 1:colcon.colcon_core.package_identification:_identify(ros_interfaces/navigation_interfaces_dummy) by extensions ['colcon_pkg']
[0.551s] Level 1:colcon.colcon_core.package_identification:_identify(ros_interfaces/navigation_interfaces_dummy) by extension 'colcon_pkg'
[0.551s] Level 1:colcon.colcon_core.package_identification:_identify(ros_interfaces/navigation_interfaces_dummy) by extensions ['colcon_meta']
[0.551s] Level 1:colcon.colcon_core.package_identification:_identify(ros_interfaces/navigation_interfaces_dummy) by extension 'colcon_meta'
[0.551s] Level 1:colcon.colcon_core.package_identification:_identify(ros_interfaces/navigation_interfaces_dummy) by extensions ['ros']
[0.551s] Level 1:colcon.colcon_core.package_identification:_identify(ros_interfaces/navigation_interfaces_dummy) by extension 'ros'
[0.552s] DEBUG:colcon.colcon_core.package_identification:Package 'ros_interfaces/navigation_interfaces_dummy' with type 'ros.ament_cmake' and name 'navigation_interfaces_dummy'
[0.552s] Level 1:colcon.colcon_core.package_identification:_identify(ros_interfaces/notify_user_interfaces_dummy) by extensions ['ignore', 'ignore_ament_install']
[0.552s] Level 1:colcon.colcon_core.package_identification:_identify(ros_interfaces/notify_user_interfaces_dummy) by extension 'ignore'
[0.552s] Level 1:colcon.colcon_core.package_identification:_identify(ros_interfaces/notify_user_interfaces_dummy) by extension 'ignore_ament_install'
[0.552s] Level 1:colcon.colcon_core.package_identification:_identify(ros_interfaces/notify_user_interfaces_dummy) by extensions ['colcon_pkg']
[0.552s] Level 1:colcon.colcon_core.package_identification:_identify(ros_interfaces/notify_user_interfaces_dummy) by extension 'colcon_pkg'
[0.552s] Level 1:colcon.colcon_core.package_identification:_identify(ros_interfaces/notify_user_interfaces_dummy) by extensions ['colcon_meta']
[0.553s] Level 1:colcon.colcon_core.package_identification:_identify(ros_interfaces/notify_user_interfaces_dummy) by extension 'colcon_meta'
[0.553s] Level 1:colcon.colcon_core.package_identification:_identify(ros_interfaces/notify_user_interfaces_dummy) by extensions ['ros']
[0.553s] Level 1:colcon.colcon_core.package_identification:_identify(ros_interfaces/notify_user_interfaces_dummy) by extension 'ros'
[0.553s] DEBUG:colcon.colcon_core.package_identification:Package 'ros_interfaces/notify_user_interfaces_dummy' with type 'ros.ament_cmake' and name 'notify_user_interfaces_dummy'
[0.553s] Level 1:colcon.colcon_core.package_identification:_identify(ros_interfaces/people_detector_filter_interfaces) by extensions ['ignore', 'ignore_ament_install']
[0.553s] Level 1:colcon.colcon_core.package_identification:_identify(ros_interfaces/people_detector_filter_interfaces) by extension 'ignore'
[0.553s] Level 1:colcon.colcon_core.package_identification:_identify(ros_interfaces/people_detector_filter_interfaces) by extension 'ignore_ament_install'
[0.554s] Level 1:colcon.colcon_core.package_identification:_identify(ros_interfaces/people_detector_filter_interfaces) by extensions ['colcon_pkg']
[0.554s] Level 1:colcon.colcon_core.package_identification:_identify(ros_interfaces/people_detector_filter_interfaces) by extension 'colcon_pkg'
[0.554s] Level 1:colcon.colcon_core.package_identification:_identify(ros_interfaces/people_detector_filter_interfaces) by extensions ['colcon_meta']
[0.554s] Level 1:colcon.colcon_core.package_identification:_identify(ros_interfaces/people_detector_filter_interfaces) by extension 'colcon_meta'
[0.554s] Level 1:colcon.colcon_core.package_identification:_identify(ros_interfaces/people_detector_filter_interfaces) by extensions ['ros']
[0.554s] Level 1:colcon.colcon_core.package_identification:_identify(ros_interfaces/people_detector_filter_interfaces) by extension 'ros'
[0.554s] DEBUG:colcon.colcon_core.package_identification:Package 'ros_interfaces/people_detector_filter_interfaces' with type 'ros.ament_cmake' and name 'people_detector_filter_interfaces_dummy'
[0.555s] Level 1:colcon.colcon_core.package_identification:_identify(ros_interfaces/scheduler_interfaces_dummy) by extensions ['ignore', 'ignore_ament_install']
[0.555s] Level 1:colcon.colcon_core.package_identification:_identify(ros_interfaces/scheduler_interfaces_dummy) by extension 'ignore'
[0.555s] Level 1:colcon.colcon_core.package_identification:_identify(ros_interfaces/scheduler_interfaces_dummy) by extension 'ignore_ament_install'
[0.555s] Level 1:colcon.colcon_core.package_identification:_identify(ros_interfaces/scheduler_interfaces_dummy) by extensions ['colcon_pkg']
[0.555s] Level 1:colcon.colcon_core.package_identification:_identify(ros_interfaces/scheduler_interfaces_dummy) by extension 'colcon_pkg'
[0.555s] Level 1:colcon.colcon_core.package_identification:_identify(ros_interfaces/scheduler_interfaces_dummy) by extensions ['colcon_meta']
[0.555s] Level 1:colcon.colcon_core.package_identification:_identify(ros_interfaces/scheduler_interfaces_dummy) by extension 'colcon_meta'
[0.555s] Level 1:colcon.colcon_core.package_identification:_identify(ros_interfaces/scheduler_interfaces_dummy) by extensions ['ros']
[0.555s] Level 1:colcon.colcon_core.package_identification:_identify(ros_interfaces/scheduler_interfaces_dummy) by extension 'ros'
[0.556s] DEBUG:colcon.colcon_core.package_identification:Package 'ros_interfaces/scheduler_interfaces_dummy' with type 'ros.ament_cmake' and name 'scheduler_interfaces_dummy'
[0.556s] Level 1:colcon.colcon_core.package_identification:_identify(ros_interfaces/timer_interfaces_dummy) by extensions ['ignore', 'ignore_ament_install']
[0.556s] Level 1:colcon.colcon_core.package_identification:_identify(ros_interfaces/timer_interfaces_dummy) by extension 'ignore'
[0.556s] Level 1:colcon.colcon_core.package_identification:_identify(ros_interfaces/timer_interfaces_dummy) by extension 'ignore_ament_install'
[0.556s] Level 1:colcon.colcon_core.package_identification:_identify(ros_interfaces/timer_interfaces_dummy) by extensions ['colcon_pkg']
[0.556s] Level 1:colcon.colcon_core.package_identification:_identify(ros_interfaces/timer_interfaces_dummy) by extension 'colcon_pkg'
[0.556s] Level 1:colcon.colcon_core.package_identification:_identify(ros_interfaces/timer_interfaces_dummy) by extensions ['colcon_meta']
[0.556s] Level 1:colcon.colcon_core.package_identification:_identify(ros_interfaces/timer_interfaces_dummy) by extension 'colcon_meta'
[0.556s] Level 1:colcon.colcon_core.package_identification:_identify(ros_interfaces/timer_interfaces_dummy) by extensions ['ros']
[0.556s] Level 1:colcon.colcon_core.package_identification:_identify(ros_interfaces/timer_interfaces_dummy) by extension 'ros'
[0.557s] DEBUG:colcon.colcon_core.package_identification:Package 'ros_interfaces/timer_interfaces_dummy' with type 'ros.ament_cmake' and name 'timer_interfaces_dummy'
[0.557s] Level 1:colcon.colcon_core.package_discovery:discover_packages(recursive) using defaults
[0.582s] Level 1:colcon.colcon_core.package_discovery:discover_packages(prefix_path) check parameters
[0.582s] Level 1:colcon.colcon_core.package_discovery:discover_packages(prefix_path) discover
[0.588s] DEBUG:colcon.colcon_installed_package_information.package_discovery:Found 1 installed packages in /home/ste/ws/hsp-iit/occupancy_static_devices/install
[0.590s] DEBUG:colcon.colcon_installed_package_information.package_discovery:Found 324 installed packages in /opt/ros/iron
[0.591s] Level 1:colcon.colcon_core.package_discovery:discover_packages(prefix_path) using defaults
[0.641s] Level 5:colcon.colcon_core.verb:set package 'blackboard_interfaces_dummy' build argument 'cmake_args' from command line to 'None'
[0.641s] Level 5:colcon.colcon_core.verb:set package 'blackboard_interfaces_dummy' build argument 'cmake_target' from command line to 'None'
[0.641s] Level 5:colcon.colcon_core.verb:set package 'blackboard_interfaces_dummy' build argument 'cmake_target_skip_unavailable' from command line to 'False'
[0.641s] Level 5:colcon.colcon_core.verb:set package 'blackboard_interfaces_dummy' build argument 'cmake_clean_cache' from command line to 'False'
[0.641s] Level 5:colcon.colcon_core.verb:set package 'blackboard_interfaces_dummy' build argument 'cmake_clean_first' from command line to 'False'
[0.641s] Level 5:colcon.colcon_core.verb:set package 'blackboard_interfaces_dummy' build argument 'cmake_force_configure' from command line to 'False'
[0.641s] Level 5:colcon.colcon_core.verb:set package 'blackboard_interfaces_dummy' build argument 'ament_cmake_args' from command line to 'None'
[0.641s] Level 5:colcon.colcon_core.verb:set package 'blackboard_interfaces_dummy' build argument 'catkin_cmake_args' from command line to 'None'
[0.641s] Level 5:colcon.colcon_core.verb:set package 'blackboard_interfaces_dummy' build argument 'catkin_skip_building_tests' from command line to 'False'
[0.641s] DEBUG:colcon.colcon_core.verb:Building package 'blackboard_interfaces_dummy' with the following arguments: {'ament_cmake_args': None, 'build_base': '/home/ste/ws/hsp-iit/data-model/examples/UC3-museum-guide/high-level-models/build/blackboard_interfaces_dummy', 'catkin_cmake_args': None, 'catkin_skip_building_tests': False, 'cmake_args': None, 'cmake_clean_cache': False, 'cmake_clean_first': False, 'cmake_force_configure': False, 'cmake_target': None, 'cmake_target_skip_unavailable': False, 'install_base': '/home/ste/ws/hsp-iit/data-model/examples/UC3-museum-guide/high-level-models/install/blackboard_interfaces_dummy', 'merge_install': False, 'path': '/home/ste/ws/hsp-iit/data-model/examples/UC3-museum-guide/high-level-models/ros_interfaces/blackboard_interfaces_dummy', 'symlink_install': False, 'test_result_base': None}
[0.642s] Level 5:colcon.colcon_core.verb:set package 'bt_interfaces_dummy' build argument 'cmake_args' from command line to 'None'
[0.642s] Level 5:colcon.colcon_core.verb:set package 'bt_interfaces_dummy' build argument 'cmake_target' from command line to 'None'
[0.642s] Level 5:colcon.colcon_core.verb:set package 'bt_interfaces_dummy' build argument 'cmake_target_skip_unavailable' from command line to 'False'
[0.642s] Level 5:colcon.colcon_core.verb:set package 'bt_interfaces_dummy' build argument 'cmake_clean_cache' from command line to 'False'
[0.642s] Level 5:colcon.colcon_core.verb:set package 'bt_interfaces_dummy' build argument 'cmake_clean_first' from command line to 'False'
[0.642s] Level 5:colcon.colcon_core.verb:set package 'bt_interfaces_dummy' build argument 'cmake_force_configure' from command line to 'False'
[0.642s] Level 5:colcon.colcon_core.verb:set package 'bt_interfaces_dummy' build argument 'ament_cmake_args' from command line to 'None'
[0.642s] Level 5:colcon.colcon_core.verb:set package 'bt_interfaces_dummy' build argument 'catkin_cmake_args' from command line to 'None'
[0.642s] Level 5:colcon.colcon_core.verb:set package 'bt_interfaces_dummy' build argument 'catkin_skip_building_tests' from command line to 'False'
[0.642s] DEBUG:colcon.colcon_core.verb:Building package 'bt_interfaces_dummy' with the following arguments: {'ament_cmake_args': None, 'build_base': '/home/ste/ws/hsp-iit/data-model/examples/UC3-museum-guide/high-level-models/build/bt_interfaces_dummy', 'catkin_cmake_args': None, 'catkin_skip_building_tests': False, 'cmake_args': None, 'cmake_clean_cache': False, 'cmake_clean_first': False, 'cmake_force_configure': False, 'cmake_target': None, 'cmake_target_skip_unavailable': False, 'install_base': '/home/ste/ws/hsp-iit/data-model/examples/UC3-museum-guide/high-level-models/install/bt_interfaces_dummy', 'merge_install': False, 'path': '/home/ste/ws/hsp-iit/data-model/examples/UC3-museum-guide/high-level-models/ros_interfaces/bt_interfaces_dummy', 'symlink_install': False, 'test_result_base': None}
[0.642s] Level 5:colcon.colcon_core.verb:set package 'navigation_interfaces_dummy' build argument 'cmake_args' from command line to 'None'
[0.642s] Level 5:colcon.colcon_core.verb:set package 'navigation_interfaces_dummy' build argument 'cmake_target' from command line to 'None'
[0.642s] Level 5:colcon.colcon_core.verb:set package 'navigation_interfaces_dummy' build argument 'cmake_target_skip_unavailable' from command line to 'False'
[0.642s] Level 5:colcon.colcon_core.verb:set package 'navigation_interfaces_dummy' build argument 'cmake_clean_cache' from command line to 'False'
[0.642s] Level 5:colcon.colcon_core.verb:set package 'navigation_interfaces_dummy' build argument 'cmake_clean_first' from command line to 'False'
[0.642s] Level 5:colcon.colcon_core.verb:set package 'navigation_interfaces_dummy' build argument 'cmake_force_configure' from command line to 'False'
[0.642s] Level 5:colcon.colcon_core.verb:set package 'navigation_interfaces_dummy' build argument 'ament_cmake_args' from command line to 'None'
[0.642s] Level 5:colcon.colcon_core.verb:set package 'navigation_interfaces_dummy' build argument 'catkin_cmake_args' from command line to 'None'
[0.642s] Level 5:colcon.colcon_core.verb:set package 'navigation_interfaces_dummy' build argument 'catkin_skip_building_tests' from command line to 'False'
[0.642s] DEBUG:colcon.colcon_core.verb:Building package 'navigation_interfaces_dummy' with the following arguments: {'ament_cmake_args': None, 'build_base': '/home/ste/ws/hsp-iit/data-model/examples/UC3-museum-guide/high-level-models/build/navigation_interfaces_dummy', 'catkin_cmake_args': None, 'catkin_skip_building_tests': False, 'cmake_args': None, 'cmake_clean_cache': False, 'cmake_clean_first': False, 'cmake_force_configure': False, 'cmake_target': None, 'cmake_target_skip_unavailable': False, 'install_base': '/home/ste/ws/hsp-iit/data-model/examples/UC3-museum-guide/high-level-models/install/navigation_interfaces_dummy', 'merge_install': False, 'path': '/home/ste/ws/hsp-iit/data-model/examples/UC3-museum-guide/high-level-models/ros_interfaces/navigation_interfaces_dummy', 'symlink_install': False, 'test_result_base': None}
[0.643s] Level 5:colcon.colcon_core.verb:set package 'notify_user_interfaces_dummy' build argument 'cmake_args' from command line to 'None'
[0.643s] Level 5:colcon.colcon_core.verb:set package 'notify_user_interfaces_dummy' build argument 'cmake_target' from command line to 'None'
[0.643s] Level 5:colcon.colcon_core.verb:set package 'notify_user_interfaces_dummy' build argument 'cmake_target_skip_unavailable' from command line to 'False'
[0.643s] Level 5:colcon.colcon_core.verb:set package 'notify_user_interfaces_dummy' build argument 'cmake_clean_cache' from command line to 'False'
[0.643s] Level 5:colcon.colcon_core.verb:set package 'notify_user_interfaces_dummy' build argument 'cmake_clean_first' from command line to 'False'
[0.643s] Level 5:colcon.colcon_core.verb:set package 'notify_user_interfaces_dummy' build argument 'cmake_force_configure' from command line to 'False'
[0.643s] Level 5:colcon.colcon_core.verb:set package 'notify_user_interfaces_dummy' build argument 'ament_cmake_args' from command line to 'None'
[0.643s] Level 5:colcon.colcon_core.verb:set package 'notify_user_interfaces_dummy' build argument 'catkin_cmake_args' from command line to 'None'
[0.643s] Level 5:colcon.colcon_core.verb:set package 'notify_user_interfaces_dummy' build argument 'catkin_skip_building_tests' from command line to 'False'
[0.643s] DEBUG:colcon.colcon_core.verb:Building package 'notify_user_interfaces_dummy' with the following arguments: {'ament_cmake_args': None, 'build_base': '/home/ste/ws/hsp-iit/data-model/examples/UC3-museum-guide/high-level-models/build/notify_user_interfaces_dummy', 'catkin_cmake_args': None, 'catkin_skip_building_tests': False, 'cmake_args': None, 'cmake_clean_cache': False, 'cmake_clean_first': False, 'cmake_force_configure': False, 'cmake_target': None, 'cmake_target_skip_unavailable': False, 'install_base': '/home/ste/ws/hsp-iit/data-model/examples/UC3-museum-guide/high-level-models/install/notify_user_interfaces_dummy', 'merge_install': False, 'path': '/home/ste/ws/hsp-iit/data-model/examples/UC3-museum-guide/high-level-models/ros_interfaces/notify_user_interfaces_dummy', 'symlink_install': False, 'test_result_base': None}
[0.643s] Level 5:colcon.colcon_core.verb:set package 'people_detector_filter_interfaces_dummy' build argument 'cmake_args' from command line to 'None'
[0.643s] Level 5:colcon.colcon_core.verb:set package 'people_detector_filter_interfaces_dummy' build argument 'cmake_target' from command line to 'None'
[0.643s] Level 5:colcon.colcon_core.verb:set package 'people_detector_filter_interfaces_dummy' build argument 'cmake_target_skip_unavailable' from command line to 'False'
[0.643s] Level 5:colcon.colcon_core.verb:set package 'people_detector_filter_interfaces_dummy' build argument 'cmake_clean_cache' from command line to 'False'
[0.643s] Level 5:colcon.colcon_core.verb:set package 'people_detector_filter_interfaces_dummy' build argument 'cmake_clean_first' from command line to 'False'
[0.643s] Level 5:colcon.colcon_core.verb:set package 'people_detector_filter_interfaces_dummy' build argument 'cmake_force_configure' from command line to 'False'
[0.643s] Level 5:colcon.colcon_core.verb:set package 'people_detector_filter_interfaces_dummy' build argument 'ament_cmake_args' from command line to 'None'
[0.643s] Level 5:colcon.colcon_core.verb:set package 'people_detector_filter_interfaces_dummy' build argument 'catkin_cmake_args' from command line to 'None'
[0.643s] Level 5:colcon.colcon_core.verb:set package 'people_detector_filter_interfaces_dummy' build argument 'catkin_skip_building_tests' from command line to 'False'
[0.643s] DEBUG:colcon.colcon_core.verb:Building package 'people_detector_filter_interfaces_dummy' with the following arguments: {'ament_cmake_args': None, 'build_base': '/home/ste/ws/hsp-iit/data-model/examples/UC3-museum-guide/high-level-models/build/people_detector_filter_interfaces_dummy', 'catkin_cmake_args': None, 'catkin_skip_building_tests': False, 'cmake_args': None, 'cmake_clean_cache': False, 'cmake_clean_first': False, 'cmake_force_configure': False, 'cmake_target': None, 'cmake_target_skip_unavailable': False, 'install_base': '/home/ste/ws/hsp-iit/data-model/examples/UC3-museum-guide/high-level-models/install/people_detector_filter_interfaces_dummy', 'merge_install': False, 'path': '/home/ste/ws/hsp-iit/data-model/examples/UC3-museum-guide/high-level-models/ros_interfaces/people_detector_filter_interfaces', 'symlink_install': False, 'test_result_base': None}
[0.644s] Level 5:colcon.colcon_core.verb:set package 'scheduler_interfaces_dummy' build argument 'cmake_args' from command line to 'None'
[0.644s] Level 5:colcon.colcon_core.verb:set package 'scheduler_interfaces_dummy' build argument 'cmake_target' from command line to 'None'
[0.644s] Level 5:colcon.colcon_core.verb:set package 'scheduler_interfaces_dummy' build argument 'cmake_target_skip_unavailable' from command line to 'False'
[0.644s] Level 5:colcon.colcon_core.verb:set package 'scheduler_interfaces_dummy' build argument 'cmake_clean_cache' from command line to 'False'
[0.644s] Level 5:colcon.colcon_core.verb:set package 'scheduler_interfaces_dummy' build argument 'cmake_clean_first' from command line to 'False'
[0.644s] Level 5:colcon.colcon_core.verb:set package 'scheduler_interfaces_dummy' build argument 'cmake_force_configure' from command line to 'False'
[0.644s] Level 5:colcon.colcon_core.verb:set package 'scheduler_interfaces_dummy' build argument 'ament_cmake_args' from command line to 'None'
[0.644s] Level 5:colcon.colcon_core.verb:set package 'scheduler_interfaces_dummy' build argument 'catkin_cmake_args' from command line to 'None'
[0.644s] Level 5:colcon.colcon_core.verb:set package 'scheduler_interfaces_dummy' build argument 'catkin_skip_building_tests' from command line to 'False'
[0.644s] DEBUG:colcon.colcon_core.verb:Building package 'scheduler_interfaces_dummy' with the following arguments: {'ament_cmake_args': None, 'build_base': '/home/ste/ws/hsp-iit/data-model/examples/UC3-museum-guide/high-level-models/build/scheduler_interfaces_dummy', 'catkin_cmake_args': None, 'catkin_skip_building_tests': False, 'cmake_args': None, 'cmake_clean_cache': False, 'cmake_clean_first': False, 'cmake_force_configure': False, 'cmake_target': None, 'cmake_target_skip_unavailable': False, 'install_base': '/home/ste/ws/hsp-iit/data-model/examples/UC3-museum-guide/high-level-models/install/scheduler_interfaces_dummy', 'merge_install': False, 'path': '/home/ste/ws/hsp-iit/data-model/examples/UC3-museum-guide/high-level-models/ros_interfaces/scheduler_interfaces_dummy', 'symlink_install': False, 'test_result_base': None}
[0.644s] Level 5:colcon.colcon_core.verb:set package 'timer_interfaces_dummy' build argument 'cmake_args' from command line to 'None'
[0.644s] Level 5:colcon.colcon_core.verb:set package 'timer_interfaces_dummy' build argument 'cmake_target' from command line to 'None'
[0.644s] Level 5:colcon.colcon_core.verb:set package 'timer_interfaces_dummy' build argument 'cmake_target_skip_unavailable' from command line to 'False'
[0.644s] Level 5:colcon.colcon_core.verb:set package 'timer_interfaces_dummy' build argument 'cmake_clean_cache' from command line to 'False'
[0.644s] Level 5:colcon.colcon_core.verb:set package 'timer_interfaces_dummy' build argument 'cmake_clean_first' from command line to 'False'
[0.644s] Level 5:colcon.colcon_core.verb:set package 'timer_interfaces_dummy' build argument 'cmake_force_configure' from command line to 'False'
[0.644s] Level 5:colcon.colcon_core.verb:set package 'timer_interfaces_dummy' build argument 'ament_cmake_args' from command line to 'None'
[0.644s] Level 5:colcon.colcon_core.verb:set package 'timer_interfaces_dummy' build argument 'catkin_cmake_args' from command line to 'None'
[0.644s] Level 5:colcon.colcon_core.verb:set package 'timer_interfaces_dummy' build argument 'catkin_skip_building_tests' from command line to 'False'
[0.644s] DEBUG:colcon.colcon_core.verb:Building package 'timer_interfaces_dummy' with the following arguments: {'ament_cmake_args': None, 'build_base': '/home/ste/ws/hsp-iit/data-model/examples/UC3-museum-guide/high-level-models/build/timer_interfaces_dummy', 'catkin_cmake_args': None, 'catkin_skip_building_tests': False, 'cmake_args': None, 'cmake_clean_cache': False, 'cmake_clean_first': False, 'cmake_force_configure': False, 'cmake_target': None, 'cmake_target_skip_unavailable': False, 'install_base': '/home/ste/ws/hsp-iit/data-model/examples/UC3-museum-guide/high-level-models/install/timer_interfaces_dummy', 'merge_install': False, 'path': '/home/ste/ws/hsp-iit/data-model/examples/UC3-museum-guide/high-level-models/ros_interfaces/timer_interfaces_dummy', 'symlink_install': False, 'test_result_base': None}
[0.645s] INFO:colcon.colcon_core.executor:Executing jobs using 'parallel' executor
[0.645s] DEBUG:colcon.colcon_parallel_executor.executor.parallel:run_until_complete
[0.646s] INFO:colcon.colcon_ros.task.ament_cmake.build:Building ROS package in '/home/ste/ws/hsp-iit/data-model/examples/UC3-museum-guide/high-level-models/ros_interfaces/blackboard_interfaces_dummy' with build type 'ament_cmake'
[0.646s] INFO:colcon.colcon_cmake.task.cmake.build:Building CMake package in '/home/ste/ws/hsp-iit/data-model/examples/UC3-museum-guide/high-level-models/ros_interfaces/blackboard_interfaces_dummy'
[0.650s] INFO:colcon.colcon_core.plugin_system:Skipping extension 'colcon_core.shell.bat': Not used on non-Windows systems
[0.650s] INFO:colcon.colcon_core.shell:Skip shell extension 'powershell' for command environment: Not usable outside of PowerShell
[0.650s] DEBUG:colcon.colcon_core.shell:Skip shell extension 'dsv' for command environment
[0.655s] INFO:colcon.colcon_ros.task.ament_cmake.build:Building ROS package in '/home/ste/ws/hsp-iit/data-model/examples/UC3-museum-guide/high-level-models/ros_interfaces/bt_interfaces_dummy' with build type 'ament_cmake'
[0.655s] INFO:colcon.colcon_cmake.task.cmake.build:Building CMake package in '/home/ste/ws/hsp-iit/data-model/examples/UC3-museum-guide/high-level-models/ros_interfaces/bt_interfaces_dummy'
[0.655s] INFO:colcon.colcon_core.shell:Skip shell extension 'powershell' for command environment: Not usable outside of PowerShell
[0.655s] DEBUG:colcon.colcon_core.shell:Skip shell extension 'dsv' for command environment
[0.661s] INFO:colcon.colcon_ros.task.ament_cmake.build:Building ROS package in '/home/ste/ws/hsp-iit/data-model/examples/UC3-museum-guide/high-level-models/ros_interfaces/navigation_interfaces_dummy' with build type 'ament_cmake'
[0.661s] INFO:colcon.colcon_cmake.task.cmake.build:Building CMake package in '/home/ste/ws/hsp-iit/data-model/examples/UC3-museum-guide/high-level-models/ros_interfaces/navigation_interfaces_dummy'
[0.661s] INFO:colcon.colcon_core.shell:Skip shell extension 'powershell' for command environment: Not usable outside of PowerShell
[0.661s] DEBUG:colcon.colcon_core.shell:Skip shell extension 'dsv' for command environment
[0.666s] INFO:colcon.colcon_ros.task.ament_cmake.build:Building ROS package in '/home/ste/ws/hsp-iit/data-model/examples/UC3-museum-guide/high-level-models/ros_interfaces/notify_user_interfaces_dummy' with build type 'ament_cmake'
[0.666s] INFO:colcon.colcon_cmake.task.cmake.build:Building CMake package in '/home/ste/ws/hsp-iit/data-model/examples/UC3-museum-guide/high-level-models/ros_interfaces/notify_user_interfaces_dummy'
[0.666s] INFO:colcon.colcon_core.shell:Skip shell extension 'powershell' for command environment: Not usable outside of PowerShell
[0.666s] DEBUG:colcon.colcon_core.shell:Skip shell extension 'dsv' for command environment
[0.671s] INFO:colcon.colcon_ros.task.ament_cmake.build:Building ROS package in '/home/ste/ws/hsp-iit/data-model/examples/UC3-museum-guide/high-level-models/ros_interfaces/people_detector_filter_interfaces' with build type 'ament_cmake'
[0.671s] INFO:colcon.colcon_cmake.task.cmake.build:Building CMake package in '/home/ste/ws/hsp-iit/data-model/examples/UC3-museum-guide/high-level-models/ros_interfaces/people_detector_filter_interfaces'
[0.671s] INFO:colcon.colcon_core.shell:Skip shell extension 'powershell' for command environment: Not usable outside of PowerShell
[0.671s] DEBUG:colcon.colcon_core.shell:Skip shell extension 'dsv' for command environment
[0.677s] INFO:colcon.colcon_ros.task.ament_cmake.build:Building ROS package in '/home/ste/ws/hsp-iit/data-model/examples/UC3-museum-guide/high-level-models/ros_interfaces/scheduler_interfaces_dummy' with build type 'ament_cmake'
[0.677s] INFO:colcon.colcon_cmake.task.cmake.build:Building CMake package in '/home/ste/ws/hsp-iit/data-model/examples/UC3-museum-guide/high-level-models/ros_interfaces/scheduler_interfaces_dummy'
[0.677s] INFO:colcon.colcon_core.shell:Skip shell extension 'powershell' for command environment: Not usable outside of PowerShell
[0.678s] DEBUG:colcon.colcon_core.shell:Skip shell extension 'dsv' for command environment
[0.682s] INFO:colcon.colcon_ros.task.ament_cmake.build:Building ROS package in '/home/ste/ws/hsp-iit/data-model/examples/UC3-museum-guide/high-level-models/ros_interfaces/timer_interfaces_dummy' with build type 'ament_cmake'
[0.682s] INFO:colcon.colcon_cmake.task.cmake.build:Building CMake package in '/home/ste/ws/hsp-iit/data-model/examples/UC3-museum-guide/high-level-models/ros_interfaces/timer_interfaces_dummy'
[0.682s] INFO:colcon.colcon_core.shell:Skip shell extension 'powershell' for command environment: Not usable outside of PowerShell
[0.683s] DEBUG:colcon.colcon_core.shell:Skip shell extension 'dsv' for command environment
[0.694s] DEBUG:colcon.colcon_core.event_handler.log_command:Invoking command in '/home/ste/ws/hsp-iit/data-model/examples/UC3-museum-guide/high-level-models/build/blackboard_interfaces_dummy': CMAKE_PREFIX_PATH=${CMAKE_PREFIX_PATH}:/opt/ros/iron PS1=\[\033[01;32m\]\u\[\033[00m\]:\[\033[01;34m\]\w\[\033[00m\]\[\e[91m\]$(parse_git_branch)\[\e[00m\]$ /usr/bin/cmake /home/ste/ws/hsp-iit/data-model/examples/UC3-museum-guide/high-level-models/ros_interfaces/blackboard_interfaces_dummy -DCMAKE_INSTALL_PREFIX=/home/ste/ws/hsp-iit/data-model/examples/UC3-museum-guide/high-level-models/install/blackboard_interfaces_dummy
[0.698s] DEBUG:colcon.colcon_core.event_handler.log_command:Invoking command in '/home/ste/ws/hsp-iit/data-model/examples/UC3-museum-guide/high-level-models/build/bt_interfaces_dummy': CMAKE_PREFIX_PATH=${CMAKE_PREFIX_PATH}:/opt/ros/iron PS1=\[\033[01;32m\]\u\[\033[00m\]:\[\033[01;34m\]\w\[\033[00m\]\[\e[91m\]$(parse_git_branch)\[\e[00m\]$ /usr/bin/cmake /home/ste/ws/hsp-iit/data-model/examples/UC3-museum-guide/high-level-models/ros_interfaces/bt_interfaces_dummy -DCMAKE_INSTALL_PREFIX=/home/ste/ws/hsp-iit/data-model/examples/UC3-museum-guide/high-level-models/install/bt_interfaces_dummy
[0.700s] DEBUG:colcon.colcon_core.event_handler.log_command:Invoking command in '/home/ste/ws/hsp-iit/data-model/examples/UC3-museum-guide/high-level-models/build/navigation_interfaces_dummy': CMAKE_PREFIX_PATH=${CMAKE_PREFIX_PATH}:/opt/ros/iron PS1=\[\033[01;32m\]\u\[\033[00m\]:\[\033[01;34m\]\w\[\033[00m\]\[\e[91m\]$(parse_git_branch)\[\e[00m\]$ /usr/bin/cmake /home/ste/ws/hsp-iit/data-model/examples/UC3-museum-guide/high-level-models/ros_interfaces/navigation_interfaces_dummy -DCMAKE_INSTALL_PREFIX=/home/ste/ws/hsp-iit/data-model/examples/UC3-museum-guide/high-level-models/install/navigation_interfaces_dummy
[0.704s] DEBUG:colcon.colcon_core.event_handler.log_command:Invoking command in '/home/ste/ws/hsp-iit/data-model/examples/UC3-museum-guide/high-level-models/build/notify_user_interfaces_dummy': CMAKE_PREFIX_PATH=${CMAKE_PREFIX_PATH}:/opt/ros/iron PS1=\[\033[01;32m\]\u\[\033[00m\]:\[\033[01;34m\]\w\[\033[00m\]\[\e[91m\]$(parse_git_branch)\[\e[00m\]$ /usr/bin/cmake /home/ste/ws/hsp-iit/data-model/examples/UC3-museum-guide/high-level-models/ros_interfaces/notify_user_interfaces_dummy -DCMAKE_INSTALL_PREFIX=/home/ste/ws/hsp-iit/data-model/examples/UC3-museum-guide/high-level-models/install/notify_user_interfaces_dummy
[0.708s] DEBUG:colcon.colcon_core.event_handler.log_command:Invoking command in '/home/ste/ws/hsp-iit/data-model/examples/UC3-museum-guide/high-level-models/build/people_detector_filter_interfaces_dummy': CMAKE_PREFIX_PATH=${CMAKE_PREFIX_PATH}:/opt/ros/iron PS1=\[\033[01;32m\]\u\[\033[00m\]:\[\033[01;34m\]\w\[\033[00m\]\[\e[91m\]$(parse_git_branch)\[\e[00m\]$ /usr/bin/cmake /home/ste/ws/hsp-iit/data-model/examples/UC3-museum-guide/high-level-models/ros_interfaces/people_detector_filter_interfaces -DCMAKE_INSTALL_PREFIX=/home/ste/ws/hsp-iit/data-model/examples/UC3-museum-guide/high-level-models/install/people_detector_filter_interfaces_dummy
[0.714s] DEBUG:colcon.colcon_core.event_handler.log_command:Invoking command in '/home/ste/ws/hsp-iit/data-model/examples/UC3-museum-guide/high-level-models/build/scheduler_interfaces_dummy': CMAKE_PREFIX_PATH=${CMAKE_PREFIX_PATH}:/opt/ros/iron PS1=\[\033[01;32m\]\u\[\033[00m\]:\[\033[01;34m\]\w\[\033[00m\]\[\e[91m\]$(parse_git_branch)\[\e[00m\]$ /usr/bin/cmake /home/ste/ws/hsp-iit/data-model/examples/UC3-museum-guide/high-level-models/ros_interfaces/scheduler_interfaces_dummy -DCMAKE_INSTALL_PREFIX=/home/ste/ws/hsp-iit/data-model/examples/UC3-museum-guide/high-level-models/install/scheduler_interfaces_dummy
[0.724s] DEBUG:colcon.colcon_core.event_handler.log_command:Invoking command in '/home/ste/ws/hsp-iit/data-model/examples/UC3-museum-guide/high-level-models/build/timer_interfaces_dummy': CMAKE_PREFIX_PATH=${CMAKE_PREFIX_PATH}:/opt/ros/iron PS1=\[\033[01;32m\]\u\[\033[00m\]:\[\033[01;34m\]\w\[\033[00m\]\[\e[91m\]$(parse_git_branch)\[\e[00m\]$ /usr/bin/cmake /home/ste/ws/hsp-iit/data-model/examples/UC3-museum-guide/high-level-models/ros_interfaces/timer_interfaces_dummy -DCMAKE_INSTALL_PREFIX=/home/ste/ws/hsp-iit/data-model/examples/UC3-museum-guide/high-level-models/install/timer_interfaces_dummy
[5.325s] DEBUG:colcon.colcon_core.event_handler.log_command:Invoked command in '/home/ste/ws/hsp-iit/data-model/examples/UC3-museum-guide/high-level-models/build/timer_interfaces_dummy' returned '0': CMAKE_PREFIX_PATH=${CMAKE_PREFIX_PATH}:/opt/ros/iron PS1=\[\033[01;32m\]\u\[\033[00m\]:\[\033[01;34m\]\w\[\033[00m\]\[\e[91m\]$(parse_git_branch)\[\e[00m\]$ /usr/bin/cmake /home/ste/ws/hsp-iit/data-model/examples/UC3-museum-guide/high-level-models/ros_interfaces/timer_interfaces_dummy -DCMAKE_INSTALL_PREFIX=/home/ste/ws/hsp-iit/data-model/examples/UC3-museum-guide/high-level-models/install/timer_interfaces_dummy
[5.329s] DEBUG:colcon.colcon_core.event_handler.log_command:Invoking command in '/home/ste/ws/hsp-iit/data-model/examples/UC3-museum-guide/high-level-models/build/timer_interfaces_dummy': CMAKE_PREFIX_PATH=${CMAKE_PREFIX_PATH}:/opt/ros/iron PS1=\[\033[01;32m\]\u\[\033[00m\]:\[\033[01;34m\]\w\[\033[00m\]\[\e[91m\]$(parse_git_branch)\[\e[00m\]$ /usr/bin/cmake --build /home/ste/ws/hsp-iit/data-model/examples/UC3-museum-guide/high-level-models/build/timer_interfaces_dummy -- -j12 -l12
[5.435s] DEBUG:colcon.colcon_core.event_handler.log_command:Invoked command in '/home/ste/ws/hsp-iit/data-model/examples/UC3-museum-guide/high-level-models/build/bt_interfaces_dummy' returned '0': CMAKE_PREFIX_PATH=${CMAKE_PREFIX_PATH}:/opt/ros/iron PS1=\[\033[01;32m\]\u\[\033[00m\]:\[\033[01;34m\]\w\[\033[00m\]\[\e[91m\]$(parse_git_branch)\[\e[00m\]$ /usr/bin/cmake /home/ste/ws/hsp-iit/data-model/examples/UC3-museum-guide/high-level-models/ros_interfaces/bt_interfaces_dummy -DCMAKE_INSTALL_PREFIX=/home/ste/ws/hsp-iit/data-model/examples/UC3-museum-guide/high-level-models/install/bt_interfaces_dummy
[5.437s] DEBUG:colcon.colcon_core.event_handler.log_command:Invoking command in '/home/ste/ws/hsp-iit/data-model/examples/UC3-museum-guide/high-level-models/build/bt_interfaces_dummy': CMAKE_PREFIX_PATH=${CMAKE_PREFIX_PATH}:/opt/ros/iron PS1=\[\033[01;32m\]\u\[\033[00m\]:\[\033[01;34m\]\w\[\033[00m\]\[\e[91m\]$(parse_git_branch)\[\e[00m\]$ /usr/bin/cmake --build /home/ste/ws/hsp-iit/data-model/examples/UC3-museum-guide/high-level-models/build/bt_interfaces_dummy -- -j12 -l12
[5.592s] DEBUG:colcon.colcon_core.event_handler.log_command:Invoked command in '/home/ste/ws/hsp-iit/data-model/examples/UC3-museum-guide/high-level-models/build/notify_user_interfaces_dummy' returned '0': CMAKE_PREFIX_PATH=${CMAKE_PREFIX_PATH}:/opt/ros/iron PS1=\[\033[01;32m\]\u\[\033[00m\]:\[\033[01;34m\]\w\[\033[00m\]\[\e[91m\]$(parse_git_branch)\[\e[00m\]$ /usr/bin/cmake /home/ste/ws/hsp-iit/data-model/examples/UC3-museum-guide/high-level-models/ros_interfaces/notify_user_interfaces_dummy -DCMAKE_INSTALL_PREFIX=/home/ste/ws/hsp-iit/data-model/examples/UC3-museum-guide/high-level-models/install/notify_user_interfaces_dummy
[5.597s] DEBUG:colcon.colcon_core.event_handler.log_command:Invoking command in '/home/ste/ws/hsp-iit/data-model/examples/UC3-museum-guide/high-level-models/build/notify_user_interfaces_dummy': CMAKE_PREFIX_PATH=${CMAKE_PREFIX_PATH}:/opt/ros/iron PS1=\[\033[01;32m\]\u\[\033[00m\]:\[\033[01;34m\]\w\[\033[00m\]\[\e[91m\]$(parse_git_branch)\[\e[00m\]$ /usr/bin/cmake --build /home/ste/ws/hsp-iit/data-model/examples/UC3-museum-guide/high-level-models/build/notify_user_interfaces_dummy -- -j12 -l12
[6.885s] DEBUG:colcon.colcon_core.event_handler.log_command:Invoked command in '/home/ste/ws/hsp-iit/data-model/examples/UC3-museum-guide/high-level-models/build/blackboard_interfaces_dummy' returned '0': CMAKE_PREFIX_PATH=${CMAKE_PREFIX_PATH}:/opt/ros/iron PS1=\[\033[01;32m\]\u\[\033[00m\]:\[\033[01;34m\]\w\[\033[00m\]\[\e[91m\]$(parse_git_branch)\[\e[00m\]$ /usr/bin/cmake /home/ste/ws/hsp-iit/data-model/examples/UC3-museum-guide/high-level-models/ros_interfaces/blackboard_interfaces_dummy -DCMAKE_INSTALL_PREFIX=/home/ste/ws/hsp-iit/data-model/examples/UC3-museum-guide/high-level-models/install/blackboard_interfaces_dummy
[6.907s] DEBUG:colcon.colcon_core.event_handler.log_command:Invoking command in '/home/ste/ws/hsp-iit/data-model/examples/UC3-museum-guide/high-level-models/build/blackboard_interfaces_dummy': CMAKE_PREFIX_PATH=${CMAKE_PREFIX_PATH}:/opt/ros/iron PS1=\[\033[01;32m\]\u\[\033[00m\]:\[\033[01;34m\]\w\[\033[00m\]\[\e[91m\]$(parse_git_branch)\[\e[00m\]$ /usr/bin/cmake --build /home/ste/ws/hsp-iit/data-model/examples/UC3-museum-guide/high-level-models/build/blackboard_interfaces_dummy -- -j12 -l12
[7.172s] DEBUG:colcon.colcon_core.event_handler.log_command:Invoked command in '/home/ste/ws/hsp-iit/data-model/examples/UC3-museum-guide/high-level-models/build/people_detector_filter_interfaces_dummy' returned '0': CMAKE_PREFIX_PATH=${CMAKE_PREFIX_PATH}:/opt/ros/iron PS1=\[\033[01;32m\]\u\[\033[00m\]:\[\033[01;34m\]\w\[\033[00m\]\[\e[91m\]$(parse_git_branch)\[\e[00m\]$ /usr/bin/cmake /home/ste/ws/hsp-iit/data-model/examples/UC3-museum-guide/high-level-models/ros_interfaces/people_detector_filter_interfaces -DCMAKE_INSTALL_PREFIX=/home/ste/ws/hsp-iit/data-model/examples/UC3-museum-guide/high-level-models/install/people_detector_filter_interfaces_dummy
[7.173s] DEBUG:colcon.colcon_core.event_handler.log_command:Invoking command in '/home/ste/ws/hsp-iit/data-model/examples/UC3-museum-guide/high-level-models/build/people_detector_filter_interfaces_dummy': CMAKE_PREFIX_PATH=${CMAKE_PREFIX_PATH}:/opt/ros/iron PS1=\[\033[01;32m\]\u\[\033[00m\]:\[\033[01;34m\]\w\[\033[00m\]\[\e[91m\]$(parse_git_branch)\[\e[00m\]$ /usr/bin/cmake --build /home/ste/ws/hsp-iit/data-model/examples/UC3-museum-guide/high-level-models/build/people_detector_filter_interfaces_dummy -- -j12 -l12
[7.362s] DEBUG:colcon.colcon_core.event_handler.log_command:Invoked command in '/home/ste/ws/hsp-iit/data-model/examples/UC3-museum-guide/high-level-models/build/scheduler_interfaces_dummy' returned '0': CMAKE_PREFIX_PATH=${CMAKE_PREFIX_PATH}:/opt/ros/iron PS1=\[\033[01;32m\]\u\[\033[00m\]:\[\033[01;34m\]\w\[\033[00m\]\[\e[91m\]$(parse_git_branch)\[\e[00m\]$ /usr/bin/cmake /home/ste/ws/hsp-iit/data-model/examples/UC3-museum-guide/high-level-models/ros_interfaces/scheduler_interfaces_dummy -DCMAKE_INSTALL_PREFIX=/home/ste/ws/hsp-iit/data-model/examples/UC3-museum-guide/high-level-models/install/scheduler_interfaces_dummy
[7.363s] DEBUG:colcon.colcon_core.event_handler.log_command:Invoking command in '/home/ste/ws/hsp-iit/data-model/examples/UC3-museum-guide/high-level-models/build/scheduler_interfaces_dummy': CMAKE_PREFIX_PATH=${CMAKE_PREFIX_PATH}:/opt/ros/iron PS1=\[\033[01;32m\]\u\[\033[00m\]:\[\033[01;34m\]\w\[\033[00m\]\[\e[91m\]$(parse_git_branch)\[\e[00m\]$ /usr/bin/cmake --build /home/ste/ws/hsp-iit/data-model/examples/UC3-museum-guide/high-level-models/build/scheduler_interfaces_dummy -- -j12 -l12
[7.912s] DEBUG:colcon.colcon_core.event_handler.log_command:Invoked command in '/home/ste/ws/hsp-iit/data-model/examples/UC3-museum-guide/high-level-models/build/navigation_interfaces_dummy' returned '0': CMAKE_PREFIX_PATH=${CMAKE_PREFIX_PATH}:/opt/ros/iron PS1=\[\033[01;32m\]\u\[\033[00m\]:\[\033[01;34m\]\w\[\033[00m\]\[\e[91m\]$(parse_git_branch)\[\e[00m\]$ /usr/bin/cmake /home/ste/ws/hsp-iit/data-model/examples/UC3-museum-guide/high-level-models/ros_interfaces/navigation_interfaces_dummy -DCMAKE_INSTALL_PREFIX=/home/ste/ws/hsp-iit/data-model/examples/UC3-museum-guide/high-level-models/install/navigation_interfaces_dummy
[7.913s] DEBUG:colcon.colcon_core.event_handler.log_command:Invoking command in '/home/ste/ws/hsp-iit/data-model/examples/UC3-museum-guide/high-level-models/build/navigation_interfaces_dummy': CMAKE_PREFIX_PATH=${CMAKE_PREFIX_PATH}:/opt/ros/iron PS1=\[\033[01;32m\]\u\[\033[00m\]:\[\033[01;34m\]\w\[\033[00m\]\[\e[91m\]$(parse_git_branch)\[\e[00m\]$ /usr/bin/cmake --build /home/ste/ws/hsp-iit/data-model/examples/UC3-museum-guide/high-level-models/build/navigation_interfaces_dummy -- -j12 -l12
[23.371s] DEBUG:colcon.colcon_core.event_handler.log_command:Invoked command in '/home/ste/ws/hsp-iit/data-model/examples/UC3-museum-guide/high-level-models/build/people_detector_filter_interfaces_dummy' returned '0': CMAKE_PREFIX_PATH=${CMAKE_PREFIX_PATH}:/opt/ros/iron PS1=\[\033[01;32m\]\u\[\033[00m\]:\[\033[01;34m\]\w\[\033[00m\]\[\e[91m\]$(parse_git_branch)\[\e[00m\]$ /usr/bin/cmake --build /home/ste/ws/hsp-iit/data-model/examples/UC3-museum-guide/high-level-models/build/people_detector_filter_interfaces_dummy -- -j12 -l12
[23.408s] DEBUG:colcon.colcon_core.event_handler.log_command:Invoking command in '/home/ste/ws/hsp-iit/data-model/examples/UC3-museum-guide/high-level-models/build/people_detector_filter_interfaces_dummy': CMAKE_PREFIX_PATH=${CMAKE_PREFIX_PATH}:/opt/ros/iron PS1=\[\033[01;32m\]\u\[\033[00m\]:\[\033[01;34m\]\w\[\033[00m\]\[\e[91m\]$(parse_git_branch)\[\e[00m\]$ /usr/bin/cmake --install /home/ste/ws/hsp-iit/data-model/examples/UC3-museum-guide/high-level-models/build/people_detector_filter_interfaces_dummy
[23.647s] Level 1:colcon.colcon_core.environment:create_environment_scripts_only(people_detector_filter_interfaces_dummy)
[23.649s] DEBUG:colcon.colcon_core.event_handler.log_command:Invoked command in '/home/ste/ws/hsp-iit/data-model/examples/UC3-museum-guide/high-level-models/build/people_detector_filter_interfaces_dummy' returned '0': CMAKE_PREFIX_PATH=${CMAKE_PREFIX_PATH}:/opt/ros/iron PS1=\[\033[01;32m\]\u\[\033[00m\]:\[\033[01;34m\]\w\[\033[00m\]\[\e[91m\]$(parse_git_branch)\[\e[00m\]$ /usr/bin/cmake --install /home/ste/ws/hsp-iit/data-model/examples/UC3-museum-guide/high-level-models/build/people_detector_filter_interfaces_dummy
[23.655s] Level 1:colcon.colcon_core.environment:checking '/home/ste/ws/hsp-iit/data-model/examples/UC3-museum-guide/high-level-models/install/people_detector_filter_interfaces_dummy' for CMake module files
[23.657s] Level 1:colcon.colcon_core.environment:checking '/home/ste/ws/hsp-iit/data-model/examples/UC3-museum-guide/high-level-models/install/people_detector_filter_interfaces_dummy' for CMake config files
[23.658s] Level 1:colcon.colcon_core.shell:create_environment_hook('people_detector_filter_interfaces_dummy', 'cmake_prefix_path')
[23.658s] INFO:colcon.colcon_core.shell:Creating environment hook '/home/ste/ws/hsp-iit/data-model/examples/UC3-museum-guide/high-level-models/install/people_detector_filter_interfaces_dummy/share/people_detector_filter_interfaces_dummy/hook/cmake_prefix_path.ps1'
[23.660s] INFO:colcon.colcon_core.shell:Creating environment descriptor '/home/ste/ws/hsp-iit/data-model/examples/UC3-museum-guide/high-level-models/install/people_detector_filter_interfaces_dummy/share/people_detector_filter_interfaces_dummy/hook/cmake_prefix_path.dsv'
[23.667s] INFO:colcon.colcon_core.shell:Creating environment hook '/home/ste/ws/hsp-iit/data-model/examples/UC3-museum-guide/high-level-models/install/people_detector_filter_interfaces_dummy/share/people_detector_filter_interfaces_dummy/hook/cmake_prefix_path.sh'
[23.669s] Level 1:colcon.colcon_core.environment:checking '/home/ste/ws/hsp-iit/data-model/examples/UC3-museum-guide/high-level-models/install/people_detector_filter_interfaces_dummy/lib'
[23.669s] Level 1:colcon.colcon_core.shell:create_environment_hook('people_detector_filter_interfaces_dummy', 'ld_library_path_lib')
[23.670s] INFO:colcon.colcon_core.shell:Creating environment hook '/home/ste/ws/hsp-iit/data-model/examples/UC3-museum-guide/high-level-models/install/people_detector_filter_interfaces_dummy/share/people_detector_filter_interfaces_dummy/hook/ld_library_path_lib.ps1'
[23.671s] INFO:colcon.colcon_core.shell:Creating environment descriptor '/home/ste/ws/hsp-iit/data-model/examples/UC3-museum-guide/high-level-models/install/people_detector_filter_interfaces_dummy/share/people_detector_filter_interfaces_dummy/hook/ld_library_path_lib.dsv'
[23.671s] INFO:colcon.colcon_core.shell:Creating environment hook '/home/ste/ws/hsp-iit/data-model/examples/UC3-museum-guide/high-level-models/install/people_detector_filter_interfaces_dummy/share/people_detector_filter_interfaces_dummy/hook/ld_library_path_lib.sh'
[23.672s] Level 1:colcon.colcon_core.environment:checking '/home/ste/ws/hsp-iit/data-model/examples/UC3-museum-guide/high-level-models/install/people_detector_filter_interfaces_dummy/bin'
[23.672s] Level 1:colcon.colcon_core.environment:checking '/home/ste/ws/hsp-iit/data-model/examples/UC3-museum-guide/high-level-models/install/people_detector_filter_interfaces_dummy/lib/pkgconfig/people_detector_filter_interfaces_dummy.pc'
[23.673s] Level 1:colcon.colcon_core.environment:checking '/home/ste/ws/hsp-iit/data-model/examples/UC3-museum-guide/high-level-models/install/people_detector_filter_interfaces_dummy/lib/python3.10/site-packages'
[23.673s] Level 1:colcon.colcon_core.shell:create_environment_hook('people_detector_filter_interfaces_dummy', 'pythonpath')
[23.674s] INFO:colcon.colcon_core.shell:Creating environment hook '/home/ste/ws/hsp-iit/data-model/examples/UC3-museum-guide/high-level-models/install/people_detector_filter_interfaces_dummy/share/people_detector_filter_interfaces_dummy/hook/pythonpath.ps1'
[23.675s] INFO:colcon.colcon_core.shell:Creating environment descriptor '/home/ste/ws/hsp-iit/data-model/examples/UC3-museum-guide/high-level-models/install/people_detector_filter_interfaces_dummy/share/people_detector_filter_interfaces_dummy/hook/pythonpath.dsv'
[23.675s] INFO:colcon.colcon_core.shell:Creating environment hook '/home/ste/ws/hsp-iit/data-model/examples/UC3-museum-guide/high-level-models/install/people_detector_filter_interfaces_dummy/share/people_detector_filter_interfaces_dummy/hook/pythonpath.sh'
[23.677s] Level 1:colcon.colcon_core.environment:checking '/home/ste/ws/hsp-iit/data-model/examples/UC3-museum-guide/high-level-models/install/people_detector_filter_interfaces_dummy/bin'
[23.678s] INFO:colcon.colcon_core.shell:Creating package script '/home/ste/ws/hsp-iit/data-model/examples/UC3-museum-guide/high-level-models/install/people_detector_filter_interfaces_dummy/share/people_detector_filter_interfaces_dummy/package.ps1'
[23.696s] INFO:colcon.colcon_core.shell:Creating package descriptor '/home/ste/ws/hsp-iit/data-model/examples/UC3-museum-guide/high-level-models/install/people_detector_filter_interfaces_dummy/share/people_detector_filter_interfaces_dummy/package.dsv'
[23.698s] INFO:colcon.colcon_core.shell:Creating package script '/home/ste/ws/hsp-iit/data-model/examples/UC3-museum-guide/high-level-models/install/people_detector_filter_interfaces_dummy/share/people_detector_filter_interfaces_dummy/package.sh'
[23.700s] INFO:colcon.colcon_core.shell:Creating package script '/home/ste/ws/hsp-iit/data-model/examples/UC3-museum-guide/high-level-models/install/people_detector_filter_interfaces_dummy/share/people_detector_filter_interfaces_dummy/package.bash'
[23.702s] INFO:colcon.colcon_core.shell:Creating package script '/home/ste/ws/hsp-iit/data-model/examples/UC3-museum-guide/high-level-models/install/people_detector_filter_interfaces_dummy/share/people_detector_filter_interfaces_dummy/package.zsh'
[23.703s] Level 1:colcon.colcon_core.environment:create_file_with_runtime_dependencies(/home/ste/ws/hsp-iit/data-model/examples/UC3-museum-guide/high-level-models/install/people_detector_filter_interfaces_dummy/share/colcon-core/packages/people_detector_filter_interfaces_dummy)
[23.705s] Level 1:colcon.colcon_core.environment:create_environment_scripts_only(people_detector_filter_interfaces_dummy)
[23.706s] Level 1:colcon.colcon_core.environment:checking '/home/ste/ws/hsp-iit/data-model/examples/UC3-museum-guide/high-level-models/install/people_detector_filter_interfaces_dummy' for CMake module files
[23.707s] Level 1:colcon.colcon_core.environment:checking '/home/ste/ws/hsp-iit/data-model/examples/UC3-museum-guide/high-level-models/install/people_detector_filter_interfaces_dummy' for CMake config files
[23.708s] Level 1:colcon.colcon_core.shell:create_environment_hook('people_detector_filter_interfaces_dummy', 'cmake_prefix_path')
[23.709s] INFO:colcon.colcon_core.shell:Creating environment hook '/home/ste/ws/hsp-iit/data-model/examples/UC3-museum-guide/high-level-models/install/people_detector_filter_interfaces_dummy/share/people_detector_filter_interfaces_dummy/hook/cmake_prefix_path.ps1'
[23.713s] INFO:colcon.colcon_core.shell:Creating environment descriptor '/home/ste/ws/hsp-iit/data-model/examples/UC3-museum-guide/high-level-models/install/people_detector_filter_interfaces_dummy/share/people_detector_filter_interfaces_dummy/hook/cmake_prefix_path.dsv'
[23.714s] INFO:colcon.colcon_core.shell:Creating environment hook '/home/ste/ws/hsp-iit/data-model/examples/UC3-museum-guide/high-level-models/install/people_detector_filter_interfaces_dummy/share/people_detector_filter_interfaces_dummy/hook/cmake_prefix_path.sh'
[23.715s] Level 1:colcon.colcon_core.environment:checking '/home/ste/ws/hsp-iit/data-model/examples/UC3-museum-guide/high-level-models/install/people_detector_filter_interfaces_dummy/lib'
[23.715s] Level 1:colcon.colcon_core.shell:create_environment_hook('people_detector_filter_interfaces_dummy', 'ld_library_path_lib')
[23.716s] INFO:colcon.colcon_core.shell:Creating environment hook '/home/ste/ws/hsp-iit/data-model/examples/UC3-museum-guide/high-level-models/install/people_detector_filter_interfaces_dummy/share/people_detector_filter_interfaces_dummy/hook/ld_library_path_lib.ps1'
[23.719s] INFO:colcon.colcon_core.shell:Creating environment descriptor '/home/ste/ws/hsp-iit/data-model/examples/UC3-museum-guide/high-level-models/install/people_detector_filter_interfaces_dummy/share/people_detector_filter_interfaces_dummy/hook/ld_library_path_lib.dsv'
[23.720s] INFO:colcon.colcon_core.shell:Creating environment hook '/home/ste/ws/hsp-iit/data-model/examples/UC3-museum-guide/high-level-models/install/people_detector_filter_interfaces_dummy/share/people_detector_filter_interfaces_dummy/hook/ld_library_path_lib.sh'
[23.721s] Level 1:colcon.colcon_core.environment:checking '/home/ste/ws/hsp-iit/data-model/examples/UC3-museum-guide/high-level-models/install/people_detector_filter_interfaces_dummy/bin'
[23.721s] Level 1:colcon.colcon_core.environment:checking '/home/ste/ws/hsp-iit/data-model/examples/UC3-museum-guide/high-level-models/install/people_detector_filter_interfaces_dummy/lib/pkgconfig/people_detector_filter_interfaces_dummy.pc'
[23.722s] Level 1:colcon.colcon_core.environment:checking '/home/ste/ws/hsp-iit/data-model/examples/UC3-museum-guide/high-level-models/install/people_detector_filter_interfaces_dummy/lib/python3.10/site-packages'
[23.722s] Level 1:colcon.colcon_core.shell:create_environment_hook('people_detector_filter_interfaces_dummy', 'pythonpath')
[23.722s] INFO:colcon.colcon_core.shell:Creating environment hook '/home/ste/ws/hsp-iit/data-model/examples/UC3-museum-guide/high-level-models/install/people_detector_filter_interfaces_dummy/share/people_detector_filter_interfaces_dummy/hook/pythonpath.ps1'
[23.723s] INFO:colcon.colcon_core.shell:Creating environment descriptor '/home/ste/ws/hsp-iit/data-model/examples/UC3-museum-guide/high-level-models/install/people_detector_filter_interfaces_dummy/share/people_detector_filter_interfaces_dummy/hook/pythonpath.dsv'
[23.724s] INFO:colcon.colcon_core.shell:Creating environment hook '/home/ste/ws/hsp-iit/data-model/examples/UC3-museum-guide/high-level-models/install/people_detector_filter_interfaces_dummy/share/people_detector_filter_interfaces_dummy/hook/pythonpath.sh'
[23.725s] Level 1:colcon.colcon_core.environment:checking '/home/ste/ws/hsp-iit/data-model/examples/UC3-museum-guide/high-level-models/install/people_detector_filter_interfaces_dummy/bin'
[23.727s] INFO:colcon.colcon_core.shell:Creating package script '/home/ste/ws/hsp-iit/data-model/examples/UC3-museum-guide/high-level-models/install/people_detector_filter_interfaces_dummy/share/people_detector_filter_interfaces_dummy/package.ps1'
[23.728s] INFO:colcon.colcon_core.shell:Creating package descriptor '/home/ste/ws/hsp-iit/data-model/examples/UC3-museum-guide/high-level-models/install/people_detector_filter_interfaces_dummy/share/people_detector_filter_interfaces_dummy/package.dsv'
[23.729s] INFO:colcon.colcon_core.shell:Creating package script '/home/ste/ws/hsp-iit/data-model/examples/UC3-museum-guide/high-level-models/install/people_detector_filter_interfaces_dummy/share/people_detector_filter_interfaces_dummy/package.sh'
[23.730s] INFO:colcon.colcon_core.shell:Creating package script '/home/ste/ws/hsp-iit/data-model/examples/UC3-museum-guide/high-level-models/install/people_detector_filter_interfaces_dummy/share/people_detector_filter_interfaces_dummy/package.bash'
[23.731s] INFO:colcon.colcon_core.shell:Creating package script '/home/ste/ws/hsp-iit/data-model/examples/UC3-museum-guide/high-level-models/install/people_detector_filter_interfaces_dummy/share/people_detector_filter_interfaces_dummy/package.zsh'
[23.732s] Level 1:colcon.colcon_core.environment:create_file_with_runtime_dependencies(/home/ste/ws/hsp-iit/data-model/examples/UC3-museum-guide/high-level-models/install/people_detector_filter_interfaces_dummy/share/colcon-core/packages/people_detector_filter_interfaces_dummy)
[25.035s] DEBUG:colcon.colcon_core.event_handler.log_command:Invoked command in '/home/ste/ws/hsp-iit/data-model/examples/UC3-museum-guide/high-level-models/build/notify_user_interfaces_dummy' returned '0': CMAKE_PREFIX_PATH=${CMAKE_PREFIX_PATH}:/opt/ros/iron PS1=\[\033[01;32m\]\u\[\033[00m\]:\[\033[01;34m\]\w\[\033[00m\]\[\e[91m\]$(parse_git_branch)\[\e[00m\]$ /usr/bin/cmake --build /home/ste/ws/hsp-iit/data-model/examples/UC3-museum-guide/high-level-models/build/notify_user_interfaces_dummy -- -j12 -l12
[25.038s] DEBUG:colcon.colcon_core.event_handler.log_command:Invoking command in '/home/ste/ws/hsp-iit/data-model/examples/UC3-museum-guide/high-level-models/build/notify_user_interfaces_dummy': CMAKE_PREFIX_PATH=${CMAKE_PREFIX_PATH}:/opt/ros/iron PS1=\[\033[01;32m\]\u\[\033[00m\]:\[\033[01;34m\]\w\[\033[00m\]\[\e[91m\]$(parse_git_branch)\[\e[00m\]$ /usr/bin/cmake --install /home/ste/ws/hsp-iit/data-model/examples/UC3-museum-guide/high-level-models/build/notify_user_interfaces_dummy
[25.237s] Level 1:colcon.colcon_core.environment:create_environment_scripts_only(notify_user_interfaces_dummy)
[25.238s] Level 1:colcon.colcon_core.environment:checking '/home/ste/ws/hsp-iit/data-model/examples/UC3-museum-guide/high-level-models/install/notify_user_interfaces_dummy' for CMake module files
[25.240s] Level 1:colcon.colcon_core.environment:checking '/home/ste/ws/hsp-iit/data-model/examples/UC3-museum-guide/high-level-models/install/notify_user_interfaces_dummy' for CMake config files
[25.241s] Level 1:colcon.colcon_core.shell:create_environment_hook('notify_user_interfaces_dummy', 'cmake_prefix_path')
[25.241s] INFO:colcon.colcon_core.shell:Creating environment hook '/home/ste/ws/hsp-iit/data-model/examples/UC3-museum-guide/high-level-models/install/notify_user_interfaces_dummy/share/notify_user_interfaces_dummy/hook/cmake_prefix_path.ps1'
[25.243s] INFO:colcon.colcon_core.shell:Creating environment descriptor '/home/ste/ws/hsp-iit/data-model/examples/UC3-museum-guide/high-level-models/install/notify_user_interfaces_dummy/share/notify_user_interfaces_dummy/hook/cmake_prefix_path.dsv'
[25.243s] INFO:colcon.colcon_core.shell:Creating environment hook '/home/ste/ws/hsp-iit/data-model/examples/UC3-museum-guide/high-level-models/install/notify_user_interfaces_dummy/share/notify_user_interfaces_dummy/hook/cmake_prefix_path.sh'
[25.245s] Level 1:colcon.colcon_core.environment:checking '/home/ste/ws/hsp-iit/data-model/examples/UC3-museum-guide/high-level-models/install/notify_user_interfaces_dummy/lib'
[25.245s] Level 1:colcon.colcon_core.shell:create_environment_hook('notify_user_interfaces_dummy', 'ld_library_path_lib')
[25.246s] INFO:colcon.colcon_core.shell:Creating environment hook '/home/ste/ws/hsp-iit/data-model/examples/UC3-museum-guide/high-level-models/install/notify_user_interfaces_dummy/share/notify_user_interfaces_dummy/hook/ld_library_path_lib.ps1'
[25.249s] DEBUG:colcon.colcon_core.event_handler.log_command:Invoked command in '/home/ste/ws/hsp-iit/data-model/examples/UC3-museum-guide/high-level-models/build/notify_user_interfaces_dummy' returned '0': CMAKE_PREFIX_PATH=${CMAKE_PREFIX_PATH}:/opt/ros/iron PS1=\[\033[01;32m\]\u\[\033[00m\]:\[\033[01;34m\]\w\[\033[00m\]\[\e[91m\]$(parse_git_branch)\[\e[00m\]$ /usr/bin/cmake --install /home/ste/ws/hsp-iit/data-model/examples/UC3-museum-guide/high-level-models/build/notify_user_interfaces_dummy
[25.250s] INFO:colcon.colcon_core.shell:Creating environment descriptor '/home/ste/ws/hsp-iit/data-model/examples/UC3-museum-guide/high-level-models/install/notify_user_interfaces_dummy/share/notify_user_interfaces_dummy/hook/ld_library_path_lib.dsv'
[25.251s] INFO:colcon.colcon_core.shell:Creating environment hook '/home/ste/ws/hsp-iit/data-model/examples/UC3-museum-guide/high-level-models/install/notify_user_interfaces_dummy/share/notify_user_interfaces_dummy/hook/ld_library_path_lib.sh'
[25.251s] Level 1:colcon.colcon_core.environment:checking '/home/ste/ws/hsp-iit/data-model/examples/UC3-museum-guide/high-level-models/install/notify_user_interfaces_dummy/bin'
[25.252s] Level 1:colcon.colcon_core.environment:checking '/home/ste/ws/hsp-iit/data-model/examples/UC3-museum-guide/high-level-models/install/notify_user_interfaces_dummy/lib/pkgconfig/notify_user_interfaces_dummy.pc'
[25.252s] Level 1:colcon.colcon_core.environment:checking '/home/ste/ws/hsp-iit/data-model/examples/UC3-museum-guide/high-level-models/install/notify_user_interfaces_dummy/lib/python3.10/site-packages'
[25.252s] Level 1:colcon.colcon_core.shell:create_environment_hook('notify_user_interfaces_dummy', 'pythonpath')
[25.253s] INFO:colcon.colcon_core.shell:Creating environment hook '/home/ste/ws/hsp-iit/data-model/examples/UC3-museum-guide/high-level-models/install/notify_user_interfaces_dummy/share/notify_user_interfaces_dummy/hook/pythonpath.ps1'
[25.254s] INFO:colcon.colcon_core.shell:Creating environment descriptor '/home/ste/ws/hsp-iit/data-model/examples/UC3-museum-guide/high-level-models/install/notify_user_interfaces_dummy/share/notify_user_interfaces_dummy/hook/pythonpath.dsv'
[25.255s] INFO:colcon.colcon_core.shell:Creating environment hook '/home/ste/ws/hsp-iit/data-model/examples/UC3-museum-guide/high-level-models/install/notify_user_interfaces_dummy/share/notify_user_interfaces_dummy/hook/pythonpath.sh'
[25.256s] Level 1:colcon.colcon_core.environment:checking '/home/ste/ws/hsp-iit/data-model/examples/UC3-museum-guide/high-level-models/install/notify_user_interfaces_dummy/bin'
[25.259s] INFO:colcon.colcon_core.shell:Creating package script '/home/ste/ws/hsp-iit/data-model/examples/UC3-museum-guide/high-level-models/install/notify_user_interfaces_dummy/share/notify_user_interfaces_dummy/package.ps1'
[25.261s] INFO:colcon.colcon_core.shell:Creating package descriptor '/home/ste/ws/hsp-iit/data-model/examples/UC3-museum-guide/high-level-models/install/notify_user_interfaces_dummy/share/notify_user_interfaces_dummy/package.dsv'
[25.262s] INFO:colcon.colcon_core.shell:Creating package script '/home/ste/ws/hsp-iit/data-model/examples/UC3-museum-guide/high-level-models/install/notify_user_interfaces_dummy/share/notify_user_interfaces_dummy/package.sh'
[25.264s] INFO:colcon.colcon_core.shell:Creating package script '/home/ste/ws/hsp-iit/data-model/examples/UC3-museum-guide/high-level-models/install/notify_user_interfaces_dummy/share/notify_user_interfaces_dummy/package.bash'
[25.265s] INFO:colcon.colcon_core.shell:Creating package script '/home/ste/ws/hsp-iit/data-model/examples/UC3-museum-guide/high-level-models/install/notify_user_interfaces_dummy/share/notify_user_interfaces_dummy/package.zsh'
[25.266s] Level 1:colcon.colcon_core.environment:create_file_with_runtime_dependencies(/home/ste/ws/hsp-iit/data-model/examples/UC3-museum-guide/high-level-models/install/notify_user_interfaces_dummy/share/colcon-core/packages/notify_user_interfaces_dummy)
[25.267s] Level 1:colcon.colcon_core.environment:create_environment_scripts_only(notify_user_interfaces_dummy)
[25.268s] Level 1:colcon.colcon_core.environment:checking '/home/ste/ws/hsp-iit/data-model/examples/UC3-museum-guide/high-level-models/install/notify_user_interfaces_dummy' for CMake module files
[25.269s] Level 1:colcon.colcon_core.environment:checking '/home/ste/ws/hsp-iit/data-model/examples/UC3-museum-guide/high-level-models/install/notify_user_interfaces_dummy' for CMake config files
[25.270s] Level 1:colcon.colcon_core.shell:create_environment_hook('notify_user_interfaces_dummy', 'cmake_prefix_path')
[25.271s] INFO:colcon.colcon_core.shell:Creating environment hook '/home/ste/ws/hsp-iit/data-model/examples/UC3-museum-guide/high-level-models/install/notify_user_interfaces_dummy/share/notify_user_interfaces_dummy/hook/cmake_prefix_path.ps1'
[25.272s] INFO:colcon.colcon_core.shell:Creating environment descriptor '/home/ste/ws/hsp-iit/data-model/examples/UC3-museum-guide/high-level-models/install/notify_user_interfaces_dummy/share/notify_user_interfaces_dummy/hook/cmake_prefix_path.dsv'
[25.273s] INFO:colcon.colcon_core.shell:Creating environment hook '/home/ste/ws/hsp-iit/data-model/examples/UC3-museum-guide/high-level-models/install/notify_user_interfaces_dummy/share/notify_user_interfaces_dummy/hook/cmake_prefix_path.sh'
[25.274s] Level 1:colcon.colcon_core.environment:checking '/home/ste/ws/hsp-iit/data-model/examples/UC3-museum-guide/high-level-models/install/notify_user_interfaces_dummy/lib'
[25.274s] Level 1:colcon.colcon_core.shell:create_environment_hook('notify_user_interfaces_dummy', 'ld_library_path_lib')
[25.275s] INFO:colcon.colcon_core.shell:Creating environment hook '/home/ste/ws/hsp-iit/data-model/examples/UC3-museum-guide/high-level-models/install/notify_user_interfaces_dummy/share/notify_user_interfaces_dummy/hook/ld_library_path_lib.ps1'
[25.276s] INFO:colcon.colcon_core.shell:Creating environment descriptor '/home/ste/ws/hsp-iit/data-model/examples/UC3-museum-guide/high-level-models/install/notify_user_interfaces_dummy/share/notify_user_interfaces_dummy/hook/ld_library_path_lib.dsv'
[25.276s] INFO:colcon.colcon_core.shell:Creating environment hook '/home/ste/ws/hsp-iit/data-model/examples/UC3-museum-guide/high-level-models/install/notify_user_interfaces_dummy/share/notify_user_interfaces_dummy/hook/ld_library_path_lib.sh'
[25.277s] Level 1:colcon.colcon_core.environment:checking '/home/ste/ws/hsp-iit/data-model/examples/UC3-museum-guide/high-level-models/install/notify_user_interfaces_dummy/bin'
[25.277s] Level 1:colcon.colcon_core.environment:checking '/home/ste/ws/hsp-iit/data-model/examples/UC3-museum-guide/high-level-models/install/notify_user_interfaces_dummy/lib/pkgconfig/notify_user_interfaces_dummy.pc'
[25.278s] Level 1:colcon.colcon_core.environment:checking '/home/ste/ws/hsp-iit/data-model/examples/UC3-museum-guide/high-level-models/install/notify_user_interfaces_dummy/lib/python3.10/site-packages'
[25.278s] Level 1:colcon.colcon_core.shell:create_environment_hook('notify_user_interfaces_dummy', 'pythonpath')
[25.279s] INFO:colcon.colcon_core.shell:Creating environment hook '/home/ste/ws/hsp-iit/data-model/examples/UC3-museum-guide/high-level-models/install/notify_user_interfaces_dummy/share/notify_user_interfaces_dummy/hook/pythonpath.ps1'
[25.280s] INFO:colcon.colcon_core.shell:Creating environment descriptor '/home/ste/ws/hsp-iit/data-model/examples/UC3-museum-guide/high-level-models/install/notify_user_interfaces_dummy/share/notify_user_interfaces_dummy/hook/pythonpath.dsv'
[25.281s] INFO:colcon.colcon_core.shell:Creating environment hook '/home/ste/ws/hsp-iit/data-model/examples/UC3-museum-guide/high-level-models/install/notify_user_interfaces_dummy/share/notify_user_interfaces_dummy/hook/pythonpath.sh'
[25.283s] Level 1:colcon.colcon_core.environment:checking '/home/ste/ws/hsp-iit/data-model/examples/UC3-museum-guide/high-level-models/install/notify_user_interfaces_dummy/bin'
[25.284s] INFO:colcon.colcon_core.shell:Creating package script '/home/ste/ws/hsp-iit/data-model/examples/UC3-museum-guide/high-level-models/install/notify_user_interfaces_dummy/share/notify_user_interfaces_dummy/package.ps1'
[25.286s] INFO:colcon.colcon_core.shell:Creating package descriptor '/home/ste/ws/hsp-iit/data-model/examples/UC3-museum-guide/high-level-models/install/notify_user_interfaces_dummy/share/notify_user_interfaces_dummy/package.dsv'
[25.287s] INFO:colcon.colcon_core.shell:Creating package script '/home/ste/ws/hsp-iit/data-model/examples/UC3-museum-guide/high-level-models/install/notify_user_interfaces_dummy/share/notify_user_interfaces_dummy/package.sh'
[25.288s] INFO:colcon.colcon_core.shell:Creating package script '/home/ste/ws/hsp-iit/data-model/examples/UC3-museum-guide/high-level-models/install/notify_user_interfaces_dummy/share/notify_user_interfaces_dummy/package.bash'
[25.289s] INFO:colcon.colcon_core.shell:Creating package script '/home/ste/ws/hsp-iit/data-model/examples/UC3-museum-guide/high-level-models/install/notify_user_interfaces_dummy/share/notify_user_interfaces_dummy/package.zsh'
[25.291s] Level 1:colcon.colcon_core.environment:create_file_with_runtime_dependencies(/home/ste/ws/hsp-iit/data-model/examples/UC3-museum-guide/high-level-models/install/notify_user_interfaces_dummy/share/colcon-core/packages/notify_user_interfaces_dummy)
[25.510s] DEBUG:colcon.colcon_core.event_handler.log_command:Invoked command in '/home/ste/ws/hsp-iit/data-model/examples/UC3-museum-guide/high-level-models/build/timer_interfaces_dummy' returned '0': CMAKE_PREFIX_PATH=${CMAKE_PREFIX_PATH}:/opt/ros/iron PS1=\[\033[01;32m\]\u\[\033[00m\]:\[\033[01;34m\]\w\[\033[00m\]\[\e[91m\]$(parse_git_branch)\[\e[00m\]$ /usr/bin/cmake --build /home/ste/ws/hsp-iit/data-model/examples/UC3-museum-guide/high-level-models/build/timer_interfaces_dummy -- -j12 -l12
[25.512s] DEBUG:colcon.colcon_core.event_handler.log_command:Invoking command in '/home/ste/ws/hsp-iit/data-model/examples/UC3-museum-guide/high-level-models/build/timer_interfaces_dummy': CMAKE_PREFIX_PATH=${CMAKE_PREFIX_PATH}:/opt/ros/iron PS1=\[\033[01;32m\]\u\[\033[00m\]:\[\033[01;34m\]\w\[\033[00m\]\[\e[91m\]$(parse_git_branch)\[\e[00m\]$ /usr/bin/cmake --install /home/ste/ws/hsp-iit/data-model/examples/UC3-museum-guide/high-level-models/build/timer_interfaces_dummy
[25.653s] Level 1:colcon.colcon_core.environment:create_environment_scripts_only(timer_interfaces_dummy)
[25.654s] Level 1:colcon.colcon_core.environment:checking '/home/ste/ws/hsp-iit/data-model/examples/UC3-museum-guide/high-level-models/install/timer_interfaces_dummy' for CMake module files
[25.656s] DEBUG:colcon.colcon_core.event_handler.log_command:Invoked command in '/home/ste/ws/hsp-iit/data-model/examples/UC3-museum-guide/high-level-models/build/timer_interfaces_dummy' returned '0': CMAKE_PREFIX_PATH=${CMAKE_PREFIX_PATH}:/opt/ros/iron PS1=\[\033[01;32m\]\u\[\033[00m\]:\[\033[01;34m\]\w\[\033[00m\]\[\e[91m\]$(parse_git_branch)\[\e[00m\]$ /usr/bin/cmake --install /home/ste/ws/hsp-iit/data-model/examples/UC3-museum-guide/high-level-models/build/timer_interfaces_dummy
[25.657s] Level 1:colcon.colcon_core.environment:checking '/home/ste/ws/hsp-iit/data-model/examples/UC3-museum-guide/high-level-models/install/timer_interfaces_dummy' for CMake config files
[25.658s] Level 1:colcon.colcon_core.shell:create_environment_hook('timer_interfaces_dummy', 'cmake_prefix_path')
[25.659s] INFO:colcon.colcon_core.shell:Creating environment hook '/home/ste/ws/hsp-iit/data-model/examples/UC3-museum-guide/high-level-models/install/timer_interfaces_dummy/share/timer_interfaces_dummy/hook/cmake_prefix_path.ps1'
[25.660s] INFO:colcon.colcon_core.shell:Creating environment descriptor '/home/ste/ws/hsp-iit/data-model/examples/UC3-museum-guide/high-level-models/install/timer_interfaces_dummy/share/timer_interfaces_dummy/hook/cmake_prefix_path.dsv'
[25.661s] INFO:colcon.colcon_core.shell:Creating environment hook '/home/ste/ws/hsp-iit/data-model/examples/UC3-museum-guide/high-level-models/install/timer_interfaces_dummy/share/timer_interfaces_dummy/hook/cmake_prefix_path.sh'
[25.662s] Level 1:colcon.colcon_core.environment:checking '/home/ste/ws/hsp-iit/data-model/examples/UC3-museum-guide/high-level-models/install/timer_interfaces_dummy/lib'
[25.662s] Level 1:colcon.colcon_core.shell:create_environment_hook('timer_interfaces_dummy', 'ld_library_path_lib')
[25.663s] INFO:colcon.colcon_core.shell:Creating environment hook '/home/ste/ws/hsp-iit/data-model/examples/UC3-museum-guide/high-level-models/install/timer_interfaces_dummy/share/timer_interfaces_dummy/hook/ld_library_path_lib.ps1'
[25.664s] INFO:colcon.colcon_core.shell:Creating environment descriptor '/home/ste/ws/hsp-iit/data-model/examples/UC3-museum-guide/high-level-models/install/timer_interfaces_dummy/share/timer_interfaces_dummy/hook/ld_library_path_lib.dsv'
[25.664s] INFO:colcon.colcon_core.shell:Creating environment hook '/home/ste/ws/hsp-iit/data-model/examples/UC3-museum-guide/high-level-models/install/timer_interfaces_dummy/share/timer_interfaces_dummy/hook/ld_library_path_lib.sh'
[25.665s] Level 1:colcon.colcon_core.environment:checking '/home/ste/ws/hsp-iit/data-model/examples/UC3-museum-guide/high-level-models/install/timer_interfaces_dummy/bin'
[25.665s] Level 1:colcon.colcon_core.environment:checking '/home/ste/ws/hsp-iit/data-model/examples/UC3-museum-guide/high-level-models/install/timer_interfaces_dummy/lib/pkgconfig/timer_interfaces_dummy.pc'
[25.666s] Level 1:colcon.colcon_core.environment:checking '/home/ste/ws/hsp-iit/data-model/examples/UC3-museum-guide/high-level-models/install/timer_interfaces_dummy/lib/python3.10/site-packages'
[25.666s] Level 1:colcon.colcon_core.shell:create_environment_hook('timer_interfaces_dummy', 'pythonpath')
[25.667s] INFO:colcon.colcon_core.shell:Creating environment hook '/home/ste/ws/hsp-iit/data-model/examples/UC3-museum-guide/high-level-models/install/timer_interfaces_dummy/share/timer_interfaces_dummy/hook/pythonpath.ps1'
[25.667s] INFO:colcon.colcon_core.shell:Creating environment descriptor '/home/ste/ws/hsp-iit/data-model/examples/UC3-museum-guide/high-level-models/install/timer_interfaces_dummy/share/timer_interfaces_dummy/hook/pythonpath.dsv'
[25.668s] INFO:colcon.colcon_core.shell:Creating environment hook '/home/ste/ws/hsp-iit/data-model/examples/UC3-museum-guide/high-level-models/install/timer_interfaces_dummy/share/timer_interfaces_dummy/hook/pythonpath.sh'
[25.670s] Level 1:colcon.colcon_core.environment:checking '/home/ste/ws/hsp-iit/data-model/examples/UC3-museum-guide/high-level-models/install/timer_interfaces_dummy/bin'
[25.671s] INFO:colcon.colcon_core.shell:Creating package script '/home/ste/ws/hsp-iit/data-model/examples/UC3-museum-guide/high-level-models/install/timer_interfaces_dummy/share/timer_interfaces_dummy/package.ps1'
[25.672s] INFO:colcon.colcon_core.shell:Creating package descriptor '/home/ste/ws/hsp-iit/data-model/examples/UC3-museum-guide/high-level-models/install/timer_interfaces_dummy/share/timer_interfaces_dummy/package.dsv'
[25.674s] INFO:colcon.colcon_core.shell:Creating package script '/home/ste/ws/hsp-iit/data-model/examples/UC3-museum-guide/high-level-models/install/timer_interfaces_dummy/share/timer_interfaces_dummy/package.sh'
[25.675s] INFO:colcon.colcon_core.shell:Creating package script '/home/ste/ws/hsp-iit/data-model/examples/UC3-museum-guide/high-level-models/install/timer_interfaces_dummy/share/timer_interfaces_dummy/package.bash'
[25.675s] INFO:colcon.colcon_core.shell:Creating package script '/home/ste/ws/hsp-iit/data-model/examples/UC3-museum-guide/high-level-models/install/timer_interfaces_dummy/share/timer_interfaces_dummy/package.zsh'
[25.676s] Level 1:colcon.colcon_core.environment:create_file_with_runtime_dependencies(/home/ste/ws/hsp-iit/data-model/examples/UC3-museum-guide/high-level-models/install/timer_interfaces_dummy/share/colcon-core/packages/timer_interfaces_dummy)
[25.678s] Level 1:colcon.colcon_core.environment:create_environment_scripts_only(timer_interfaces_dummy)
[25.678s] Level 1:colcon.colcon_core.environment:checking '/home/ste/ws/hsp-iit/data-model/examples/UC3-museum-guide/high-level-models/install/timer_interfaces_dummy' for CMake module files
[25.679s] Level 1:colcon.colcon_core.environment:checking '/home/ste/ws/hsp-iit/data-model/examples/UC3-museum-guide/high-level-models/install/timer_interfaces_dummy' for CMake config files
[25.680s] Level 1:colcon.colcon_core.shell:create_environment_hook('timer_interfaces_dummy', 'cmake_prefix_path')
[25.681s] INFO:colcon.colcon_core.shell:Creating environment hook '/home/ste/ws/hsp-iit/data-model/examples/UC3-museum-guide/high-level-models/install/timer_interfaces_dummy/share/timer_interfaces_dummy/hook/cmake_prefix_path.ps1'
[25.682s] INFO:colcon.colcon_core.shell:Creating environment descriptor '/home/ste/ws/hsp-iit/data-model/examples/UC3-museum-guide/high-level-models/install/timer_interfaces_dummy/share/timer_interfaces_dummy/hook/cmake_prefix_path.dsv'
[25.683s] INFO:colcon.colcon_core.shell:Creating environment hook '/home/ste/ws/hsp-iit/data-model/examples/UC3-museum-guide/high-level-models/install/timer_interfaces_dummy/share/timer_interfaces_dummy/hook/cmake_prefix_path.sh'
[25.684s] Level 1:colcon.colcon_core.environment:checking '/home/ste/ws/hsp-iit/data-model/examples/UC3-museum-guide/high-level-models/install/timer_interfaces_dummy/lib'
[25.684s] Level 1:colcon.colcon_core.shell:create_environment_hook('timer_interfaces_dummy', 'ld_library_path_lib')
[25.685s] INFO:colcon.colcon_core.shell:Creating environment hook '/home/ste/ws/hsp-iit/data-model/examples/UC3-museum-guide/high-level-models/install/timer_interfaces_dummy/share/timer_interfaces_dummy/hook/ld_library_path_lib.ps1'
[25.685s] INFO:colcon.colcon_core.shell:Creating environment descriptor '/home/ste/ws/hsp-iit/data-model/examples/UC3-museum-guide/high-level-models/install/timer_interfaces_dummy/share/timer_interfaces_dummy/hook/ld_library_path_lib.dsv'
[25.686s] INFO:colcon.colcon_core.shell:Creating environment hook '/home/ste/ws/hsp-iit/data-model/examples/UC3-museum-guide/high-level-models/install/timer_interfaces_dummy/share/timer_interfaces_dummy/hook/ld_library_path_lib.sh'
[25.687s] Level 1:colcon.colcon_core.environment:checking '/home/ste/ws/hsp-iit/data-model/examples/UC3-museum-guide/high-level-models/install/timer_interfaces_dummy/bin'
[25.687s] Level 1:colcon.colcon_core.environment:checking '/home/ste/ws/hsp-iit/data-model/examples/UC3-museum-guide/high-level-models/install/timer_interfaces_dummy/lib/pkgconfig/timer_interfaces_dummy.pc'
[25.688s] Level 1:colcon.colcon_core.environment:checking '/home/ste/ws/hsp-iit/data-model/examples/UC3-museum-guide/high-level-models/install/timer_interfaces_dummy/lib/python3.10/site-packages'
[25.688s] Level 1:colcon.colcon_core.shell:create_environment_hook('timer_interfaces_dummy', 'pythonpath')
[25.688s] INFO:colcon.colcon_core.shell:Creating environment hook '/home/ste/ws/hsp-iit/data-model/examples/UC3-museum-guide/high-level-models/install/timer_interfaces_dummy/share/timer_interfaces_dummy/hook/pythonpath.ps1'
[25.689s] INFO:colcon.colcon_core.shell:Creating environment descriptor '/home/ste/ws/hsp-iit/data-model/examples/UC3-museum-guide/high-level-models/install/timer_interfaces_dummy/share/timer_interfaces_dummy/hook/pythonpath.dsv'
[25.690s] INFO:colcon.colcon_core.shell:Creating environment hook '/home/ste/ws/hsp-iit/data-model/examples/UC3-museum-guide/high-level-models/install/timer_interfaces_dummy/share/timer_interfaces_dummy/hook/pythonpath.sh'
[25.692s] Level 1:colcon.colcon_core.environment:checking '/home/ste/ws/hsp-iit/data-model/examples/UC3-museum-guide/high-level-models/install/timer_interfaces_dummy/bin'
[25.693s] INFO:colcon.colcon_core.shell:Creating package script '/home/ste/ws/hsp-iit/data-model/examples/UC3-museum-guide/high-level-models/install/timer_interfaces_dummy/share/timer_interfaces_dummy/package.ps1'
[25.695s] INFO:colcon.colcon_core.shell:Creating package descriptor '/home/ste/ws/hsp-iit/data-model/examples/UC3-museum-guide/high-level-models/install/timer_interfaces_dummy/share/timer_interfaces_dummy/package.dsv'
[25.696s] INFO:colcon.colcon_core.shell:Creating package script '/home/ste/ws/hsp-iit/data-model/examples/UC3-museum-guide/high-level-models/install/timer_interfaces_dummy/share/timer_interfaces_dummy/package.sh'
[25.697s] INFO:colcon.colcon_core.shell:Creating package script '/home/ste/ws/hsp-iit/data-model/examples/UC3-museum-guide/high-level-models/install/timer_interfaces_dummy/share/timer_interfaces_dummy/package.bash'
[25.698s] INFO:colcon.colcon_core.shell:Creating package script '/home/ste/ws/hsp-iit/data-model/examples/UC3-museum-guide/high-level-models/install/timer_interfaces_dummy/share/timer_interfaces_dummy/package.zsh'
[25.699s] Level 1:colcon.colcon_core.environment:create_file_with_runtime_dependencies(/home/ste/ws/hsp-iit/data-model/examples/UC3-museum-guide/high-level-models/install/timer_interfaces_dummy/share/colcon-core/packages/timer_interfaces_dummy)
[26.341s] DEBUG:colcon.colcon_core.event_handler.log_command:Invoked command in '/home/ste/ws/hsp-iit/data-model/examples/UC3-museum-guide/high-level-models/build/blackboard_interfaces_dummy' returned '0': CMAKE_PREFIX_PATH=${CMAKE_PREFIX_PATH}:/opt/ros/iron PS1=\[\033[01;32m\]\u\[\033[00m\]:\[\033[01;34m\]\w\[\033[00m\]\[\e[91m\]$(parse_git_branch)\[\e[00m\]$ /usr/bin/cmake --build /home/ste/ws/hsp-iit/data-model/examples/UC3-museum-guide/high-level-models/build/blackboard_interfaces_dummy -- -j12 -l12
[26.344s] DEBUG:colcon.colcon_core.event_handler.log_command:Invoking command in '/home/ste/ws/hsp-iit/data-model/examples/UC3-museum-guide/high-level-models/build/blackboard_interfaces_dummy': CMAKE_PREFIX_PATH=${CMAKE_PREFIX_PATH}:/opt/ros/iron PS1=\[\033[01;32m\]\u\[\033[00m\]:\[\033[01;34m\]\w\[\033[00m\]\[\e[91m\]$(parse_git_branch)\[\e[00m\]$ /usr/bin/cmake --install /home/ste/ws/hsp-iit/data-model/examples/UC3-museum-guide/high-level-models/build/blackboard_interfaces_dummy
[26.452s] Level 1:colcon.colcon_core.environment:create_environment_scripts_only(blackboard_interfaces_dummy)
[26.453s] Level 1:colcon.colcon_core.environment:checking '/home/ste/ws/hsp-iit/data-model/examples/UC3-museum-guide/high-level-models/install/blackboard_interfaces_dummy' for CMake module files
[26.454s] DEBUG:colcon.colcon_core.event_handler.log_command:Invoked command in '/home/ste/ws/hsp-iit/data-model/examples/UC3-museum-guide/high-level-models/build/blackboard_interfaces_dummy' returned '0': CMAKE_PREFIX_PATH=${CMAKE_PREFIX_PATH}:/opt/ros/iron PS1=\[\033[01;32m\]\u\[\033[00m\]:\[\033[01;34m\]\w\[\033[00m\]\[\e[91m\]$(parse_git_branch)\[\e[00m\]$ /usr/bin/cmake --install /home/ste/ws/hsp-iit/data-model/examples/UC3-museum-guide/high-level-models/build/blackboard_interfaces_dummy
[26.455s] Level 1:colcon.colcon_core.environment:checking '/home/ste/ws/hsp-iit/data-model/examples/UC3-museum-guide/high-level-models/install/blackboard_interfaces_dummy' for CMake config files
[26.455s] Level 1:colcon.colcon_core.shell:create_environment_hook('blackboard_interfaces_dummy', 'cmake_prefix_path')
[26.456s] INFO:colcon.colcon_core.shell:Creating environment hook '/home/ste/ws/hsp-iit/data-model/examples/UC3-museum-guide/high-level-models/install/blackboard_interfaces_dummy/share/blackboard_interfaces_dummy/hook/cmake_prefix_path.ps1'
[26.456s] INFO:colcon.colcon_core.shell:Creating environment descriptor '/home/ste/ws/hsp-iit/data-model/examples/UC3-museum-guide/high-level-models/install/blackboard_interfaces_dummy/share/blackboard_interfaces_dummy/hook/cmake_prefix_path.dsv'
[26.457s] INFO:colcon.colcon_core.shell:Creating environment hook '/home/ste/ws/hsp-iit/data-model/examples/UC3-museum-guide/high-level-models/install/blackboard_interfaces_dummy/share/blackboard_interfaces_dummy/hook/cmake_prefix_path.sh'
[26.457s] Level 1:colcon.colcon_core.environment:checking '/home/ste/ws/hsp-iit/data-model/examples/UC3-museum-guide/high-level-models/install/blackboard_interfaces_dummy/lib'
[26.457s] Level 1:colcon.colcon_core.shell:create_environment_hook('blackboard_interfaces_dummy', 'ld_library_path_lib')
[26.458s] INFO:colcon.colcon_core.shell:Creating environment hook '/home/ste/ws/hsp-iit/data-model/examples/UC3-museum-guide/high-level-models/install/blackboard_interfaces_dummy/share/blackboard_interfaces_dummy/hook/ld_library_path_lib.ps1'
[26.458s] INFO:colcon.colcon_core.shell:Creating environment descriptor '/home/ste/ws/hsp-iit/data-model/examples/UC3-museum-guide/high-level-models/install/blackboard_interfaces_dummy/share/blackboard_interfaces_dummy/hook/ld_library_path_lib.dsv'
[26.459s] INFO:colcon.colcon_core.shell:Creating environment hook '/home/ste/ws/hsp-iit/data-model/examples/UC3-museum-guide/high-level-models/install/blackboard_interfaces_dummy/share/blackboard_interfaces_dummy/hook/ld_library_path_lib.sh'
[26.459s] Level 1:colcon.colcon_core.environment:checking '/home/ste/ws/hsp-iit/data-model/examples/UC3-museum-guide/high-level-models/install/blackboard_interfaces_dummy/bin'
[26.459s] Level 1:colcon.colcon_core.environment:checking '/home/ste/ws/hsp-iit/data-model/examples/UC3-museum-guide/high-level-models/install/blackboard_interfaces_dummy/lib/pkgconfig/blackboard_interfaces_dummy.pc'
[26.460s] Level 1:colcon.colcon_core.environment:checking '/home/ste/ws/hsp-iit/data-model/examples/UC3-museum-guide/high-level-models/install/blackboard_interfaces_dummy/lib/python3.10/site-packages'
[26.460s] Level 1:colcon.colcon_core.shell:create_environment_hook('blackboard_interfaces_dummy', 'pythonpath')
[26.460s] INFO:colcon.colcon_core.shell:Creating environment hook '/home/ste/ws/hsp-iit/data-model/examples/UC3-museum-guide/high-level-models/install/blackboard_interfaces_dummy/share/blackboard_interfaces_dummy/hook/pythonpath.ps1'
[26.460s] INFO:colcon.colcon_core.shell:Creating environment descriptor '/home/ste/ws/hsp-iit/data-model/examples/UC3-museum-guide/high-level-models/install/blackboard_interfaces_dummy/share/blackboard_interfaces_dummy/hook/pythonpath.dsv'
[26.461s] INFO:colcon.colcon_core.shell:Creating environment hook '/home/ste/ws/hsp-iit/data-model/examples/UC3-museum-guide/high-level-models/install/blackboard_interfaces_dummy/share/blackboard_interfaces_dummy/hook/pythonpath.sh'
[26.462s] Level 1:colcon.colcon_core.environment:checking '/home/ste/ws/hsp-iit/data-model/examples/UC3-museum-guide/high-level-models/install/blackboard_interfaces_dummy/bin'
[26.462s] INFO:colcon.colcon_core.shell:Creating package script '/home/ste/ws/hsp-iit/data-model/examples/UC3-museum-guide/high-level-models/install/blackboard_interfaces_dummy/share/blackboard_interfaces_dummy/package.ps1'
[26.463s] INFO:colcon.colcon_core.shell:Creating package descriptor '/home/ste/ws/hsp-iit/data-model/examples/UC3-museum-guide/high-level-models/install/blackboard_interfaces_dummy/share/blackboard_interfaces_dummy/package.dsv'
[26.464s] INFO:colcon.colcon_core.shell:Creating package script '/home/ste/ws/hsp-iit/data-model/examples/UC3-museum-guide/high-level-models/install/blackboard_interfaces_dummy/share/blackboard_interfaces_dummy/package.sh'
[26.465s] INFO:colcon.colcon_core.shell:Creating package script '/home/ste/ws/hsp-iit/data-model/examples/UC3-museum-guide/high-level-models/install/blackboard_interfaces_dummy/share/blackboard_interfaces_dummy/package.bash'
[26.465s] INFO:colcon.colcon_core.shell:Creating package script '/home/ste/ws/hsp-iit/data-model/examples/UC3-museum-guide/high-level-models/install/blackboard_interfaces_dummy/share/blackboard_interfaces_dummy/package.zsh'
[26.466s] Level 1:colcon.colcon_core.environment:create_file_with_runtime_dependencies(/home/ste/ws/hsp-iit/data-model/examples/UC3-museum-guide/high-level-models/install/blackboard_interfaces_dummy/share/colcon-core/packages/blackboard_interfaces_dummy)
[26.466s] Level 1:colcon.colcon_core.environment:create_environment_scripts_only(blackboard_interfaces_dummy)
[26.467s] Level 1:colcon.colcon_core.environment:checking '/home/ste/ws/hsp-iit/data-model/examples/UC3-museum-guide/high-level-models/install/blackboard_interfaces_dummy' for CMake module files
[26.467s] Level 1:colcon.colcon_core.environment:checking '/home/ste/ws/hsp-iit/data-model/examples/UC3-museum-guide/high-level-models/install/blackboard_interfaces_dummy' for CMake config files
[26.468s] Level 1:colcon.colcon_core.shell:create_environment_hook('blackboard_interfaces_dummy', 'cmake_prefix_path')
[26.468s] INFO:colcon.colcon_core.shell:Creating environment hook '/home/ste/ws/hsp-iit/data-model/examples/UC3-museum-guide/high-level-models/install/blackboard_interfaces_dummy/share/blackboard_interfaces_dummy/hook/cmake_prefix_path.ps1'
[26.469s] INFO:colcon.colcon_core.shell:Creating environment descriptor '/home/ste/ws/hsp-iit/data-model/examples/UC3-museum-guide/high-level-models/install/blackboard_interfaces_dummy/share/blackboard_interfaces_dummy/hook/cmake_prefix_path.dsv'
[26.469s] INFO:colcon.colcon_core.shell:Creating environment hook '/home/ste/ws/hsp-iit/data-model/examples/UC3-museum-guide/high-level-models/install/blackboard_interfaces_dummy/share/blackboard_interfaces_dummy/hook/cmake_prefix_path.sh'
[26.470s] Level 1:colcon.colcon_core.environment:checking '/home/ste/ws/hsp-iit/data-model/examples/UC3-museum-guide/high-level-models/install/blackboard_interfaces_dummy/lib'
[26.470s] Level 1:colcon.colcon_core.shell:create_environment_hook('blackboard_interfaces_dummy', 'ld_library_path_lib')
[26.470s] INFO:colcon.colcon_core.shell:Creating environment hook '/home/ste/ws/hsp-iit/data-model/examples/UC3-museum-guide/high-level-models/install/blackboard_interfaces_dummy/share/blackboard_interfaces_dummy/hook/ld_library_path_lib.ps1'
[26.471s] INFO:colcon.colcon_core.shell:Creating environment descriptor '/home/ste/ws/hsp-iit/data-model/examples/UC3-museum-guide/high-level-models/install/blackboard_interfaces_dummy/share/blackboard_interfaces_dummy/hook/ld_library_path_lib.dsv'
[26.471s] INFO:colcon.colcon_core.shell:Creating environment hook '/home/ste/ws/hsp-iit/data-model/examples/UC3-museum-guide/high-level-models/install/blackboard_interfaces_dummy/share/blackboard_interfaces_dummy/hook/ld_library_path_lib.sh'
[26.472s] Level 1:colcon.colcon_core.environment:checking '/home/ste/ws/hsp-iit/data-model/examples/UC3-museum-guide/high-level-models/install/blackboard_interfaces_dummy/bin'
[26.472s] Level 1:colcon.colcon_core.environment:checking '/home/ste/ws/hsp-iit/data-model/examples/UC3-museum-guide/high-level-models/install/blackboard_interfaces_dummy/lib/pkgconfig/blackboard_interfaces_dummy.pc'
[26.472s] Level 1:colcon.colcon_core.environment:checking '/home/ste/ws/hsp-iit/data-model/examples/UC3-museum-guide/high-level-models/install/blackboard_interfaces_dummy/lib/python3.10/site-packages'
[26.472s] Level 1:colcon.colcon_core.shell:create_environment_hook('blackboard_interfaces_dummy', 'pythonpath')
[26.472s] INFO:colcon.colcon_core.shell:Creating environment hook '/home/ste/ws/hsp-iit/data-model/examples/UC3-museum-guide/high-level-models/install/blackboard_interfaces_dummy/share/blackboard_interfaces_dummy/hook/pythonpath.ps1'
[26.473s] INFO:colcon.colcon_core.shell:Creating environment descriptor '/home/ste/ws/hsp-iit/data-model/examples/UC3-museum-guide/high-level-models/install/blackboard_interfaces_dummy/share/blackboard_interfaces_dummy/hook/pythonpath.dsv'
[26.473s] INFO:colcon.colcon_core.shell:Creating environment hook '/home/ste/ws/hsp-iit/data-model/examples/UC3-museum-guide/high-level-models/install/blackboard_interfaces_dummy/share/blackboard_interfaces_dummy/hook/pythonpath.sh'
[26.474s] Level 1:colcon.colcon_core.environment:checking '/home/ste/ws/hsp-iit/data-model/examples/UC3-museum-guide/high-level-models/install/blackboard_interfaces_dummy/bin'
[26.475s] INFO:colcon.colcon_core.shell:Creating package script '/home/ste/ws/hsp-iit/data-model/examples/UC3-museum-guide/high-level-models/install/blackboard_interfaces_dummy/share/blackboard_interfaces_dummy/package.ps1'
[26.475s] INFO:colcon.colcon_core.shell:Creating package descriptor '/home/ste/ws/hsp-iit/data-model/examples/UC3-museum-guide/high-level-models/install/blackboard_interfaces_dummy/share/blackboard_interfaces_dummy/package.dsv'
[26.476s] INFO:colcon.colcon_core.shell:Creating package script '/home/ste/ws/hsp-iit/data-model/examples/UC3-museum-guide/high-level-models/install/blackboard_interfaces_dummy/share/blackboard_interfaces_dummy/package.sh'
[26.477s] INFO:colcon.colcon_core.shell:Creating package script '/home/ste/ws/hsp-iit/data-model/examples/UC3-museum-guide/high-level-models/install/blackboard_interfaces_dummy/share/blackboard_interfaces_dummy/package.bash'
[26.477s] INFO:colcon.colcon_core.shell:Creating package script '/home/ste/ws/hsp-iit/data-model/examples/UC3-museum-guide/high-level-models/install/blackboard_interfaces_dummy/share/blackboard_interfaces_dummy/package.zsh'
[26.478s] Level 1:colcon.colcon_core.environment:create_file_with_runtime_dependencies(/home/ste/ws/hsp-iit/data-model/examples/UC3-museum-guide/high-level-models/install/blackboard_interfaces_dummy/share/colcon-core/packages/blackboard_interfaces_dummy)
[26.627s] DEBUG:colcon.colcon_core.event_handler.log_command:Invoked command in '/home/ste/ws/hsp-iit/data-model/examples/UC3-museum-guide/high-level-models/build/scheduler_interfaces_dummy' returned '0': CMAKE_PREFIX_PATH=${CMAKE_PREFIX_PATH}:/opt/ros/iron PS1=\[\033[01;32m\]\u\[\033[00m\]:\[\033[01;34m\]\w\[\033[00m\]\[\e[91m\]$(parse_git_branch)\[\e[00m\]$ /usr/bin/cmake --build /home/ste/ws/hsp-iit/data-model/examples/UC3-museum-guide/high-level-models/build/scheduler_interfaces_dummy -- -j12 -l12
[26.630s] DEBUG:colcon.colcon_core.event_handler.log_command:Invoking command in '/home/ste/ws/hsp-iit/data-model/examples/UC3-museum-guide/high-level-models/build/scheduler_interfaces_dummy': CMAKE_PREFIX_PATH=${CMAKE_PREFIX_PATH}:/opt/ros/iron PS1=\[\033[01;32m\]\u\[\033[00m\]:\[\033[01;34m\]\w\[\033[00m\]\[\e[91m\]$(parse_git_branch)\[\e[00m\]$ /usr/bin/cmake --install /home/ste/ws/hsp-iit/data-model/examples/UC3-museum-guide/high-level-models/build/scheduler_interfaces_dummy
[26.734s] Level 1:colcon.colcon_core.environment:create_environment_scripts_only(scheduler_interfaces_dummy)
[26.735s] Level 1:colcon.colcon_core.environment:checking '/home/ste/ws/hsp-iit/data-model/examples/UC3-museum-guide/high-level-models/install/scheduler_interfaces_dummy' for CMake module files
[26.735s] DEBUG:colcon.colcon_core.event_handler.log_command:Invoked command in '/home/ste/ws/hsp-iit/data-model/examples/UC3-museum-guide/high-level-models/build/scheduler_interfaces_dummy' returned '0': CMAKE_PREFIX_PATH=${CMAKE_PREFIX_PATH}:/opt/ros/iron PS1=\[\033[01;32m\]\u\[\033[00m\]:\[\033[01;34m\]\w\[\033[00m\]\[\e[91m\]$(parse_git_branch)\[\e[00m\]$ /usr/bin/cmake --install /home/ste/ws/hsp-iit/data-model/examples/UC3-museum-guide/high-level-models/build/scheduler_interfaces_dummy
[26.736s] Level 1:colcon.colcon_core.environment:checking '/home/ste/ws/hsp-iit/data-model/examples/UC3-museum-guide/high-level-models/install/scheduler_interfaces_dummy' for CMake config files
[26.737s] Level 1:colcon.colcon_core.shell:create_environment_hook('scheduler_interfaces_dummy', 'cmake_prefix_path')
[26.737s] INFO:colcon.colcon_core.shell:Creating environment hook '/home/ste/ws/hsp-iit/data-model/examples/UC3-museum-guide/high-level-models/install/scheduler_interfaces_dummy/share/scheduler_interfaces_dummy/hook/cmake_prefix_path.ps1'
[26.738s] INFO:colcon.colcon_core.shell:Creating environment descriptor '/home/ste/ws/hsp-iit/data-model/examples/UC3-museum-guide/high-level-models/install/scheduler_interfaces_dummy/share/scheduler_interfaces_dummy/hook/cmake_prefix_path.dsv'
[26.739s] INFO:colcon.colcon_core.shell:Creating environment hook '/home/ste/ws/hsp-iit/data-model/examples/UC3-museum-guide/high-level-models/install/scheduler_interfaces_dummy/share/scheduler_interfaces_dummy/hook/cmake_prefix_path.sh'
[26.740s] Level 1:colcon.colcon_core.environment:checking '/home/ste/ws/hsp-iit/data-model/examples/UC3-museum-guide/high-level-models/install/scheduler_interfaces_dummy/lib'
[26.740s] Level 1:colcon.colcon_core.shell:create_environment_hook('scheduler_interfaces_dummy', 'ld_library_path_lib')
[26.740s] INFO:colcon.colcon_core.shell:Creating environment hook '/home/ste/ws/hsp-iit/data-model/examples/UC3-museum-guide/high-level-models/install/scheduler_interfaces_dummy/share/scheduler_interfaces_dummy/hook/ld_library_path_lib.ps1'
[26.741s] INFO:colcon.colcon_core.shell:Creating environment descriptor '/home/ste/ws/hsp-iit/data-model/examples/UC3-museum-guide/high-level-models/install/scheduler_interfaces_dummy/share/scheduler_interfaces_dummy/hook/ld_library_path_lib.dsv'
[26.741s] INFO:colcon.colcon_core.shell:Creating environment hook '/home/ste/ws/hsp-iit/data-model/examples/UC3-museum-guide/high-level-models/install/scheduler_interfaces_dummy/share/scheduler_interfaces_dummy/hook/ld_library_path_lib.sh'
[26.742s] Level 1:colcon.colcon_core.environment:checking '/home/ste/ws/hsp-iit/data-model/examples/UC3-museum-guide/high-level-models/install/scheduler_interfaces_dummy/bin'
[26.742s] Level 1:colcon.colcon_core.environment:checking '/home/ste/ws/hsp-iit/data-model/examples/UC3-museum-guide/high-level-models/install/scheduler_interfaces_dummy/lib/pkgconfig/scheduler_interfaces_dummy.pc'
[26.742s] Level 1:colcon.colcon_core.environment:checking '/home/ste/ws/hsp-iit/data-model/examples/UC3-museum-guide/high-level-models/install/scheduler_interfaces_dummy/lib/python3.10/site-packages'
[26.742s] Level 1:colcon.colcon_core.shell:create_environment_hook('scheduler_interfaces_dummy', 'pythonpath')
[26.743s] INFO:colcon.colcon_core.shell:Creating environment hook '/home/ste/ws/hsp-iit/data-model/examples/UC3-museum-guide/high-level-models/install/scheduler_interfaces_dummy/share/scheduler_interfaces_dummy/hook/pythonpath.ps1'
[26.744s] INFO:colcon.colcon_core.shell:Creating environment descriptor '/home/ste/ws/hsp-iit/data-model/examples/UC3-museum-guide/high-level-models/install/scheduler_interfaces_dummy/share/scheduler_interfaces_dummy/hook/pythonpath.dsv'
[26.744s] INFO:colcon.colcon_core.shell:Creating environment hook '/home/ste/ws/hsp-iit/data-model/examples/UC3-museum-guide/high-level-models/install/scheduler_interfaces_dummy/share/scheduler_interfaces_dummy/hook/pythonpath.sh'
[26.745s] Level 1:colcon.colcon_core.environment:checking '/home/ste/ws/hsp-iit/data-model/examples/UC3-museum-guide/high-level-models/install/scheduler_interfaces_dummy/bin'
[26.746s] INFO:colcon.colcon_core.shell:Creating package script '/home/ste/ws/hsp-iit/data-model/examples/UC3-museum-guide/high-level-models/install/scheduler_interfaces_dummy/share/scheduler_interfaces_dummy/package.ps1'
[26.747s] INFO:colcon.colcon_core.shell:Creating package descriptor '/home/ste/ws/hsp-iit/data-model/examples/UC3-museum-guide/high-level-models/install/scheduler_interfaces_dummy/share/scheduler_interfaces_dummy/package.dsv'
[26.748s] INFO:colcon.colcon_core.shell:Creating package script '/home/ste/ws/hsp-iit/data-model/examples/UC3-museum-guide/high-level-models/install/scheduler_interfaces_dummy/share/scheduler_interfaces_dummy/package.sh'
[26.748s] INFO:colcon.colcon_core.shell:Creating package script '/home/ste/ws/hsp-iit/data-model/examples/UC3-museum-guide/high-level-models/install/scheduler_interfaces_dummy/share/scheduler_interfaces_dummy/package.bash'
[26.749s] INFO:colcon.colcon_core.shell:Creating package script '/home/ste/ws/hsp-iit/data-model/examples/UC3-museum-guide/high-level-models/install/scheduler_interfaces_dummy/share/scheduler_interfaces_dummy/package.zsh'
[26.749s] Level 1:colcon.colcon_core.environment:create_file_with_runtime_dependencies(/home/ste/ws/hsp-iit/data-model/examples/UC3-museum-guide/high-level-models/install/scheduler_interfaces_dummy/share/colcon-core/packages/scheduler_interfaces_dummy)
[26.750s] Level 1:colcon.colcon_core.environment:create_environment_scripts_only(scheduler_interfaces_dummy)
[26.751s] Level 1:colcon.colcon_core.environment:checking '/home/ste/ws/hsp-iit/data-model/examples/UC3-museum-guide/high-level-models/install/scheduler_interfaces_dummy' for CMake module files
[26.752s] Level 1:colcon.colcon_core.environment:checking '/home/ste/ws/hsp-iit/data-model/examples/UC3-museum-guide/high-level-models/install/scheduler_interfaces_dummy' for CMake config files
[26.752s] Level 1:colcon.colcon_core.shell:create_environment_hook('scheduler_interfaces_dummy', 'cmake_prefix_path')
[26.753s] INFO:colcon.colcon_core.shell:Creating environment hook '/home/ste/ws/hsp-iit/data-model/examples/UC3-museum-guide/high-level-models/install/scheduler_interfaces_dummy/share/scheduler_interfaces_dummy/hook/cmake_prefix_path.ps1'
[26.753s] INFO:colcon.colcon_core.shell:Creating environment descriptor '/home/ste/ws/hsp-iit/data-model/examples/UC3-museum-guide/high-level-models/install/scheduler_interfaces_dummy/share/scheduler_interfaces_dummy/hook/cmake_prefix_path.dsv'
[26.754s] INFO:colcon.colcon_core.shell:Creating environment hook '/home/ste/ws/hsp-iit/data-model/examples/UC3-museum-guide/high-level-models/install/scheduler_interfaces_dummy/share/scheduler_interfaces_dummy/hook/cmake_prefix_path.sh'
[26.755s] Level 1:colcon.colcon_core.environment:checking '/home/ste/ws/hsp-iit/data-model/examples/UC3-museum-guide/high-level-models/install/scheduler_interfaces_dummy/lib'
[26.755s] Level 1:colcon.colcon_core.shell:create_environment_hook('scheduler_interfaces_dummy', 'ld_library_path_lib')
[26.755s] INFO:colcon.colcon_core.shell:Creating environment hook '/home/ste/ws/hsp-iit/data-model/examples/UC3-museum-guide/high-level-models/install/scheduler_interfaces_dummy/share/scheduler_interfaces_dummy/hook/ld_library_path_lib.ps1'
[26.756s] INFO:colcon.colcon_core.shell:Creating environment descriptor '/home/ste/ws/hsp-iit/data-model/examples/UC3-museum-guide/high-level-models/install/scheduler_interfaces_dummy/share/scheduler_interfaces_dummy/hook/ld_library_path_lib.dsv'
[26.756s] INFO:colcon.colcon_core.shell:Creating environment hook '/home/ste/ws/hsp-iit/data-model/examples/UC3-museum-guide/high-level-models/install/scheduler_interfaces_dummy/share/scheduler_interfaces_dummy/hook/ld_library_path_lib.sh'
[26.757s] Level 1:colcon.colcon_core.environment:checking '/home/ste/ws/hsp-iit/data-model/examples/UC3-museum-guide/high-level-models/install/scheduler_interfaces_dummy/bin'
[26.757s] Level 1:colcon.colcon_core.environment:checking '/home/ste/ws/hsp-iit/data-model/examples/UC3-museum-guide/high-level-models/install/scheduler_interfaces_dummy/lib/pkgconfig/scheduler_interfaces_dummy.pc'
[26.757s] Level 1:colcon.colcon_core.environment:checking '/home/ste/ws/hsp-iit/data-model/examples/UC3-museum-guide/high-level-models/install/scheduler_interfaces_dummy/lib/python3.10/site-packages'
[26.757s] Level 1:colcon.colcon_core.shell:create_environment_hook('scheduler_interfaces_dummy', 'pythonpath')
[26.758s] INFO:colcon.colcon_core.shell:Creating environment hook '/home/ste/ws/hsp-iit/data-model/examples/UC3-museum-guide/high-level-models/install/scheduler_interfaces_dummy/share/scheduler_interfaces_dummy/hook/pythonpath.ps1'
[26.758s] INFO:colcon.colcon_core.shell:Creating environment descriptor '/home/ste/ws/hsp-iit/data-model/examples/UC3-museum-guide/high-level-models/install/scheduler_interfaces_dummy/share/scheduler_interfaces_dummy/hook/pythonpath.dsv'
[26.759s] INFO:colcon.colcon_core.shell:Creating environment hook '/home/ste/ws/hsp-iit/data-model/examples/UC3-museum-guide/high-level-models/install/scheduler_interfaces_dummy/share/scheduler_interfaces_dummy/hook/pythonpath.sh'
[26.760s] Level 1:colcon.colcon_core.environment:checking '/home/ste/ws/hsp-iit/data-model/examples/UC3-museum-guide/high-level-models/install/scheduler_interfaces_dummy/bin'
[26.761s] INFO:colcon.colcon_core.shell:Creating package script '/home/ste/ws/hsp-iit/data-model/examples/UC3-museum-guide/high-level-models/install/scheduler_interfaces_dummy/share/scheduler_interfaces_dummy/package.ps1'
[26.762s] INFO:colcon.colcon_core.shell:Creating package descriptor '/home/ste/ws/hsp-iit/data-model/examples/UC3-museum-guide/high-level-models/install/scheduler_interfaces_dummy/share/scheduler_interfaces_dummy/package.dsv'
[26.763s] INFO:colcon.colcon_core.shell:Creating package script '/home/ste/ws/hsp-iit/data-model/examples/UC3-museum-guide/high-level-models/install/scheduler_interfaces_dummy/share/scheduler_interfaces_dummy/package.sh'
[26.763s] INFO:colcon.colcon_core.shell:Creating package script '/home/ste/ws/hsp-iit/data-model/examples/UC3-museum-guide/high-level-models/install/scheduler_interfaces_dummy/share/scheduler_interfaces_dummy/package.bash'
[26.764s] INFO:colcon.colcon_core.shell:Creating package script '/home/ste/ws/hsp-iit/data-model/examples/UC3-museum-guide/high-level-models/install/scheduler_interfaces_dummy/share/scheduler_interfaces_dummy/package.zsh'
[26.765s] Level 1:colcon.colcon_core.environment:create_file_with_runtime_dependencies(/home/ste/ws/hsp-iit/data-model/examples/UC3-museum-guide/high-level-models/install/scheduler_interfaces_dummy/share/colcon-core/packages/scheduler_interfaces_dummy)
[27.758s] DEBUG:colcon.colcon_core.event_handler.log_command:Invoked command in '/home/ste/ws/hsp-iit/data-model/examples/UC3-museum-guide/high-level-models/build/bt_interfaces_dummy' returned '0': CMAKE_PREFIX_PATH=${CMAKE_PREFIX_PATH}:/opt/ros/iron PS1=\[\033[01;32m\]\u\[\033[00m\]:\[\033[01;34m\]\w\[\033[00m\]\[\e[91m\]$(parse_git_branch)\[\e[00m\]$ /usr/bin/cmake --build /home/ste/ws/hsp-iit/data-model/examples/UC3-museum-guide/high-level-models/build/bt_interfaces_dummy -- -j12 -l12
[27.760s] DEBUG:colcon.colcon_core.event_handler.log_command:Invoking command in '/home/ste/ws/hsp-iit/data-model/examples/UC3-museum-guide/high-level-models/build/bt_interfaces_dummy': CMAKE_PREFIX_PATH=${CMAKE_PREFIX_PATH}:/opt/ros/iron PS1=\[\033[01;32m\]\u\[\033[00m\]:\[\033[01;34m\]\w\[\033[00m\]\[\e[91m\]$(parse_git_branch)\[\e[00m\]$ /usr/bin/cmake --install /home/ste/ws/hsp-iit/data-model/examples/UC3-museum-guide/high-level-models/build/bt_interfaces_dummy
[27.884s] Level 1:colcon.colcon_core.environment:create_environment_scripts_only(bt_interfaces_dummy)
[27.885s] Level 1:colcon.colcon_core.environment:checking '/home/ste/ws/hsp-iit/data-model/examples/UC3-museum-guide/high-level-models/install/bt_interfaces_dummy' for CMake module files
[27.885s] DEBUG:colcon.colcon_core.event_handler.log_command:Invoked command in '/home/ste/ws/hsp-iit/data-model/examples/UC3-museum-guide/high-level-models/build/bt_interfaces_dummy' returned '0': CMAKE_PREFIX_PATH=${CMAKE_PREFIX_PATH}:/opt/ros/iron PS1=\[\033[01;32m\]\u\[\033[00m\]:\[\033[01;34m\]\w\[\033[00m\]\[\e[91m\]$(parse_git_branch)\[\e[00m\]$ /usr/bin/cmake --install /home/ste/ws/hsp-iit/data-model/examples/UC3-museum-guide/high-level-models/build/bt_interfaces_dummy
[27.886s] Level 1:colcon.colcon_core.environment:checking '/home/ste/ws/hsp-iit/data-model/examples/UC3-museum-guide/high-level-models/install/bt_interfaces_dummy' for CMake config files
[27.887s] Level 1:colcon.colcon_core.shell:create_environment_hook('bt_interfaces_dummy', 'cmake_prefix_path')
[27.887s] INFO:colcon.colcon_core.shell:Creating environment hook '/home/ste/ws/hsp-iit/data-model/examples/UC3-museum-guide/high-level-models/install/bt_interfaces_dummy/share/bt_interfaces_dummy/hook/cmake_prefix_path.ps1'
[27.888s] INFO:colcon.colcon_core.shell:Creating environment descriptor '/home/ste/ws/hsp-iit/data-model/examples/UC3-museum-guide/high-level-models/install/bt_interfaces_dummy/share/bt_interfaces_dummy/hook/cmake_prefix_path.dsv'
[27.888s] INFO:colcon.colcon_core.shell:Creating environment hook '/home/ste/ws/hsp-iit/data-model/examples/UC3-museum-guide/high-level-models/install/bt_interfaces_dummy/share/bt_interfaces_dummy/hook/cmake_prefix_path.sh'
[27.889s] Level 1:colcon.colcon_core.environment:checking '/home/ste/ws/hsp-iit/data-model/examples/UC3-museum-guide/high-level-models/install/bt_interfaces_dummy/lib'
[27.889s] Level 1:colcon.colcon_core.shell:create_environment_hook('bt_interfaces_dummy', 'ld_library_path_lib')
[27.889s] INFO:colcon.colcon_core.shell:Creating environment hook '/home/ste/ws/hsp-iit/data-model/examples/UC3-museum-guide/high-level-models/install/bt_interfaces_dummy/share/bt_interfaces_dummy/hook/ld_library_path_lib.ps1'
[27.890s] INFO:colcon.colcon_core.shell:Creating environment descriptor '/home/ste/ws/hsp-iit/data-model/examples/UC3-museum-guide/high-level-models/install/bt_interfaces_dummy/share/bt_interfaces_dummy/hook/ld_library_path_lib.dsv'
[27.890s] INFO:colcon.colcon_core.shell:Creating environment hook '/home/ste/ws/hsp-iit/data-model/examples/UC3-museum-guide/high-level-models/install/bt_interfaces_dummy/share/bt_interfaces_dummy/hook/ld_library_path_lib.sh'
[27.891s] Level 1:colcon.colcon_core.environment:checking '/home/ste/ws/hsp-iit/data-model/examples/UC3-museum-guide/high-level-models/install/bt_interfaces_dummy/bin'
[27.891s] Level 1:colcon.colcon_core.environment:checking '/home/ste/ws/hsp-iit/data-model/examples/UC3-museum-guide/high-level-models/install/bt_interfaces_dummy/lib/pkgconfig/bt_interfaces_dummy.pc'
[27.891s] Level 1:colcon.colcon_core.environment:checking '/home/ste/ws/hsp-iit/data-model/examples/UC3-museum-guide/high-level-models/install/bt_interfaces_dummy/lib/python3.10/site-packages'
[27.891s] Level 1:colcon.colcon_core.shell:create_environment_hook('bt_interfaces_dummy', 'pythonpath')
[27.892s] INFO:colcon.colcon_core.shell:Creating environment hook '/home/ste/ws/hsp-iit/data-model/examples/UC3-museum-guide/high-level-models/install/bt_interfaces_dummy/share/bt_interfaces_dummy/hook/pythonpath.ps1'
[27.892s] INFO:colcon.colcon_core.shell:Creating environment descriptor '/home/ste/ws/hsp-iit/data-model/examples/UC3-museum-guide/high-level-models/install/bt_interfaces_dummy/share/bt_interfaces_dummy/hook/pythonpath.dsv'
[27.892s] INFO:colcon.colcon_core.shell:Creating environment hook '/home/ste/ws/hsp-iit/data-model/examples/UC3-museum-guide/high-level-models/install/bt_interfaces_dummy/share/bt_interfaces_dummy/hook/pythonpath.sh'
[27.893s] Level 1:colcon.colcon_core.environment:checking '/home/ste/ws/hsp-iit/data-model/examples/UC3-museum-guide/high-level-models/install/bt_interfaces_dummy/bin'
[27.894s] INFO:colcon.colcon_core.shell:Creating package script '/home/ste/ws/hsp-iit/data-model/examples/UC3-museum-guide/high-level-models/install/bt_interfaces_dummy/share/bt_interfaces_dummy/package.ps1'
[27.895s] INFO:colcon.colcon_core.shell:Creating package descriptor '/home/ste/ws/hsp-iit/data-model/examples/UC3-museum-guide/high-level-models/install/bt_interfaces_dummy/share/bt_interfaces_dummy/package.dsv'
[27.895s] INFO:colcon.colcon_core.shell:Creating package script '/home/ste/ws/hsp-iit/data-model/examples/UC3-museum-guide/high-level-models/install/bt_interfaces_dummy/share/bt_interfaces_dummy/package.sh'
[27.896s] INFO:colcon.colcon_core.shell:Creating package script '/home/ste/ws/hsp-iit/data-model/examples/UC3-museum-guide/high-level-models/install/bt_interfaces_dummy/share/bt_interfaces_dummy/package.bash'
[27.896s] INFO:colcon.colcon_core.shell:Creating package script '/home/ste/ws/hsp-iit/data-model/examples/UC3-museum-guide/high-level-models/install/bt_interfaces_dummy/share/bt_interfaces_dummy/package.zsh'
[27.897s] Level 1:colcon.colcon_core.environment:create_file_with_runtime_dependencies(/home/ste/ws/hsp-iit/data-model/examples/UC3-museum-guide/high-level-models/install/bt_interfaces_dummy/share/colcon-core/packages/bt_interfaces_dummy)
[27.898s] Level 1:colcon.colcon_core.environment:create_environment_scripts_only(bt_interfaces_dummy)
[27.899s] Level 1:colcon.colcon_core.environment:checking '/home/ste/ws/hsp-iit/data-model/examples/UC3-museum-guide/high-level-models/install/bt_interfaces_dummy' for CMake module files
[27.899s] Level 1:colcon.colcon_core.environment:checking '/home/ste/ws/hsp-iit/data-model/examples/UC3-museum-guide/high-level-models/install/bt_interfaces_dummy' for CMake config files
[27.900s] Level 1:colcon.colcon_core.shell:create_environment_hook('bt_interfaces_dummy', 'cmake_prefix_path')
[27.900s] INFO:colcon.colcon_core.shell:Creating environment hook '/home/ste/ws/hsp-iit/data-model/examples/UC3-museum-guide/high-level-models/install/bt_interfaces_dummy/share/bt_interfaces_dummy/hook/cmake_prefix_path.ps1'
[27.901s] INFO:colcon.colcon_core.shell:Creating environment descriptor '/home/ste/ws/hsp-iit/data-model/examples/UC3-museum-guide/high-level-models/install/bt_interfaces_dummy/share/bt_interfaces_dummy/hook/cmake_prefix_path.dsv'
[27.901s] INFO:colcon.colcon_core.shell:Creating environment hook '/home/ste/ws/hsp-iit/data-model/examples/UC3-museum-guide/high-level-models/install/bt_interfaces_dummy/share/bt_interfaces_dummy/hook/cmake_prefix_path.sh'
[27.902s] Level 1:colcon.colcon_core.environment:checking '/home/ste/ws/hsp-iit/data-model/examples/UC3-museum-guide/high-level-models/install/bt_interfaces_dummy/lib'
[27.902s] Level 1:colcon.colcon_core.shell:create_environment_hook('bt_interfaces_dummy', 'ld_library_path_lib')
[27.902s] INFO:colcon.colcon_core.shell:Creating environment hook '/home/ste/ws/hsp-iit/data-model/examples/UC3-museum-guide/high-level-models/install/bt_interfaces_dummy/share/bt_interfaces_dummy/hook/ld_library_path_lib.ps1'
[27.903s] INFO:colcon.colcon_core.shell:Creating environment descriptor '/home/ste/ws/hsp-iit/data-model/examples/UC3-museum-guide/high-level-models/install/bt_interfaces_dummy/share/bt_interfaces_dummy/hook/ld_library_path_lib.dsv'
[27.903s] INFO:colcon.colcon_core.shell:Creating environment hook '/home/ste/ws/hsp-iit/data-model/examples/UC3-museum-guide/high-level-models/install/bt_interfaces_dummy/share/bt_interfaces_dummy/hook/ld_library_path_lib.sh'
[27.904s] Level 1:colcon.colcon_core.environment:checking '/home/ste/ws/hsp-iit/data-model/examples/UC3-museum-guide/high-level-models/install/bt_interfaces_dummy/bin'
[27.904s] Level 1:colcon.colcon_core.environment:checking '/home/ste/ws/hsp-iit/data-model/examples/UC3-museum-guide/high-level-models/install/bt_interfaces_dummy/lib/pkgconfig/bt_interfaces_dummy.pc'
[27.904s] Level 1:colcon.colcon_core.environment:checking '/home/ste/ws/hsp-iit/data-model/examples/UC3-museum-guide/high-level-models/install/bt_interfaces_dummy/lib/python3.10/site-packages'
[27.904s] Level 1:colcon.colcon_core.shell:create_environment_hook('bt_interfaces_dummy', 'pythonpath')
[27.904s] INFO:colcon.colcon_core.shell:Creating environment hook '/home/ste/ws/hsp-iit/data-model/examples/UC3-museum-guide/high-level-models/install/bt_interfaces_dummy/share/bt_interfaces_dummy/hook/pythonpath.ps1'
[27.904s] INFO:colcon.colcon_core.shell:Creating environment descriptor '/home/ste/ws/hsp-iit/data-model/examples/UC3-museum-guide/high-level-models/install/bt_interfaces_dummy/share/bt_interfaces_dummy/hook/pythonpath.dsv'
[27.905s] INFO:colcon.colcon_core.shell:Creating environment hook '/home/ste/ws/hsp-iit/data-model/examples/UC3-museum-guide/high-level-models/install/bt_interfaces_dummy/share/bt_interfaces_dummy/hook/pythonpath.sh'
[27.906s] Level 1:colcon.colcon_core.environment:checking '/home/ste/ws/hsp-iit/data-model/examples/UC3-museum-guide/high-level-models/install/bt_interfaces_dummy/bin'
[27.906s] INFO:colcon.colcon_core.shell:Creating package script '/home/ste/ws/hsp-iit/data-model/examples/UC3-museum-guide/high-level-models/install/bt_interfaces_dummy/share/bt_interfaces_dummy/package.ps1'
[27.907s] INFO:colcon.colcon_core.shell:Creating package descriptor '/home/ste/ws/hsp-iit/data-model/examples/UC3-museum-guide/high-level-models/install/bt_interfaces_dummy/share/bt_interfaces_dummy/package.dsv'
[27.907s] INFO:colcon.colcon_core.shell:Creating package script '/home/ste/ws/hsp-iit/data-model/examples/UC3-museum-guide/high-level-models/install/bt_interfaces_dummy/share/bt_interfaces_dummy/package.sh'
[27.908s] INFO:colcon.colcon_core.shell:Creating package script '/home/ste/ws/hsp-iit/data-model/examples/UC3-museum-guide/high-level-models/install/bt_interfaces_dummy/share/bt_interfaces_dummy/package.bash'
[27.909s] INFO:colcon.colcon_core.shell:Creating package script '/home/ste/ws/hsp-iit/data-model/examples/UC3-museum-guide/high-level-models/install/bt_interfaces_dummy/share/bt_interfaces_dummy/package.zsh'
[27.909s] Level 1:colcon.colcon_core.environment:create_file_with_runtime_dependencies(/home/ste/ws/hsp-iit/data-model/examples/UC3-museum-guide/high-level-models/install/bt_interfaces_dummy/share/colcon-core/packages/bt_interfaces_dummy)
[28.717s] DEBUG:colcon.colcon_core.event_handler.log_command:Invoked command in '/home/ste/ws/hsp-iit/data-model/examples/UC3-museum-guide/high-level-models/build/navigation_interfaces_dummy' returned '0': CMAKE_PREFIX_PATH=${CMAKE_PREFIX_PATH}:/opt/ros/iron PS1=\[\033[01;32m\]\u\[\033[00m\]:\[\033[01;34m\]\w\[\033[00m\]\[\e[91m\]$(parse_git_branch)\[\e[00m\]$ /usr/bin/cmake --build /home/ste/ws/hsp-iit/data-model/examples/UC3-museum-guide/high-level-models/build/navigation_interfaces_dummy -- -j12 -l12
[28.719s] DEBUG:colcon.colcon_core.event_handler.log_command:Invoking command in '/home/ste/ws/hsp-iit/data-model/examples/UC3-museum-guide/high-level-models/build/navigation_interfaces_dummy': CMAKE_PREFIX_PATH=${CMAKE_PREFIX_PATH}:/opt/ros/iron PS1=\[\033[01;32m\]\u\[\033[00m\]:\[\033[01;34m\]\w\[\033[00m\]\[\e[91m\]$(parse_git_branch)\[\e[00m\]$ /usr/bin/cmake --install /home/ste/ws/hsp-iit/data-model/examples/UC3-museum-guide/high-level-models/build/navigation_interfaces_dummy
[28.821s] Level 1:colcon.colcon_core.environment:create_environment_scripts_only(navigation_interfaces_dummy)
[28.821s] Level 1:colcon.colcon_core.environment:checking '/home/ste/ws/hsp-iit/data-model/examples/UC3-museum-guide/high-level-models/install/navigation_interfaces_dummy' for CMake module files
[28.822s] DEBUG:colcon.colcon_core.event_handler.log_command:Invoked command in '/home/ste/ws/hsp-iit/data-model/examples/UC3-museum-guide/high-level-models/build/navigation_interfaces_dummy' returned '0': CMAKE_PREFIX_PATH=${CMAKE_PREFIX_PATH}:/opt/ros/iron PS1=\[\033[01;32m\]\u\[\033[00m\]:\[\033[01;34m\]\w\[\033[00m\]\[\e[91m\]$(parse_git_branch)\[\e[00m\]$ /usr/bin/cmake --install /home/ste/ws/hsp-iit/data-model/examples/UC3-museum-guide/high-level-models/build/navigation_interfaces_dummy
[28.822s] Level 1:colcon.colcon_core.environment:checking '/home/ste/ws/hsp-iit/data-model/examples/UC3-museum-guide/high-level-models/install/navigation_interfaces_dummy' for CMake config files
[28.823s] Level 1:colcon.colcon_core.shell:create_environment_hook('navigation_interfaces_dummy', 'cmake_prefix_path')
[28.823s] INFO:colcon.colcon_core.shell:Creating environment hook '/home/ste/ws/hsp-iit/data-model/examples/UC3-museum-guide/high-level-models/install/navigation_interfaces_dummy/share/navigation_interfaces_dummy/hook/cmake_prefix_path.ps1'
[28.824s] INFO:colcon.colcon_core.shell:Creating environment descriptor '/home/ste/ws/hsp-iit/data-model/examples/UC3-museum-guide/high-level-models/install/navigation_interfaces_dummy/share/navigation_interfaces_dummy/hook/cmake_prefix_path.dsv'
[28.824s] INFO:colcon.colcon_core.shell:Creating environment hook '/home/ste/ws/hsp-iit/data-model/examples/UC3-museum-guide/high-level-models/install/navigation_interfaces_dummy/share/navigation_interfaces_dummy/hook/cmake_prefix_path.sh'
[28.824s] Level 1:colcon.colcon_core.environment:checking '/home/ste/ws/hsp-iit/data-model/examples/UC3-museum-guide/high-level-models/install/navigation_interfaces_dummy/lib'
[28.825s] Level 1:colcon.colcon_core.shell:create_environment_hook('navigation_interfaces_dummy', 'ld_library_path_lib')
[28.825s] INFO:colcon.colcon_core.shell:Creating environment hook '/home/ste/ws/hsp-iit/data-model/examples/UC3-museum-guide/high-level-models/install/navigation_interfaces_dummy/share/navigation_interfaces_dummy/hook/ld_library_path_lib.ps1'
[28.825s] INFO:colcon.colcon_core.shell:Creating environment descriptor '/home/ste/ws/hsp-iit/data-model/examples/UC3-museum-guide/high-level-models/install/navigation_interfaces_dummy/share/navigation_interfaces_dummy/hook/ld_library_path_lib.dsv'
[28.825s] INFO:colcon.colcon_core.shell:Creating environment hook '/home/ste/ws/hsp-iit/data-model/examples/UC3-museum-guide/high-level-models/install/navigation_interfaces_dummy/share/navigation_interfaces_dummy/hook/ld_library_path_lib.sh'
[28.826s] Level 1:colcon.colcon_core.environment:checking '/home/ste/ws/hsp-iit/data-model/examples/UC3-museum-guide/high-level-models/install/navigation_interfaces_dummy/bin'
[28.826s] Level 1:colcon.colcon_core.environment:checking '/home/ste/ws/hsp-iit/data-model/examples/UC3-museum-guide/high-level-models/install/navigation_interfaces_dummy/lib/pkgconfig/navigation_interfaces_dummy.pc'
[28.826s] Level 1:colcon.colcon_core.environment:checking '/home/ste/ws/hsp-iit/data-model/examples/UC3-museum-guide/high-level-models/install/navigation_interfaces_dummy/lib/python3.10/site-packages'
[28.826s] Level 1:colcon.colcon_core.shell:create_environment_hook('navigation_interfaces_dummy', 'pythonpath')
[28.826s] INFO:colcon.colcon_core.shell:Creating environment hook '/home/ste/ws/hsp-iit/data-model/examples/UC3-museum-guide/high-level-models/install/navigation_interfaces_dummy/share/navigation_interfaces_dummy/hook/pythonpath.ps1'
[28.827s] INFO:colcon.colcon_core.shell:Creating environment descriptor '/home/ste/ws/hsp-iit/data-model/examples/UC3-museum-guide/high-level-models/install/navigation_interfaces_dummy/share/navigation_interfaces_dummy/hook/pythonpath.dsv'
[28.827s] INFO:colcon.colcon_core.shell:Creating environment hook '/home/ste/ws/hsp-iit/data-model/examples/UC3-museum-guide/high-level-models/install/navigation_interfaces_dummy/share/navigation_interfaces_dummy/hook/pythonpath.sh'
[28.828s] Level 1:colcon.colcon_core.environment:checking '/home/ste/ws/hsp-iit/data-model/examples/UC3-museum-guide/high-level-models/install/navigation_interfaces_dummy/bin'
[28.828s] INFO:colcon.colcon_core.shell:Creating package script '/home/ste/ws/hsp-iit/data-model/examples/UC3-museum-guide/high-level-models/install/navigation_interfaces_dummy/share/navigation_interfaces_dummy/package.ps1'
[28.829s] INFO:colcon.colcon_core.shell:Creating package descriptor '/home/ste/ws/hsp-iit/data-model/examples/UC3-museum-guide/high-level-models/install/navigation_interfaces_dummy/share/navigation_interfaces_dummy/package.dsv'
[28.829s] INFO:colcon.colcon_core.shell:Creating package script '/home/ste/ws/hsp-iit/data-model/examples/UC3-museum-guide/high-level-models/install/navigation_interfaces_dummy/share/navigation_interfaces_dummy/package.sh'
[28.830s] INFO:colcon.colcon_core.shell:Creating package script '/home/ste/ws/hsp-iit/data-model/examples/UC3-museum-guide/high-level-models/install/navigation_interfaces_dummy/share/navigation_interfaces_dummy/package.bash'
[28.830s] INFO:colcon.colcon_core.shell:Creating package script '/home/ste/ws/hsp-iit/data-model/examples/UC3-museum-guide/high-level-models/install/navigation_interfaces_dummy/share/navigation_interfaces_dummy/package.zsh'
[28.831s] Level 1:colcon.colcon_core.environment:create_file_with_runtime_dependencies(/home/ste/ws/hsp-iit/data-model/examples/UC3-museum-guide/high-level-models/install/navigation_interfaces_dummy/share/colcon-core/packages/navigation_interfaces_dummy)
[28.831s] Level 1:colcon.colcon_core.environment:create_environment_scripts_only(navigation_interfaces_dummy)
[28.831s] Level 1:colcon.colcon_core.environment:checking '/home/ste/ws/hsp-iit/data-model/examples/UC3-museum-guide/high-level-models/install/navigation_interfaces_dummy' for CMake module files
[28.832s] Level 1:colcon.colcon_core.environment:checking '/home/ste/ws/hsp-iit/data-model/examples/UC3-museum-guide/high-level-models/install/navigation_interfaces_dummy' for CMake config files
[28.832s] Level 1:colcon.colcon_core.shell:create_environment_hook('navigation_interfaces_dummy', 'cmake_prefix_path')
[28.833s] INFO:colcon.colcon_core.shell:Creating environment hook '/home/ste/ws/hsp-iit/data-model/examples/UC3-museum-guide/high-level-models/install/navigation_interfaces_dummy/share/navigation_interfaces_dummy/hook/cmake_prefix_path.ps1'
[28.833s] INFO:colcon.colcon_core.shell:Creating environment descriptor '/home/ste/ws/hsp-iit/data-model/examples/UC3-museum-guide/high-level-models/install/navigation_interfaces_dummy/share/navigation_interfaces_dummy/hook/cmake_prefix_path.dsv'
[28.833s] INFO:colcon.colcon_core.shell:Creating environment hook '/home/ste/ws/hsp-iit/data-model/examples/UC3-museum-guide/high-level-models/install/navigation_interfaces_dummy/share/navigation_interfaces_dummy/hook/cmake_prefix_path.sh'
[28.834s] Level 1:colcon.colcon_core.environment:checking '/home/ste/ws/hsp-iit/data-model/examples/UC3-museum-guide/high-level-models/install/navigation_interfaces_dummy/lib'
[28.834s] Level 1:colcon.colcon_core.shell:create_environment_hook('navigation_interfaces_dummy', 'ld_library_path_lib')
[28.834s] INFO:colcon.colcon_core.shell:Creating environment hook '/home/ste/ws/hsp-iit/data-model/examples/UC3-museum-guide/high-level-models/install/navigation_interfaces_dummy/share/navigation_interfaces_dummy/hook/ld_library_path_lib.ps1'
[28.834s] INFO:colcon.colcon_core.shell:Creating environment descriptor '/home/ste/ws/hsp-iit/data-model/examples/UC3-museum-guide/high-level-models/install/navigation_interfaces_dummy/share/navigation_interfaces_dummy/hook/ld_library_path_lib.dsv'
[28.835s] INFO:colcon.colcon_core.shell:Creating environment hook '/home/ste/ws/hsp-iit/data-model/examples/UC3-museum-guide/high-level-models/install/navigation_interfaces_dummy/share/navigation_interfaces_dummy/hook/ld_library_path_lib.sh'
[28.835s] Level 1:colcon.colcon_core.environment:checking '/home/ste/ws/hsp-iit/data-model/examples/UC3-museum-guide/high-level-models/install/navigation_interfaces_dummy/bin'
[28.835s] Level 1:colcon.colcon_core.environment:checking '/home/ste/ws/hsp-iit/data-model/examples/UC3-museum-guide/high-level-models/install/navigation_interfaces_dummy/lib/pkgconfig/navigation_interfaces_dummy.pc'
[28.836s] Level 1:colcon.colcon_core.environment:checking '/home/ste/ws/hsp-iit/data-model/examples/UC3-museum-guide/high-level-models/install/navigation_interfaces_dummy/lib/python3.10/site-packages'
[28.836s] Level 1:colcon.colcon_core.shell:create_environment_hook('navigation_interfaces_dummy', 'pythonpath')
[28.836s] INFO:colcon.colcon_core.shell:Creating environment hook '/home/ste/ws/hsp-iit/data-model/examples/UC3-museum-guide/high-level-models/install/navigation_interfaces_dummy/share/navigation_interfaces_dummy/hook/pythonpath.ps1'
[28.837s] INFO:colcon.colcon_core.shell:Creating environment descriptor '/home/ste/ws/hsp-iit/data-model/examples/UC3-museum-guide/high-level-models/install/navigation_interfaces_dummy/share/navigation_interfaces_dummy/hook/pythonpath.dsv'
[28.837s] INFO:colcon.colcon_core.shell:Creating environment hook '/home/ste/ws/hsp-iit/data-model/examples/UC3-museum-guide/high-level-models/install/navigation_interfaces_dummy/share/navigation_interfaces_dummy/hook/pythonpath.sh'
[28.838s] Level 1:colcon.colcon_core.environment:checking '/home/ste/ws/hsp-iit/data-model/examples/UC3-museum-guide/high-level-models/install/navigation_interfaces_dummy/bin'
[28.838s] INFO:colcon.colcon_core.shell:Creating package script '/home/ste/ws/hsp-iit/data-model/examples/UC3-museum-guide/high-level-models/install/navigation_interfaces_dummy/share/navigation_interfaces_dummy/package.ps1'
[28.839s] INFO:colcon.colcon_core.shell:Creating package descriptor '/home/ste/ws/hsp-iit/data-model/examples/UC3-museum-guide/high-level-models/install/navigation_interfaces_dummy/share/navigation_interfaces_dummy/package.dsv'
[28.839s] INFO:colcon.colcon_core.shell:Creating package script '/home/ste/ws/hsp-iit/data-model/examples/UC3-museum-guide/high-level-models/install/navigation_interfaces_dummy/share/navigation_interfaces_dummy/package.sh'
[28.840s] INFO:colcon.colcon_core.shell:Creating package script '/home/ste/ws/hsp-iit/data-model/examples/UC3-museum-guide/high-level-models/install/navigation_interfaces_dummy/share/navigation_interfaces_dummy/package.bash'
[28.840s] INFO:colcon.colcon_core.shell:Creating package script '/home/ste/ws/hsp-iit/data-model/examples/UC3-museum-guide/high-level-models/install/navigation_interfaces_dummy/share/navigation_interfaces_dummy/package.zsh'
[28.840s] Level 1:colcon.colcon_core.environment:create_file_with_runtime_dependencies(/home/ste/ws/hsp-iit/data-model/examples/UC3-museum-guide/high-level-models/install/navigation_interfaces_dummy/share/colcon-core/packages/navigation_interfaces_dummy)
[28.841s] DEBUG:colcon.colcon_parallel_executor.executor.parallel:closing loop
[28.841s] DEBUG:colcon.colcon_parallel_executor.executor.parallel:loop closed
[28.841s] DEBUG:colcon.colcon_parallel_executor.executor.parallel:run_until_complete finished with '0'
[28.841s] DEBUG:colcon.colcon_core.event_reactor:joining thread
[28.852s] INFO:colcon.colcon_core.plugin_system:Skipping extension 'colcon_notification.desktop_notification.terminal_notifier': Not used on non-Darwin systems
[28.853s] INFO:colcon.colcon_core.plugin_system:Skipping extension 'colcon_notification.desktop_notification.win32': Not used on non-Windows systems
[28.853s] INFO:colcon.colcon_notification.desktop_notification:Sending desktop notification using 'notify2'
[28.872s] DEBUG:colcon.colcon_core.event_reactor:joined thread
[28.872s] INFO:colcon.colcon_core.shell:Creating prefix script '/home/ste/ws/hsp-iit/data-model/examples/UC3-museum-guide/high-level-models/install/local_setup.ps1'
[28.874s] INFO:colcon.colcon_core.shell:Creating prefix util module '/home/ste/ws/hsp-iit/data-model/examples/UC3-museum-guide/high-level-models/install/_local_setup_util_ps1.py'
[28.876s] INFO:colcon.colcon_core.shell:Creating prefix chain script '/home/ste/ws/hsp-iit/data-model/examples/UC3-museum-guide/high-level-models/install/setup.ps1'
[28.878s] INFO:colcon.colcon_core.shell:Creating prefix script '/home/ste/ws/hsp-iit/data-model/examples/UC3-museum-guide/high-level-models/install/local_setup.sh'
[28.879s] INFO:colcon.colcon_core.shell:Creating prefix util module '/home/ste/ws/hsp-iit/data-model/examples/UC3-museum-guide/high-level-models/install/_local_setup_util_sh.py'
[28.880s] INFO:colcon.colcon_core.shell:Creating prefix chain script '/home/ste/ws/hsp-iit/data-model/examples/UC3-museum-guide/high-level-models/install/setup.sh'
[28.882s] INFO:colcon.colcon_core.shell:Creating prefix script '/home/ste/ws/hsp-iit/data-model/examples/UC3-museum-guide/high-level-models/install/local_setup.bash'
[28.882s] INFO:colcon.colcon_core.shell:Creating prefix chain script '/home/ste/ws/hsp-iit/data-model/examples/UC3-museum-guide/high-level-models/install/setup.bash'
[28.884s] INFO:colcon.colcon_core.shell:Creating prefix script '/home/ste/ws/hsp-iit/data-model/examples/UC3-museum-guide/high-level-models/install/local_setup.zsh'
[28.885s] INFO:colcon.colcon_core.shell:Creating prefix chain script '/home/ste/ws/hsp-iit/data-model/examples/UC3-museum-guide/high-level-models/install/setup.zsh'
