[0.000000] (-) TimerEvent: {}
[0.000154] (behaviortree_cpp_v3) JobQueued: {'identifier': 'behaviortree_cpp_v3', 'dependencies': OrderedDict()}
[0.000396] (btcpp_ros2_interfaces) JobQueued: {'identifier': 'btcpp_ros2_interfaces', 'dependencies': OrderedDict()}
[0.000423] (pyrobosim) JobQueued: {'identifier': 'pyrobosim', 'dependencies': OrderedDict()}
[0.000432] (pyrobosim_msgs) JobQueued: {'identifier': 'pyrobosim_msgs', 'dependencies': OrderedDict()}
[0.000440] (behaviortree_ros2) JobQueued: {'identifier': 'behaviortree_ros2', 'dependencies': OrderedDict({'btcpp_ros2_interfaces': '/convince_ws/install/btcpp_ros2_interfaces'})}
[0.000449] (pyrobosim_ros) JobQueued: {'identifier': 'pyrobosim_ros', 'dependencies': OrderedDict({'pyrobosim_msgs': '/convince_ws/install/pyrobosim_msgs'})}
[0.000456] (btcpp_ros2_samples) JobQueued: {'identifier': 'btcpp_ros2_samples', 'dependencies': OrderedDict({'btcpp_ros2_interfaces': '/convince_ws/install/btcpp_ros2_interfaces', 'behaviortree_ros2': '/convince_ws/install/behaviortree_ros2'})}
[0.000464] (tutorial_sim) JobQueued: {'identifier': 'tutorial_sim', 'dependencies': OrderedDict({'pyrobosim_msgs': '/convince_ws/install/pyrobosim_msgs', 'pyrobosim_ros': '/convince_ws/install/pyrobosim_ros'})}
[0.000471] (btcpp_ros2_interfaces) JobStarted: {'identifier': 'btcpp_ros2_interfaces'}
[0.003273] (pyrobosim_msgs) JobStarted: {'identifier': 'pyrobosim_msgs'}
[0.004659] (behaviortree_cpp_v3) JobStarted: {'identifier': 'behaviortree_cpp_v3'}
[0.005961] (pyrobosim) JobStarted: {'identifier': 'pyrobosim'}
[0.007783] (btcpp_ros2_interfaces) JobProgress: {'identifier': 'btcpp_ros2_interfaces', 'progress': 'cmake'}
[0.007972] (btcpp_ros2_interfaces) Command: {'cmd': ['/usr/bin/cmake', '/convince_ws/src/behaviortree_ros2/btcpp_ros2_interfaces', '-DCMAKE_EXPORT_COMPILE_COMMANDS=ON', '--no-warn-unused-cli', '-DAMENT_CMAKE_SYMLINK_INSTALL=1', '-DCMAKE_INSTALL_PREFIX=/convince_ws/install/btcpp_ros2_interfaces'], 'cwd': '/convince_ws/build/btcpp_ros2_interfaces', 'env': OrderedDict({'PYTHONWARNINGS': 'ignore:setup.py install is deprecated,ignore:easy_install command is deprecated', 'HOSTNAME': '123c257f4748', 'SHLVL': '1', 'LD_LIBRARY_PATH': '/opt/ros/jazzy/opt/zmqpp_vendor/lib:/opt/ros/jazzy/lib/x86_64-linux-gnu:/opt/ros/jazzy/lib', 'HOME': '/root', 'OLDPWD': '/convince_ws', 'ROS_PYTHON_VERSION': '3', 'ROS_DISTRO': 'jazzy', '_': '/usr/bin/colcon', 'ROS_VERSION': '2', 'TERM': 'xterm', 'QT_X11_NO_MITSHM': '1', 'PATH': '/opt/ros/jazzy/bin:/usr/local/sbin:/usr/local/bin:/usr/sbin:/usr/bin:/sbin:/bin', 'DISPLAY': ':1', 'LANG': 'C.UTF-8', 'AMENT_PREFIX_PATH': '/opt/ros/jazzy', 'ROS_WS': '/convince_ws', 'ROS_AUTOMATIC_DISCOVERY_RANGE': 'SUBNET', 'PWD': '/convince_ws/build/btcpp_ros2_interfaces', 'LC_ALL': 'C.UTF-8', 'PYTHONPATH': '/opt/ros/jazzy/lib/python3.12/site-packages', 'COLCON': '1', 'CMAKE_PREFIX_PATH': '/opt/ros/jazzy'}), 'shell': False}
[0.009016] (pyrobosim_msgs) JobProgress: {'identifier': 'pyrobosim_msgs', 'progress': 'cmake'}
[0.009220] (pyrobosim_msgs) Command: {'cmd': ['/usr/bin/cmake', '/convince_ws/src/pyrobosim/pyrobosim_msgs', '-DCMAKE_EXPORT_COMPILE_COMMANDS=ON', '--no-warn-unused-cli', '-DAMENT_CMAKE_SYMLINK_INSTALL=1', '-DCMAKE_INSTALL_PREFIX=/convince_ws/install/pyrobosim_msgs'], 'cwd': '/convince_ws/build/pyrobosim_msgs', 'env': OrderedDict({'PYTHONWARNINGS': 'ignore:setup.py install is deprecated,ignore:easy_install command is deprecated', 'HOSTNAME': '123c257f4748', 'SHLVL': '1', 'LD_LIBRARY_PATH': '/opt/ros/jazzy/opt/zmqpp_vendor/lib:/opt/ros/jazzy/lib/x86_64-linux-gnu:/opt/ros/jazzy/lib', 'HOME': '/root', 'OLDPWD': '/convince_ws', 'ROS_PYTHON_VERSION': '3', 'ROS_DISTRO': 'jazzy', '_': '/usr/bin/colcon', 'ROS_VERSION': '2', 'TERM': 'xterm', 'QT_X11_NO_MITSHM': '1', 'PATH': '/opt/ros/jazzy/bin:/usr/local/sbin:/usr/local/bin:/usr/sbin:/usr/bin:/sbin:/bin', 'DISPLAY': ':1', 'LANG': 'C.UTF-8', 'AMENT_PREFIX_PATH': '/opt/ros/jazzy', 'ROS_WS': '/convince_ws', 'ROS_AUTOMATIC_DISCOVERY_RANGE': 'SUBNET', 'PWD': '/convince_ws/build/pyrobosim_msgs', 'LC_ALL': 'C.UTF-8', 'PYTHONPATH': '/opt/ros/jazzy/lib/python3.12/site-packages', 'COLCON': '1', 'CMAKE_PREFIX_PATH': '/opt/ros/jazzy'}), 'shell': False}
[0.009563] (behaviortree_cpp_v3) JobProgress: {'identifier': 'behaviortree_cpp_v3', 'progress': 'cmake'}
[0.009768] (behaviortree_cpp_v3) Command: {'cmd': ['/usr/bin/cmake', '/convince_ws/BehaviorTree.CPP', '-DCMAKE_EXPORT_COMPILE_COMMANDS=ON', '--no-warn-unused-cli', '-DAMENT_CMAKE_SYMLINK_INSTALL=1', '-DCMAKE_INSTALL_PREFIX=/convince_ws/install/behaviortree_cpp_v3'], 'cwd': '/convince_ws/build/behaviortree_cpp_v3', 'env': OrderedDict({'PYTHONWARNINGS': 'ignore:setup.py install is deprecated,ignore:easy_install command is deprecated', 'HOSTNAME': '123c257f4748', 'SHLVL': '1', 'LD_LIBRARY_PATH': '/opt/ros/jazzy/opt/zmqpp_vendor/lib:/opt/ros/jazzy/lib/x86_64-linux-gnu:/opt/ros/jazzy/lib', 'HOME': '/root', 'OLDPWD': '/convince_ws', 'ROS_PYTHON_VERSION': '3', 'ROS_DISTRO': 'jazzy', '_': '/usr/bin/colcon', 'ROS_VERSION': '2', 'TERM': 'xterm', 'QT_X11_NO_MITSHM': '1', 'PATH': '/opt/ros/jazzy/bin:/usr/local/sbin:/usr/local/bin:/usr/sbin:/usr/bin:/sbin:/bin', 'DISPLAY': ':1', 'LANG': 'C.UTF-8', 'AMENT_PREFIX_PATH': '/opt/ros/jazzy', 'ROS_WS': '/convince_ws', 'ROS_AUTOMATIC_DISCOVERY_RANGE': 'SUBNET', 'PWD': '/convince_ws/build/behaviortree_cpp_v3', 'LC_ALL': 'C.UTF-8', 'PYTHONPATH': '/opt/ros/jazzy/lib/python3.12/site-packages', 'COLCON': '1', 'CMAKE_PREFIX_PATH': '/opt/ros/jazzy'}), 'shell': False}
[0.015302] (btcpp_ros2_interfaces) StdoutLine: {'line': b'Not searching for unused variables given on the command line.\n'}
[0.015396] (pyrobosim_msgs) StdoutLine: {'line': b'Not searching for unused variables given on the command line.\n'}
[0.015436] (behaviortree_cpp_v3) StdoutLine: {'line': b'Not searching for unused variables given on the command line.\n'}
[0.040552] (pyrobosim_msgs) StdoutLine: {'line': b'-- The C compiler identification is GNU 13.3.0\n'}
[0.042470] (behaviortree_cpp_v3) StdoutLine: {'line': b'-- The C compiler identification is GNU 13.3.0\n'}
[0.045594] (btcpp_ros2_interfaces) StdoutLine: {'line': b'-- The C compiler identification is GNU 13.3.0\n'}
[0.070576] (pyrobosim_msgs) StdoutLine: {'line': b'-- The CXX compiler identification is GNU 13.3.0\n'}
[0.076861] (behaviortree_cpp_v3) StdoutLine: {'line': b'-- The CXX compiler identification is GNU 13.3.0\n'}
[0.078351] (btcpp_ros2_interfaces) StdoutLine: {'line': b'-- The CXX compiler identification is GNU 13.3.0\n'}
[0.079152] (pyrobosim_msgs) StdoutLine: {'line': b'-- Detecting C compiler ABI info\n'}
[0.087071] (behaviortree_cpp_v3) StdoutLine: {'line': b'-- Detecting C compiler ABI info\n'}
[0.088347] (btcpp_ros2_interfaces) StdoutLine: {'line': b'-- Detecting C compiler ABI info\n'}
[0.099894] (-) TimerEvent: {}
[0.132335] (pyrobosim_msgs) StdoutLine: {'line': b'-- Detecting C compiler ABI info - done\n'}
[0.137170] (pyrobosim_msgs) StdoutLine: {'line': b'-- Check for working C compiler: /usr/bin/cc - skipped\n'}
[0.137279] (pyrobosim_msgs) StdoutLine: {'line': b'-- Detecting C compile features\n'}
[0.137413] (pyrobosim_msgs) StdoutLine: {'line': b'-- Detecting C compile features - done\n'}
[0.142148] (btcpp_ros2_interfaces) StdoutLine: {'line': b'-- Detecting C compiler ABI info - done\n'}
[0.142676] (behaviortree_cpp_v3) StdoutLine: {'line': b'-- Detecting C compiler ABI info - done\n'}
[0.144296] (pyrobosim_msgs) StdoutLine: {'line': b'-- Detecting CXX compiler ABI info\n'}
[0.146860] (btcpp_ros2_interfaces) StdoutLine: {'line': b'-- Check for working C compiler: /usr/bin/cc - skipped\n'}
[0.146964] (btcpp_ros2_interfaces) StdoutLine: {'line': b'-- Detecting C compile features\n'}
[0.147103] (btcpp_ros2_interfaces) StdoutLine: {'line': b'-- Detecting C compile features - done\n'}
[0.151704] (behaviortree_cpp_v3) StdoutLine: {'line': b'-- Check for working C compiler: /usr/bin/cc - skipped\n'}
[0.151871] (behaviortree_cpp_v3) StdoutLine: {'line': b'-- Detecting C compile features\n'}
[0.151996] (btcpp_ros2_interfaces) StdoutLine: {'line': b'-- Detecting CXX compiler ABI info\n'}
[0.152262] (behaviortree_cpp_v3) StdoutLine: {'line': b'-- Detecting C compile features - done\n'}
[0.158637] (behaviortree_cpp_v3) StdoutLine: {'line': b'-- Detecting CXX compiler ABI info\n'}
[0.199985] (-) TimerEvent: {}
[0.207965] (pyrobosim_msgs) StdoutLine: {'line': b'-- Detecting CXX compiler ABI info - done\n'}
[0.211282] (btcpp_ros2_interfaces) StdoutLine: {'line': b'-- Detecting CXX compiler ABI info - done\n'}
[0.213891] (pyrobosim_msgs) StdoutLine: {'line': b'-- Check for working CXX compiler: /usr/bin/c++ - skipped\n'}
[0.214057] (pyrobosim_msgs) StdoutLine: {'line': b'-- Detecting CXX compile features\n'}
[0.214333] (pyrobosim_msgs) StdoutLine: {'line': b'-- Detecting CXX compile features - done\n'}
[0.216219] (pyrobosim_msgs) StdoutLine: {'line': b'-- Found ament_cmake: 2.5.5 (/opt/ros/jazzy/share/ament_cmake/cmake)\n'}
[0.216360] (btcpp_ros2_interfaces) StdoutLine: {'line': b'-- Check for working CXX compiler: /usr/bin/c++ - skipped\n'}
[0.216449] (behaviortree_cpp_v3) StdoutLine: {'line': b'-- Detecting CXX compiler ABI info - done\n'}
[0.216521] (btcpp_ros2_interfaces) StdoutLine: {'line': b'-- Detecting CXX compile features\n'}
[0.216663] (btcpp_ros2_interfaces) StdoutLine: {'line': b'-- Detecting CXX compile features - done\n'}
[0.218312] (btcpp_ros2_interfaces) StdoutLine: {'line': b'-- Found ament_cmake: 2.5.5 (/opt/ros/jazzy/share/ament_cmake/cmake)\n'}
[0.221544] (behaviortree_cpp_v3) StdoutLine: {'line': b'-- Check for working CXX compiler: /usr/bin/c++ - skipped\n'}
[0.221675] (behaviortree_cpp_v3) StdoutLine: {'line': b'-- Detecting CXX compile features\n'}
[0.221942] (behaviortree_cpp_v3) StdoutLine: {'line': b'-- Detecting CXX compile features - done\n'}
[0.230306] (behaviortree_cpp_v3) StdoutLine: {'line': b'-- Boost coroutines disabled. Install Boost (version 1.59+ recommended).\n'}
[0.230752] (behaviortree_cpp_v3) StdoutLine: {'line': b'-- Performing Test CMAKE_HAVE_LIBC_PTHREAD\n'}
[0.287474] (behaviortree_cpp_v3) StdoutLine: {'line': b'-- Performing Test CMAKE_HAVE_LIBC_PTHREAD - Success\n'}
[0.287888] (behaviortree_cpp_v3) StdoutLine: {'line': b'-- Found Threads: TRUE  \n'}
[0.290779] (behaviortree_cpp_v3) StdoutLine: {'line': b'-- Found ZMQ: /usr/lib/x86_64-linux-gnu/libzmq.so  \n'}
[0.290915] (behaviortree_cpp_v3) StdoutLine: {'line': b'-- ZeroMQ: found.\n'}
[0.300073] (-) TimerEvent: {}
[0.308876] (pyrobosim_msgs) StdoutLine: {'line': b'-- Found Python3: /usr/bin/python3 (found version "3.12.3") found components: Interpreter \n'}
[0.312652] (btcpp_ros2_interfaces) StdoutLine: {'line': b'-- Found Python3: /usr/bin/python3 (found version "3.12.3") found components: Interpreter \n'}
[0.351336] (pyrobosim_msgs) StdoutLine: {'line': b'-- Override CMake install command with custom implementation using symlinks instead of copying resources\n'}
[0.355307] (btcpp_ros2_interfaces) StdoutLine: {'line': b'-- Override CMake install command with custom implementation using symlinks instead of copying resources\n'}
[0.367698] (pyrobosim_msgs) StdoutLine: {'line': b'-- Found rclcpp: 28.1.16 (/opt/ros/jazzy/share/rclcpp/cmake)\n'}
[0.372189] (btcpp_ros2_interfaces) StdoutLine: {'line': b'-- Found rosidl_default_generators: 1.6.0 (/opt/ros/jazzy/share/rosidl_default_generators/cmake)\n'}
[0.376154] (btcpp_ros2_interfaces) StdoutLine: {'line': b'-- Using all available rosidl_typesupport_c: rosidl_typesupport_fastrtps_c;rosidl_typesupport_introspection_c\n'}
[0.387690] (pyrobosim_msgs) StdoutLine: {'line': b'-- Found rosidl_generator_c: 4.6.7 (/opt/ros/jazzy/share/rosidl_generator_c/cmake)\n'}
[0.391333] (pyrobosim) Command: {'cmd': ['/usr/bin/python3', '-W', 'ignore:setup.py install is deprecated', '-W', 'ignore:easy_install command is deprecated', 'setup.py', 'develop', '--editable', '--build-directory', '/convince_ws/build/pyrobosim/build', '--no-deps'], 'cwd': '/convince_ws/build/pyrobosim', 'env': {'PYTHONWARNINGS': 'ignore:setup.py install is deprecated,ignore:easy_install command is deprecated', 'HOSTNAME': '123c257f4748', 'SHLVL': '1', 'LD_LIBRARY_PATH': '/opt/ros/jazzy/opt/zmqpp_vendor/lib:/opt/ros/jazzy/lib/x86_64-linux-gnu:/opt/ros/jazzy/lib', 'HOME': '/root', 'OLDPWD': '/convince_ws', 'ROS_PYTHON_VERSION': '3', 'ROS_DISTRO': 'jazzy', '_': '/usr/bin/colcon', 'ROS_VERSION': '2', 'TERM': 'xterm', 'QT_X11_NO_MITSHM': '1', 'PATH': '/opt/ros/jazzy/bin:/usr/local/sbin:/usr/local/bin:/usr/sbin:/usr/bin:/sbin:/bin', 'DISPLAY': ':1', 'LANG': 'C.UTF-8', 'AMENT_PREFIX_PATH': '/opt/ros/jazzy', 'ROS_WS': '/convince_ws', 'ROS_AUTOMATIC_DISCOVERY_RANGE': 'SUBNET', 'PWD': '/convince_ws/build/pyrobosim', 'LC_ALL': 'C.UTF-8', 'PYTHONPATH': '/convince_ws/build/pyrobosim/prefix_override:/usr/lib/python3/dist-packages/colcon_core/task/python/colcon_distutils_commands:/convince_ws/install/pyrobosim/lib/python3.12/site-packages:/opt/ros/jazzy/lib/python3.12/site-packages', 'COLCON': '1'}, 'shell': False}
[0.392895] (behaviortree_cpp_v3) StdoutLine: {'line': b'-- Found Python3: /usr/bin/python3 (found version "3.12.3") found components: Interpreter \n'}
[0.394845] (pyrobosim_msgs) StdoutLine: {'line': b'-- Found rosidl_generator_cpp: 4.6.7 (/opt/ros/jazzy/share/rosidl_generator_cpp/cmake)\n'}
[0.400189] (-) TimerEvent: {}
[0.401295] (btcpp_ros2_interfaces) StdoutLine: {'line': b'-- Using all available rosidl_typesupport_cpp: rosidl_typesupport_fastrtps_cpp;rosidl_typesupport_introspection_cpp\n'}
[0.403542] (pyrobosim_msgs) StdoutLine: {'line': b'-- Using all available rosidl_typesupport_c: rosidl_typesupport_fastrtps_c;rosidl_typesupport_introspection_c\n'}
[0.413279] (pyrobosim_msgs) StdoutLine: {'line': b'-- Using all available rosidl_typesupport_cpp: rosidl_typesupport_fastrtps_cpp;rosidl_typesupport_introspection_cpp\n'}
[0.423747] (btcpp_ros2_interfaces) StdoutLine: {'line': b'-- Found rosidl_adapter: 4.6.7 (/opt/ros/jazzy/share/rosidl_adapter/cmake)\n'}
[0.435451] (behaviortree_cpp_v3) StdoutLine: {'line': b'-- Override CMake install command with custom implementation using symlinks instead of copying resources\n'}
[0.450940] (behaviortree_cpp_v3) StdoutLine: {'line': b'-- ------------------------------------------\n'}
[0.451094] (behaviortree_cpp_v3) StdoutLine: {'line': b'-- BehaviourTree is being built using AMENT.\n'}
[0.451164] (behaviortree_cpp_v3) StdoutLine: {'line': b'-- ------------------------------------------\n'}
[0.456362] (pyrobosim_msgs) StdoutLine: {'line': b'-- Found rmw_implementation_cmake: 7.3.3 (/opt/ros/jazzy/share/rmw_implementation_cmake/cmake)\n'}
[0.457881] (pyrobosim_msgs) StdoutLine: {'line': b'-- Found rmw_fastrtps_cpp: 8.4.3 (/opt/ros/jazzy/share/rmw_fastrtps_cpp/cmake)\n'}
[0.460302] (behaviortree_cpp_v3) StderrLine: {'line': b'\x1b[33mCMake Warning at CMakeLists.txt:164 (message):\n'}
[0.460402] (behaviortree_cpp_v3) StderrLine: {'line': b'  NCurses NOT found.  Skipping the build of manual selector node.\n'}
[0.460470] (behaviortree_cpp_v3) StderrLine: {'line': b'\n'}
[0.460532] (behaviortree_cpp_v3) StderrLine: {'line': b'\x1b[0m\n'}
[0.461285] (behaviortree_cpp_v3) StdoutLine: {'line': b'-- Found ament_index_cpp: 1.8.2 (/opt/ros/jazzy/share/ament_index_cpp/cmake)\n'}
[0.500279] (-) TimerEvent: {}
[0.504236] (pyrobosim_msgs) StdoutLine: {'line': b'-- Found OpenSSL: /usr/lib/x86_64-linux-gnu/libcrypto.so (found version "3.0.13")  \n'}
[0.515356] (pyrobosim_msgs) StdoutLine: {'line': b'-- Found FastRTPS: /opt/ros/jazzy/include (Required is at least version "2.13") \n'}
[0.516004] (behaviortree_cpp_v3) StdoutLine: {'line': b'-- BEHAVIOR_TREE_LIB_DESTINATION:   lib \n'}
[0.516085] (behaviortree_cpp_v3) StdoutLine: {'line': b'-- BEHAVIOR_TREE_BIN_DESTINATION:   bin \n'}
[0.516152] (behaviortree_cpp_v3) StdoutLine: {'line': b'-- BUILD_UNIT_TESTS:   ON \n'}
[0.517882] (behaviortree_cpp_v3) StdoutLine: {'line': b'-- Found ament_cmake_gtest: 2.5.5 (/opt/ros/jazzy/share/ament_cmake_gtest/cmake)\n'}
[0.518145] (pyrobosim) StdoutLine: {'line': b'running develop\n'}
[0.519235] (behaviortree_cpp_v3) StdoutLine: {'line': b"-- Found gtest sources under '/opt/ros/jazzy/src/gtest_vendor': C++ tests using 'Google Test' will be built\n"}
[0.529736] (pyrobosim_msgs) StdoutLine: {'line': b"-- Using RMW implementation 'rmw_fastrtps_cpp' as default\n"}
[0.564183] (behaviortree_cpp_v3) StdoutLine: {'line': b'-- Configuring done (0.5s)\n'}
[0.578832] (pyrobosim) StdoutLine: {'line': b'running egg_info\n'}
[0.578932] (pyrobosim) StdoutLine: {'line': b'creating pyrobosim.egg-info\n'}
[0.581343] (pyrobosim_msgs) StdoutLine: {'line': b'-- Found rclpy: 7.1.9 (/opt/ros/jazzy/share/rclpy/cmake)\n'}
[0.582232] (pyrobosim_msgs) StdoutLine: {'line': b'-- Found rosidl_default_generators: 1.6.0 (/opt/ros/jazzy/share/rosidl_default_generators/cmake)\n'}
[0.583576] (behaviortree_cpp_v3) StdoutLine: {'line': b'-- Generating done (0.0s)\n'}
[0.584728] (pyrobosim) StdoutLine: {'line': b'writing pyrobosim.egg-info/PKG-INFO\n'}
[0.584968] (pyrobosim) StdoutLine: {'line': b'writing dependency_links to pyrobosim.egg-info/dependency_links.txt\n'}
[0.585097] (pyrobosim) StdoutLine: {'line': b'writing requirements to pyrobosim.egg-info/requires.txt\n'}
[0.585162] (pyrobosim) StdoutLine: {'line': b'writing top-level names to pyrobosim.egg-info/top_level.txt\n'}
[0.585224] (pyrobosim) StdoutLine: {'line': b"writing manifest file 'pyrobosim.egg-info/SOURCES.txt'\n"}
[0.589560] (pyrobosim_msgs) StdoutLine: {'line': b'-- Found rosidl_adapter: 4.6.7 (/opt/ros/jazzy/share/rosidl_adapter/cmake)\n'}
[0.591276] (pyrobosim_msgs) StdoutLine: {'line': b'-- Found geometry_msgs: 5.3.6 (/opt/ros/jazzy/share/geometry_msgs/cmake)\n'}
[0.596304] (behaviortree_cpp_v3) StdoutLine: {'line': b'-- Build files have been written to: /convince_ws/build/behaviortree_cpp_v3\n'}
[0.597973] (pyrobosim) StdoutLine: {'line': b"reading manifest file 'pyrobosim.egg-info/SOURCES.txt'\n"}
[0.598707] (pyrobosim) StdoutLine: {'line': b"writing manifest file 'pyrobosim.egg-info/SOURCES.txt'\n"}
[0.600146] (behaviortree_cpp_v3) CommandEnded: {'returncode': 0}
[0.601019] (-) TimerEvent: {}
[0.601247] (behaviortree_cpp_v3) JobProgress: {'identifier': 'behaviortree_cpp_v3', 'progress': 'build'}
[0.601275] (behaviortree_cpp_v3) Command: {'cmd': ['/usr/bin/cmake', '--build', '/convince_ws/build/behaviortree_cpp_v3', '--', '-j20', '-l20'], 'cwd': '/convince_ws/build/behaviortree_cpp_v3', 'env': OrderedDict({'PYTHONWARNINGS': 'ignore:setup.py install is deprecated,ignore:easy_install command is deprecated', 'HOSTNAME': '123c257f4748', 'SHLVL': '1', 'LD_LIBRARY_PATH': '/opt/ros/jazzy/opt/zmqpp_vendor/lib:/opt/ros/jazzy/lib/x86_64-linux-gnu:/opt/ros/jazzy/lib', 'HOME': '/root', 'OLDPWD': '/convince_ws', 'ROS_PYTHON_VERSION': '3', 'ROS_DISTRO': 'jazzy', '_': '/usr/bin/colcon', 'ROS_VERSION': '2', 'TERM': 'xterm', 'QT_X11_NO_MITSHM': '1', 'PATH': '/opt/ros/jazzy/bin:/usr/local/sbin:/usr/local/bin:/usr/sbin:/usr/bin:/sbin:/bin', 'DISPLAY': ':1', 'LANG': 'C.UTF-8', 'AMENT_PREFIX_PATH': '/opt/ros/jazzy', 'ROS_WS': '/convince_ws', 'ROS_AUTOMATIC_DISCOVERY_RANGE': 'SUBNET', 'PWD': '/convince_ws/build/behaviortree_cpp_v3', 'LC_ALL': 'C.UTF-8', 'PYTHONPATH': '/opt/ros/jazzy/lib/python3.12/site-packages', 'COLCON': '1', 'CMAKE_PREFIX_PATH': '/opt/ros/jazzy'}), 'shell': False}
[0.605298] (pyrobosim) StdoutLine: {'line': b'running build_ext\n'}
[0.605394] (pyrobosim) StdoutLine: {'line': b'Creating /convince_ws/install/pyrobosim/lib/python3.12/site-packages/pyrobosim.egg-link (link to .)\n'}
[0.605540] (pyrobosim) StdoutLine: {'line': b'\n'}
[0.605612] (pyrobosim) StdoutLine: {'line': b'Installed /convince_ws/build/pyrobosim\n'}
[0.622803] (pyrobosim) CommandEnded: {'returncode': 0}
[0.628366] (pyrobosim) JobEnded: {'identifier': 'pyrobosim', 'rc': 0}
[0.634867] (behaviortree_cpp_v3) StdoutLine: {'line': b'[  1%] \x1b[32mBuilding CXX object CMakeFiles/behaviortree_cpp_v3.dir/src/action_node.cpp.o\x1b[0m\n'}
[0.635064] (behaviortree_cpp_v3) StdoutLine: {'line': b'[  2%] \x1b[32mBuilding CXX object CMakeFiles/behaviortree_cpp_v3.dir/src/blackboard.cpp.o\x1b[0m\n'}
[0.635253] (behaviortree_cpp_v3) StdoutLine: {'line': b'[  4%] \x1b[32mBuilding CXX object gtest/CMakeFiles/gtest.dir/src/gtest-all.cc.o\x1b[0m\n'}
[0.635317] (behaviortree_cpp_v3) StdoutLine: {'line': b'[  4%] \x1b[32mBuilding CXX object CMakeFiles/behaviortree_cpp_v3.dir/src/bt_factory.cpp.o\x1b[0m\n'}
[0.635371] (behaviortree_cpp_v3) StdoutLine: {'line': b'[  5%] \x1b[32mBuilding CXX object CMakeFiles/behaviortree_cpp_v3.dir/src/control_node.cpp.o\x1b[0m\n'}
[0.635443] (behaviortree_cpp_v3) StdoutLine: {'line': b'[  7%] \x1b[32mBuilding CXX object CMakeFiles/behaviortree_cpp_v3.dir/src/decorator_node.cpp.o\x1b[0m\n'}
[0.635489] (behaviortree_cpp_v3) StdoutLine: {'line': b'[  7%] \x1b[32mBuilding CXX object CMakeFiles/behaviortree_cpp_v3.dir/src/shared_library.cpp.o\x1b[0m\n'}
[0.635533] (behaviortree_cpp_v3) StdoutLine: {'line': b'[  8%] \x1b[32mBuilding CXX object CMakeFiles/behaviortree_cpp_v3.dir/src/loggers/bt_zmq_publisher.cpp.o\x1b[0m\n'}
[0.635564] (behaviortree_cpp_v3) StdoutLine: {'line': b'[  9%] \x1b[32mBuilding CXX object CMakeFiles/behaviortree_cpp_v3.dir/src/tree_node.cpp.o\x1b[0m\n'}
[0.635593] (behaviortree_cpp_v3) StdoutLine: {'line': b'[ 10%] \x1b[32mBuilding CXX object CMakeFiles/behaviortree_cpp_v3.dir/src/behavior_tree.cpp.o\x1b[0m\n'}
[0.635634] (behaviortree_cpp_v3) StdoutLine: {'line': b'[ 11%] \x1b[32mBuilding CXX object CMakeFiles/behaviortree_cpp_v3.dir/src/basic_types.cpp.o\x1b[0m\n'}
[0.635665] (behaviortree_cpp_v3) StdoutLine: {'line': b'[ 12%] \x1b[32mBuilding CXX object CMakeFiles/behaviortree_cpp_v3.dir/src/decorators/repeat_node.cpp.o\x1b[0m\n'}
[0.635699] (behaviortree_cpp_v3) StdoutLine: {'line': b'[ 13%] \x1b[32mBuilding CXX object gtest/CMakeFiles/gtest_main.dir/src/gtest_main.cc.o\x1b[0m\n'}
[0.635728] (behaviortree_cpp_v3) StdoutLine: {'line': b'[ 14%] \x1b[32mBuilding CXX object CMakeFiles/behaviortree_cpp_v3.dir/src/decorators/delay_node.cpp.o\x1b[0m\n'}
[0.635800] (behaviortree_cpp_v3) StdoutLine: {'line': b'[ 15%] \x1b[32mBuilding CXX object CMakeFiles/behaviortree_cpp_v3.dir/src/xml_parsing.cpp.o\x1b[0m\n'}
[0.636030] (behaviortree_cpp_v3) StdoutLine: {'line': b'[ 16%] \x1b[32mBuilding CXX object CMakeFiles/behaviortree_cpp_v3.dir/src/decorators/inverter_node.cpp.o\x1b[0m\n'}
[0.636450] (behaviortree_cpp_v3) StdoutLine: {'line': b'[ 18%] \x1b[32mBuilding CXX object CMakeFiles/behaviortree_cpp_v3.dir/src/decorators/subtree_node.cpp.o\x1b[0m\n'}
[0.636560] (behaviortree_cpp_v3) StdoutLine: {'line': b'[ 18%] \x1b[32mBuilding CXX object CMakeFiles/behaviortree_cpp_v3.dir/src/decorators/retry_node.cpp.o\x1b[0m\n'}
[0.638396] (behaviortree_cpp_v3) StdoutLine: {'line': b'[ 19%] \x1b[32mBuilding CXX object CMakeFiles/behaviortree_cpp_v3.dir/src/condition_node.cpp.o\x1b[0m\n'}
[0.638614] (behaviortree_cpp_v3) StdoutLine: {'line': b'[ 20%] \x1b[32mBuilding CXX object CMakeFiles/behaviortree_cpp_v3.dir/src/controls/if_then_else_node.cpp.o\x1b[0m\n'}
[0.702657] (-) TimerEvent: {}
[0.802937] (-) TimerEvent: {}
[0.903231] (-) TimerEvent: {}
[0.972706] (behaviortree_cpp_v3) StdoutLine: {'line': b'[ 21%] \x1b[32mBuilding CXX object CMakeFiles/behaviortree_cpp_v3.dir/src/controls/fallback_node.cpp.o\x1b[0m\n'}
[1.003348] (-) TimerEvent: {}
[1.103801] (-) TimerEvent: {}
[1.182249] (behaviortree_cpp_v3) StdoutLine: {'line': b'[ 22%] \x1b[32mBuilding CXX object CMakeFiles/behaviortree_cpp_v3.dir/src/controls/parallel_node.cpp.o\x1b[0m\n'}
[1.203899] (-) TimerEvent: {}
[1.225409] (behaviortree_cpp_v3) StdoutLine: {'line': b'[ 23%] \x1b[32mBuilding CXX object CMakeFiles/behaviortree_cpp_v3.dir/src/controls/reactive_sequence.cpp.o\x1b[0m\n'}
[1.244971] (behaviortree_cpp_v3) StdoutLine: {'line': b'[ 24%] \x1b[32mBuilding CXX object CMakeFiles/behaviortree_cpp_v3.dir/src/controls/reactive_fallback.cpp.o\x1b[0m\n'}
[1.260481] (behaviortree_cpp_v3) StdoutLine: {'line': b'[ 25%] \x1b[32mBuilding CXX object CMakeFiles/behaviortree_cpp_v3.dir/src/controls/sequence_node.cpp.o\x1b[0m\n'}
[1.303992] (-) TimerEvent: {}
[1.310062] (behaviortree_cpp_v3) StdoutLine: {'line': b'[ 26%] \x1b[32mBuilding CXX object CMakeFiles/behaviortree_cpp_v3.dir/src/controls/sequence_star_node.cpp.o\x1b[0m\n'}
[1.334820] (behaviortree_cpp_v3) StdoutLine: {'line': b'[ 27%] \x1b[32mBuilding CXX object CMakeFiles/behaviortree_cpp_v3.dir/src/controls/switch_node.cpp.o\x1b[0m\n'}
[1.359312] (behaviortree_cpp_v3) StdoutLine: {'line': b'[ 28%] \x1b[32m\x1b[1mLinking CXX static library libgtest_main.a\x1b[0m\n'}
[1.404093] (-) TimerEvent: {}
[1.422259] (behaviortree_cpp_v3) StdoutLine: {'line': b'[ 28%] Built target gtest_main\n'}
[1.430835] (behaviortree_cpp_v3) StdoutLine: {'line': b'[ 29%] \x1b[32mBuilding CXX object CMakeFiles/behaviortree_cpp_v3.dir/src/controls/while_do_else_node.cpp.o\x1b[0m\n'}
[1.438957] (btcpp_ros2_interfaces) StdoutLine: {'line': b'-- Found ament_cmake_ros: 0.12.0 (/opt/ros/jazzy/share/ament_cmake_ros/cmake)\n'}
[1.439698] (behaviortree_cpp_v3) StdoutLine: {'line': b'[ 30%] \x1b[32mBuilding CXX object CMakeFiles/behaviortree_cpp_v3.dir/src/loggers/bt_cout_logger.cpp.o\x1b[0m\n'}
[1.454457] (behaviortree_cpp_v3) StdoutLine: {'line': b'[ 31%] \x1b[32mBuilding CXX object CMakeFiles/behaviortree_cpp_v3.dir/src/loggers/bt_file_logger.cpp.o\x1b[0m\n'}
[1.455901] (behaviortree_cpp_v3) StdoutLine: {'line': b'[ 32%] \x1b[32mBuilding CXX object CMakeFiles/behaviortree_cpp_v3.dir/src/loggers/bt_minitrace_logger.cpp.o\x1b[0m\n'}
[1.504193] (-) TimerEvent: {}
[1.537394] (behaviortree_cpp_v3) StdoutLine: {'line': b'[ 35%] \x1b[32mBuilding CXX object CMakeFiles/behaviortree_cpp_v3.dir/3rdparty/tinyxml2/tinyxml2.cpp.o\x1b[0m\n'}
[1.537592] (behaviortree_cpp_v3) StdoutLine: {'line': b'[ 35%] \x1b[32mBuilding CXX object CMakeFiles/behaviortree_cpp_v3.dir/3rdparty/minitrace/minitrace.cpp.o\x1b[0m\n'}
[1.597456] (behaviortree_cpp_v3) StdoutLine: {'line': b'[ 36%] \x1b[32mBuilding CXX object CMakeFiles/behaviortree_cpp_v3.dir/src/shared_library_UNIX.cpp.o\x1b[0m\n'}
[1.604287] (-) TimerEvent: {}
[1.704973] (-) TimerEvent: {}
[1.790705] (pyrobosim_msgs) StdoutLine: {'line': b'-- Found ament_cmake_ros: 0.12.0 (/opt/ros/jazzy/share/ament_cmake_ros/cmake)\n'}
[1.805677] (-) TimerEvent: {}
[1.905953] (-) TimerEvent: {}
[2.006219] (-) TimerEvent: {}
[2.007628] (btcpp_ros2_interfaces) StdoutLine: {'line': b'-- Using all available rosidl_typesupport_c: rosidl_typesupport_fastrtps_c;rosidl_typesupport_introspection_c\n'}
[2.106304] (-) TimerEvent: {}
[2.206571] (-) TimerEvent: {}
[2.306813] (-) TimerEvent: {}
[2.407174] (-) TimerEvent: {}
[2.444849] (btcpp_ros2_interfaces) StdoutLine: {'line': b'-- Using all available rosidl_typesupport_cpp: rosidl_typesupport_fastrtps_cpp;rosidl_typesupport_introspection_cpp\n'}
[2.446568] (btcpp_ros2_interfaces) StdoutLine: {'line': b'-- Found python_cmake_module: 0.11.1 (/opt/ros/jazzy/share/python_cmake_module/cmake)\n'}
[2.507358] (-) TimerEvent: {}
[2.508726] (pyrobosim_msgs) StdoutLine: {'line': b'-- Using all available rosidl_typesupport_c: rosidl_typesupport_fastrtps_c;rosidl_typesupport_introspection_c\n'}
[2.542875] (btcpp_ros2_interfaces) StdoutLine: {'line': b'-- Found PythonExtra: /usr/bin/python3  \n'}
[2.607415] (-) TimerEvent: {}
[2.707674] (-) TimerEvent: {}
[2.731751] (pyrobosim_msgs) StdoutLine: {'line': b'-- Using all available rosidl_typesupport_cpp: rosidl_typesupport_fastrtps_cpp;rosidl_typesupport_introspection_cpp\n'}
[2.733369] (pyrobosim_msgs) StdoutLine: {'line': b'-- Found python_cmake_module: 0.11.1 (/opt/ros/jazzy/share/python_cmake_module/cmake)\n'}
[2.790805] (behaviortree_cpp_v3) StdoutLine: {'line': b'[ 37%] \x1b[32m\x1b[1mLinking CXX shared library libbehaviortree_cpp_v3.so\x1b[0m\n'}
[2.807799] (-) TimerEvent: {}
[2.833802] (pyrobosim_msgs) StdoutLine: {'line': b'-- Found PythonExtra: /usr/bin/python3  \n'}
[2.846826] (btcpp_ros2_interfaces) StdoutLine: {'line': b'-- Found Python3: /usr/bin/python3 (found version "3.12.3") found components: Interpreter Development NumPy Development.Module Development.Embed \n'}
[2.875223] (btcpp_ros2_interfaces) StdoutLine: {'line': b'-- Configuring done (2.9s)\n'}
[2.897461] (behaviortree_cpp_v3) StdoutLine: {'line': b'[ 37%] Built target behaviortree_cpp_v3\n'}
[2.898188] (btcpp_ros2_interfaces) StdoutLine: {'line': b'-- Generating done (0.0s)\n'}
[2.905020] (btcpp_ros2_interfaces) StdoutLine: {'line': b'-- Build files have been written to: /convince_ws/build/btcpp_ros2_interfaces\n'}
[2.907886] (-) TimerEvent: {}
[2.908051] (behaviortree_cpp_v3) StdoutLine: {'line': b'[ 39%] \x1b[32mBuilding CXX object sample_nodes/CMakeFiles/bt_sample_nodes.dir/crossdoor_nodes.cpp.o\x1b[0m\n'}
[2.908206] (behaviortree_cpp_v3) StdoutLine: {'line': b'[ 39%] \x1b[32mBuilding CXX object sample_nodes/CMakeFiles/movebase_node_dyn.dir/movebase_node.cpp.o\x1b[0m\n'}
[2.908395] (behaviortree_cpp_v3) StdoutLine: {'line': b'[ 40%] \x1b[32mBuilding CXX object sample_nodes/CMakeFiles/bt_sample_nodes.dir/movebase_node.cpp.o\x1b[0m\n'}
[2.908986] (behaviortree_cpp_v3) StdoutLine: {'line': b'[ 41%] \x1b[32mBuilding CXX object sample_nodes/CMakeFiles/bt_sample_nodes.dir/dummy_nodes.cpp.o\x1b[0m\n'}
[2.910563] (behaviortree_cpp_v3) StdoutLine: {'line': b'[ 42%] \x1b[32mBuilding CXX object tools/CMakeFiles/bt3_log_cat.dir/bt_log_cat.cpp.o\x1b[0m\n'}
[2.911561] (btcpp_ros2_interfaces) CommandEnded: {'returncode': 0}
[2.911856] (behaviortree_cpp_v3) StdoutLine: {'line': b'[ 43%] \x1b[32mBuilding CXX object examples/CMakeFiles/t01_first_tree_dynamic.dir/t01_build_your_first_tree.cpp.o\x1b[0m\n'}
[2.912082] (btcpp_ros2_interfaces) JobProgress: {'identifier': 'btcpp_ros2_interfaces', 'progress': 'build'}
[2.912406] (btcpp_ros2_interfaces) Command: {'cmd': ['/usr/bin/cmake', '--build', '/convince_ws/build/btcpp_ros2_interfaces', '--', '-j20', '-l20'], 'cwd': '/convince_ws/build/btcpp_ros2_interfaces', 'env': OrderedDict({'PYTHONWARNINGS': 'ignore:setup.py install is deprecated,ignore:easy_install command is deprecated', 'HOSTNAME': '123c257f4748', 'SHLVL': '1', 'LD_LIBRARY_PATH': '/opt/ros/jazzy/opt/zmqpp_vendor/lib:/opt/ros/jazzy/lib/x86_64-linux-gnu:/opt/ros/jazzy/lib', 'HOME': '/root', 'OLDPWD': '/convince_ws', 'ROS_PYTHON_VERSION': '3', 'ROS_DISTRO': 'jazzy', '_': '/usr/bin/colcon', 'ROS_VERSION': '2', 'TERM': 'xterm', 'QT_X11_NO_MITSHM': '1', 'PATH': '/opt/ros/jazzy/bin:/usr/local/sbin:/usr/local/bin:/usr/sbin:/usr/bin:/sbin:/bin', 'DISPLAY': ':1', 'LANG': 'C.UTF-8', 'AMENT_PREFIX_PATH': '/opt/ros/jazzy', 'ROS_WS': '/convince_ws', 'ROS_AUTOMATIC_DISCOVERY_RANGE': 'SUBNET', 'PWD': '/convince_ws/build/btcpp_ros2_interfaces', 'LC_ALL': 'C.UTF-8', 'PYTHONPATH': '/opt/ros/jazzy/lib/python3.12/site-packages', 'COLCON': '1', 'CMAKE_PREFIX_PATH': '/opt/ros/jazzy'}), 'shell': False}
[2.912912] (behaviortree_cpp_v3) StdoutLine: {'line': b'[ 47%] \x1b[32mBuilding CXX object sample_nodes/CMakeFiles/dummy_nodes_dyn.dir/dummy_nodes.cpp.o\x1b[0m\n'}
[2.913082] (behaviortree_cpp_v3) StdoutLine: {'line': b'[ 47%] \x1b[32mBuilding CXX object tools/CMakeFiles/bt3_recorder.dir/bt_recorder.cpp.o\x1b[0m\n'}
[2.913165] (behaviortree_cpp_v3) StdoutLine: {'line': b'[ 47%] \x1b[32mBuilding CXX object sample_nodes/CMakeFiles/crossdoor_nodes_dyn.dir/crossdoor_nodes.cpp.o\x1b[0m\n'}
[2.913240] (behaviortree_cpp_v3) StdoutLine: {'line': b'[ 47%] \x1b[32mBuilding CXX object tools/CMakeFiles/bt3_plugin_manifest.dir/bt_plugin_manifest.cpp.o\x1b[0m\n'}
[2.940780] (btcpp_ros2_interfaces) StdoutLine: {'line': b'[  1%] \x1b[34m\x1b[1mGenerating type hashes for ROS interfaces\x1b[0m\n'}
[2.950063] (btcpp_ros2_interfaces) StdoutLine: {'line': b'[  1%] Built target ament_cmake_python_symlink_btcpp_ros2_interfaces\n'}
[3.007974] (-) TimerEvent: {}
[3.072886] (btcpp_ros2_interfaces) StdoutLine: {'line': b'running egg_info\n'}
[3.073443] (btcpp_ros2_interfaces) StdoutLine: {'line': b'creating btcpp_ros2_interfaces.egg-info\n'}
[3.082277] (btcpp_ros2_interfaces) StdoutLine: {'line': b'writing btcpp_ros2_interfaces.egg-info/PKG-INFO\n'}
[3.082497] (btcpp_ros2_interfaces) StdoutLine: {'line': b'writing dependency_links to btcpp_ros2_interfaces.egg-info/dependency_links.txt\n'}
[3.082621] (btcpp_ros2_interfaces) StdoutLine: {'line': b'writing top-level names to btcpp_ros2_interfaces.egg-info/top_level.txt\n'}
[3.082704] (btcpp_ros2_interfaces) StdoutLine: {'line': b"writing manifest file 'btcpp_ros2_interfaces.egg-info/SOURCES.txt'\n"}
[3.105419] (btcpp_ros2_interfaces) StdoutLine: {'line': b"reading manifest file 'btcpp_ros2_interfaces.egg-info/SOURCES.txt'\n"}
[3.105785] (btcpp_ros2_interfaces) StdoutLine: {'line': b"writing manifest file 'btcpp_ros2_interfaces.egg-info/SOURCES.txt'\n"}
[3.108064] (-) TimerEvent: {}
[3.126203] (btcpp_ros2_interfaces) StdoutLine: {'line': b'[  1%] Built target ament_cmake_python_build_btcpp_ros2_interfaces_egg\n'}
[3.208159] (-) TimerEvent: {}
[3.222972] (pyrobosim_msgs) StdoutLine: {'line': b'-- Found Python3: /usr/bin/python3 (found version "3.12.3") found components: Interpreter Development NumPy Development.Module Development.Embed \n'}
[3.279024] (pyrobosim_msgs) StdoutLine: {'line': b'-- Configuring done (3.3s)\n'}
[3.303776] (btcpp_ros2_interfaces) StdoutLine: {'line': b'[  1%] Built target btcpp_ros2_interfaces__rosidl_generator_type_description\n'}
[3.308260] (-) TimerEvent: {}
[3.313106] (btcpp_ros2_interfaces) StdoutLine: {'line': b'[  3%] \x1b[34m\x1b[1mGenerating C code for ROS interfaces\x1b[0m\n'}
[3.320294] (btcpp_ros2_interfaces) StdoutLine: {'line': b'[  4%] \x1b[34m\x1b[1mGenerating C++ code for ROS interfaces\x1b[0m\n'}
[3.361720] (behaviortree_cpp_v3) StdoutLine: {'line': b'[ 48%] \x1b[32m\x1b[1mLinking CXX executable bt3_log_cat\x1b[0m\n'}
[3.372893] (pyrobosim_msgs) StdoutLine: {'line': b'-- Generating done (0.1s)\n'}
[3.387556] (behaviortree_cpp_v3) StdoutLine: {'line': b'[ 49%] \x1b[32m\x1b[1mLinking CXX executable bt3_recorder\x1b[0m\n'}
[3.389031] (pyrobosim_msgs) StdoutLine: {'line': b'-- Build files have been written to: /convince_ws/build/pyrobosim_msgs\n'}
[3.406077] (pyrobosim_msgs) CommandEnded: {'returncode': 0}
[3.406492] (pyrobosim_msgs) JobProgress: {'identifier': 'pyrobosim_msgs', 'progress': 'build'}
[3.406735] (pyrobosim_msgs) Command: {'cmd': ['/usr/bin/cmake', '--build', '/convince_ws/build/pyrobosim_msgs', '--', '-j20', '-l20'], 'cwd': '/convince_ws/build/pyrobosim_msgs', 'env': OrderedDict({'PYTHONWARNINGS': 'ignore:setup.py install is deprecated,ignore:easy_install command is deprecated', 'HOSTNAME': '123c257f4748', 'SHLVL': '1', 'LD_LIBRARY_PATH': '/opt/ros/jazzy/opt/zmqpp_vendor/lib:/opt/ros/jazzy/lib/x86_64-linux-gnu:/opt/ros/jazzy/lib', 'HOME': '/root', 'OLDPWD': '/convince_ws', 'ROS_PYTHON_VERSION': '3', 'ROS_DISTRO': 'jazzy', '_': '/usr/bin/colcon', 'ROS_VERSION': '2', 'TERM': 'xterm', 'QT_X11_NO_MITSHM': '1', 'PATH': '/opt/ros/jazzy/bin:/usr/local/sbin:/usr/local/bin:/usr/sbin:/usr/bin:/sbin:/bin', 'DISPLAY': ':1', 'LANG': 'C.UTF-8', 'AMENT_PREFIX_PATH': '/opt/ros/jazzy', 'ROS_WS': '/convince_ws', 'ROS_AUTOMATIC_DISCOVERY_RANGE': 'SUBNET', 'PWD': '/convince_ws/build/pyrobosim_msgs', 'LC_ALL': 'C.UTF-8', 'PYTHONPATH': '/opt/ros/jazzy/lib/python3.12/site-packages', 'COLCON': '1', 'CMAKE_PREFIX_PATH': '/opt/ros/jazzy'}), 'shell': False}
[3.408336] (-) TimerEvent: {}
[3.419413] (behaviortree_cpp_v3) StdoutLine: {'line': b'[ 49%] Built target bt3_log_cat\n'}
[3.447045] (behaviortree_cpp_v3) StdoutLine: {'line': b'[ 49%] Built target bt3_recorder\n'}
[3.454761] (pyrobosim_msgs) StdoutLine: {'line': b'[  0%] \x1b[34m\x1b[1mGenerating type hashes for ROS interfaces\x1b[0m\n'}
[3.454950] (behaviortree_cpp_v3) StdoutLine: {'line': b'[ 50%] \x1b[32m\x1b[1mLinking CXX static library libgtest.a\x1b[0m\n'}
[3.455804] (pyrobosim_msgs) StdoutLine: {'line': b'[  0%] Built target ament_cmake_python_symlink_pyrobosim_msgs\n'}
[3.489776] (behaviortree_cpp_v3) StdoutLine: {'line': b'[ 50%] Built target gtest\n'}
[3.508425] (-) TimerEvent: {}
[3.562789] (pyrobosim_msgs) StdoutLine: {'line': b'running egg_info\n'}
[3.563389] (pyrobosim_msgs) StdoutLine: {'line': b'creating pyrobosim_msgs.egg-info\n'}
[3.570683] (pyrobosim_msgs) StdoutLine: {'line': b'writing pyrobosim_msgs.egg-info/PKG-INFO\n'}
[3.570863] (pyrobosim_msgs) StdoutLine: {'line': b'writing dependency_links to pyrobosim_msgs.egg-info/dependency_links.txt\n'}
[3.570968] (pyrobosim_msgs) StdoutLine: {'line': b'writing top-level names to pyrobosim_msgs.egg-info/top_level.txt\n'}
[3.571031] (pyrobosim_msgs) StdoutLine: {'line': b"writing manifest file 'pyrobosim_msgs.egg-info/SOURCES.txt'\n"}
[3.590918] (pyrobosim_msgs) StdoutLine: {'line': b"reading manifest file 'pyrobosim_msgs.egg-info/SOURCES.txt'\n"}
[3.591219] (pyrobosim_msgs) StdoutLine: {'line': b"writing manifest file 'pyrobosim_msgs.egg-info/SOURCES.txt'\n"}
[3.608515] (-) TimerEvent: {}
[3.609481] (pyrobosim_msgs) StdoutLine: {'line': b'[  0%] Built target ament_cmake_python_build_pyrobosim_msgs_egg\n'}
[3.610120] (behaviortree_cpp_v3) StdoutLine: {'line': b'[ 51%] \x1b[32m\x1b[1mLinking CXX shared library bin/libmovebase_node_dyn.so\x1b[0m\n'}
[3.658269] (behaviortree_cpp_v3) StdoutLine: {'line': b'[ 52%] \x1b[32m\x1b[1mLinking CXX shared library bin/libdummy_nodes_dyn.so\x1b[0m\n'}
[3.667879] (behaviortree_cpp_v3) StdoutLine: {'line': b'[ 52%] Built target movebase_node_dyn\n'}
[3.708597] (-) TimerEvent: {}
[3.716091] (behaviortree_cpp_v3) StdoutLine: {'line': b'[ 52%] Built target dummy_nodes_dyn\n'}
[3.737442] (behaviortree_cpp_v3) StdoutLine: {'line': b'[ 53%] \x1b[32m\x1b[1mLinking CXX shared library bin/libcrossdoor_nodes_dyn.so\x1b[0m\n'}
[3.799901] (behaviortree_cpp_v3) StdoutLine: {'line': b'[ 53%] Built target crossdoor_nodes_dyn\n'}
[3.808681] (-) TimerEvent: {}
[3.813768] (behaviortree_cpp_v3) StdoutLine: {'line': b'[ 54%] \x1b[32m\x1b[1mLinking CXX executable t01_first_tree_dynamic\x1b[0m\n'}
[3.877931] (behaviortree_cpp_v3) StdoutLine: {'line': b'[ 55%] \x1b[32m\x1b[1mLinking CXX executable bt3_plugin_manifest\x1b[0m\n'}
[3.878122] (behaviortree_cpp_v3) StdoutLine: {'line': b'[ 55%] Built target t01_first_tree_dynamic\n'}
[3.879242] (btcpp_ros2_interfaces) StdoutLine: {'line': b'[  4%] Built target btcpp_ros2_interfaces__cpp\n'}
[3.899551] (btcpp_ros2_interfaces) StdoutLine: {'line': b'[  6%] \x1b[32mBuilding C object CMakeFiles/btcpp_ros2_interfaces__rosidl_generator_c.dir/rosidl_generator_c/btcpp_ros2_interfaces/action/detail/sleep__functions.c.o\x1b[0m\n'}
[3.899779] (btcpp_ros2_interfaces) StdoutLine: {'line': b'[  9%] \x1b[32mBuilding C object CMakeFiles/btcpp_ros2_interfaces__rosidl_generator_c.dir/rosidl_generator_c/btcpp_ros2_interfaces/action/detail/sleep__description.c.o\x1b[0m\n'}
[3.899848] (btcpp_ros2_interfaces) StdoutLine: {'line': b'[  9%] \x1b[32mBuilding C object CMakeFiles/btcpp_ros2_interfaces__rosidl_generator_c.dir/rosidl_generator_c/btcpp_ros2_interfaces/msg/detail/node_status__description.c.o\x1b[0m\n'}
[3.899896] (btcpp_ros2_interfaces) StdoutLine: {'line': b'[ 10%] \x1b[32mBuilding C object CMakeFiles/btcpp_ros2_interfaces__rosidl_generator_c.dir/rosidl_generator_c/btcpp_ros2_interfaces/action/detail/execute_tree__description.c.o\x1b[0m\n'}
[3.899979] (btcpp_ros2_interfaces) StdoutLine: {'line': b'[ 12%] \x1b[32mBuilding C object CMakeFiles/btcpp_ros2_interfaces__rosidl_generator_c.dir/rosidl_generator_c/btcpp_ros2_interfaces/action/detail/execute_tree__type_support.c.o\x1b[0m\n'}
[3.900367] (btcpp_ros2_interfaces) StdoutLine: {'line': b'[ 15%] \x1b[32mBuilding C object CMakeFiles/btcpp_ros2_interfaces__rosidl_generator_c.dir/rosidl_generator_c/btcpp_ros2_interfaces/action/detail/sleep__type_support.c.o\x1b[0m\n'}
[3.900477] (btcpp_ros2_interfaces) StdoutLine: {'line': b'[ 15%] \x1b[32mBuilding C object CMakeFiles/btcpp_ros2_interfaces__rosidl_generator_c.dir/rosidl_generator_c/btcpp_ros2_interfaces/msg/detail/node_status__functions.c.o\x1b[0m\n'}
[3.900575] (btcpp_ros2_interfaces) StdoutLine: {'line': b'[ 18%] \x1b[32mBuilding C object CMakeFiles/btcpp_ros2_interfaces__rosidl_generator_c.dir/rosidl_generator_c/btcpp_ros2_interfaces/msg/detail/node_status__type_support.c.o\x1b[0m\n'}
[3.900668] (btcpp_ros2_interfaces) StdoutLine: {'line': b'[ 18%] \x1b[32mBuilding C object CMakeFiles/btcpp_ros2_interfaces__rosidl_generator_c.dir/rosidl_generator_c/btcpp_ros2_interfaces/srv/detail/get_trees__description.c.o\x1b[0m\n'}
[3.900735] (btcpp_ros2_interfaces) StdoutLine: {'line': b'[ 20%] \x1b[32mBuilding C object CMakeFiles/btcpp_ros2_interfaces__rosidl_generator_c.dir/rosidl_generator_c/btcpp_ros2_interfaces/srv/detail/get_trees__functions.c.o\x1b[0m\n'}
[3.901058] (btcpp_ros2_interfaces) StdoutLine: {'line': b'[ 21%] \x1b[32mBuilding C object CMakeFiles/btcpp_ros2_interfaces__rosidl_generator_c.dir/rosidl_generator_c/btcpp_ros2_interfaces/srv/detail/get_trees__type_support.c.o\x1b[0m\n'}
[3.901185] (btcpp_ros2_interfaces) StdoutLine: {'line': b'[ 23%] \x1b[32mBuilding C object CMakeFiles/btcpp_ros2_interfaces__rosidl_generator_c.dir/rosidl_generator_c/btcpp_ros2_interfaces/action/detail/execute_tree__functions.c.o\x1b[0m\n'}
[3.908775] (-) TimerEvent: {}
[3.948304] (behaviortree_cpp_v3) StdoutLine: {'line': b'[ 55%] Built target bt3_plugin_manifest\n'}
[3.951789] (behaviortree_cpp_v3) StdoutLine: {'line': b'[ 56%] \x1b[32m\x1b[1mLinking CXX static library lib/libbt_sample_nodes.a\x1b[0m\n'}
[3.980872] (behaviortree_cpp_v3) StdoutLine: {'line': b'[ 56%] Built target bt_sample_nodes\n'}
[3.995801] (behaviortree_cpp_v3) StdoutLine: {'line': b'[ 57%] \x1b[32mBuilding CXX object examples/CMakeFiles/t02_basic_ports.dir/t02_basic_ports.cpp.o\x1b[0m\n'}
[3.996879] (behaviortree_cpp_v3) StdoutLine: {'line': b'[ 58%] \x1b[32mBuilding CXX object examples/CMakeFiles/t07_load_multiple_xml.dir/t07_load_multiple_xml.cpp.o\x1b[0m\n'}
[3.997358] (behaviortree_cpp_v3) StdoutLine: {'line': b'[ 59%] \x1b[32mBuilding CXX object examples/CMakeFiles/t01_first_tree_static.dir/t01_build_your_first_tree.cpp.o\x1b[0m\n'}
[3.997576] (behaviortree_cpp_v3) StdoutLine: {'line': b'[ 60%] \x1b[32mBuilding CXX object examples/CMakeFiles/t04_reactive_sequence.dir/t04_reactive_sequence.cpp.o\x1b[0m\n'}
[3.997678] (behaviortree_cpp_v3) StdoutLine: {'line': b'[ 61%] \x1b[32mBuilding CXX object examples/CMakeFiles/t03_generic_ports.dir/t03_generic_ports.cpp.o\x1b[0m\n'}
[3.997792] (behaviortree_cpp_v3) StdoutLine: {'line': b'[ 62%] \x1b[32mBuilding CXX object tests/CMakeFiles/behaviortree_cpp_v3_test.dir/gtest_tree.cpp.o\x1b[0m\n'}
[3.998775] (behaviortree_cpp_v3) StdoutLine: {'line': b'[ 63%] \x1b[32mBuilding CXX object examples/CMakeFiles/t06_subtree_port_remapping.dir/t06_subtree_port_remapping.cpp.o\x1b[0m\n'}
[3.999213] (behaviortree_cpp_v3) StdoutLine: {'line': b'[ 64%] \x1b[32mBuilding CXX object examples/CMakeFiles/ex01_wrap_legacy.dir/ex01_wrap_legacy.cpp.o\x1b[0m\n'}
[3.999328] (behaviortree_cpp_v3) StdoutLine: {'line': b'[ 65%] \x1b[32mBuilding CXX object tests/CMakeFiles/behaviortree_cpp_v3_test.dir/src/action_test_node.cpp.o\x1b[0m\n'}
[4.001115] (behaviortree_cpp_v3) StdoutLine: {'line': b'[ 67%] \x1b[32mBuilding CXX object examples/CMakeFiles/t08_additional_node_args.dir/t08_additional_node_args.cpp.o\x1b[0m\n'}
[4.001655] (behaviortree_cpp_v3) StdoutLine: {'line': b'[ 68%] \x1b[32mBuilding CXX object tests/CMakeFiles/behaviortree_cpp_v3_test.dir/gtest_fallback.cpp.o\x1b[0m\n'}
[4.002326] (behaviortree_cpp_v3) StdoutLine: {'line': b'[ 70%] \x1b[32mBuilding CXX object examples/CMakeFiles/ex04_waypoints.dir/ex04_waypoints.cpp.o\x1b[0m\n'}
[4.002649] (behaviortree_cpp_v3) StdoutLine: {'line': b'[ 71%] \x1b[32mBuilding CXX object tests/CMakeFiles/behaviortree_cpp_v3_test.dir/gtest_factory.cpp.o\x1b[0m\n'}
[4.002726] (behaviortree_cpp_v3) StdoutLine: {'line': b'[ 71%] \x1b[32mBuilding CXX object tests/CMakeFiles/behaviortree_cpp_v3_test.dir/gtest_decorator.cpp.o\x1b[0m\n'}
[4.002761] (behaviortree_cpp_v3) StdoutLine: {'line': b'[ 72%] \x1b[32mBuilding CXX object examples/CMakeFiles/t05_crossdoor.dir/t05_crossdoor.cpp.o\x1b[0m\n'}
[4.002830] (behaviortree_cpp_v3) StdoutLine: {'line': b'[ 73%] \x1b[32mBuilding CXX object examples/CMakeFiles/ex03_ncurses_manual_selector.dir/ex03_ncurses_manual_selector.cpp.o\x1b[0m\n'}
[4.003994] (behaviortree_cpp_v3) StdoutLine: {'line': b'[ 74%] \x1b[32mBuilding CXX object tests/CMakeFiles/behaviortree_cpp_v3_test.dir/src/condition_test_node.cpp.o\x1b[0m\n'}
[4.004761] (behaviortree_cpp_v3) StdoutLine: {'line': b'[ 75%] \x1b[32mBuilding CXX object examples/CMakeFiles/ex02_runtime_ports.dir/ex02_runtime_ports.cpp.o\x1b[0m\n'}
[4.004960] (behaviortree_cpp_v3) StdoutLine: {'line': b'[ 77%] \x1b[32mBuilding CXX object tests/CMakeFiles/behaviortree_cpp_v3_test.dir/gtest_sequence.cpp.o\x1b[0m\n'}
[4.006411] (behaviortree_cpp_v3) StdoutLine: {'line': b'[ 77%] \x1b[32mBuilding CXX object tests/CMakeFiles/behaviortree_cpp_v3_test.dir/gtest_parallel.cpp.o\x1b[0m\n'}
[4.008871] (-) TimerEvent: {}
[4.014693] (pyrobosim_msgs) StdoutLine: {'line': b'[  0%] Built target pyrobosim_msgs__rosidl_generator_type_description\n'}
[4.022283] (btcpp_ros2_interfaces) StdoutLine: {'line': b'[ 25%] \x1b[32m\x1b[1mLinking C shared library libbtcpp_ros2_interfaces__rosidl_generator_c.so\x1b[0m\n'}
[4.045712] (pyrobosim_msgs) StdoutLine: {'line': b'[  1%] \x1b[34m\x1b[1mGenerating C code for ROS interfaces\x1b[0m\n'}
[4.050838] (pyrobosim_msgs) StdoutLine: {'line': b'[  1%] \x1b[34m\x1b[1mGenerating C++ code for ROS interfaces\x1b[0m\n'}
[4.087050] (btcpp_ros2_interfaces) StdoutLine: {'line': b'[ 25%] Built target btcpp_ros2_interfaces__rosidl_generator_c\n'}
[4.107669] (btcpp_ros2_interfaces) StdoutLine: {'line': b'[ 28%] \x1b[34m\x1b[1mGenerating C++ type support dispatch for ROS interfaces\x1b[0m\n'}
[4.108661] (btcpp_ros2_interfaces) StdoutLine: {'line': b'[ 29%] \x1b[34m\x1b[1mGenerating C type support for eProsima Fast-RTPS\x1b[0m\n'}
[4.109273] (-) TimerEvent: {}
[4.109890] (btcpp_ros2_interfaces) StdoutLine: {'line': b'[ 29%] \x1b[34m\x1b[1mGenerating C introspection for ROS interfaces\x1b[0m\n'}
[4.111490] (btcpp_ros2_interfaces) StdoutLine: {'line': b'[ 31%] \x1b[34m\x1b[1mGenerating C type support dispatch for ROS interfaces\x1b[0m\n'}
[4.113325] (btcpp_ros2_interfaces) StdoutLine: {'line': b'[ 32%] \x1b[34m\x1b[1mGenerating C++ type support for eProsima Fast-RTPS\x1b[0m\n'}
[4.119338] (btcpp_ros2_interfaces) StdoutLine: {'line': b'[ 34%] \x1b[34m\x1b[1mGenerating C++ introspection for ROS interfaces\x1b[0m\n'}
[4.209382] (-) TimerEvent: {}
[4.311657] (-) TimerEvent: {}
[4.412007] (-) TimerEvent: {}
[4.512272] (-) TimerEvent: {}
[4.614665] (-) TimerEvent: {}
[4.717653] (-) TimerEvent: {}
[4.818072] (-) TimerEvent: {}
[4.905984] (btcpp_ros2_interfaces) StdoutLine: {'line': b'[ 35%] \x1b[32mBuilding CXX object CMakeFiles/btcpp_ros2_interfaces__rosidl_typesupport_cpp.dir/rosidl_typesupport_cpp/btcpp_ros2_interfaces/msg/node_status__type_support.cpp.o\x1b[0m\n'}
[4.911684] (btcpp_ros2_interfaces) StdoutLine: {'line': b'[ 39%] \x1b[32mBuilding CXX object CMakeFiles/btcpp_ros2_interfaces__rosidl_typesupport_cpp.dir/rosidl_typesupport_cpp/btcpp_ros2_interfaces/action/execute_tree__type_support.cpp.o\x1b[0m\n'}
[4.912282] (btcpp_ros2_interfaces) StdoutLine: {'line': b'[ 40%] \x1b[32mBuilding CXX object CMakeFiles/btcpp_ros2_interfaces__rosidl_typesupport_cpp.dir/rosidl_typesupport_cpp/btcpp_ros2_interfaces/action/sleep__type_support.cpp.o\x1b[0m\n'}
[4.912883] (btcpp_ros2_interfaces) StdoutLine: {'line': b'[ 40%] \x1b[32mBuilding CXX object CMakeFiles/btcpp_ros2_interfaces__rosidl_typesupport_cpp.dir/rosidl_typesupport_cpp/btcpp_ros2_interfaces/srv/get_trees__type_support.cpp.o\x1b[0m\n'}
[4.918164] (-) TimerEvent: {}
[5.018453] (-) TimerEvent: {}
[5.078393] (behaviortree_cpp_v3) StdoutLine: {'line': b'[ 78%] \x1b[32mBuilding CXX object tests/CMakeFiles/behaviortree_cpp_v3_test.dir/gtest_blackboard_precondition.cpp.o\x1b[0m\n'}
[5.083674] (behaviortree_cpp_v3) StdoutLine: {'line': b'[ 79%] \x1b[32mBuilding CXX object tests/CMakeFiles/behaviortree_cpp_v3_test.dir/gtest_blackboard.cpp.o\x1b[0m\n'}
[5.118551] (-) TimerEvent: {}
[5.145165] (btcpp_ros2_interfaces) StdoutLine: {'line': b'[ 42%] \x1b[32mBuilding CXX object CMakeFiles/btcpp_ros2_interfaces__rosidl_typesupport_c.dir/rosidl_typesupport_c/btcpp_ros2_interfaces/msg/node_status__type_support.cpp.o\x1b[0m\n'}
[5.151668] (btcpp_ros2_interfaces) StdoutLine: {'line': b'[ 43%] \x1b[32mBuilding CXX object CMakeFiles/btcpp_ros2_interfaces__rosidl_typesupport_c.dir/rosidl_typesupport_c/btcpp_ros2_interfaces/srv/get_trees__type_support.cpp.o\x1b[0m\n'}
[5.151926] (btcpp_ros2_interfaces) StdoutLine: {'line': b'[ 45%] \x1b[32mBuilding CXX object CMakeFiles/btcpp_ros2_interfaces__rosidl_typesupport_c.dir/rosidl_typesupport_c/btcpp_ros2_interfaces/action/execute_tree__type_support.cpp.o\x1b[0m\n'}
[5.158947] (btcpp_ros2_interfaces) StdoutLine: {'line': b'[ 46%] \x1b[32mBuilding CXX object CMakeFiles/btcpp_ros2_interfaces__rosidl_typesupport_c.dir/rosidl_typesupport_c/btcpp_ros2_interfaces/action/sleep__type_support.cpp.o\x1b[0m\n'}
[5.222660] (-) TimerEvent: {}
[5.238213] (btcpp_ros2_interfaces) StdoutLine: {'line': b'[ 50%] \x1b[32mBuilding C object CMakeFiles/btcpp_ros2_interfaces__rosidl_typesupport_introspection_c.dir/rosidl_typesupport_introspection_c/btcpp_ros2_interfaces/msg/detail/node_status__type_support.c.o\x1b[0m\n'}
[5.242322] (btcpp_ros2_interfaces) StdoutLine: {'line': b'[ 53%] \x1b[32mBuilding C object CMakeFiles/btcpp_ros2_interfaces__rosidl_typesupport_introspection_c.dir/rosidl_typesupport_introspection_c/btcpp_ros2_interfaces/action/detail/execute_tree__type_support.c.o\x1b[0m\n'}
[5.242998] (btcpp_ros2_interfaces) StdoutLine: {'line': b'[ 53%] \x1b[32mBuilding C object CMakeFiles/btcpp_ros2_interfaces__rosidl_typesupport_introspection_c.dir/rosidl_typesupport_introspection_c/btcpp_ros2_interfaces/action/detail/sleep__type_support.c.o\x1b[0m\n'}
[5.243548] (btcpp_ros2_interfaces) StdoutLine: {'line': b'[ 53%] \x1b[32mBuilding C object CMakeFiles/btcpp_ros2_interfaces__rosidl_typesupport_introspection_c.dir/rosidl_typesupport_introspection_c/btcpp_ros2_interfaces/srv/detail/get_trees__type_support.c.o\x1b[0m\n'}
[5.268998] (behaviortree_cpp_v3) StdoutLine: {'line': b'[ 80%] \x1b[32m\x1b[1mLinking CXX executable t05_crossdoor\x1b[0m\n'}
[5.282685] (btcpp_ros2_interfaces) StdoutLine: {'line': b'[ 54%] \x1b[32m\x1b[1mLinking CXX shared library libbtcpp_ros2_interfaces__rosidl_typesupport_c.so\x1b[0m\n'}
[5.322747] (-) TimerEvent: {}
[5.367979] (btcpp_ros2_interfaces) StdoutLine: {'line': b'[ 54%] Built target btcpp_ros2_interfaces__rosidl_typesupport_c\n'}
[5.369449] (btcpp_ros2_interfaces) StdoutLine: {'line': b'[ 56%] \x1b[32m\x1b[1mLinking C shared library libbtcpp_ros2_interfaces__rosidl_typesupport_introspection_c.so\x1b[0m\n'}
[5.422840] (-) TimerEvent: {}
[5.426636] (btcpp_ros2_interfaces) StdoutLine: {'line': b'[ 56%] Built target btcpp_ros2_interfaces__rosidl_typesupport_introspection_c\n'}
[5.473947] (behaviortree_cpp_v3) StdoutLine: {'line': b'[ 80%] Built target t05_crossdoor\n'}
[5.480974] (behaviortree_cpp_v3) StdoutLine: {'line': b'[ 81%] \x1b[32mBuilding CXX object tests/CMakeFiles/behaviortree_cpp_v3_test.dir/gtest_ports.cpp.o\x1b[0m\n'}
[5.489214] (behaviortree_cpp_v3) StdoutLine: {'line': b'[ 82%] \x1b[32mBuilding CXX object tests/CMakeFiles/behaviortree_cpp_v3_test.dir/gtest_reactive.cpp.o\x1b[0m\n'}
[5.522941] (-) TimerEvent: {}
[5.569255] (btcpp_ros2_interfaces) StdoutLine: {'line': b'[ 57%] \x1b[32mBuilding CXX object CMakeFiles/btcpp_ros2_interfaces__rosidl_typesupport_introspection_cpp.dir/rosidl_typesupport_introspection_cpp/btcpp_ros2_interfaces/action/detail/execute_tree__type_support.cpp.o\x1b[0m\n'}
[5.574690] (btcpp_ros2_interfaces) StdoutLine: {'line': b'[ 59%] \x1b[32mBuilding CXX object CMakeFiles/btcpp_ros2_interfaces__rosidl_typesupport_introspection_cpp.dir/rosidl_typesupport_introspection_cpp/btcpp_ros2_interfaces/srv/detail/get_trees__type_support.cpp.o\x1b[0m\n'}
[5.574888] (btcpp_ros2_interfaces) StdoutLine: {'line': b'[ 62%] \x1b[32mBuilding CXX object CMakeFiles/btcpp_ros2_interfaces__rosidl_typesupport_introspection_cpp.dir/rosidl_typesupport_introspection_cpp/btcpp_ros2_interfaces/action/detail/sleep__type_support.cpp.o\x1b[0m\n'}
[5.574991] (btcpp_ros2_interfaces) StdoutLine: {'line': b'[ 62%] \x1b[32mBuilding CXX object CMakeFiles/btcpp_ros2_interfaces__rosidl_typesupport_introspection_cpp.dir/rosidl_typesupport_introspection_cpp/btcpp_ros2_interfaces/msg/detail/node_status__type_support.cpp.o\x1b[0m\n'}
[5.575123] (behaviortree_cpp_v3) StdoutLine: {'line': b'[ 83%] \x1b[32m\x1b[1mLinking CXX executable t01_first_tree_static\x1b[0m\n'}
[5.623035] (-) TimerEvent: {}
[5.630953] (behaviortree_cpp_v3) StdoutLine: {'line': b'[ 84%] \x1b[32m\x1b[1mLinking CXX executable t07_load_multiple_xml\x1b[0m\n'}
[5.648779] (behaviortree_cpp_v3) StdoutLine: {'line': b'[ 85%] \x1b[32m\x1b[1mLinking CXX executable t08_additional_node_args\x1b[0m\n'}
[5.723168] (-) TimerEvent: {}
[5.734279] (behaviortree_cpp_v3) StdoutLine: {'line': b'[ 86%] \x1b[32m\x1b[1mLinking CXX executable t04_reactive_sequence\x1b[0m\n'}
[5.754095] (behaviortree_cpp_v3) StdoutLine: {'line': b'[ 87%] \x1b[32mBuilding CXX object tests/CMakeFiles/behaviortree_cpp_v3_test.dir/navigation_test.cpp.o\x1b[0m\n'}
[5.770714] (behaviortree_cpp_v3) StdoutLine: {'line': b'[ 88%] \x1b[32m\x1b[1mLinking CXX executable ex03_ncurses_manual_selector\x1b[0m\n'}
[5.794121] (behaviortree_cpp_v3) StdoutLine: {'line': b'[ 89%] \x1b[32m\x1b[1mLinking CXX executable ex04_waypoints\x1b[0m\n'}
[5.798753] (btcpp_ros2_interfaces) StdoutLine: {'line': b'[ 64%] \x1b[32mBuilding CXX object CMakeFiles/btcpp_ros2_interfaces__rosidl_typesupport_fastrtps_c.dir/rosidl_typesupport_fastrtps_c/btcpp_ros2_interfaces/msg/detail/node_status__type_support_c.cpp.o\x1b[0m\n'}
[5.804725] (btcpp_ros2_interfaces) StdoutLine: {'line': b'[ 65%] \x1b[32mBuilding CXX object CMakeFiles/btcpp_ros2_interfaces__rosidl_typesupport_fastrtps_c.dir/rosidl_typesupport_fastrtps_c/btcpp_ros2_interfaces/srv/detail/get_trees__type_support_c.cpp.o\x1b[0m\n'}
[5.813739] (btcpp_ros2_interfaces) StdoutLine: {'line': b'[ 67%] \x1b[32mBuilding CXX object CMakeFiles/btcpp_ros2_interfaces__rosidl_typesupport_fastrtps_c.dir/rosidl_typesupport_fastrtps_c/btcpp_ros2_interfaces/action/detail/execute_tree__type_support_c.cpp.o\x1b[0m\n'}
[5.813945] (btcpp_ros2_interfaces) StdoutLine: {'line': b'[ 68%] \x1b[32mBuilding CXX object CMakeFiles/btcpp_ros2_interfaces__rosidl_typesupport_fastrtps_c.dir/rosidl_typesupport_fastrtps_c/btcpp_ros2_interfaces/action/detail/sleep__type_support_c.cpp.o\x1b[0m\n'}
[5.823699] (btcpp_ros2_interfaces) StdoutLine: {'line': b'[ 70%] \x1b[32mBuilding CXX object CMakeFiles/btcpp_ros2_interfaces__rosidl_typesupport_fastrtps_cpp.dir/rosidl_typesupport_fastrtps_cpp/btcpp_ros2_interfaces/msg/detail/dds_fastrtps/node_status__type_support.cpp.o\x1b[0m\n'}
[5.823917] (-) TimerEvent: {}
[5.824872] (btcpp_ros2_interfaces) StdoutLine: {'line': b'[ 71%] \x1b[32mBuilding CXX object CMakeFiles/btcpp_ros2_interfaces__rosidl_typesupport_fastrtps_cpp.dir/rosidl_typesupport_fastrtps_cpp/btcpp_ros2_interfaces/srv/detail/dds_fastrtps/get_trees__type_support.cpp.o\x1b[0m\n'}
[5.826162] (btcpp_ros2_interfaces) StdoutLine: {'line': b'[ 73%] \x1b[32mBuilding CXX object CMakeFiles/btcpp_ros2_interfaces__rosidl_typesupport_fastrtps_cpp.dir/rosidl_typesupport_fastrtps_cpp/btcpp_ros2_interfaces/action/detail/dds_fastrtps/execute_tree__type_support.cpp.o\x1b[0m\n'}
[5.829489] (btcpp_ros2_interfaces) StdoutLine: {'line': b'[ 75%] \x1b[32mBuilding CXX object CMakeFiles/btcpp_ros2_interfaces__rosidl_typesupport_fastrtps_cpp.dir/rosidl_typesupport_fastrtps_cpp/btcpp_ros2_interfaces/action/detail/dds_fastrtps/sleep__type_support.cpp.o\x1b[0m\n'}
[5.882662] (behaviortree_cpp_v3) StdoutLine: {'line': b'[ 89%] Built target t01_first_tree_static\n'}
[5.895708] (behaviortree_cpp_v3) StdoutLine: {'line': b'[ 90%] \x1b[32mBuilding CXX object tests/CMakeFiles/behaviortree_cpp_v3_test.dir/gtest_subtree.cpp.o\x1b[0m\n'}
[5.896801] (behaviortree_cpp_v3) StdoutLine: {'line': b'[ 90%] Built target t08_additional_node_args\n'}
[5.909747] (behaviortree_cpp_v3) StdoutLine: {'line': b'[ 91%] \x1b[32mBuilding CXX object tests/CMakeFiles/behaviortree_cpp_v3_test.dir/gtest_switch.cpp.o\x1b[0m\n'}
[5.918175] (behaviortree_cpp_v3) StdoutLine: {'line': b'[ 91%] Built target t07_load_multiple_xml\n'}
[5.924022] (-) TimerEvent: {}
[5.933550] (behaviortree_cpp_v3) StdoutLine: {'line': b'[ 92%] \x1b[32mBuilding CXX object tests/CMakeFiles/behaviortree_cpp_v3_test.dir/gtest_wakeup.cpp.o\x1b[0m\n'}
[6.024121] (-) TimerEvent: {}
[6.043367] (behaviortree_cpp_v3) StdoutLine: {'line': b'[ 93%] \x1b[32mBuilding CXX object tests/CMakeFiles/behaviortree_cpp_v3_test.dir/gtest_logger_zmq.cpp.o\x1b[0m\n'}
[6.060957] (behaviortree_cpp_v3) StdoutLine: {'line': b'[ 93%] Built target ex03_ncurses_manual_selector\n'}
[6.064189] (behaviortree_cpp_v3) StdoutLine: {'line': b'[ 94%] \x1b[32m\x1b[1mLinking CXX executable t06_subtree_port_remapping\x1b[0m\n'}
[6.122840] (behaviortree_cpp_v3) StdoutLine: {'line': b'[ 95%] \x1b[32m\x1b[1mLinking CXX executable ex01_wrap_legacy\x1b[0m\n'}
[6.123677] (behaviortree_cpp_v3) StdoutLine: {'line': b'[ 96%] \x1b[32m\x1b[1mLinking CXX executable t03_generic_ports\x1b[0m\n'}
[6.124264] (-) TimerEvent: {}
[6.173499] (behaviortree_cpp_v3) StdoutLine: {'line': b'[ 96%] Built target t04_reactive_sequence\n'}
[6.224371] (-) TimerEvent: {}
[6.242678] (behaviortree_cpp_v3) StdoutLine: {'line': b'[ 96%] Built target ex04_waypoints\n'}
[6.250401] (behaviortree_cpp_v3) StdoutLine: {'line': b'[ 96%] Built target t06_subtree_port_remapping\n'}
[6.265778] (btcpp_ros2_interfaces) StdoutLine: {'line': b'[ 76%] \x1b[32m\x1b[1mLinking CXX shared library libbtcpp_ros2_interfaces__rosidl_typesupport_cpp.so\x1b[0m\n'}
[6.325653] (-) TimerEvent: {}
[6.326433] (behaviortree_cpp_v3) StdoutLine: {'line': b'[ 96%] Built target ex01_wrap_legacy\n'}
[6.355116] (behaviortree_cpp_v3) StdoutLine: {'line': b'[ 96%] Built target t03_generic_ports\n'}
[6.361703] (behaviortree_cpp_v3) StdoutLine: {'line': b'[ 97%] \x1b[32m\x1b[1mLinking CXX executable ex02_runtime_ports\x1b[0m\n'}
[6.411116] (btcpp_ros2_interfaces) StdoutLine: {'line': b'[ 76%] Built target btcpp_ros2_interfaces__rosidl_typesupport_cpp\n'}
[6.425749] (-) TimerEvent: {}
[6.526028] (-) TimerEvent: {}
[6.596724] (behaviortree_cpp_v3) StdoutLine: {'line': b'[ 98%] \x1b[32m\x1b[1mLinking CXX executable t02_basic_ports\x1b[0m\n'}
[6.604628] (behaviortree_cpp_v3) StdoutLine: {'line': b'[ 98%] Built target ex02_runtime_ports\n'}
[6.626136] (-) TimerEvent: {}
[6.675743] (btcpp_ros2_interfaces) StdoutLine: {'line': b'[ 78%] \x1b[32m\x1b[1mLinking CXX shared library libbtcpp_ros2_interfaces__rosidl_typesupport_introspection_cpp.so\x1b[0m\n'}
[6.725657] (behaviortree_cpp_v3) StdoutLine: {'line': b'[ 98%] Built target t02_basic_ports\n'}
[6.726209] (-) TimerEvent: {}
[6.732192] (btcpp_ros2_interfaces) StdoutLine: {'line': b'[ 79%] \x1b[32m\x1b[1mLinking CXX shared library libbtcpp_ros2_interfaces__rosidl_typesupport_fastrtps_c.so\x1b[0m\n'}
[6.763018] (btcpp_ros2_interfaces) StdoutLine: {'line': b'[ 79%] Built target btcpp_ros2_interfaces__rosidl_typesupport_introspection_cpp\n'}
[6.785146] (btcpp_ros2_interfaces) StdoutLine: {'line': b'[ 79%] Built target btcpp_ros2_interfaces__rosidl_typesupport_fastrtps_c\n'}
[6.826304] (-) TimerEvent: {}
[6.926582] (-) TimerEvent: {}
[7.014465] (pyrobosim_msgs) StdoutLine: {'line': b'[  1%] Built target pyrobosim_msgs__cpp\n'}
[7.026765] (-) TimerEvent: {}
[7.127016] (-) TimerEvent: {}
[7.183389] (btcpp_ros2_interfaces) StdoutLine: {'line': b'[ 81%] \x1b[32m\x1b[1mLinking CXX shared library libbtcpp_ros2_interfaces__rosidl_typesupport_fastrtps_cpp.so\x1b[0m\n'}
[7.227114] (-) TimerEvent: {}
[7.239984] (btcpp_ros2_interfaces) StdoutLine: {'line': b'[ 81%] Built target btcpp_ros2_interfaces__rosidl_typesupport_fastrtps_cpp\n'}
[7.252134] (btcpp_ros2_interfaces) StdoutLine: {'line': b'[ 81%] Built target btcpp_ros2_interfaces\n'}
[7.267878] (btcpp_ros2_interfaces) StdoutLine: {'line': b'[ 82%] \x1b[34m\x1b[1mGenerating Python code for ROS interfaces\x1b[0m\n'}
[7.327197] (-) TimerEvent: {}
[7.427422] (-) TimerEvent: {}
[7.483423] (pyrobosim_msgs) StdoutLine: {'line': b'[  3%] \x1b[32mBuilding C object CMakeFiles/pyrobosim_msgs__rosidl_generator_c.dir/rosidl_generator_c/pyrobosim_msgs/msg/detail/goal_specification__description.c.o\x1b[0m\n'}
[7.484365] (pyrobosim_msgs) StdoutLine: {'line': b'[  3%] \x1b[32mBuilding C object CMakeFiles/pyrobosim_msgs__rosidl_generator_c.dir/rosidl_generator_c/pyrobosim_msgs/msg/detail/goal_predicate__functions.c.o\x1b[0m\n'}
[7.484558] (pyrobosim_msgs) StdoutLine: {'line': b'[  3%] \x1b[32mBuilding C object CMakeFiles/pyrobosim_msgs__rosidl_generator_c.dir/rosidl_generator_c/pyrobosim_msgs/msg/detail/execution_result__description.c.o\x1b[0m\n'}
[7.484632] (pyrobosim_msgs) StdoutLine: {'line': b'[  4%] \x1b[32mBuilding C object CMakeFiles/pyrobosim_msgs__rosidl_generator_c.dir/rosidl_generator_c/pyrobosim_msgs/msg/detail/execution_result__functions.c.o\x1b[0m\n'}
[7.484875] (pyrobosim_msgs) StdoutLine: {'line': b'[  5%] \x1b[32mBuilding C object CMakeFiles/pyrobosim_msgs__rosidl_generator_c.dir/rosidl_generator_c/pyrobosim_msgs/msg/detail/goal_specification__type_support.c.o\x1b[0m\n'}
[7.484934] (pyrobosim_msgs) StdoutLine: {'line': b'[  5%] \x1b[32mBuilding C object CMakeFiles/pyrobosim_msgs__rosidl_generator_c.dir/rosidl_generator_c/pyrobosim_msgs/msg/detail/goal_predicate__description.c.o\x1b[0m\n'}
[7.484989] (pyrobosim_msgs) StdoutLine: {'line': b'[  6%] \x1b[32mBuilding C object CMakeFiles/pyrobosim_msgs__rosidl_generator_c.dir/rosidl_generator_c/pyrobosim_msgs/msg/detail/hallway_state__description.c.o\x1b[0m\n'}
[7.485040] (pyrobosim_msgs) StdoutLine: {'line': b'[  6%] \x1b[32mBuilding C object CMakeFiles/pyrobosim_msgs__rosidl_generator_c.dir/rosidl_generator_c/pyrobosim_msgs/msg/detail/hallway_state__type_support.c.o\x1b[0m\n'}
[7.485091] (pyrobosim_msgs) StdoutLine: {'line': b'[  7%] \x1b[32mBuilding C object CMakeFiles/pyrobosim_msgs__rosidl_generator_c.dir/rosidl_generator_c/pyrobosim_msgs/msg/detail/location_state__functions.c.o\x1b[0m\n'}
[7.485140] (pyrobosim_msgs) StdoutLine: {'line': b'[  8%] \x1b[32mBuilding C object CMakeFiles/pyrobosim_msgs__rosidl_generator_c.dir/rosidl_generator_c/pyrobosim_msgs/msg/detail/object_state__description.c.o\x1b[0m\n'}
[7.485189] (pyrobosim_msgs) StdoutLine: {'line': b'[  8%] \x1b[32mBuilding C object CMakeFiles/pyrobosim_msgs__rosidl_generator_c.dir/rosidl_generator_c/pyrobosim_msgs/msg/detail/goal_predicate__type_support.c.o\x1b[0m\n'}
[7.485240] (pyrobosim_msgs) StdoutLine: {'line': b'[  8%] \x1b[32mBuilding C object CMakeFiles/pyrobosim_msgs__rosidl_generator_c.dir/rosidl_generator_c/pyrobosim_msgs/msg/detail/hallway_state__functions.c.o\x1b[0m\n'}
[7.485339] (pyrobosim_msgs) StdoutLine: {'line': b'[  8%] \x1b[32mBuilding C object CMakeFiles/pyrobosim_msgs__rosidl_generator_c.dir/rosidl_generator_c/pyrobosim_msgs/msg/detail/goal_specification__functions.c.o\x1b[0m\n'}
[7.485398] (pyrobosim_msgs) StdoutLine: {'line': b'[  8%] \x1b[32mBuilding C object CMakeFiles/pyrobosim_msgs__rosidl_generator_c.dir/rosidl_generator_c/pyrobosim_msgs/msg/detail/object_state__functions.c.o\x1b[0m\n'}
[7.485445] (pyrobosim_msgs) StdoutLine: {'line': b'[  8%] \x1b[32mBuilding C object CMakeFiles/pyrobosim_msgs__rosidl_generator_c.dir/rosidl_generator_c/pyrobosim_msgs/msg/detail/location_state__description.c.o\x1b[0m\n'}
[7.485492] (pyrobosim_msgs) StdoutLine: {'line': b'[  8%] \x1b[32mBuilding C object CMakeFiles/pyrobosim_msgs__rosidl_generator_c.dir/rosidl_generator_c/pyrobosim_msgs/msg/detail/object_state__type_support.c.o\x1b[0m\n'}
[7.485535] (pyrobosim_msgs) StdoutLine: {'line': b'[  8%] \x1b[32mBuilding C object CMakeFiles/pyrobosim_msgs__rosidl_generator_c.dir/rosidl_generator_c/pyrobosim_msgs/msg/detail/location_state__type_support.c.o\x1b[0m\n'}
[7.486338] (pyrobosim_msgs) StdoutLine: {'line': b'[  8%] \x1b[32mBuilding C object CMakeFiles/pyrobosim_msgs__rosidl_generator_c.dir/rosidl_generator_c/pyrobosim_msgs/msg/detail/execution_result__type_support.c.o\x1b[0m\n'}
[7.489703] (pyrobosim_msgs) StdoutLine: {'line': b'[  9%] \x1b[32mBuilding C object CMakeFiles/pyrobosim_msgs__rosidl_generator_c.dir/rosidl_generator_c/pyrobosim_msgs/msg/detail/path__description.c.o\x1b[0m\n'}
[7.489896] (pyrobosim_msgs) StdoutLine: {'line': b'[  9%] \x1b[32mBuilding C object CMakeFiles/pyrobosim_msgs__rosidl_generator_c.dir/rosidl_generator_c/pyrobosim_msgs/msg/detail/path__functions.c.o\x1b[0m\n'}
[7.516382] (pyrobosim_msgs) StdoutLine: {'line': b'[ 10%] \x1b[32mBuilding C object CMakeFiles/pyrobosim_msgs__rosidl_generator_c.dir/rosidl_generator_c/pyrobosim_msgs/msg/detail/path__type_support.c.o\x1b[0m\n'}
[7.516649] (pyrobosim_msgs) StdoutLine: {'line': b'[ 10%] \x1b[32mBuilding C object CMakeFiles/pyrobosim_msgs__rosidl_generator_c.dir/rosidl_generator_c/pyrobosim_msgs/msg/detail/robot_state__description.c.o\x1b[0m\n'}
[7.519370] (pyrobosim_msgs) StdoutLine: {'line': b'[ 10%] \x1b[32mBuilding C object CMakeFiles/pyrobosim_msgs__rosidl_generator_c.dir/rosidl_generator_c/pyrobosim_msgs/msg/detail/robot_state__type_support.c.o\x1b[0m\n'}
[7.520592] (pyrobosim_msgs) StdoutLine: {'line': b'[ 11%] \x1b[32mBuilding C object CMakeFiles/pyrobosim_msgs__rosidl_generator_c.dir/rosidl_generator_c/pyrobosim_msgs/msg/detail/robot_state__functions.c.o\x1b[0m\n'}
[7.521390] (pyrobosim_msgs) StdoutLine: {'line': b'[ 11%] \x1b[32mBuilding C object CMakeFiles/pyrobosim_msgs__rosidl_generator_c.dir/rosidl_generator_c/pyrobosim_msgs/msg/detail/task_action__description.c.o\x1b[0m\n'}
[7.523868] (pyrobosim_msgs) StdoutLine: {'line': b'[ 12%] \x1b[32mBuilding C object CMakeFiles/pyrobosim_msgs__rosidl_generator_c.dir/rosidl_generator_c/pyrobosim_msgs/msg/detail/task_action__functions.c.o\x1b[0m\n'}
[7.525202] (pyrobosim_msgs) StdoutLine: {'line': b'[ 12%] \x1b[32mBuilding C object CMakeFiles/pyrobosim_msgs__rosidl_generator_c.dir/rosidl_generator_c/pyrobosim_msgs/msg/detail/task_action__type_support.c.o\x1b[0m\n'}
[7.525658] (pyrobosim_msgs) StdoutLine: {'line': b'[ 12%] \x1b[32mBuilding C object CMakeFiles/pyrobosim_msgs__rosidl_generator_c.dir/rosidl_generator_c/pyrobosim_msgs/msg/detail/task_plan__functions.c.o\x1b[0m\n'}
[7.525843] (pyrobosim_msgs) StdoutLine: {'line': b'[ 13%] \x1b[32mBuilding C object CMakeFiles/pyrobosim_msgs__rosidl_generator_c.dir/rosidl_generator_c/pyrobosim_msgs/msg/detail/task_plan__description.c.o\x1b[0m\n'}
[7.527504] (-) TimerEvent: {}
[7.530339] (pyrobosim_msgs) StdoutLine: {'line': b'[ 13%] \x1b[32mBuilding C object CMakeFiles/pyrobosim_msgs__rosidl_generator_c.dir/rosidl_generator_c/pyrobosim_msgs/msg/detail/world_info__description.c.o\x1b[0m\n'}
[7.530584] (pyrobosim_msgs) StdoutLine: {'line': b'[ 14%] \x1b[32mBuilding C object CMakeFiles/pyrobosim_msgs__rosidl_generator_c.dir/rosidl_generator_c/pyrobosim_msgs/msg/detail/task_plan__type_support.c.o\x1b[0m\n'}
[7.534561] (pyrobosim_msgs) StdoutLine: {'line': b'[ 14%] \x1b[32mBuilding C object CMakeFiles/pyrobosim_msgs__rosidl_generator_c.dir/rosidl_generator_c/pyrobosim_msgs/msg/detail/world_info__functions.c.o\x1b[0m\n'}
[7.534761] (pyrobosim_msgs) StdoutLine: {'line': b'[ 14%] \x1b[32mBuilding C object CMakeFiles/pyrobosim_msgs__rosidl_generator_c.dir/rosidl_generator_c/pyrobosim_msgs/msg/detail/world_state__description.c.o\x1b[0m\n'}
[7.538410] (pyrobosim_msgs) StdoutLine: {'line': b'[ 15%] \x1b[32mBuilding C object CMakeFiles/pyrobosim_msgs__rosidl_generator_c.dir/rosidl_generator_c/pyrobosim_msgs/msg/detail/world_info__type_support.c.o\x1b[0m\n'}
[7.539985] (pyrobosim_msgs) StdoutLine: {'line': b'[ 16%] \x1b[32mBuilding C object CMakeFiles/pyrobosim_msgs__rosidl_generator_c.dir/rosidl_generator_c/pyrobosim_msgs/msg/detail/world_state__functions.c.o\x1b[0m\n'}
[7.544556] (pyrobosim_msgs) StdoutLine: {'line': b'[ 17%] \x1b[32mBuilding C object CMakeFiles/pyrobosim_msgs__rosidl_generator_c.dir/rosidl_generator_c/pyrobosim_msgs/srv/detail/request_world_info__description.c.o\x1b[0m\n'}
[7.544801] (pyrobosim_msgs) StdoutLine: {'line': b'[ 16%] \x1b[32mBuilding C object CMakeFiles/pyrobosim_msgs__rosidl_generator_c.dir/rosidl_generator_c/pyrobosim_msgs/srv/detail/request_world_info__type_support.c.o\x1b[0m\n'}
[7.547339] (pyrobosim_msgs) StdoutLine: {'line': b'[ 18%] \x1b[32mBuilding C object CMakeFiles/pyrobosim_msgs__rosidl_generator_c.dir/rosidl_generator_c/pyrobosim_msgs/srv/detail/request_world_state__description.c.o\x1b[0m\n'}
[7.547939] (pyrobosim_msgs) StdoutLine: {'line': b'[ 18%] \x1b[32mBuilding C object CMakeFiles/pyrobosim_msgs__rosidl_generator_c.dir/rosidl_generator_c/pyrobosim_msgs/msg/detail/world_state__type_support.c.o\x1b[0m\n'}
[7.548681] (pyrobosim_msgs) StdoutLine: {'line': b'[ 19%] \x1b[32mBuilding C object CMakeFiles/pyrobosim_msgs__rosidl_generator_c.dir/rosidl_generator_c/pyrobosim_msgs/srv/detail/request_world_state__type_support.c.o\x1b[0m\n'}
[7.549387] (pyrobosim_msgs) StdoutLine: {'line': b'[ 19%] \x1b[32mBuilding C object CMakeFiles/pyrobosim_msgs__rosidl_generator_c.dir/rosidl_generator_c/pyrobosim_msgs/srv/detail/request_world_state__functions.c.o\x1b[0m\n'}
[7.553193] (pyrobosim_msgs) StdoutLine: {'line': b'[ 19%] \x1b[32mBuilding C object CMakeFiles/pyrobosim_msgs__rosidl_generator_c.dir/rosidl_generator_c/pyrobosim_msgs/srv/detail/request_world_info__functions.c.o\x1b[0m\n'}
[7.561242] (pyrobosim_msgs) StdoutLine: {'line': b'[ 19%] \x1b[32mBuilding C object CMakeFiles/pyrobosim_msgs__rosidl_generator_c.dir/rosidl_generator_c/pyrobosim_msgs/srv/detail/reset_world__description.c.o\x1b[0m\n'}
[7.561401] (pyrobosim_msgs) StdoutLine: {'line': b'[ 19%] \x1b[32mBuilding C object CMakeFiles/pyrobosim_msgs__rosidl_generator_c.dir/rosidl_generator_c/pyrobosim_msgs/srv/detail/reset_world__type_support.c.o\x1b[0m\n'}
[7.567137] (pyrobosim_msgs) StdoutLine: {'line': b'[ 20%] \x1b[32mBuilding C object CMakeFiles/pyrobosim_msgs__rosidl_generator_c.dir/rosidl_generator_c/pyrobosim_msgs/srv/detail/set_location_state__functions.c.o\x1b[0m\n'}
[7.568796] (pyrobosim_msgs) StdoutLine: {'line': b'[ 21%] \x1b[32mBuilding C object CMakeFiles/pyrobosim_msgs__rosidl_generator_c.dir/rosidl_generator_c/pyrobosim_msgs/srv/detail/reset_world__functions.c.o\x1b[0m\n'}
[7.572501] (pyrobosim_msgs) StdoutLine: {'line': b'[ 22%] \x1b[32mBuilding C object CMakeFiles/pyrobosim_msgs__rosidl_generator_c.dir/rosidl_generator_c/pyrobosim_msgs/action/detail/detect_objects__description.c.o\x1b[0m\n'}
[7.576256] (pyrobosim_msgs) StdoutLine: {'line': b'[ 22%] \x1b[32mBuilding C object CMakeFiles/pyrobosim_msgs__rosidl_generator_c.dir/rosidl_generator_c/pyrobosim_msgs/srv/detail/set_location_state__description.c.o\x1b[0m\n'}
[7.577701] (pyrobosim_msgs) StdoutLine: {'line': b'[ 23%] \x1b[32mBuilding C object CMakeFiles/pyrobosim_msgs__rosidl_generator_c.dir/rosidl_generator_c/pyrobosim_msgs/action/detail/detect_objects__type_support.c.o\x1b[0m\n'}
[7.578024] (pyrobosim_msgs) StdoutLine: {'line': b'[ 23%] \x1b[32mBuilding C object CMakeFiles/pyrobosim_msgs__rosidl_generator_c.dir/rosidl_generator_c/pyrobosim_msgs/srv/detail/set_location_state__type_support.c.o\x1b[0m\n'}
[7.578093] (pyrobosim_msgs) StdoutLine: {'line': b'[ 23%] \x1b[32mBuilding C object CMakeFiles/pyrobosim_msgs__rosidl_generator_c.dir/rosidl_generator_c/pyrobosim_msgs/action/detail/detect_objects__functions.c.o\x1b[0m\n'}
[7.581704] (pyrobosim_msgs) StdoutLine: {'line': b'[ 23%] \x1b[32mBuilding C object CMakeFiles/pyrobosim_msgs__rosidl_generator_c.dir/rosidl_generator_c/pyrobosim_msgs/action/detail/execute_task_action__description.c.o\x1b[0m\n'}
[7.581888] (pyrobosim_msgs) StdoutLine: {'line': b'[ 23%] \x1b[32mBuilding C object CMakeFiles/pyrobosim_msgs__rosidl_generator_c.dir/rosidl_generator_c/pyrobosim_msgs/action/detail/execute_task_action__functions.c.o\x1b[0m\n'}
[7.582235] (pyrobosim_msgs) StdoutLine: {'line': b'[ 23%] \x1b[32mBuilding C object CMakeFiles/pyrobosim_msgs__rosidl_generator_c.dir/rosidl_generator_c/pyrobosim_msgs/action/detail/execute_task_plan__description.c.o\x1b[0m\n'}
[7.582926] (pyrobosim_msgs) StdoutLine: {'line': b'[ 24%] \x1b[32mBuilding C object CMakeFiles/pyrobosim_msgs__rosidl_generator_c.dir/rosidl_generator_c/pyrobosim_msgs/action/detail/execute_task_plan__functions.c.o\x1b[0m\n'}
[7.584087] (pyrobosim_msgs) StdoutLine: {'line': b'[ 25%] \x1b[32mBuilding C object CMakeFiles/pyrobosim_msgs__rosidl_generator_c.dir/rosidl_generator_c/pyrobosim_msgs/action/detail/execute_task_action__type_support.c.o\x1b[0m\n'}
[7.588573] (pyrobosim_msgs) StdoutLine: {'line': b'[ 25%] \x1b[32mBuilding C object CMakeFiles/pyrobosim_msgs__rosidl_generator_c.dir/rosidl_generator_c/pyrobosim_msgs/action/detail/execute_task_plan__type_support.c.o\x1b[0m\n'}
[7.593767] (pyrobosim_msgs) StdoutLine: {'line': b'[ 26%] \x1b[32mBuilding C object CMakeFiles/pyrobosim_msgs__rosidl_generator_c.dir/rosidl_generator_c/pyrobosim_msgs/action/detail/follow_path__description.c.o\x1b[0m\n'}
[7.600138] (behaviortree_cpp_v3) StdoutLine: {'line': b'[100%] \x1b[32m\x1b[1mLinking CXX executable behaviortree_cpp_v3_test\x1b[0m\n'}
[7.605391] (pyrobosim_msgs) StdoutLine: {'line': b'[ 26%] \x1b[32mBuilding C object CMakeFiles/pyrobosim_msgs__rosidl_generator_c.dir/rosidl_generator_c/pyrobosim_msgs/action/detail/follow_path__functions.c.o\x1b[0m\n'}
[7.607598] (pyrobosim_msgs) StdoutLine: {'line': b'[ 27%] \x1b[32mBuilding C object CMakeFiles/pyrobosim_msgs__rosidl_generator_c.dir/rosidl_generator_c/pyrobosim_msgs/action/detail/plan_path__description.c.o\x1b[0m\n'}
[7.612705] (pyrobosim_msgs) StdoutLine: {'line': b'[ 27%] \x1b[32mBuilding C object CMakeFiles/pyrobosim_msgs__rosidl_generator_c.dir/rosidl_generator_c/pyrobosim_msgs/action/detail/follow_path__type_support.c.o\x1b[0m\n'}
[7.620345] (pyrobosim_msgs) StdoutLine: {'line': b'[ 27%] \x1b[32mBuilding C object CMakeFiles/pyrobosim_msgs__rosidl_generator_c.dir/rosidl_generator_c/pyrobosim_msgs/action/detail/plan_path__functions.c.o\x1b[0m\n'}
[7.623828] (pyrobosim_msgs) StdoutLine: {'line': b'[ 28%] \x1b[32mBuilding C object CMakeFiles/pyrobosim_msgs__rosidl_generator_c.dir/rosidl_generator_c/pyrobosim_msgs/action/detail/plan_path__type_support.c.o\x1b[0m\n'}
[7.627871] (-) TimerEvent: {}
[7.724265] (pyrobosim_msgs) StdoutLine: {'line': b'[ 28%] \x1b[32m\x1b[1mLinking C shared library libpyrobosim_msgs__rosidl_generator_c.so\x1b[0m\n'}
[7.727707] (-) TimerEvent: {}
[7.760273] (pyrobosim_msgs) StdoutLine: {'line': b'[ 28%] Built target pyrobosim_msgs__rosidl_generator_c\n'}
[7.766208] (pyrobosim_msgs) StdoutLine: {'line': b'[ 28%] \x1b[34m\x1b[1mGenerating C++ type support dispatch for ROS interfaces\x1b[0m\n'}
[7.766396] (pyrobosim_msgs) StdoutLine: {'line': b'[ 28%] \x1b[34m\x1b[1mGenerating C type support dispatch for ROS interfaces\x1b[0m\n'}
[7.766635] (pyrobosim_msgs) StdoutLine: {'line': b'[ 28%] \x1b[34m\x1b[1mGenerating C type support for eProsima Fast-RTPS\x1b[0m\n'}
[7.768751] (pyrobosim_msgs) StdoutLine: {'line': b'[ 29%] \x1b[34m\x1b[1mGenerating C++ type support for eProsima Fast-RTPS\x1b[0m\n'}
[7.768892] (pyrobosim_msgs) StdoutLine: {'line': b'[ 30%] \x1b[34m\x1b[1mGenerating C introspection for ROS interfaces\x1b[0m\n'}
[7.768943] (behaviortree_cpp_v3) StdoutLine: {'line': b'[100%] Built target behaviortree_cpp_v3_test\n'}
[7.769475] (pyrobosim_msgs) StdoutLine: {'line': b'[ 31%] \x1b[34m\x1b[1mGenerating C++ introspection for ROS interfaces\x1b[0m\n'}
[7.776868] (behaviortree_cpp_v3) CommandEnded: {'returncode': 0}
[7.777426] (behaviortree_cpp_v3) JobProgress: {'identifier': 'behaviortree_cpp_v3', 'progress': 'install'}
[7.785080] (behaviortree_cpp_v3) Command: {'cmd': ['/usr/bin/cmake', '--install', '/convince_ws/build/behaviortree_cpp_v3'], 'cwd': '/convince_ws/build/behaviortree_cpp_v3', 'env': OrderedDict({'PYTHONWARNINGS': 'ignore:setup.py install is deprecated,ignore:easy_install command is deprecated', 'HOSTNAME': '123c257f4748', 'SHLVL': '1', 'LD_LIBRARY_PATH': '/opt/ros/jazzy/opt/zmqpp_vendor/lib:/opt/ros/jazzy/lib/x86_64-linux-gnu:/opt/ros/jazzy/lib', 'HOME': '/root', 'OLDPWD': '/convince_ws', 'ROS_PYTHON_VERSION': '3', 'ROS_DISTRO': 'jazzy', '_': '/usr/bin/colcon', 'ROS_VERSION': '2', 'TERM': 'xterm', 'QT_X11_NO_MITSHM': '1', 'PATH': '/opt/ros/jazzy/bin:/usr/local/sbin:/usr/local/bin:/usr/sbin:/usr/bin:/sbin:/bin', 'DISPLAY': ':1', 'LANG': 'C.UTF-8', 'AMENT_PREFIX_PATH': '/opt/ros/jazzy', 'ROS_WS': '/convince_ws', 'ROS_AUTOMATIC_DISCOVERY_RANGE': 'SUBNET', 'PWD': '/convince_ws/build/behaviortree_cpp_v3', 'LC_ALL': 'C.UTF-8', 'PYTHONPATH': '/opt/ros/jazzy/lib/python3.12/site-packages', 'COLCON': '1', 'CMAKE_PREFIX_PATH': '/opt/ros/jazzy'}), 'shell': False}
[7.791753] (behaviortree_cpp_v3) StdoutLine: {'line': b'-- Install configuration: ""\n'}
[7.792173] (behaviortree_cpp_v3) StdoutLine: {'line': b'-- Execute custom install script\n'}
[7.792395] (behaviortree_cpp_v3) StdoutLine: {'line': b'-- Symlinking: /convince_ws/install/behaviortree_cpp_v3/share/behaviortree_cpp_v3/environment/library_path.sh\n'}
[7.799657] (behaviortree_cpp_v3) StdoutLine: {'line': b'-- Symlinking: /convince_ws/install/behaviortree_cpp_v3/share/behaviortree_cpp_v3/environment/library_path.dsv\n'}
[7.806892] (behaviortree_cpp_v3) StdoutLine: {'line': b'-- Symlinking: /convince_ws/install/behaviortree_cpp_v3/share/ament_index/resource_index/package_run_dependencies/behaviortree_cpp_v3\n'}
[7.813852] (behaviortree_cpp_v3) StdoutLine: {'line': b'-- Symlinking: /convince_ws/install/behaviortree_cpp_v3/share/ament_index/resource_index/parent_prefix_path/behaviortree_cpp_v3\n'}
[7.820488] (behaviortree_cpp_v3) StdoutLine: {'line': b'-- Symlinking: /convince_ws/install/behaviortree_cpp_v3/share/behaviortree_cpp_v3/environment/ament_prefix_path.sh\n'}
[7.826762] (behaviortree_cpp_v3) StdoutLine: {'line': b'-- Symlinking: /convince_ws/install/behaviortree_cpp_v3/share/behaviortree_cpp_v3/environment/ament_prefix_path.dsv\n'}
[7.827812] (-) TimerEvent: {}
[7.833622] (behaviortree_cpp_v3) StdoutLine: {'line': b'-- Symlinking: /convince_ws/install/behaviortree_cpp_v3/share/behaviortree_cpp_v3/environment/path.sh\n'}
[7.841756] (behaviortree_cpp_v3) StdoutLine: {'line': b'-- Symlinking: /convince_ws/install/behaviortree_cpp_v3/share/behaviortree_cpp_v3/environment/path.dsv\n'}
[7.849187] (behaviortree_cpp_v3) StdoutLine: {'line': b'-- Symlinking: /convince_ws/install/behaviortree_cpp_v3/share/behaviortree_cpp_v3/local_setup.bash\n'}
[7.856196] (behaviortree_cpp_v3) StdoutLine: {'line': b'-- Symlinking: /convince_ws/install/behaviortree_cpp_v3/share/behaviortree_cpp_v3/local_setup.sh\n'}
[7.862869] (behaviortree_cpp_v3) StdoutLine: {'line': b'-- Symlinking: /convince_ws/install/behaviortree_cpp_v3/share/behaviortree_cpp_v3/local_setup.zsh\n'}
[7.870845] (behaviortree_cpp_v3) StdoutLine: {'line': b'-- Symlinking: /convince_ws/install/behaviortree_cpp_v3/share/behaviortree_cpp_v3/local_setup.dsv\n'}
[7.877012] (behaviortree_cpp_v3) StdoutLine: {'line': b'-- Symlinking: /convince_ws/install/behaviortree_cpp_v3/share/behaviortree_cpp_v3/package.dsv\n'}
[7.882205] (behaviortree_cpp_v3) StdoutLine: {'line': b'-- Symlinking: /convince_ws/install/behaviortree_cpp_v3/share/ament_index/resource_index/packages/behaviortree_cpp_v3\n'}
[7.886652] (behaviortree_cpp_v3) StdoutLine: {'line': b'-- Symlinking: /convince_ws/install/behaviortree_cpp_v3/share/behaviortree_cpp_v3/cmake/ament_cmake_export_dependencies-extras.cmake\n'}
[7.893010] (behaviortree_cpp_v3) StdoutLine: {'line': b'-- Symlinking: /convince_ws/install/behaviortree_cpp_v3/share/behaviortree_cpp_v3/cmake/ament_cmake_export_include_directories-extras.cmake\n'}
[7.898705] (behaviortree_cpp_v3) StdoutLine: {'line': b'-- Symlinking: /convince_ws/install/behaviortree_cpp_v3/share/behaviortree_cpp_v3/cmake/ament_cmake_export_libraries-extras.cmake\n'}
[7.903862] (behaviortree_cpp_v3) StdoutLine: {'line': b'-- Symlinking: /convince_ws/install/behaviortree_cpp_v3/share/behaviortree_cpp_v3/cmake/ament_cmake_export_targets-extras.cmake\n'}
[7.910013] (behaviortree_cpp_v3) StdoutLine: {'line': b'-- Symlinking: /convince_ws/install/behaviortree_cpp_v3/share/behaviortree_cpp_v3/cmake/behaviortree_cpp_v3Config.cmake\n'}
[7.916521] (behaviortree_cpp_v3) StdoutLine: {'line': b'-- Symlinking: /convince_ws/install/behaviortree_cpp_v3/share/behaviortree_cpp_v3/cmake/behaviortree_cpp_v3Config-version.cmake\n'}
[7.923022] (behaviortree_cpp_v3) StdoutLine: {'line': b'-- Symlinking: /convince_ws/install/behaviortree_cpp_v3/share/behaviortree_cpp_v3/package.xml\n'}
[7.927885] (-) TimerEvent: {}
[7.929637] (behaviortree_cpp_v3) StdoutLine: {'line': b'-- Symlinking: /convince_ws/install/behaviortree_cpp_v3/lib/cmake/behaviortree_cpp_v3/behaviortree_cpp_v3Config.cmake\n'}
[7.936642] (behaviortree_cpp_v3) StdoutLine: {'line': b'-- Symlinking: /convince_ws/install/behaviortree_cpp_v3/bin/bt3_log_cat\n'}
[7.944051] (behaviortree_cpp_v3) StdoutLine: {'line': b'-- Symlinking: /convince_ws/install/behaviortree_cpp_v3/bin/bt3_recorder\n'}
[7.951107] (behaviortree_cpp_v3) StdoutLine: {'line': b'-- Symlinking: /convince_ws/install/behaviortree_cpp_v3/bin/bt3_plugin_manifest\n'}
[7.957910] (behaviortree_cpp_v3) StdoutLine: {'line': b'-- Installing: /convince_ws/install/behaviortree_cpp_v3/share/behaviortree_cpp_v3/cmake/behaviortree_cpp_v3TargetsExport.cmake\n'}
[7.958080] (behaviortree_cpp_v3) StdoutLine: {'line': b'-- Installing: /convince_ws/install/behaviortree_cpp_v3/share/behaviortree_cpp_v3/cmake/behaviortree_cpp_v3TargetsExport-noconfig.cmake\n'}
[7.958166] (behaviortree_cpp_v3) StdoutLine: {'line': b'-- Installing: /convince_ws/install/behaviortree_cpp_v3/include\n'}
[7.958249] (behaviortree_cpp_v3) StdoutLine: {'line': b'-- Installing: /convince_ws/install/behaviortree_cpp_v3/include/behaviortree_cpp_v3\n'}
[7.958338] (behaviortree_cpp_v3) StdoutLine: {'line': b'-- Installing: /convince_ws/install/behaviortree_cpp_v3/include/behaviortree_cpp_v3/actions\n'}
[7.958405] (behaviortree_cpp_v3) StdoutLine: {'line': b'-- Installing: /convince_ws/install/behaviortree_cpp_v3/include/behaviortree_cpp_v3/actions/always_failure_node.h\n'}
[7.958483] (behaviortree_cpp_v3) StdoutLine: {'line': b'-- Installing: /convince_ws/install/behaviortree_cpp_v3/include/behaviortree_cpp_v3/actions/pop_from_queue.hpp\n'}
[7.958563] (behaviortree_cpp_v3) StdoutLine: {'line': b'-- Installing: /convince_ws/install/behaviortree_cpp_v3/include/behaviortree_cpp_v3/actions/always_success_node.h\n'}
[7.958652] (behaviortree_cpp_v3) StdoutLine: {'line': b'-- Installing: /convince_ws/install/behaviortree_cpp_v3/include/behaviortree_cpp_v3/actions/set_blackboard_node.h\n'}
[7.958737] (behaviortree_cpp_v3) StdoutLine: {'line': b'-- Installing: /convince_ws/install/behaviortree_cpp_v3/include/behaviortree_cpp_v3/action_node.h\n'}
[7.958819] (behaviortree_cpp_v3) StdoutLine: {'line': b'-- Installing: /convince_ws/install/behaviortree_cpp_v3/include/behaviortree_cpp_v3/controls\n'}
[7.958907] (behaviortree_cpp_v3) StdoutLine: {'line': b'-- Installing: /convince_ws/install/behaviortree_cpp_v3/include/behaviortree_cpp_v3/controls/parallel_node.h\n'}
[7.958992] (behaviortree_cpp_v3) StdoutLine: {'line': b'-- Installing: /convince_ws/install/behaviortree_cpp_v3/include/behaviortree_cpp_v3/controls/reactive_fallback.h\n'}
[7.959080] (behaviortree_cpp_v3) StdoutLine: {'line': b'-- Installing: /convince_ws/install/behaviortree_cpp_v3/include/behaviortree_cpp_v3/controls/sequence_star_node.h\n'}
[7.959167] (behaviortree_cpp_v3) StdoutLine: {'line': b'-- Installing: /convince_ws/install/behaviortree_cpp_v3/include/behaviortree_cpp_v3/controls/if_then_else_node.h\n'}
[7.959254] (behaviortree_cpp_v3) StdoutLine: {'line': b'-- Installing: /convince_ws/install/behaviortree_cpp_v3/include/behaviortree_cpp_v3/controls/reactive_sequence.h\n'}
[7.959343] (behaviortree_cpp_v3) StdoutLine: {'line': b'-- Installing: /convince_ws/install/behaviortree_cpp_v3/include/behaviortree_cpp_v3/controls/sequence_node.h\n'}
[7.959431] (behaviortree_cpp_v3) StdoutLine: {'line': b'-- Installing: /convince_ws/install/behaviortree_cpp_v3/include/behaviortree_cpp_v3/controls/while_do_else_node.h\n'}
[7.959535] (behaviortree_cpp_v3) StdoutLine: {'line': b'-- Installing: /convince_ws/install/behaviortree_cpp_v3/include/behaviortree_cpp_v3/controls/switch_node.h\n'}
[7.959615] (behaviortree_cpp_v3) StdoutLine: {'line': b'-- Installing: /convince_ws/install/behaviortree_cpp_v3/include/behaviortree_cpp_v3/controls/fallback_node.h\n'}
[7.959717] (behaviortree_cpp_v3) StdoutLine: {'line': b'-- Installing: /convince_ws/install/behaviortree_cpp_v3/include/behaviortree_cpp_v3/controls/manual_node.h\n'}
[7.959803] (behaviortree_cpp_v3) StdoutLine: {'line': b'-- Installing: /convince_ws/install/behaviortree_cpp_v3/include/behaviortree_cpp_v3/basic_types.h\n'}
[7.959898] (behaviortree_cpp_v3) StdoutLine: {'line': b'-- Installing: /convince_ws/install/behaviortree_cpp_v3/include/behaviortree_cpp_v3/control_node.h\n'}
[7.959988] (behaviortree_cpp_v3) StdoutLine: {'line': b'-- Installing: /convince_ws/install/behaviortree_cpp_v3/include/behaviortree_cpp_v3/leaf_node.h\n'}
[7.960154] (behaviortree_cpp_v3) StdoutLine: {'line': b'-- Installing: /convince_ws/install/behaviortree_cpp_v3/include/behaviortree_cpp_v3/decorator_node.h\n'}
[7.960289] (behaviortree_cpp_v3) StdoutLine: {'line': b'-- Installing: /convince_ws/install/behaviortree_cpp_v3/include/behaviortree_cpp_v3/utils\n'}
[7.960377] (behaviortree_cpp_v3) StdoutLine: {'line': b'-- Installing: /convince_ws/install/behaviortree_cpp_v3/include/behaviortree_cpp_v3/utils/make_unique.hpp\n'}
[7.960479] (behaviortree_cpp_v3) StdoutLine: {'line': b'-- Installing: /convince_ws/install/behaviortree_cpp_v3/include/behaviortree_cpp_v3/utils/shared_library.h\n'}
[7.960567] (behaviortree_cpp_v3) StdoutLine: {'line': b'-- Installing: /convince_ws/install/behaviortree_cpp_v3/include/behaviortree_cpp_v3/utils/expected.hpp\n'}
[7.960658] (behaviortree_cpp_v3) StdoutLine: {'line': b'-- Installing: /convince_ws/install/behaviortree_cpp_v3/include/behaviortree_cpp_v3/utils/simple_string.hpp\n'}
[7.960759] (behaviortree_cpp_v3) StdoutLine: {'line': b'-- Installing: /convince_ws/install/behaviortree_cpp_v3/include/behaviortree_cpp_v3/utils/strcat.hpp\n'}
[7.960862] (behaviortree_cpp_v3) StdoutLine: {'line': b'-- Installing: /convince_ws/install/behaviortree_cpp_v3/include/behaviortree_cpp_v3/utils/any.hpp\n'}
[7.960951] (behaviortree_cpp_v3) StdoutLine: {'line': b'-- Installing: /convince_ws/install/behaviortree_cpp_v3/include/behaviortree_cpp_v3/utils/string_view.hpp\n'}
[7.961080] (behaviortree_cpp_v3) StdoutLine: {'line': b'-- Installing: /convince_ws/install/behaviortree_cpp_v3/include/behaviortree_cpp_v3/utils/platform.hpp\n'}
[7.961177] (behaviortree_cpp_v3) StdoutLine: {'line': b'-- Installing: /convince_ws/install/behaviortree_cpp_v3/include/behaviortree_cpp_v3/utils/signal.h\n'}
[7.961253] (behaviortree_cpp_v3) StdoutLine: {'line': b'-- Installing: /convince_ws/install/behaviortree_cpp_v3/include/behaviortree_cpp_v3/utils/safe_any.hpp\n'}
[7.961345] (behaviortree_cpp_v3) StdoutLine: {'line': b'-- Installing: /convince_ws/install/behaviortree_cpp_v3/include/behaviortree_cpp_v3/utils/wakeup_signal.hpp\n'}
[7.961432] (behaviortree_cpp_v3) StdoutLine: {'line': b'-- Installing: /convince_ws/install/behaviortree_cpp_v3/include/behaviortree_cpp_v3/utils/demangle_util.h\n'}
[7.961515] (behaviortree_cpp_v3) StdoutLine: {'line': b'-- Installing: /convince_ws/install/behaviortree_cpp_v3/include/behaviortree_cpp_v3/utils/convert_impl.hpp\n'}
[7.961589] (behaviortree_cpp_v3) StdoutLine: {'line': b'-- Installing: /convince_ws/install/behaviortree_cpp_v3/include/behaviortree_cpp_v3/xml_parsing.h\n'}
[7.961675] (behaviortree_cpp_v3) StdoutLine: {'line': b'-- Installing: /convince_ws/install/behaviortree_cpp_v3/include/behaviortree_cpp_v3/bt_parser.h\n'}
[7.961753] (behaviortree_cpp_v3) StdoutLine: {'line': b'-- Installing: /convince_ws/install/behaviortree_cpp_v3/include/behaviortree_cpp_v3/flatbuffers\n'}
[7.961819] (behaviortree_cpp_v3) StdoutLine: {'line': b'-- Installing: /convince_ws/install/behaviortree_cpp_v3/include/behaviortree_cpp_v3/flatbuffers/stl_emulation.h\n'}
[7.961885] (behaviortree_cpp_v3) StdoutLine: {'line': b'-- Installing: /convince_ws/install/behaviortree_cpp_v3/include/behaviortree_cpp_v3/flatbuffers/flatbuffers.h\n'}
[7.961951] (behaviortree_cpp_v3) StdoutLine: {'line': b'-- Installing: /convince_ws/install/behaviortree_cpp_v3/include/behaviortree_cpp_v3/flatbuffers/base.h\n'}
[7.962016] (behaviortree_cpp_v3) StdoutLine: {'line': b'-- Installing: /convince_ws/install/behaviortree_cpp_v3/include/behaviortree_cpp_v3/flatbuffers/BT_logger_generated.h\n'}
[7.962083] (behaviortree_cpp_v3) StdoutLine: {'line': b'-- Installing: /convince_ws/install/behaviortree_cpp_v3/include/behaviortree_cpp_v3/flatbuffers/bt_flatbuffer_helper.h\n'}
[7.962150] (behaviortree_cpp_v3) StdoutLine: {'line': b'-- Installing: /convince_ws/install/behaviortree_cpp_v3/include/behaviortree_cpp_v3/tree_node.h\n'}
[7.962216] (behaviortree_cpp_v3) StdoutLine: {'line': b'-- Installing: /convince_ws/install/behaviortree_cpp_v3/include/behaviortree_cpp_v3/blackboard.h\n'}
[7.962285] (behaviortree_cpp_v3) StdoutLine: {'line': b'-- Installing: /convince_ws/install/behaviortree_cpp_v3/include/behaviortree_cpp_v3/bt_factory.h\n'}
[7.962353] (behaviortree_cpp_v3) StdoutLine: {'line': b'-- Installing: /convince_ws/install/behaviortree_cpp_v3/include/behaviortree_cpp_v3/behavior_tree.h\n'}
[7.962423] (behaviortree_cpp_v3) StdoutLine: {'line': b'-- Installing: /convince_ws/install/behaviortree_cpp_v3/include/behaviortree_cpp_v3/loggers\n'}
[7.962501] (behaviortree_cpp_v3) StdoutLine: {'line': b'-- Installing: /convince_ws/install/behaviortree_cpp_v3/include/behaviortree_cpp_v3/loggers/abstract_logger.h\n'}
[7.962572] (behaviortree_cpp_v3) StdoutLine: {'line': b'-- Installing: /convince_ws/install/behaviortree_cpp_v3/include/behaviortree_cpp_v3/loggers/bt_file_logger.h\n'}
[7.962652] (behaviortree_cpp_v3) StdoutLine: {'line': b'-- Installing: /convince_ws/install/behaviortree_cpp_v3/include/behaviortree_cpp_v3/loggers/bt_minitrace_logger.h\n'}
[7.962725] (behaviortree_cpp_v3) StdoutLine: {'line': b'-- Installing: /convince_ws/install/behaviortree_cpp_v3/include/behaviortree_cpp_v3/loggers/bt_cout_logger.h\n'}
[7.962795] (behaviortree_cpp_v3) StdoutLine: {'line': b'-- Installing: /convince_ws/install/behaviortree_cpp_v3/include/behaviortree_cpp_v3/loggers/bt_zmq_publisher.h\n'}
[7.962878] (behaviortree_cpp_v3) StdoutLine: {'line': b'-- Installing: /convince_ws/install/behaviortree_cpp_v3/include/behaviortree_cpp_v3/decorators\n'}
[7.962953] (behaviortree_cpp_v3) StdoutLine: {'line': b'-- Installing: /convince_ws/install/behaviortree_cpp_v3/include/behaviortree_cpp_v3/decorators/repeat_node.h\n'}
[7.963025] (behaviortree_cpp_v3) StdoutLine: {'line': b'-- Installing: /convince_ws/install/behaviortree_cpp_v3/include/behaviortree_cpp_v3/decorators/retry_node.h\n'}
[7.963098] (behaviortree_cpp_v3) StdoutLine: {'line': b'-- Installing: /convince_ws/install/behaviortree_cpp_v3/include/behaviortree_cpp_v3/decorators/inverter_node.h\n'}
[7.963170] (behaviortree_cpp_v3) StdoutLine: {'line': b'-- Installing: /convince_ws/install/behaviortree_cpp_v3/include/behaviortree_cpp_v3/decorators/blackboard_precondition.h\n'}
[7.963240] (behaviortree_cpp_v3) StdoutLine: {'line': b'-- Installing: /convince_ws/install/behaviortree_cpp_v3/include/behaviortree_cpp_v3/decorators/timeout_node.h\n'}
[7.963311] (behaviortree_cpp_v3) StdoutLine: {'line': b'-- Installing: /convince_ws/install/behaviortree_cpp_v3/include/behaviortree_cpp_v3/decorators/subtree_node.h\n'}
[7.963387] (behaviortree_cpp_v3) StdoutLine: {'line': b'-- Installing: /convince_ws/install/behaviortree_cpp_v3/include/behaviortree_cpp_v3/decorators/consume_queue.h\n'}
[7.963464] (behaviortree_cpp_v3) StdoutLine: {'line': b'-- Installing: /convince_ws/install/behaviortree_cpp_v3/include/behaviortree_cpp_v3/decorators/keep_running_until_failure_node.h\n'}
[7.963532] (behaviortree_cpp_v3) StdoutLine: {'line': b'-- Installing: /convince_ws/install/behaviortree_cpp_v3/include/behaviortree_cpp_v3/decorators/timer_queue.h\n'}
[7.963613] (behaviortree_cpp_v3) StdoutLine: {'line': b'-- Installing: /convince_ws/install/behaviortree_cpp_v3/include/behaviortree_cpp_v3/decorators/force_failure_node.h\n'}
[7.963690] (behaviortree_cpp_v3) StdoutLine: {'line': b'-- Installing: /convince_ws/install/behaviortree_cpp_v3/include/behaviortree_cpp_v3/decorators/force_success_node.h\n'}
[7.963762] (behaviortree_cpp_v3) StdoutLine: {'line': b'-- Installing: /convince_ws/install/behaviortree_cpp_v3/include/behaviortree_cpp_v3/decorators/delay_node.h\n'}
[7.963860] (behaviortree_cpp_v3) StdoutLine: {'line': b'-- Installing: /convince_ws/install/behaviortree_cpp_v3/include/behaviortree_cpp_v3/exceptions.h\n'}
[7.963943] (behaviortree_cpp_v3) StdoutLine: {'line': b'-- Installing: /convince_ws/install/behaviortree_cpp_v3/include/behaviortree_cpp_v3/condition_node.h\n'}
[7.964012] (behaviortree_cpp_v3) StdoutLine: {'line': b'-- Installing: /convince_ws/install/behaviortree_cpp_v3/lib/libbehaviortree_cpp_v3.so\n'}
[7.964079] (behaviortree_cpp_v3) StdoutLine: {'line': b'-- Set non-toolchain portion of runtime path of "/convince_ws/install/behaviortree_cpp_v3/lib/libbehaviortree_cpp_v3.so" to ""\n'}
[7.964147] (behaviortree_cpp_v3) StdoutLine: {'line': b'-- Installing: /convince_ws/install/behaviortree_cpp_v3/lib/cmake/behaviortree_cpp_v3/behaviortree_cpp_v3Targets.cmake\n'}
[7.964214] (behaviortree_cpp_v3) StdoutLine: {'line': b'-- Installing: /convince_ws/install/behaviortree_cpp_v3/lib/cmake/behaviortree_cpp_v3/behaviortree_cpp_v3Targets-noconfig.cmake\n'}
[7.965509] (behaviortree_cpp_v3) CommandEnded: {'returncode': 0}
[7.978160] (behaviortree_cpp_v3) JobEnded: {'identifier': 'behaviortree_cpp_v3', 'rc': 0}
[8.027978] (-) TimerEvent: {}
[8.128197] (-) TimerEvent: {}
[8.138063] (btcpp_ros2_interfaces) StdoutLine: {'line': b'[ 82%] Built target btcpp_ros2_interfaces__py\n'}
[8.150406] (btcpp_ros2_interfaces) StdoutLine: {'line': b'[ 84%] \x1b[32mBuilding C object CMakeFiles/btcpp_ros2_interfaces__rosidl_generator_py.dir/rosidl_generator_py/btcpp_ros2_interfaces/action/_execute_tree_s.c.o\x1b[0m\n'}
[8.152273] (btcpp_ros2_interfaces) StdoutLine: {'line': b'[ 87%] \x1b[32mBuilding C object CMakeFiles/btcpp_ros2_interfaces__rosidl_generator_py.dir/rosidl_generator_py/btcpp_ros2_interfaces/srv/_get_trees_s.c.o\x1b[0m\n'}
[8.152415] (btcpp_ros2_interfaces) StdoutLine: {'line': b'[ 89%] \x1b[32mBuilding C object CMakeFiles/btcpp_ros2_interfaces__rosidl_generator_py.dir/rosidl_generator_py/btcpp_ros2_interfaces/msg/_node_status_s.c.o\x1b[0m\n'}
[8.152491] (btcpp_ros2_interfaces) StdoutLine: {'line': b'[ 89%] \x1b[32mBuilding C object CMakeFiles/btcpp_ros2_interfaces__rosidl_generator_py.dir/rosidl_generator_py/btcpp_ros2_interfaces/action/_sleep_s.c.o\x1b[0m\n'}
[8.228307] (-) TimerEvent: {}
[8.323113] (btcpp_ros2_interfaces) StdoutLine: {'line': b'[ 90%] \x1b[32m\x1b[1mLinking C shared library libbtcpp_ros2_interfaces__rosidl_generator_py.so\x1b[0m\n'}
[8.328517] (-) TimerEvent: {}
[8.361529] (btcpp_ros2_interfaces) StdoutLine: {'line': b'[ 90%] Built target btcpp_ros2_interfaces__rosidl_generator_py\n'}
[8.377814] (btcpp_ros2_interfaces) StdoutLine: {'line': b'[ 95%] \x1b[32mBuilding C object CMakeFiles/btcpp_ros2_interfaces_s__rosidl_typesupport_fastrtps_c.dir/rosidl_generator_py/btcpp_ros2_interfaces/_btcpp_ros2_interfaces_s.ep.rosidl_typesupport_fastrtps_c.c.o\x1b[0m\n'}
[8.378017] (btcpp_ros2_interfaces) StdoutLine: {'line': b'[ 95%] \x1b[32mBuilding C object CMakeFiles/btcpp_ros2_interfaces_s__rosidl_typesupport_c.dir/rosidl_generator_py/btcpp_ros2_interfaces/_btcpp_ros2_interfaces_s.ep.rosidl_typesupport_c.c.o\x1b[0m\n'}
[8.378104] (btcpp_ros2_interfaces) StdoutLine: {'line': b'[ 95%] \x1b[32mBuilding C object CMakeFiles/btcpp_ros2_interfaces_s__rosidl_typesupport_introspection_c.dir/rosidl_generator_py/btcpp_ros2_interfaces/_btcpp_ros2_interfaces_s.ep.rosidl_typesupport_introspection_c.c.o\x1b[0m\n'}
[8.428646] (-) TimerEvent: {}
[8.528870] (-) TimerEvent: {}
[8.530207] (btcpp_ros2_interfaces) StdoutLine: {'line': b'[ 98%] \x1b[32m\x1b[1mLinking C shared module rosidl_generator_py/btcpp_ros2_interfaces/btcpp_ros2_interfaces_s__rosidl_typesupport_c.so\x1b[0m\n'}
[8.530366] (btcpp_ros2_interfaces) StdoutLine: {'line': b'[ 98%] \x1b[32m\x1b[1mLinking C shared module rosidl_generator_py/btcpp_ros2_interfaces/btcpp_ros2_interfaces_s__rosidl_typesupport_introspection_c.so\x1b[0m\n'}
[8.531967] (btcpp_ros2_interfaces) StdoutLine: {'line': b'[100%] \x1b[32m\x1b[1mLinking C shared module rosidl_generator_py/btcpp_ros2_interfaces/btcpp_ros2_interfaces_s__rosidl_typesupport_fastrtps_c.so\x1b[0m\n'}
[8.558809] (btcpp_ros2_interfaces) StdoutLine: {'line': b'[100%] Built target btcpp_ros2_interfaces_s__rosidl_typesupport_c\n'}
[8.558967] (btcpp_ros2_interfaces) StdoutLine: {'line': b'[100%] Built target btcpp_ros2_interfaces_s__rosidl_typesupport_introspection_c\n'}
[8.559157] (btcpp_ros2_interfaces) StdoutLine: {'line': b'[100%] Built target btcpp_ros2_interfaces_s__rosidl_typesupport_fastrtps_c\n'}
[8.569699] (btcpp_ros2_interfaces) CommandEnded: {'returncode': 0}
[8.570235] (btcpp_ros2_interfaces) JobProgress: {'identifier': 'btcpp_ros2_interfaces', 'progress': 'install'}
[8.570392] (btcpp_ros2_interfaces) Command: {'cmd': ['/usr/bin/cmake', '--install', '/convince_ws/build/btcpp_ros2_interfaces'], 'cwd': '/convince_ws/build/btcpp_ros2_interfaces', 'env': OrderedDict({'PYTHONWARNINGS': 'ignore:setup.py install is deprecated,ignore:easy_install command is deprecated', 'HOSTNAME': '123c257f4748', 'SHLVL': '1', 'LD_LIBRARY_PATH': '/opt/ros/jazzy/opt/zmqpp_vendor/lib:/opt/ros/jazzy/lib/x86_64-linux-gnu:/opt/ros/jazzy/lib', 'HOME': '/root', 'OLDPWD': '/convince_ws', 'ROS_PYTHON_VERSION': '3', 'ROS_DISTRO': 'jazzy', '_': '/usr/bin/colcon', 'ROS_VERSION': '2', 'TERM': 'xterm', 'QT_X11_NO_MITSHM': '1', 'PATH': '/opt/ros/jazzy/bin:/usr/local/sbin:/usr/local/bin:/usr/sbin:/usr/bin:/sbin:/bin', 'DISPLAY': ':1', 'LANG': 'C.UTF-8', 'AMENT_PREFIX_PATH': '/opt/ros/jazzy', 'ROS_WS': '/convince_ws', 'ROS_AUTOMATIC_DISCOVERY_RANGE': 'SUBNET', 'PWD': '/convince_ws/build/btcpp_ros2_interfaces', 'LC_ALL': 'C.UTF-8', 'PYTHONPATH': '/opt/ros/jazzy/lib/python3.12/site-packages', 'COLCON': '1', 'CMAKE_PREFIX_PATH': '/opt/ros/jazzy'}), 'shell': False}
[8.574732] (btcpp_ros2_interfaces) StdoutLine: {'line': b'-- Install configuration: ""\n'}
[8.575072] (btcpp_ros2_interfaces) StdoutLine: {'line': b'-- Execute custom install script\n'}
[8.575226] (btcpp_ros2_interfaces) StdoutLine: {'line': b'-- Symlinking: /convince_ws/install/btcpp_ros2_interfaces/share/ament_index/resource_index/rosidl_interfaces/btcpp_ros2_interfaces\n'}
[8.583679] (pyrobosim_msgs) StdoutLine: {'line': b'[ 31%] \x1b[32mBuilding CXX object CMakeFiles/pyrobosim_msgs__rosidl_typesupport_c.dir/rosidl_typesupport_c/pyrobosim_msgs/msg/hallway_state__type_support.cpp.o\x1b[0m\n'}
[8.583875] (pyrobosim_msgs) StdoutLine: {'line': b'[ 33%] \x1b[32mBuilding CXX object CMakeFiles/pyrobosim_msgs__rosidl_typesupport_c.dir/rosidl_typesupport_c/pyrobosim_msgs/msg/execution_result__type_support.cpp.o\x1b[0m\n'}
[8.584037] (pyrobosim_msgs) StdoutLine: {'line': b'[ 34%] \x1b[32mBuilding CXX object CMakeFiles/pyrobosim_msgs__rosidl_typesupport_c.dir/rosidl_typesupport_c/pyrobosim_msgs/msg/location_state__type_support.cpp.o\x1b[0m\n'}
[8.584103] (pyrobosim_msgs) StdoutLine: {'line': b'[ 33%] \x1b[32mBuilding CXX object CMakeFiles/pyrobosim_msgs__rosidl_typesupport_c.dir/rosidl_typesupport_c/pyrobosim_msgs/msg/robot_state__type_support.cpp.o\x1b[0m\n'}
[8.584158] (pyrobosim_msgs) StdoutLine: {'line': b'[ 35%] \x1b[32mBuilding CXX object CMakeFiles/pyrobosim_msgs__rosidl_typesupport_c.dir/rosidl_typesupport_c/pyrobosim_msgs/msg/path__type_support.cpp.o\x1b[0m\n'}
[8.584213] (pyrobosim_msgs) StdoutLine: {'line': b'[ 35%] \x1b[32mBuilding CXX object CMakeFiles/pyrobosim_msgs__rosidl_typesupport_c.dir/rosidl_typesupport_c/pyrobosim_msgs/msg/task_action__type_support.cpp.o\x1b[0m\n'}
[8.584342] (pyrobosim_msgs) StdoutLine: {'line': b'[ 35%] \x1b[32mBuilding CXX object CMakeFiles/pyrobosim_msgs__rosidl_typesupport_c.dir/rosidl_typesupport_c/pyrobosim_msgs/msg/goal_specification__type_support.cpp.o\x1b[0m\n'}
[8.584432] (pyrobosim_msgs) StdoutLine: {'line': b'[ 35%] \x1b[32mBuilding CXX object CMakeFiles/pyrobosim_msgs__rosidl_typesupport_c.dir/rosidl_typesupport_c/pyrobosim_msgs/msg/world_info__type_support.cpp.o\x1b[0m\n'}
[8.584512] (pyrobosim_msgs) StdoutLine: {'line': b'[ 35%] \x1b[32mBuilding CXX object CMakeFiles/pyrobosim_msgs__rosidl_typesupport_c.dir/rosidl_typesupport_c/pyrobosim_msgs/msg/object_state__type_support.cpp.o\x1b[0m\n'}
[8.584589] (btcpp_ros2_interfaces) StdoutLine: {'line': b'-- Symlinking: /convince_ws/install/btcpp_ros2_interfaces/share/btcpp_ros2_interfaces/msg/NodeStatus.json\n'}
[8.584694] (pyrobosim_msgs) StdoutLine: {'line': b'[ 36%] \x1b[32mBuilding CXX object CMakeFiles/pyrobosim_msgs__rosidl_typesupport_c.dir/rosidl_typesupport_c/pyrobosim_msgs/msg/task_plan__type_support.cpp.o\x1b[0m\n'}
[8.584776] (pyrobosim_msgs) StdoutLine: {'line': b'[ 36%] \x1b[32mBuilding CXX object CMakeFiles/pyrobosim_msgs__rosidl_typesupport_c.dir/rosidl_typesupport_c/pyrobosim_msgs/srv/request_world_info__type_support.cpp.o\x1b[0m\n'}
[8.584900] (pyrobosim_msgs) StdoutLine: {'line': b'[ 37%] \x1b[32mBuilding CXX object CMakeFiles/pyrobosim_msgs__rosidl_typesupport_c.dir/rosidl_typesupport_c/pyrobosim_msgs/msg/world_state__type_support.cpp.o\x1b[0m\n'}
[8.585048] (pyrobosim_msgs) StdoutLine: {'line': b'[ 37%] \x1b[32mBuilding CXX object CMakeFiles/pyrobosim_msgs__rosidl_typesupport_c.dir/rosidl_typesupport_c/pyrobosim_msgs/msg/goal_predicate__type_support.cpp.o\x1b[0m\n'}
[8.586554] (pyrobosim_msgs) StdoutLine: {'line': b'[ 38%] \x1b[32mBuilding CXX object CMakeFiles/pyrobosim_msgs__rosidl_typesupport_c.dir/rosidl_typesupport_c/pyrobosim_msgs/srv/reset_world__type_support.cpp.o\x1b[0m\n'}
[8.587711] (pyrobosim_msgs) StdoutLine: {'line': b'[ 38%] \x1b[32mBuilding CXX object CMakeFiles/pyrobosim_msgs__rosidl_typesupport_c.dir/rosidl_typesupport_c/pyrobosim_msgs/srv/request_world_state__type_support.cpp.o\x1b[0m\n'}
[8.588000] (btcpp_ros2_interfaces) StdoutLine: {'line': b'-- Symlinking: /convince_ws/install/btcpp_ros2_interfaces/share/btcpp_ros2_interfaces/srv/GetTrees.json\n'}
[8.597699] (btcpp_ros2_interfaces) StdoutLine: {'line': b'-- Symlinking: /convince_ws/install/btcpp_ros2_interfaces/share/btcpp_ros2_interfaces/action/ExecuteTree.json\n'}
[8.600381] (btcpp_ros2_interfaces) StdoutLine: {'line': b'-- Symlinking: /convince_ws/install/btcpp_ros2_interfaces/share/btcpp_ros2_interfaces/action/Sleep.json\n'}
[8.608380] (btcpp_ros2_interfaces) StdoutLine: {'line': b'-- Symlinking: /convince_ws/install/btcpp_ros2_interfaces/include/btcpp_ros2_interfaces/btcpp_ros2_interfaces/action/detail/execute_tree__functions.h\n'}
[8.615632] (btcpp_ros2_interfaces) StdoutLine: {'line': b'-- Symlinking: /convince_ws/install/btcpp_ros2_interfaces/include/btcpp_ros2_interfaces/btcpp_ros2_interfaces/action/detail/execute_tree__struct.h\n'}
[8.622990] (btcpp_ros2_interfaces) StdoutLine: {'line': b'-- Symlinking: /convince_ws/install/btcpp_ros2_interfaces/include/btcpp_ros2_interfaces/btcpp_ros2_interfaces/action/detail/execute_tree__type_support.h\n'}
[8.624556] (pyrobosim_msgs) StdoutLine: {'line': b'[ 38%] \x1b[32mBuilding CXX object CMakeFiles/pyrobosim_msgs__rosidl_typesupport_c.dir/rosidl_typesupport_c/pyrobosim_msgs/srv/set_location_state__type_support.cpp.o\x1b[0m\n'}
[8.624712] (pyrobosim_msgs) StdoutLine: {'line': b'[ 39%] \x1b[32mBuilding CXX object CMakeFiles/pyrobosim_msgs__rosidl_typesupport_c.dir/rosidl_typesupport_c/pyrobosim_msgs/action/detect_objects__type_support.cpp.o\x1b[0m\n'}
[8.625429] (pyrobosim_msgs) StdoutLine: {'line': b'[ 39%] \x1b[32mBuilding CXX object CMakeFiles/pyrobosim_msgs__rosidl_typesupport_c.dir/rosidl_typesupport_c/pyrobosim_msgs/action/execute_task_action__type_support.cpp.o\x1b[0m\n'}
[8.627585] (pyrobosim_msgs) StdoutLine: {'line': b'[ 40%] \x1b[32mBuilding CXX object CMakeFiles/pyrobosim_msgs__rosidl_typesupport_c.dir/rosidl_typesupport_c/pyrobosim_msgs/action/execute_task_plan__type_support.cpp.o\x1b[0m\n'}
[8.629829] (-) TimerEvent: {}
[8.630265] (btcpp_ros2_interfaces) StdoutLine: {'line': b'-- Symlinking: /convince_ws/install/btcpp_ros2_interfaces/include/btcpp_ros2_interfaces/btcpp_ros2_interfaces/action/detail/sleep__functions.h\n'}
[8.633694] (pyrobosim_msgs) StdoutLine: {'line': b'[ 40%] \x1b[32mBuilding CXX object CMakeFiles/pyrobosim_msgs__rosidl_typesupport_c.dir/rosidl_typesupport_c/pyrobosim_msgs/action/follow_path__type_support.cpp.o\x1b[0m\n'}
[8.634196] (pyrobosim_msgs) StdoutLine: {'line': b'[ 40%] \x1b[32mBuilding CXX object CMakeFiles/pyrobosim_msgs__rosidl_typesupport_c.dir/rosidl_typesupport_c/pyrobosim_msgs/action/plan_path__type_support.cpp.o\x1b[0m\n'}
[8.635349] (btcpp_ros2_interfaces) StdoutLine: {'line': b'-- Symlinking: /convince_ws/install/btcpp_ros2_interfaces/include/btcpp_ros2_interfaces/btcpp_ros2_interfaces/action/detail/sleep__struct.h\n'}
[8.641577] (btcpp_ros2_interfaces) StdoutLine: {'line': b'-- Symlinking: /convince_ws/install/btcpp_ros2_interfaces/include/btcpp_ros2_interfaces/btcpp_ros2_interfaces/action/detail/sleep__type_support.h\n'}
[8.649092] (btcpp_ros2_interfaces) StdoutLine: {'line': b'-- Symlinking: /convince_ws/install/btcpp_ros2_interfaces/include/btcpp_ros2_interfaces/btcpp_ros2_interfaces/action/execute_tree.h\n'}
[8.656935] (btcpp_ros2_interfaces) StdoutLine: {'line': b'-- Symlinking: /convince_ws/install/btcpp_ros2_interfaces/include/btcpp_ros2_interfaces/btcpp_ros2_interfaces/action/sleep.h\n'}
[8.661716] (pyrobosim_msgs) StdoutLine: {'line': b'[ 40%] \x1b[32mBuilding CXX object CMakeFiles/pyrobosim_msgs__rosidl_typesupport_cpp.dir/rosidl_typesupport_cpp/pyrobosim_msgs/msg/hallway_state__type_support.cpp.o\x1b[0m\n'}
[8.661880] (pyrobosim_msgs) StdoutLine: {'line': b'[ 40%] \x1b[32mBuilding CXX object CMakeFiles/pyrobosim_msgs__rosidl_typesupport_cpp.dir/rosidl_typesupport_cpp/pyrobosim_msgs/msg/location_state__type_support.cpp.o\x1b[0m\n'}
[8.661965] (pyrobosim_msgs) StdoutLine: {'line': b'[ 41%] \x1b[32mBuilding CXX object CMakeFiles/pyrobosim_msgs__rosidl_typesupport_cpp.dir/rosidl_typesupport_cpp/pyrobosim_msgs/msg/execution_result__type_support.cpp.o\x1b[0m\n'}
[8.663050] (pyrobosim_msgs) StdoutLine: {'line': b'[ 41%] \x1b[32mBuilding CXX object CMakeFiles/pyrobosim_msgs__rosidl_typesupport_cpp.dir/rosidl_typesupport_cpp/pyrobosim_msgs/msg/path__type_support.cpp.o\x1b[0m\n'}
[8.663207] (pyrobosim_msgs) StdoutLine: {'line': b'[ 42%] \x1b[32mBuilding CXX object CMakeFiles/pyrobosim_msgs__rosidl_typesupport_cpp.dir/rosidl_typesupport_cpp/pyrobosim_msgs/msg/goal_specification__type_support.cpp.o\x1b[0m\n'}
[8.663273] (pyrobosim_msgs) StdoutLine: {'line': b'[ 44%] \x1b[32mBuilding CXX object CMakeFiles/pyrobosim_msgs__rosidl_typesupport_cpp.dir/rosidl_typesupport_cpp/pyrobosim_msgs/msg/robot_state__type_support.cpp.o\x1b[0m\n'}
[8.663329] (pyrobosim_msgs) StdoutLine: {'line': b'[ 43%] \x1b[32mBuilding CXX object CMakeFiles/pyrobosim_msgs__rosidl_typesupport_cpp.dir/rosidl_typesupport_cpp/pyrobosim_msgs/msg/object_state__type_support.cpp.o\x1b[0m\n'}
[8.663418] (btcpp_ros2_interfaces) StdoutLine: {'line': b'-- Symlinking: /convince_ws/install/btcpp_ros2_interfaces/include/btcpp_ros2_interfaces/btcpp_ros2_interfaces/msg/detail/node_status__functions.h\n'}
[8.664281] (pyrobosim_msgs) StdoutLine: {'line': b'[ 44%] \x1b[32mBuilding CXX object CMakeFiles/pyrobosim_msgs__rosidl_typesupport_cpp.dir/rosidl_typesupport_cpp/pyrobosim_msgs/msg/goal_predicate__type_support.cpp.o\x1b[0m\n'}
[8.665213] (pyrobosim_msgs) StdoutLine: {'line': b'[ 44%] \x1b[32mBuilding CXX object CMakeFiles/pyrobosim_msgs__rosidl_typesupport_cpp.dir/rosidl_typesupport_cpp/pyrobosim_msgs/msg/task_action__type_support.cpp.o\x1b[0m\n'}
[8.666840] (pyrobosim_msgs) StdoutLine: {'line': b'[ 44%] \x1b[32mBuilding CXX object CMakeFiles/pyrobosim_msgs__rosidl_typesupport_cpp.dir/rosidl_typesupport_cpp/pyrobosim_msgs/msg/task_plan__type_support.cpp.o\x1b[0m\n'}
[8.669134] (pyrobosim_msgs) StdoutLine: {'line': b'[ 45%] \x1b[32mBuilding CXX object CMakeFiles/pyrobosim_msgs__rosidl_typesupport_cpp.dir/rosidl_typesupport_cpp/pyrobosim_msgs/msg/world_info__type_support.cpp.o\x1b[0m\n'}
[8.673676] (btcpp_ros2_interfaces) StdoutLine: {'line': b'-- Symlinking: /convince_ws/install/btcpp_ros2_interfaces/include/btcpp_ros2_interfaces/btcpp_ros2_interfaces/msg/detail/node_status__struct.h\n'}
[8.674480] (pyrobosim_msgs) StdoutLine: {'line': b'[ 46%] \x1b[32mBuilding CXX object CMakeFiles/pyrobosim_msgs__rosidl_typesupport_cpp.dir/rosidl_typesupport_cpp/pyrobosim_msgs/srv/request_world_info__type_support.cpp.o\x1b[0m\n'}
[8.676465] (pyrobosim_msgs) StdoutLine: {'line': b'[ 46%] \x1b[32mBuilding CXX object CMakeFiles/pyrobosim_msgs__rosidl_typesupport_cpp.dir/rosidl_typesupport_cpp/pyrobosim_msgs/msg/world_state__type_support.cpp.o\x1b[0m\n'}
[8.678677] (btcpp_ros2_interfaces) StdoutLine: {'line': b'-- Symlinking: /convince_ws/install/btcpp_ros2_interfaces/include/btcpp_ros2_interfaces/btcpp_ros2_interfaces/msg/detail/node_status__type_support.h\n'}
[8.679965] (pyrobosim_msgs) StdoutLine: {'line': b'[ 46%] \x1b[32mBuilding CXX object CMakeFiles/pyrobosim_msgs__rosidl_typesupport_cpp.dir/rosidl_typesupport_cpp/pyrobosim_msgs/srv/request_world_state__type_support.cpp.o\x1b[0m\n'}
[8.687545] (btcpp_ros2_interfaces) StdoutLine: {'line': b'-- Symlinking: /convince_ws/install/btcpp_ros2_interfaces/include/btcpp_ros2_interfaces/btcpp_ros2_interfaces/msg/node_status.h\n'}
[8.691349] (pyrobosim_msgs) StdoutLine: {'line': b'[ 47%] \x1b[32mBuilding CXX object CMakeFiles/pyrobosim_msgs__rosidl_typesupport_cpp.dir/rosidl_typesupport_cpp/pyrobosim_msgs/srv/reset_world__type_support.cpp.o\x1b[0m\n'}
[8.695755] (pyrobosim_msgs) StdoutLine: {'line': b'[ 48%] \x1b[32m\x1b[1mLinking CXX shared library libpyrobosim_msgs__rosidl_typesupport_c.so\x1b[0m\n'}
[8.695972] (btcpp_ros2_interfaces) StdoutLine: {'line': b'-- Symlinking: /convince_ws/install/btcpp_ros2_interfaces/include/btcpp_ros2_interfaces/btcpp_ros2_interfaces/msg/rosidl_generator_c__visibility_control.h\n'}
[8.704212] (btcpp_ros2_interfaces) StdoutLine: {'line': b'-- Symlinking: /convince_ws/install/btcpp_ros2_interfaces/include/btcpp_ros2_interfaces/btcpp_ros2_interfaces/srv/detail/get_trees__functions.h\n'}
[8.712746] (btcpp_ros2_interfaces) StdoutLine: {'line': b'-- Symlinking: /convince_ws/install/btcpp_ros2_interfaces/include/btcpp_ros2_interfaces/btcpp_ros2_interfaces/srv/detail/get_trees__struct.h\n'}
[8.721478] (btcpp_ros2_interfaces) StdoutLine: {'line': b'-- Symlinking: /convince_ws/install/btcpp_ros2_interfaces/include/btcpp_ros2_interfaces/btcpp_ros2_interfaces/srv/detail/get_trees__type_support.h\n'}
[8.729915] (-) TimerEvent: {}
[8.730214] (btcpp_ros2_interfaces) StdoutLine: {'line': b'-- Symlinking: /convince_ws/install/btcpp_ros2_interfaces/include/btcpp_ros2_interfaces/btcpp_ros2_interfaces/srv/get_trees.h\n'}
[8.738819] (btcpp_ros2_interfaces) StdoutLine: {'line': b'-- Symlinking: /convince_ws/install/btcpp_ros2_interfaces/share/btcpp_ros2_interfaces/environment/library_path.sh\n'}
[8.743689] (pyrobosim_msgs) StdoutLine: {'line': b'[ 48%] Built target pyrobosim_msgs__rosidl_typesupport_c\n'}
[8.748108] (pyrobosim_msgs) StdoutLine: {'line': b'[ 48%] \x1b[32mBuilding CXX object CMakeFiles/pyrobosim_msgs__rosidl_typesupport_cpp.dir/rosidl_typesupport_cpp/pyrobosim_msgs/srv/set_location_state__type_support.cpp.o\x1b[0m\n'}
[8.758526] (btcpp_ros2_interfaces) StdoutLine: {'line': b'-- Symlinking: /convince_ws/install/btcpp_ros2_interfaces/share/btcpp_ros2_interfaces/environment/library_path.dsv\n'}
[8.777181] (btcpp_ros2_interfaces) StdoutLine: {'line': b'-- Symlinking: /convince_ws/install/btcpp_ros2_interfaces/include/btcpp_ros2_interfaces/btcpp_ros2_interfaces/action/detail/execute_tree__rosidl_typesupport_fastrtps_c.h\n'}
[8.795642] (btcpp_ros2_interfaces) StdoutLine: {'line': b'-- Symlinking: /convince_ws/install/btcpp_ros2_interfaces/include/btcpp_ros2_interfaces/btcpp_ros2_interfaces/action/detail/sleep__rosidl_typesupport_fastrtps_c.h\n'}
[8.810990] (btcpp_ros2_interfaces) StdoutLine: {'line': b'-- Symlinking: /convince_ws/install/btcpp_ros2_interfaces/include/btcpp_ros2_interfaces/btcpp_ros2_interfaces/msg/detail/node_status__rosidl_typesupport_fastrtps_c.h\n'}
[8.830009] (-) TimerEvent: {}
[8.830758] (btcpp_ros2_interfaces) StdoutLine: {'line': b'-- Symlinking: /convince_ws/install/btcpp_ros2_interfaces/include/btcpp_ros2_interfaces/btcpp_ros2_interfaces/msg/rosidl_typesupport_fastrtps_c__visibility_control.h\n'}
[8.845804] (btcpp_ros2_interfaces) StdoutLine: {'line': b'-- Symlinking: /convince_ws/install/btcpp_ros2_interfaces/include/btcpp_ros2_interfaces/btcpp_ros2_interfaces/srv/detail/get_trees__rosidl_typesupport_fastrtps_c.h\n'}
[8.861789] (btcpp_ros2_interfaces) StdoutLine: {'line': b'-- Symlinking: /convince_ws/install/btcpp_ros2_interfaces/include/btcpp_ros2_interfaces/btcpp_ros2_interfaces/action/detail/execute_tree__rosidl_typesupport_introspection_c.h\n'}
[8.878488] (btcpp_ros2_interfaces) StdoutLine: {'line': b'-- Symlinking: /convince_ws/install/btcpp_ros2_interfaces/include/btcpp_ros2_interfaces/btcpp_ros2_interfaces/action/detail/sleep__rosidl_typesupport_introspection_c.h\n'}
[8.897266] (btcpp_ros2_interfaces) StdoutLine: {'line': b'-- Symlinking: /convince_ws/install/btcpp_ros2_interfaces/include/btcpp_ros2_interfaces/btcpp_ros2_interfaces/msg/detail/node_status__rosidl_typesupport_introspection_c.h\n'}
[8.914285] (btcpp_ros2_interfaces) StdoutLine: {'line': b'-- Symlinking: /convince_ws/install/btcpp_ros2_interfaces/include/btcpp_ros2_interfaces/btcpp_ros2_interfaces/msg/rosidl_typesupport_introspection_c__visibility_control.h\n'}
[8.928984] (btcpp_ros2_interfaces) StdoutLine: {'line': b'-- Symlinking: /convince_ws/install/btcpp_ros2_interfaces/include/btcpp_ros2_interfaces/btcpp_ros2_interfaces/srv/detail/get_trees__rosidl_typesupport_introspection_c.h\n'}
[8.930306] (-) TimerEvent: {}
[8.949250] (btcpp_ros2_interfaces) StdoutLine: {'line': b'-- Symlinking: /convince_ws/install/btcpp_ros2_interfaces/include/btcpp_ros2_interfaces/btcpp_ros2_interfaces/action/detail/execute_tree__builder.hpp\n'}
[8.962913] (btcpp_ros2_interfaces) StdoutLine: {'line': b'-- Symlinking: /convince_ws/install/btcpp_ros2_interfaces/include/btcpp_ros2_interfaces/btcpp_ros2_interfaces/action/detail/execute_tree__struct.hpp\n'}
[8.968463] (pyrobosim_msgs) StdoutLine: {'line': b'[ 48%] \x1b[32mBuilding CXX object CMakeFiles/pyrobosim_msgs__rosidl_typesupport_cpp.dir/rosidl_typesupport_cpp/pyrobosim_msgs/action/detect_objects__type_support.cpp.o\x1b[0m\n'}
[8.968943] (btcpp_ros2_interfaces) StdoutLine: {'line': b'-- Symlinking: /convince_ws/install/btcpp_ros2_interfaces/include/btcpp_ros2_interfaces/btcpp_ros2_interfaces/action/detail/execute_tree__traits.hpp\n'}
[8.976179] (btcpp_ros2_interfaces) StdoutLine: {'line': b'-- Symlinking: /convince_ws/install/btcpp_ros2_interfaces/include/btcpp_ros2_interfaces/btcpp_ros2_interfaces/action/detail/execute_tree__type_support.hpp\n'}
[8.984207] (btcpp_ros2_interfaces) StdoutLine: {'line': b'-- Symlinking: /convince_ws/install/btcpp_ros2_interfaces/include/btcpp_ros2_interfaces/btcpp_ros2_interfaces/action/detail/sleep__builder.hpp\n'}
[8.987691] (pyrobosim_msgs) StdoutLine: {'line': b'[ 49%] \x1b[32mBuilding CXX object CMakeFiles/pyrobosim_msgs__rosidl_typesupport_cpp.dir/rosidl_typesupport_cpp/pyrobosim_msgs/action/execute_task_action__type_support.cpp.o\x1b[0m\n'}
[8.992245] (pyrobosim_msgs) StdoutLine: {'line': b'[ 49%] \x1b[32mBuilding CXX object CMakeFiles/pyrobosim_msgs__rosidl_typesupport_cpp.dir/rosidl_typesupport_cpp/pyrobosim_msgs/action/execute_task_plan__type_support.cpp.o\x1b[0m\n'}
[8.993226] (btcpp_ros2_interfaces) StdoutLine: {'line': b'-- Symlinking: /convince_ws/install/btcpp_ros2_interfaces/include/btcpp_ros2_interfaces/btcpp_ros2_interfaces/action/detail/sleep__struct.hpp\n'}
[8.994402] (pyrobosim_msgs) StdoutLine: {'line': b'[ 50%] \x1b[32mBuilding CXX object CMakeFiles/pyrobosim_msgs__rosidl_typesupport_cpp.dir/rosidl_typesupport_cpp/pyrobosim_msgs/action/follow_path__type_support.cpp.o\x1b[0m\n'}
[8.997956] (pyrobosim_msgs) StdoutLine: {'line': b'[ 50%] \x1b[32mBuilding CXX object CMakeFiles/pyrobosim_msgs__rosidl_typesupport_cpp.dir/rosidl_typesupport_cpp/pyrobosim_msgs/action/plan_path__type_support.cpp.o\x1b[0m\n'}
[9.001331] (btcpp_ros2_interfaces) StdoutLine: {'line': b'-- Symlinking: /convince_ws/install/btcpp_ros2_interfaces/include/btcpp_ros2_interfaces/btcpp_ros2_interfaces/action/detail/sleep__traits.hpp\n'}
[9.008907] (btcpp_ros2_interfaces) StdoutLine: {'line': b'-- Symlinking: /convince_ws/install/btcpp_ros2_interfaces/include/btcpp_ros2_interfaces/btcpp_ros2_interfaces/action/detail/sleep__type_support.hpp\n'}
[9.016927] (btcpp_ros2_interfaces) StdoutLine: {'line': b'-- Symlinking: /convince_ws/install/btcpp_ros2_interfaces/include/btcpp_ros2_interfaces/btcpp_ros2_interfaces/action/execute_tree.hpp\n'}
[9.024374] (btcpp_ros2_interfaces) StdoutLine: {'line': b'-- Symlinking: /convince_ws/install/btcpp_ros2_interfaces/include/btcpp_ros2_interfaces/btcpp_ros2_interfaces/action/sleep.hpp\n'}
[9.030408] (-) TimerEvent: {}
[9.031665] (btcpp_ros2_interfaces) StdoutLine: {'line': b'-- Symlinking: /convince_ws/install/btcpp_ros2_interfaces/include/btcpp_ros2_interfaces/btcpp_ros2_interfaces/msg/detail/node_status__builder.hpp\n'}
[9.038256] (btcpp_ros2_interfaces) StdoutLine: {'line': b'-- Symlinking: /convince_ws/install/btcpp_ros2_interfaces/include/btcpp_ros2_interfaces/btcpp_ros2_interfaces/msg/detail/node_status__struct.hpp\n'}
[9.045501] (btcpp_ros2_interfaces) StdoutLine: {'line': b'-- Symlinking: /convince_ws/install/btcpp_ros2_interfaces/include/btcpp_ros2_interfaces/btcpp_ros2_interfaces/msg/detail/node_status__traits.hpp\n'}
[9.051538] (btcpp_ros2_interfaces) StdoutLine: {'line': b'-- Symlinking: /convince_ws/install/btcpp_ros2_interfaces/include/btcpp_ros2_interfaces/btcpp_ros2_interfaces/msg/detail/node_status__type_support.hpp\n'}
[9.056702] (btcpp_ros2_interfaces) StdoutLine: {'line': b'-- Symlinking: /convince_ws/install/btcpp_ros2_interfaces/include/btcpp_ros2_interfaces/btcpp_ros2_interfaces/msg/node_status.hpp\n'}
[9.062839] (btcpp_ros2_interfaces) StdoutLine: {'line': b'-- Symlinking: /convince_ws/install/btcpp_ros2_interfaces/include/btcpp_ros2_interfaces/btcpp_ros2_interfaces/msg/rosidl_generator_cpp__visibility_control.hpp\n'}
[9.070225] (pyrobosim_msgs) StdoutLine: {'line': b'[ 50%] \x1b[32mBuilding CXX object CMakeFiles/pyrobosim_msgs__rosidl_typesupport_introspection_cpp.dir/rosidl_typesupport_introspection_cpp/pyrobosim_msgs/msg/detail/execution_result__type_support.cpp.o\x1b[0m\n'}
[9.070420] (pyrobosim_msgs) StdoutLine: {'line': b'[ 51%] \x1b[32mBuilding CXX object CMakeFiles/pyrobosim_msgs__rosidl_typesupport_introspection_cpp.dir/rosidl_typesupport_introspection_cpp/pyrobosim_msgs/msg/detail/goal_predicate__type_support.cpp.o\x1b[0m\n'}
[9.070514] (pyrobosim_msgs) StdoutLine: {'line': b'[ 51%] \x1b[32mBuilding CXX object CMakeFiles/pyrobosim_msgs__rosidl_typesupport_introspection_cpp.dir/rosidl_typesupport_introspection_cpp/pyrobosim_msgs/msg/detail/goal_specification__type_support.cpp.o\x1b[0m\n'}
[9.070599] (pyrobosim_msgs) StdoutLine: {'line': b'[ 52%] \x1b[32mBuilding CXX object CMakeFiles/pyrobosim_msgs__rosidl_typesupport_introspection_cpp.dir/rosidl_typesupport_introspection_cpp/pyrobosim_msgs/msg/detail/location_state__type_support.cpp.o\x1b[0m\n'}
[9.070695] (pyrobosim_msgs) StdoutLine: {'line': b'[ 52%] \x1b[32mBuilding CXX object CMakeFiles/pyrobosim_msgs__rosidl_typesupport_introspection_cpp.dir/rosidl_typesupport_introspection_cpp/pyrobosim_msgs/msg/detail/object_state__type_support.cpp.o\x1b[0m\n'}
[9.070792] (pyrobosim_msgs) StdoutLine: {'line': b'[ 52%] \x1b[32mBuilding CXX object CMakeFiles/pyrobosim_msgs__rosidl_typesupport_introspection_cpp.dir/rosidl_typesupport_introspection_cpp/pyrobosim_msgs/msg/detail/hallway_state__type_support.cpp.o\x1b[0m\n'}
[9.074646] (btcpp_ros2_interfaces) StdoutLine: {'line': b'-- Symlinking: /convince_ws/install/btcpp_ros2_interfaces/include/btcpp_ros2_interfaces/btcpp_ros2_interfaces/srv/detail/get_trees__builder.hpp\n'}
[9.075584] (pyrobosim_msgs) StdoutLine: {'line': b'[ 53%] \x1b[32mBuilding CXX object CMakeFiles/pyrobosim_msgs__rosidl_typesupport_introspection_cpp.dir/rosidl_typesupport_introspection_cpp/pyrobosim_msgs/msg/detail/path__type_support.cpp.o\x1b[0m\n'}
[9.076140] (pyrobosim_msgs) StdoutLine: {'line': b'[ 53%] \x1b[32mBuilding CXX object CMakeFiles/pyrobosim_msgs__rosidl_typesupport_introspection_cpp.dir/rosidl_typesupport_introspection_cpp/pyrobosim_msgs/msg/detail/robot_state__type_support.cpp.o\x1b[0m\n'}
[9.076326] (btcpp_ros2_interfaces) StdoutLine: {'line': b'-- Symlinking: /convince_ws/install/btcpp_ros2_interfaces/include/btcpp_ros2_interfaces/btcpp_ros2_interfaces/srv/detail/get_trees__struct.hpp\n'}
[9.081890] (pyrobosim_msgs) StdoutLine: {'line': b'[ 53%] \x1b[32mBuilding C object CMakeFiles/pyrobosim_msgs__rosidl_typesupport_introspection_c.dir/rosidl_typesupport_introspection_c/pyrobosim_msgs/msg/detail/execution_result__type_support.c.o\x1b[0m\n'}
[9.084872] (btcpp_ros2_interfaces) StdoutLine: {'line': b'-- Symlinking: /convince_ws/install/btcpp_ros2_interfaces/include/btcpp_ros2_interfaces/btcpp_ros2_interfaces/srv/detail/get_trees__traits.hpp\n'}
[9.090644] (pyrobosim_msgs) StdoutLine: {'line': b'[ 53%] \x1b[32mBuilding CXX object CMakeFiles/pyrobosim_msgs__rosidl_typesupport_introspection_cpp.dir/rosidl_typesupport_introspection_cpp/pyrobosim_msgs/msg/detail/task_action__type_support.cpp.o\x1b[0m\n'}
[9.093558] (btcpp_ros2_interfaces) StdoutLine: {'line': b'-- Symlinking: /convince_ws/install/btcpp_ros2_interfaces/include/btcpp_ros2_interfaces/btcpp_ros2_interfaces/srv/detail/get_trees__type_support.hpp\n'}
[9.103292] (pyrobosim_msgs) StdoutLine: {'line': b'[ 54%] \x1b[32mBuilding CXX object CMakeFiles/pyrobosim_msgs__rosidl_typesupport_introspection_cpp.dir/rosidl_typesupport_introspection_cpp/pyrobosim_msgs/msg/detail/task_plan__type_support.cpp.o\x1b[0m\n'}
[9.104151] (btcpp_ros2_interfaces) StdoutLine: {'line': b'-- Symlinking: /convince_ws/install/btcpp_ros2_interfaces/include/btcpp_ros2_interfaces/btcpp_ros2_interfaces/srv/get_trees.hpp\n'}
[9.115574] (btcpp_ros2_interfaces) StdoutLine: {'line': b'-- Symlinking: /convince_ws/install/btcpp_ros2_interfaces/include/btcpp_ros2_interfaces/btcpp_ros2_interfaces/action/detail/execute_tree__rosidl_typesupport_fastrtps_cpp.hpp\n'}
[9.121758] (pyrobosim_msgs) StdoutLine: {'line': b'[ 55%] \x1b[32mBuilding C object CMakeFiles/pyrobosim_msgs__rosidl_typesupport_introspection_c.dir/rosidl_typesupport_introspection_c/pyrobosim_msgs/msg/detail/goal_predicate__type_support.c.o\x1b[0m\n'}
[9.130504] (-) TimerEvent: {}
[9.131171] (btcpp_ros2_interfaces) StdoutLine: {'line': b'-- Symlinking: /convince_ws/install/btcpp_ros2_interfaces/include/btcpp_ros2_interfaces/btcpp_ros2_interfaces/action/detail/sleep__rosidl_typesupport_fastrtps_cpp.hpp\n'}
[9.132140] (pyrobosim_msgs) StdoutLine: {'line': b'[ 55%] \x1b[32mBuilding CXX object CMakeFiles/pyrobosim_msgs__rosidl_typesupport_introspection_cpp.dir/rosidl_typesupport_introspection_cpp/pyrobosim_msgs/msg/detail/world_info__type_support.cpp.o\x1b[0m\n'}
[9.144718] (btcpp_ros2_interfaces) StdoutLine: {'line': b'-- Symlinking: /convince_ws/install/btcpp_ros2_interfaces/include/btcpp_ros2_interfaces/btcpp_ros2_interfaces/msg/detail/node_status__rosidl_typesupport_fastrtps_cpp.hpp\n'}
[9.156042] (btcpp_ros2_interfaces) StdoutLine: {'line': b'-- Symlinking: /convince_ws/install/btcpp_ros2_interfaces/include/btcpp_ros2_interfaces/btcpp_ros2_interfaces/msg/rosidl_typesupport_fastrtps_cpp__visibility_control.h\n'}
[9.166653] (btcpp_ros2_interfaces) StdoutLine: {'line': b'-- Symlinking: /convince_ws/install/btcpp_ros2_interfaces/include/btcpp_ros2_interfaces/btcpp_ros2_interfaces/srv/detail/get_trees__rosidl_typesupport_fastrtps_cpp.hpp\n'}
[9.172173] (btcpp_ros2_interfaces) StdoutLine: {'line': b'-- Symlinking: /convince_ws/install/btcpp_ros2_interfaces/include/btcpp_ros2_interfaces/btcpp_ros2_interfaces/action/detail/execute_tree__rosidl_typesupport_introspection_cpp.hpp\n'}
[9.173533] (pyrobosim_msgs) StdoutLine: {'line': b'[ 55%] \x1b[32mBuilding C object CMakeFiles/pyrobosim_msgs__rosidl_typesupport_introspection_c.dir/rosidl_typesupport_introspection_c/pyrobosim_msgs/msg/detail/goal_specification__type_support.c.o\x1b[0m\n'}
[9.181464] (btcpp_ros2_interfaces) StdoutLine: {'line': b'-- Symlinking: /convince_ws/install/btcpp_ros2_interfaces/include/btcpp_ros2_interfaces/btcpp_ros2_interfaces/action/detail/sleep__rosidl_typesupport_introspection_cpp.hpp\n'}
[9.190449] (btcpp_ros2_interfaces) StdoutLine: {'line': b'-- Symlinking: /convince_ws/install/btcpp_ros2_interfaces/include/btcpp_ros2_interfaces/btcpp_ros2_interfaces/msg/detail/node_status__rosidl_typesupport_introspection_cpp.hpp\n'}
[9.199236] (btcpp_ros2_interfaces) StdoutLine: {'line': b'-- Symlinking: /convince_ws/install/btcpp_ros2_interfaces/include/btcpp_ros2_interfaces/btcpp_ros2_interfaces/srv/detail/get_trees__rosidl_typesupport_introspection_cpp.hpp\n'}
[9.213232] (pyrobosim_msgs) StdoutLine: {'line': b'[ 56%] \x1b[32mBuilding CXX object CMakeFiles/pyrobosim_msgs__rosidl_typesupport_introspection_cpp.dir/rosidl_typesupport_introspection_cpp/pyrobosim_msgs/msg/detail/world_state__type_support.cpp.o\x1b[0m\n'}
[9.215339] (btcpp_ros2_interfaces) StdoutLine: {'line': b'-- Symlinking: /convince_ws/install/btcpp_ros2_interfaces/share/btcpp_ros2_interfaces/environment/pythonpath.sh\n'}
[9.224989] (btcpp_ros2_interfaces) StdoutLine: {'line': b'-- Symlinking: /convince_ws/install/btcpp_ros2_interfaces/share/btcpp_ros2_interfaces/environment/pythonpath.dsv\n'}
[9.230610] (-) TimerEvent: {}
[9.231373] (pyrobosim_msgs) StdoutLine: {'line': b'[ 56%] \x1b[32mBuilding C object CMakeFiles/pyrobosim_msgs__rosidl_typesupport_introspection_c.dir/rosidl_typesupport_introspection_c/pyrobosim_msgs/msg/detail/hallway_state__type_support.c.o\x1b[0m\n'}
[9.239497] (btcpp_ros2_interfaces) StdoutLine: {'line': b'-- Symlinking: /convince_ws/install/btcpp_ros2_interfaces/lib/python3.12/site-packages/btcpp_ros2_interfaces-0.3.0-py3.12.egg-info/PKG-INFO\n'}
[9.255938] (btcpp_ros2_interfaces) StdoutLine: {'line': b'-- Symlinking: /convince_ws/install/btcpp_ros2_interfaces/lib/python3.12/site-packages/btcpp_ros2_interfaces-0.3.0-py3.12.egg-info/SOURCES.txt\n'}
[9.271809] (btcpp_ros2_interfaces) StdoutLine: {'line': b'-- Symlinking: /convince_ws/install/btcpp_ros2_interfaces/lib/python3.12/site-packages/btcpp_ros2_interfaces-0.3.0-py3.12.egg-info/dependency_links.txt\n'}
[9.290263] (btcpp_ros2_interfaces) StdoutLine: {'line': b'-- Symlinking: /convince_ws/install/btcpp_ros2_interfaces/lib/python3.12/site-packages/btcpp_ros2_interfaces-0.3.0-py3.12.egg-info/top_level.txt\n'}
[9.297519] (pyrobosim_msgs) StdoutLine: {'line': b'[ 57%] \x1b[32mBuilding C object CMakeFiles/pyrobosim_msgs__rosidl_typesupport_introspection_c.dir/rosidl_typesupport_introspection_c/pyrobosim_msgs/msg/detail/location_state__type_support.c.o\x1b[0m\n'}
[9.308276] (btcpp_ros2_interfaces) StdoutLine: {'line': b'-- Symlinking: /convince_ws/install/btcpp_ros2_interfaces/lib/python3.12/site-packages/btcpp_ros2_interfaces/__init__.py\n'}
[9.327070] (btcpp_ros2_interfaces) StdoutLine: {'line': b'-- Symlinking: /convince_ws/install/btcpp_ros2_interfaces/lib/python3.12/site-packages/btcpp_ros2_interfaces/_btcpp_ros2_interfaces_s.ep.rosidl_typesupport_c.c\n'}
[9.330659] (-) TimerEvent: {}
[9.345068] (btcpp_ros2_interfaces) StdoutLine: {'line': b'-- Symlinking: /convince_ws/install/btcpp_ros2_interfaces/lib/python3.12/site-packages/btcpp_ros2_interfaces/_btcpp_ros2_interfaces_s.ep.rosidl_typesupport_fastrtps_c.c\n'}
[9.349665] (pyrobosim_msgs) StdoutLine: {'line': b'[ 57%] \x1b[32mBuilding C object CMakeFiles/pyrobosim_msgs__rosidl_typesupport_introspection_c.dir/rosidl_typesupport_introspection_c/pyrobosim_msgs/msg/detail/object_state__type_support.c.o\x1b[0m\n'}
[9.361355] (btcpp_ros2_interfaces) StdoutLine: {'line': b'-- Symlinking: /convince_ws/install/btcpp_ros2_interfaces/lib/python3.12/site-packages/btcpp_ros2_interfaces/_btcpp_ros2_interfaces_s.ep.rosidl_typesupport_introspection_c.c\n'}
[9.380696] (pyrobosim_msgs) StdoutLine: {'line': b'[ 58%] \x1b[32mBuilding C object CMakeFiles/pyrobosim_msgs__rosidl_typesupport_introspection_c.dir/rosidl_typesupport_introspection_c/pyrobosim_msgs/msg/detail/path__type_support.c.o\x1b[0m\n'}
[9.382754] (btcpp_ros2_interfaces) StdoutLine: {'line': b'-- Symlinking: /convince_ws/install/btcpp_ros2_interfaces/lib/python3.12/site-packages/btcpp_ros2_interfaces/action/__init__.py\n'}
[9.382938] (pyrobosim_msgs) StdoutLine: {'line': b'[ 58%] \x1b[32mBuilding CXX object CMakeFiles/pyrobosim_msgs__rosidl_typesupport_introspection_cpp.dir/rosidl_typesupport_introspection_cpp/pyrobosim_msgs/srv/detail/request_world_info__type_support.cpp.o\x1b[0m\n'}
[9.386226] (pyrobosim_msgs) StdoutLine: {'line': b'[ 58%] \x1b[32mBuilding C object CMakeFiles/pyrobosim_msgs__rosidl_typesupport_introspection_c.dir/rosidl_typesupport_introspection_c/pyrobosim_msgs/msg/detail/robot_state__type_support.c.o\x1b[0m\n'}
[9.387562] (btcpp_ros2_interfaces) StdoutLine: {'line': b'-- Symlinking: /convince_ws/install/btcpp_ros2_interfaces/lib/python3.12/site-packages/btcpp_ros2_interfaces/action/_execute_tree.py\n'}
[9.396922] (pyrobosim_msgs) StdoutLine: {'line': b'[ 59%] \x1b[32mBuilding C object CMakeFiles/pyrobosim_msgs__rosidl_typesupport_introspection_c.dir/rosidl_typesupport_introspection_c/pyrobosim_msgs/msg/detail/task_action__type_support.c.o\x1b[0m\n'}
[9.397355] (btcpp_ros2_interfaces) StdoutLine: {'line': b'-- Symlinking: /convince_ws/install/btcpp_ros2_interfaces/lib/python3.12/site-packages/btcpp_ros2_interfaces/action/_execute_tree_s.c\n'}
[9.398430] (pyrobosim_msgs) StdoutLine: {'line': b'[ 59%] \x1b[32mBuilding C object CMakeFiles/pyrobosim_msgs__rosidl_typesupport_introspection_c.dir/rosidl_typesupport_introspection_c/pyrobosim_msgs/msg/detail/task_plan__type_support.c.o\x1b[0m\n'}
[9.404576] (btcpp_ros2_interfaces) StdoutLine: {'line': b'-- Symlinking: /convince_ws/install/btcpp_ros2_interfaces/lib/python3.12/site-packages/btcpp_ros2_interfaces/action/_sleep.py\n'}
[9.405194] (pyrobosim_msgs) StdoutLine: {'line': b'[ 59%] \x1b[32mBuilding C object CMakeFiles/pyrobosim_msgs__rosidl_typesupport_introspection_c.dir/rosidl_typesupport_introspection_c/pyrobosim_msgs/msg/detail/world_info__type_support.c.o\x1b[0m\n'}
[9.411938] (pyrobosim_msgs) StdoutLine: {'line': b'[ 60%] \x1b[32mBuilding CXX object CMakeFiles/pyrobosim_msgs__rosidl_typesupport_introspection_cpp.dir/rosidl_typesupport_introspection_cpp/pyrobosim_msgs/srv/detail/request_world_state__type_support.cpp.o\x1b[0m\n'}
[9.412171] (btcpp_ros2_interfaces) StdoutLine: {'line': b'-- Symlinking: /convince_ws/install/btcpp_ros2_interfaces/lib/python3.12/site-packages/btcpp_ros2_interfaces/action/_sleep_s.c\n'}
[9.420059] (btcpp_ros2_interfaces) StdoutLine: {'line': b'-- Symlinking: /convince_ws/install/btcpp_ros2_interfaces/lib/python3.12/site-packages/btcpp_ros2_interfaces/btcpp_ros2_interfaces_s__rosidl_typesupport_c.so\n'}
[9.426072] (pyrobosim_msgs) StdoutLine: {'line': b'[ 60%] \x1b[32mBuilding CXX object CMakeFiles/pyrobosim_msgs__rosidl_typesupport_introspection_cpp.dir/rosidl_typesupport_introspection_cpp/pyrobosim_msgs/srv/detail/reset_world__type_support.cpp.o\x1b[0m\n'}
[9.428388] (btcpp_ros2_interfaces) StdoutLine: {'line': b'-- Symlinking: /convince_ws/install/btcpp_ros2_interfaces/lib/python3.12/site-packages/btcpp_ros2_interfaces/btcpp_ros2_interfaces_s__rosidl_typesupport_fastrtps_c.so\n'}
[9.431740] (pyrobosim_msgs) StdoutLine: {'line': b'[ 61%] \x1b[32mBuilding C object CMakeFiles/pyrobosim_msgs__rosidl_typesupport_introspection_c.dir/rosidl_typesupport_introspection_c/pyrobosim_msgs/msg/detail/world_state__type_support.c.o\x1b[0m\n'}
[9.431901] (-) TimerEvent: {}
[9.432822] (pyrobosim_msgs) StdoutLine: {'line': b'[ 61%] \x1b[32mBuilding C object CMakeFiles/pyrobosim_msgs__rosidl_typesupport_introspection_c.dir/rosidl_typesupport_introspection_c/pyrobosim_msgs/srv/detail/request_world_info__type_support.c.o\x1b[0m\n'}
[9.434898] (pyrobosim_msgs) StdoutLine: {'line': b'[ 61%] \x1b[32mBuilding CXX object CMakeFiles/pyrobosim_msgs__rosidl_typesupport_introspection_cpp.dir/rosidl_typesupport_introspection_cpp/pyrobosim_msgs/srv/detail/set_location_state__type_support.cpp.o\x1b[0m\n'}
[9.436134] (btcpp_ros2_interfaces) StdoutLine: {'line': b'-- Symlinking: /convince_ws/install/btcpp_ros2_interfaces/lib/python3.12/site-packages/btcpp_ros2_interfaces/btcpp_ros2_interfaces_s__rosidl_typesupport_introspection_c.so\n'}
[9.445695] (btcpp_ros2_interfaces) StdoutLine: {'line': b'-- Symlinking: /convince_ws/install/btcpp_ros2_interfaces/lib/python3.12/site-packages/btcpp_ros2_interfaces/msg/__init__.py\n'}
[9.452331] (pyrobosim_msgs) StdoutLine: {'line': b'[ 62%] \x1b[32mBuilding C object CMakeFiles/pyrobosim_msgs__rosidl_typesupport_introspection_c.dir/rosidl_typesupport_introspection_c/pyrobosim_msgs/srv/detail/request_world_state__type_support.c.o\x1b[0m\n'}
[9.454101] (btcpp_ros2_interfaces) StdoutLine: {'line': b'-- Symlinking: /convince_ws/install/btcpp_ros2_interfaces/lib/python3.12/site-packages/btcpp_ros2_interfaces/msg/_node_status.py\n'}
[9.462768] (btcpp_ros2_interfaces) StdoutLine: {'line': b'-- Symlinking: /convince_ws/install/btcpp_ros2_interfaces/lib/python3.12/site-packages/btcpp_ros2_interfaces/msg/_node_status_s.c\n'}
[9.469824] (pyrobosim_msgs) StdoutLine: {'line': b'[ 63%] \x1b[32mBuilding CXX object CMakeFiles/pyrobosim_msgs__rosidl_typesupport_introspection_cpp.dir/rosidl_typesupport_introspection_cpp/pyrobosim_msgs/action/detail/detect_objects__type_support.cpp.o\x1b[0m\n'}
[9.471640] (pyrobosim_msgs) StdoutLine: {'line': b'[ 63%] \x1b[32mBuilding C object CMakeFiles/pyrobosim_msgs__rosidl_typesupport_introspection_c.dir/rosidl_typesupport_introspection_c/pyrobosim_msgs/srv/detail/reset_world__type_support.c.o\x1b[0m\n'}
[9.471826] (btcpp_ros2_interfaces) StdoutLine: {'line': b'-- Symlinking: /convince_ws/install/btcpp_ros2_interfaces/lib/python3.12/site-packages/btcpp_ros2_interfaces/srv/__init__.py\n'}
[9.475418] (pyrobosim_msgs) StdoutLine: {'line': b'[ 63%] \x1b[32mBuilding CXX object CMakeFiles/pyrobosim_msgs__rosidl_typesupport_introspection_cpp.dir/rosidl_typesupport_introspection_cpp/pyrobosim_msgs/action/detail/execute_task_action__type_support.cpp.o\x1b[0m\n'}
[9.476082] (pyrobosim_msgs) StdoutLine: {'line': b'[ 64%] \x1b[32mBuilding C object CMakeFiles/pyrobosim_msgs__rosidl_typesupport_introspection_c.dir/rosidl_typesupport_introspection_c/pyrobosim_msgs/srv/detail/set_location_state__type_support.c.o\x1b[0m\n'}
[9.478132] (btcpp_ros2_interfaces) StdoutLine: {'line': b'-- Symlinking: /convince_ws/install/btcpp_ros2_interfaces/lib/python3.12/site-packages/btcpp_ros2_interfaces/srv/_get_trees.py\n'}
[9.478905] (pyrobosim_msgs) StdoutLine: {'line': b'[ 65%] \x1b[32mBuilding CXX object CMakeFiles/pyrobosim_msgs__rosidl_typesupport_introspection_cpp.dir/rosidl_typesupport_introspection_cpp/pyrobosim_msgs/action/detail/execute_task_plan__type_support.cpp.o\x1b[0m\n'}
[9.486743] (btcpp_ros2_interfaces) StdoutLine: {'line': b'-- Symlinking: /convince_ws/install/btcpp_ros2_interfaces/lib/python3.12/site-packages/btcpp_ros2_interfaces/srv/_get_trees_s.c\n'}
[9.494863] (pyrobosim_msgs) StdoutLine: {'line': b'[ 65%] \x1b[32mBuilding CXX object CMakeFiles/pyrobosim_msgs__rosidl_typesupport_introspection_cpp.dir/rosidl_typesupport_introspection_cpp/pyrobosim_msgs/action/detail/follow_path__type_support.cpp.o\x1b[0m\n'}
[9.495886] (btcpp_ros2_interfaces) StdoutLine: {'line': b'-- Up-to-date symlink: /convince_ws/install/btcpp_ros2_interfaces/lib/python3.12/site-packages/btcpp_ros2_interfaces/btcpp_ros2_interfaces_s__rosidl_typesupport_fastrtps_c.so\n'}
[9.496555] (btcpp_ros2_interfaces) StdoutLine: {'line': b'-- Up-to-date symlink: /convince_ws/install/btcpp_ros2_interfaces/lib/python3.12/site-packages/btcpp_ros2_interfaces/btcpp_ros2_interfaces_s__rosidl_typesupport_introspection_c.so\n'}
[9.497594] (btcpp_ros2_interfaces) StdoutLine: {'line': b'-- Up-to-date symlink: /convince_ws/install/btcpp_ros2_interfaces/lib/python3.12/site-packages/btcpp_ros2_interfaces/btcpp_ros2_interfaces_s__rosidl_typesupport_c.so\n'}
[9.498410] (btcpp_ros2_interfaces) StdoutLine: {'line': b'-- Symlinking: /convince_ws/install/btcpp_ros2_interfaces/share/btcpp_ros2_interfaces/msg/NodeStatus.idl\n'}
[9.503297] (pyrobosim_msgs) StdoutLine: {'line': b'[ 66%] \x1b[32mBuilding CXX object CMakeFiles/pyrobosim_msgs__rosidl_typesupport_introspection_cpp.dir/rosidl_typesupport_introspection_cpp/pyrobosim_msgs/action/detail/plan_path__type_support.cpp.o\x1b[0m\n'}
[9.508332] (btcpp_ros2_interfaces) StdoutLine: {'line': b'-- Symlinking: /convince_ws/install/btcpp_ros2_interfaces/share/btcpp_ros2_interfaces/srv/GetTrees.idl\n'}
[9.513665] (pyrobosim_msgs) StdoutLine: {'line': b'[ 66%] \x1b[32mBuilding C object CMakeFiles/pyrobosim_msgs__rosidl_typesupport_introspection_c.dir/rosidl_typesupport_introspection_c/pyrobosim_msgs/action/detail/detect_objects__type_support.c.o\x1b[0m\n'}
[9.514466] (pyrobosim_msgs) StdoutLine: {'line': b'[ 66%] \x1b[32mBuilding C object CMakeFiles/pyrobosim_msgs__rosidl_typesupport_introspection_c.dir/rosidl_typesupport_introspection_c/pyrobosim_msgs/action/detail/execute_task_action__type_support.c.o\x1b[0m\n'}
[9.518553] (pyrobosim_msgs) StdoutLine: {'line': b'[ 67%] \x1b[32mBuilding C object CMakeFiles/pyrobosim_msgs__rosidl_typesupport_introspection_c.dir/rosidl_typesupport_introspection_c/pyrobosim_msgs/action/detail/execute_task_plan__type_support.c.o\x1b[0m\n'}
[9.519865] (btcpp_ros2_interfaces) StdoutLine: {'line': b'-- Symlinking: /convince_ws/install/btcpp_ros2_interfaces/share/btcpp_ros2_interfaces/action/ExecuteTree.idl\n'}
[9.529058] (btcpp_ros2_interfaces) StdoutLine: {'line': b'-- Symlinking: /convince_ws/install/btcpp_ros2_interfaces/share/btcpp_ros2_interfaces/action/Sleep.idl\n'}
[9.531996] (-) TimerEvent: {}
[9.538804] (btcpp_ros2_interfaces) StdoutLine: {'line': b'-- Symlinking: /convince_ws/install/btcpp_ros2_interfaces/share/btcpp_ros2_interfaces/msg/NodeStatus.msg\n'}
[9.548998] (btcpp_ros2_interfaces) StdoutLine: {'line': b'-- Symlinking: /convince_ws/install/btcpp_ros2_interfaces/share/btcpp_ros2_interfaces/srv/GetTrees.srv\n'}
[9.558608] (btcpp_ros2_interfaces) StdoutLine: {'line': b'-- Symlinking: /convince_ws/install/btcpp_ros2_interfaces/share/btcpp_ros2_interfaces/action/ExecuteTree.action\n'}
[9.571643] (btcpp_ros2_interfaces) StdoutLine: {'line': b'-- Symlinking: /convince_ws/install/btcpp_ros2_interfaces/share/btcpp_ros2_interfaces/action/Sleep.action\n'}
[9.578289] (btcpp_ros2_interfaces) StdoutLine: {'line': b'-- Symlinking: /convince_ws/install/btcpp_ros2_interfaces/share/ament_index/resource_index/package_run_dependencies/btcpp_ros2_interfaces\n'}
[9.582707] (pyrobosim_msgs) StdoutLine: {'line': b'[ 67%] \x1b[32mBuilding C object CMakeFiles/pyrobosim_msgs__rosidl_typesupport_introspection_c.dir/rosidl_typesupport_introspection_c/pyrobosim_msgs/action/detail/follow_path__type_support.c.o\x1b[0m\n'}
[9.584333] (pyrobosim_msgs) StdoutLine: {'line': b'[ 68%] \x1b[32mBuilding C object CMakeFiles/pyrobosim_msgs__rosidl_typesupport_introspection_c.dir/rosidl_typesupport_introspection_c/pyrobosim_msgs/action/detail/plan_path__type_support.c.o\x1b[0m\n'}
[9.589686] (btcpp_ros2_interfaces) StdoutLine: {'line': b'-- Symlinking: /convince_ws/install/btcpp_ros2_interfaces/share/ament_index/resource_index/parent_prefix_path/btcpp_ros2_interfaces\n'}
[9.596145] (btcpp_ros2_interfaces) StdoutLine: {'line': b'-- Symlinking: /convince_ws/install/btcpp_ros2_interfaces/share/btcpp_ros2_interfaces/environment/ament_prefix_path.sh\n'}
[9.604234] (btcpp_ros2_interfaces) StdoutLine: {'line': b'-- Symlinking: /convince_ws/install/btcpp_ros2_interfaces/share/btcpp_ros2_interfaces/environment/ament_prefix_path.dsv\n'}
[9.612379] (btcpp_ros2_interfaces) StdoutLine: {'line': b'-- Symlinking: /convince_ws/install/btcpp_ros2_interfaces/share/btcpp_ros2_interfaces/environment/path.sh\n'}
[9.620578] (btcpp_ros2_interfaces) StdoutLine: {'line': b'-- Symlinking: /convince_ws/install/btcpp_ros2_interfaces/share/btcpp_ros2_interfaces/environment/path.dsv\n'}
[9.628381] (btcpp_ros2_interfaces) StdoutLine: {'line': b'-- Symlinking: /convince_ws/install/btcpp_ros2_interfaces/share/btcpp_ros2_interfaces/local_setup.bash\n'}
[9.632086] (-) TimerEvent: {}
[9.636065] (btcpp_ros2_interfaces) StdoutLine: {'line': b'-- Symlinking: /convince_ws/install/btcpp_ros2_interfaces/share/btcpp_ros2_interfaces/local_setup.sh\n'}
[9.643852] (btcpp_ros2_interfaces) StdoutLine: {'line': b'-- Symlinking: /convince_ws/install/btcpp_ros2_interfaces/share/btcpp_ros2_interfaces/local_setup.zsh\n'}
[9.649486] (pyrobosim_msgs) StdoutLine: {'line': b'[ 68%] \x1b[32m\x1b[1mLinking C shared library libpyrobosim_msgs__rosidl_typesupport_introspection_c.so\x1b[0m\n'}
[9.651466] (btcpp_ros2_interfaces) StdoutLine: {'line': b'-- Symlinking: /convince_ws/install/btcpp_ros2_interfaces/share/btcpp_ros2_interfaces/local_setup.dsv\n'}
[9.658539] (btcpp_ros2_interfaces) StdoutLine: {'line': b'-- Symlinking: /convince_ws/install/btcpp_ros2_interfaces/share/btcpp_ros2_interfaces/package.dsv\n'}
[9.665836] (btcpp_ros2_interfaces) StdoutLine: {'line': b'-- Symlinking: /convince_ws/install/btcpp_ros2_interfaces/share/ament_index/resource_index/packages/btcpp_ros2_interfaces\n'}
[9.673420] (btcpp_ros2_interfaces) StdoutLine: {'line': b'-- Symlinking: /convince_ws/install/btcpp_ros2_interfaces/share/btcpp_ros2_interfaces/cmake/rosidl_cmake-extras.cmake\n'}
[9.681460] (btcpp_ros2_interfaces) StdoutLine: {'line': b'-- Symlinking: /convince_ws/install/btcpp_ros2_interfaces/share/btcpp_ros2_interfaces/cmake/ament_cmake_export_dependencies-extras.cmake\n'}
[9.684858] (pyrobosim_msgs) StdoutLine: {'line': b'[ 68%] Built target pyrobosim_msgs__rosidl_typesupport_introspection_c\n'}
[9.687873] (btcpp_ros2_interfaces) StdoutLine: {'line': b'-- Symlinking: /convince_ws/install/btcpp_ros2_interfaces/share/btcpp_ros2_interfaces/cmake/ament_cmake_export_include_directories-extras.cmake\n'}
[9.697793] (btcpp_ros2_interfaces) StdoutLine: {'line': b'-- Symlinking: /convince_ws/install/btcpp_ros2_interfaces/share/btcpp_ros2_interfaces/cmake/ament_cmake_export_libraries-extras.cmake\n'}
[9.705224] (btcpp_ros2_interfaces) StdoutLine: {'line': b'-- Symlinking: /convince_ws/install/btcpp_ros2_interfaces/share/btcpp_ros2_interfaces/cmake/ament_cmake_export_targets-extras.cmake\n'}
[9.713428] (btcpp_ros2_interfaces) StdoutLine: {'line': b'-- Symlinking: /convince_ws/install/btcpp_ros2_interfaces/share/btcpp_ros2_interfaces/cmake/rosidl_cmake_export_typesupport_targets-extras.cmake\n'}
[9.720631] (btcpp_ros2_interfaces) StdoutLine: {'line': b'-- Symlinking: /convince_ws/install/btcpp_ros2_interfaces/share/btcpp_ros2_interfaces/cmake/rosidl_cmake_export_typesupport_libraries-extras.cmake\n'}
[9.729740] (btcpp_ros2_interfaces) StdoutLine: {'line': b'-- Symlinking: /convince_ws/install/btcpp_ros2_interfaces/share/btcpp_ros2_interfaces/cmake/btcpp_ros2_interfacesConfig.cmake\n'}
[9.732175] (-) TimerEvent: {}
[9.733534] (btcpp_ros2_interfaces) StdoutLine: {'line': b'-- Symlinking: /convince_ws/install/btcpp_ros2_interfaces/share/btcpp_ros2_interfaces/cmake/btcpp_ros2_interfacesConfig-version.cmake\n'}
[9.742346] (btcpp_ros2_interfaces) StdoutLine: {'line': b'-- Symlinking: /convince_ws/install/btcpp_ros2_interfaces/share/btcpp_ros2_interfaces/package.xml\n'}
[9.751096] (btcpp_ros2_interfaces) StdoutLine: {'line': b'-- Installing: /convince_ws/install/btcpp_ros2_interfaces/lib/libbtcpp_ros2_interfaces__rosidl_generator_c.so\n'}
[9.751769] (btcpp_ros2_interfaces) StdoutLine: {'line': b'-- Set non-toolchain portion of runtime path of "/convince_ws/install/btcpp_ros2_interfaces/lib/libbtcpp_ros2_interfaces__rosidl_generator_c.so" to ""\n'}
[9.751930] (btcpp_ros2_interfaces) StdoutLine: {'line': b'-- Installing: /convince_ws/install/btcpp_ros2_interfaces/lib/libbtcpp_ros2_interfaces__rosidl_typesupport_fastrtps_c.so\n'}
[9.752354] (btcpp_ros2_interfaces) StdoutLine: {'line': b'-- Set non-toolchain portion of runtime path of "/convince_ws/install/btcpp_ros2_interfaces/lib/libbtcpp_ros2_interfaces__rosidl_typesupport_fastrtps_c.so" to ""\n'}
[9.752468] (btcpp_ros2_interfaces) StdoutLine: {'line': b'-- Installing: /convince_ws/install/btcpp_ros2_interfaces/lib/libbtcpp_ros2_interfaces__rosidl_typesupport_introspection_c.so\n'}
[9.752880] (btcpp_ros2_interfaces) StdoutLine: {'line': b'-- Set non-toolchain portion of runtime path of "/convince_ws/install/btcpp_ros2_interfaces/lib/libbtcpp_ros2_interfaces__rosidl_typesupport_introspection_c.so" to ""\n'}
[9.753039] (btcpp_ros2_interfaces) StdoutLine: {'line': b'-- Installing: /convince_ws/install/btcpp_ros2_interfaces/lib/libbtcpp_ros2_interfaces__rosidl_typesupport_c.so\n'}
[9.753347] (btcpp_ros2_interfaces) StdoutLine: {'line': b'-- Set non-toolchain portion of runtime path of "/convince_ws/install/btcpp_ros2_interfaces/lib/libbtcpp_ros2_interfaces__rosidl_typesupport_c.so" to ""\n'}
[9.753444] (btcpp_ros2_interfaces) StdoutLine: {'line': b'-- Installing: /convince_ws/install/btcpp_ros2_interfaces/lib/libbtcpp_ros2_interfaces__rosidl_typesupport_fastrtps_cpp.so\n'}
[9.754337] (btcpp_ros2_interfaces) StdoutLine: {'line': b'-- Set non-toolchain portion of runtime path of "/convince_ws/install/btcpp_ros2_interfaces/lib/libbtcpp_ros2_interfaces__rosidl_typesupport_fastrtps_cpp.so" to ""\n'}
[9.754501] (btcpp_ros2_interfaces) StdoutLine: {'line': b'-- Installing: /convince_ws/install/btcpp_ros2_interfaces/lib/libbtcpp_ros2_interfaces__rosidl_typesupport_introspection_cpp.so\n'}
[9.755364] (btcpp_ros2_interfaces) StdoutLine: {'line': b'-- Set non-toolchain portion of runtime path of "/convince_ws/install/btcpp_ros2_interfaces/lib/libbtcpp_ros2_interfaces__rosidl_typesupport_introspection_cpp.so" to ""\n'}
[9.755523] (btcpp_ros2_interfaces) StdoutLine: {'line': b'-- Installing: /convince_ws/install/btcpp_ros2_interfaces/lib/libbtcpp_ros2_interfaces__rosidl_typesupport_cpp.so\n'}
[9.756132] (btcpp_ros2_interfaces) StdoutLine: {'line': b'-- Set non-toolchain portion of runtime path of "/convince_ws/install/btcpp_ros2_interfaces/lib/libbtcpp_ros2_interfaces__rosidl_typesupport_cpp.so" to ""\n'}
[9.775790] (pyrobosim_msgs) StdoutLine: {'line': b'[ 69%] \x1b[32m\x1b[1mLinking CXX shared library libpyrobosim_msgs__rosidl_typesupport_cpp.so\x1b[0m\n'}
[9.810212] (btcpp_ros2_interfaces) StdoutLine: {'line': b"Listing '/convince_ws/install/btcpp_ros2_interfaces/lib/python3.12/site-packages/btcpp_ros2_interfaces'...\n"}
[9.810371] (btcpp_ros2_interfaces) StdoutLine: {'line': b"Compiling '/convince_ws/install/btcpp_ros2_interfaces/lib/python3.12/site-packages/btcpp_ros2_interfaces/__init__.py'...\n"}
[9.810443] (btcpp_ros2_interfaces) StdoutLine: {'line': b"Listing '/convince_ws/install/btcpp_ros2_interfaces/lib/python3.12/site-packages/btcpp_ros2_interfaces/action'...\n"}
[9.810494] (btcpp_ros2_interfaces) StdoutLine: {'line': b"Compiling '/convince_ws/install/btcpp_ros2_interfaces/lib/python3.12/site-packages/btcpp_ros2_interfaces/action/__init__.py'...\n"}
[9.810570] (btcpp_ros2_interfaces) StdoutLine: {'line': b"Compiling '/convince_ws/install/btcpp_ros2_interfaces/lib/python3.12/site-packages/btcpp_ros2_interfaces/action/_execute_tree.py'...\n"}
[9.810640] (btcpp_ros2_interfaces) StdoutLine: {'line': b"Compiling '/convince_ws/install/btcpp_ros2_interfaces/lib/python3.12/site-packages/btcpp_ros2_interfaces/action/_sleep.py'...\n"}
[9.810694] (btcpp_ros2_interfaces) StdoutLine: {'line': b"Listing '/convince_ws/install/btcpp_ros2_interfaces/lib/python3.12/site-packages/btcpp_ros2_interfaces/msg'...\n"}
[9.810742] (btcpp_ros2_interfaces) StdoutLine: {'line': b"Compiling '/convince_ws/install/btcpp_ros2_interfaces/lib/python3.12/site-packages/btcpp_ros2_interfaces/msg/__init__.py'...\n"}
[9.810795] (btcpp_ros2_interfaces) StdoutLine: {'line': b"Compiling '/convince_ws/install/btcpp_ros2_interfaces/lib/python3.12/site-packages/btcpp_ros2_interfaces/msg/_node_status.py'...\n"}
[9.810845] (btcpp_ros2_interfaces) StdoutLine: {'line': b"Listing '/convince_ws/install/btcpp_ros2_interfaces/lib/python3.12/site-packages/btcpp_ros2_interfaces/srv'...\n"}
[9.810891] (btcpp_ros2_interfaces) StdoutLine: {'line': b"Compiling '/convince_ws/install/btcpp_ros2_interfaces/lib/python3.12/site-packages/btcpp_ros2_interfaces/srv/__init__.py'...\n"}
[9.810937] (btcpp_ros2_interfaces) StdoutLine: {'line': b"Compiling '/convince_ws/install/btcpp_ros2_interfaces/lib/python3.12/site-packages/btcpp_ros2_interfaces/srv/_get_trees.py'...\n"}
[9.819093] (btcpp_ros2_interfaces) StdoutLine: {'line': b'-- Installing: /convince_ws/install/btcpp_ros2_interfaces/lib/libbtcpp_ros2_interfaces__rosidl_generator_py.so\n'}
[9.819408] (btcpp_ros2_interfaces) StdoutLine: {'line': b'-- Set non-toolchain portion of runtime path of "/convince_ws/install/btcpp_ros2_interfaces/lib/libbtcpp_ros2_interfaces__rosidl_generator_py.so" to ""\n'}
[9.819634] (btcpp_ros2_interfaces) StdoutLine: {'line': b'-- Installing: /convince_ws/install/btcpp_ros2_interfaces/share/btcpp_ros2_interfaces/cmake/export_btcpp_ros2_interfaces__rosidl_generator_cExport.cmake\n'}
[9.819719] (btcpp_ros2_interfaces) StdoutLine: {'line': b'-- Installing: /convince_ws/install/btcpp_ros2_interfaces/share/btcpp_ros2_interfaces/cmake/export_btcpp_ros2_interfaces__rosidl_generator_cExport-noconfig.cmake\n'}
[9.819785] (btcpp_ros2_interfaces) StdoutLine: {'line': b'-- Installing: /convince_ws/install/btcpp_ros2_interfaces/share/btcpp_ros2_interfaces/cmake/export_btcpp_ros2_interfaces__rosidl_typesupport_fastrtps_cExport.cmake\n'}
[9.819844] (btcpp_ros2_interfaces) StdoutLine: {'line': b'-- Installing: /convince_ws/install/btcpp_ros2_interfaces/share/btcpp_ros2_interfaces/cmake/export_btcpp_ros2_interfaces__rosidl_typesupport_fastrtps_cExport-noconfig.cmake\n'}
[9.819901] (btcpp_ros2_interfaces) StdoutLine: {'line': b'-- Installing: /convince_ws/install/btcpp_ros2_interfaces/share/btcpp_ros2_interfaces/cmake/btcpp_ros2_interfaces__rosidl_typesupport_introspection_cExport.cmake\n'}
[9.819956] (btcpp_ros2_interfaces) StdoutLine: {'line': b'-- Installing: /convince_ws/install/btcpp_ros2_interfaces/share/btcpp_ros2_interfaces/cmake/btcpp_ros2_interfaces__rosidl_typesupport_introspection_cExport-noconfig.cmake\n'}
[9.820027] (btcpp_ros2_interfaces) StdoutLine: {'line': b'-- Installing: /convince_ws/install/btcpp_ros2_interfaces/share/btcpp_ros2_interfaces/cmake/btcpp_ros2_interfaces__rosidl_typesupport_cExport.cmake\n'}
[9.821441] (btcpp_ros2_interfaces) StdoutLine: {'line': b'-- Installing: /convince_ws/install/btcpp_ros2_interfaces/share/btcpp_ros2_interfaces/cmake/btcpp_ros2_interfaces__rosidl_typesupport_cExport-noconfig.cmake\n'}
[9.821704] (btcpp_ros2_interfaces) StdoutLine: {'line': b'-- Installing: /convince_ws/install/btcpp_ros2_interfaces/share/btcpp_ros2_interfaces/cmake/export_btcpp_ros2_interfaces__rosidl_generator_cppExport.cmake\n'}
[9.821809] (btcpp_ros2_interfaces) StdoutLine: {'line': b'-- Installing: /convince_ws/install/btcpp_ros2_interfaces/share/btcpp_ros2_interfaces/cmake/export_btcpp_ros2_interfaces__rosidl_typesupport_fastrtps_cppExport.cmake\n'}
[9.821900] (btcpp_ros2_interfaces) StdoutLine: {'line': b'-- Installing: /convince_ws/install/btcpp_ros2_interfaces/share/btcpp_ros2_interfaces/cmake/export_btcpp_ros2_interfaces__rosidl_typesupport_fastrtps_cppExport-noconfig.cmake\n'}
[9.821987] (btcpp_ros2_interfaces) StdoutLine: {'line': b'-- Installing: /convince_ws/install/btcpp_ros2_interfaces/share/btcpp_ros2_interfaces/cmake/btcpp_ros2_interfaces__rosidl_typesupport_introspection_cppExport.cmake\n'}
[9.822072] (btcpp_ros2_interfaces) StdoutLine: {'line': b'-- Installing: /convince_ws/install/btcpp_ros2_interfaces/share/btcpp_ros2_interfaces/cmake/btcpp_ros2_interfaces__rosidl_typesupport_introspection_cppExport-noconfig.cmake\n'}
[9.822153] (btcpp_ros2_interfaces) StdoutLine: {'line': b'-- Installing: /convince_ws/install/btcpp_ros2_interfaces/share/btcpp_ros2_interfaces/cmake/btcpp_ros2_interfaces__rosidl_typesupport_cppExport.cmake\n'}
[9.822235] (btcpp_ros2_interfaces) StdoutLine: {'line': b'-- Installing: /convince_ws/install/btcpp_ros2_interfaces/share/btcpp_ros2_interfaces/cmake/btcpp_ros2_interfaces__rosidl_typesupport_cppExport-noconfig.cmake\n'}
[9.822318] (btcpp_ros2_interfaces) StdoutLine: {'line': b'-- Installing: /convince_ws/install/btcpp_ros2_interfaces/share/btcpp_ros2_interfaces/cmake/export_btcpp_ros2_interfaces__rosidl_generator_pyExport.cmake\n'}
[9.822401] (btcpp_ros2_interfaces) StdoutLine: {'line': b'-- Installing: /convince_ws/install/btcpp_ros2_interfaces/share/btcpp_ros2_interfaces/cmake/export_btcpp_ros2_interfaces__rosidl_generator_pyExport-noconfig.cmake\n'}
[9.822481] (pyrobosim_msgs) StdoutLine: {'line': b'[ 70%] \x1b[32mBuilding CXX object CMakeFiles/pyrobosim_msgs__rosidl_typesupport_fastrtps_cpp.dir/rosidl_typesupport_fastrtps_cpp/pyrobosim_msgs/msg/detail/dds_fastrtps/path__type_support.cpp.o\x1b[0m\n'}
[9.822939] (pyrobosim_msgs) StdoutLine: {'line': b'[ 70%] \x1b[32mBuilding CXX object CMakeFiles/pyrobosim_msgs__rosidl_typesupport_fastrtps_cpp.dir/rosidl_typesupport_fastrtps_cpp/pyrobosim_msgs/msg/detail/dds_fastrtps/goal_specification__type_support.cpp.o\x1b[0m\n'}
[9.823011] (pyrobosim_msgs) StdoutLine: {'line': b'[ 70%] \x1b[32mBuilding CXX object CMakeFiles/pyrobosim_msgs__rosidl_typesupport_fastrtps_cpp.dir/rosidl_typesupport_fastrtps_cpp/pyrobosim_msgs/msg/detail/dds_fastrtps/execution_result__type_support.cpp.o\x1b[0m\n'}
[9.823067] (pyrobosim_msgs) StdoutLine: {'line': b'[ 71%] \x1b[32mBuilding CXX object CMakeFiles/pyrobosim_msgs__rosidl_typesupport_fastrtps_cpp.dir/rosidl_typesupport_fastrtps_cpp/pyrobosim_msgs/msg/detail/dds_fastrtps/object_state__type_support.cpp.o\x1b[0m\n'}
[9.823119] (pyrobosim_msgs) StdoutLine: {'line': b'[ 71%] \x1b[32mBuilding CXX object CMakeFiles/pyrobosim_msgs__rosidl_typesupport_fastrtps_cpp.dir/rosidl_typesupport_fastrtps_cpp/pyrobosim_msgs/msg/detail/dds_fastrtps/location_state__type_support.cpp.o\x1b[0m\n'}
[9.823172] (pyrobosim_msgs) StdoutLine: {'line': b'[ 72%] \x1b[32mBuilding CXX object CMakeFiles/pyrobosim_msgs__rosidl_typesupport_fastrtps_cpp.dir/rosidl_typesupport_fastrtps_cpp/pyrobosim_msgs/msg/detail/dds_fastrtps/task_action__type_support.cpp.o\x1b[0m\n'}
[9.823233] (pyrobosim_msgs) StdoutLine: {'line': b'[ 72%] \x1b[32mBuilding CXX object CMakeFiles/pyrobosim_msgs__rosidl_typesupport_fastrtps_cpp.dir/rosidl_typesupport_fastrtps_cpp/pyrobosim_msgs/msg/detail/dds_fastrtps/goal_predicate__type_support.cpp.o\x1b[0m\n'}
[9.823285] (pyrobosim_msgs) StdoutLine: {'line': b'[ 72%] \x1b[32mBuilding CXX object CMakeFiles/pyrobosim_msgs__rosidl_typesupport_fastrtps_cpp.dir/rosidl_typesupport_fastrtps_cpp/pyrobosim_msgs/msg/detail/dds_fastrtps/robot_state__type_support.cpp.o\x1b[0m\n'}
[9.823340] (btcpp_ros2_interfaces) CommandEnded: {'returncode': 0}
[9.823573] (pyrobosim_msgs) StdoutLine: {'line': b'[ 72%] \x1b[32mBuilding CXX object CMakeFiles/pyrobosim_msgs__rosidl_typesupport_fastrtps_cpp.dir/rosidl_typesupport_fastrtps_cpp/pyrobosim_msgs/msg/detail/dds_fastrtps/task_plan__type_support.cpp.o\x1b[0m\n'}
[9.823722] (pyrobosim_msgs) StdoutLine: {'line': b'[ 73%] \x1b[32mBuilding CXX object CMakeFiles/pyrobosim_msgs__rosidl_typesupport_fastrtps_cpp.dir/rosidl_typesupport_fastrtps_cpp/pyrobosim_msgs/msg/detail/dds_fastrtps/world_info__type_support.cpp.o\x1b[0m\n'}
[9.823818] (pyrobosim_msgs) StdoutLine: {'line': b'[ 74%] \x1b[32mBuilding CXX object CMakeFiles/pyrobosim_msgs__rosidl_typesupport_fastrtps_cpp.dir/rosidl_typesupport_fastrtps_cpp/pyrobosim_msgs/msg/detail/dds_fastrtps/hallway_state__type_support.cpp.o\x1b[0m\n'}
[9.832650] (-) TimerEvent: {}
[9.843967] (btcpp_ros2_interfaces) JobEnded: {'identifier': 'btcpp_ros2_interfaces', 'rc': 0}
[9.844617] (behaviortree_ros2) JobStarted: {'identifier': 'behaviortree_ros2'}
[9.861381] (behaviortree_ros2) JobProgress: {'identifier': 'behaviortree_ros2', 'progress': 'cmake'}
[9.861430] (behaviortree_ros2) Command: {'cmd': ['/usr/bin/cmake', '/convince_ws/src/behaviortree_ros2/behaviortree_ros2', '-DCMAKE_EXPORT_COMPILE_COMMANDS=ON', '--no-warn-unused-cli', '-DAMENT_CMAKE_SYMLINK_INSTALL=1', '-DCMAKE_INSTALL_PREFIX=/convince_ws/install/behaviortree_ros2'], 'cwd': '/convince_ws/build/behaviortree_ros2', 'env': OrderedDict({'PYTHONWARNINGS': 'ignore:setup.py install is deprecated,ignore:easy_install command is deprecated', 'HOSTNAME': '123c257f4748', 'SHLVL': '1', 'LD_LIBRARY_PATH': '/convince_ws/install/btcpp_ros2_interfaces/lib:/opt/ros/jazzy/opt/zmqpp_vendor/lib:/opt/ros/jazzy/lib/x86_64-linux-gnu:/opt/ros/jazzy/lib', 'HOME': '/root', 'OLDPWD': '/convince_ws', 'ROS_PYTHON_VERSION': '3', 'ROS_DISTRO': 'jazzy', '_': '/usr/bin/colcon', 'ROS_VERSION': '2', 'TERM': 'xterm', 'QT_X11_NO_MITSHM': '1', 'PATH': '/opt/ros/jazzy/bin:/usr/local/sbin:/usr/local/bin:/usr/sbin:/usr/bin:/sbin:/bin', 'DISPLAY': ':1', 'LANG': 'C.UTF-8', 'AMENT_PREFIX_PATH': '/convince_ws/install/btcpp_ros2_interfaces:/opt/ros/jazzy', 'ROS_WS': '/convince_ws', 'ROS_AUTOMATIC_DISCOVERY_RANGE': 'SUBNET', 'PWD': '/convince_ws/build/behaviortree_ros2', 'LC_ALL': 'C.UTF-8', 'PYTHONPATH': '/convince_ws/install/btcpp_ros2_interfaces/lib/python3.12/site-packages:/opt/ros/jazzy/lib/python3.12/site-packages', 'COLCON': '1', 'CMAKE_PREFIX_PATH': '/convince_ws/install/btcpp_ros2_interfaces:/opt/ros/jazzy'}), 'shell': False}
[9.868278] (behaviortree_ros2) StdoutLine: {'line': b'Not searching for unused variables given on the command line.\n'}
[9.876709] (pyrobosim_msgs) StdoutLine: {'line': b'[ 74%] \x1b[32mBuilding CXX object CMakeFiles/pyrobosim_msgs__rosidl_typesupport_fastrtps_cpp.dir/rosidl_typesupport_fastrtps_cpp/pyrobosim_msgs/msg/detail/dds_fastrtps/world_state__type_support.cpp.o\x1b[0m\n'}
[9.876889] (pyrobosim_msgs) StdoutLine: {'line': b'[ 74%] Built target pyrobosim_msgs__rosidl_typesupport_cpp\n'}
[9.882682] (pyrobosim_msgs) StdoutLine: {'line': b'[ 74%] \x1b[32mBuilding CXX object CMakeFiles/pyrobosim_msgs__rosidl_typesupport_fastrtps_cpp.dir/rosidl_typesupport_fastrtps_cpp/pyrobosim_msgs/srv/detail/dds_fastrtps/request_world_info__type_support.cpp.o\x1b[0m\n'}
[9.930287] (behaviortree_ros2) StdoutLine: {'line': b'-- The C compiler identification is GNU 13.3.0\n'}
[9.932749] (-) TimerEvent: {}
[10.033018] (-) TimerEvent: {}
[10.048651] (behaviortree_ros2) StdoutLine: {'line': b'-- The CXX compiler identification is GNU 13.3.0\n'}
[10.082652] (behaviortree_ros2) StdoutLine: {'line': b'-- Detecting C compiler ABI info\n'}
[10.133119] (-) TimerEvent: {}
[10.193228] (pyrobosim_msgs) StdoutLine: {'line': b'[ 75%] \x1b[32mBuilding CXX object CMakeFiles/pyrobosim_msgs__rosidl_typesupport_fastrtps_cpp.dir/rosidl_typesupport_fastrtps_cpp/pyrobosim_msgs/srv/detail/dds_fastrtps/request_world_state__type_support.cpp.o\x1b[0m\n'}
[10.208758] (pyrobosim_msgs) StdoutLine: {'line': b'[ 75%] \x1b[32mBuilding CXX object CMakeFiles/pyrobosim_msgs__rosidl_typesupport_fastrtps_cpp.dir/rosidl_typesupport_fastrtps_cpp/pyrobosim_msgs/srv/detail/dds_fastrtps/reset_world__type_support.cpp.o\x1b[0m\n'}
[10.233218] (-) TimerEvent: {}
[10.235704] (behaviortree_ros2) StdoutLine: {'line': b'-- Detecting C compiler ABI info - done\n'}
[10.238740] (pyrobosim_msgs) StdoutLine: {'line': b'[ 76%] \x1b[32mBuilding CXX object CMakeFiles/pyrobosim_msgs__rosidl_typesupport_fastrtps_cpp.dir/rosidl_typesupport_fastrtps_cpp/pyrobosim_msgs/srv/detail/dds_fastrtps/set_location_state__type_support.cpp.o\x1b[0m\n'}
[10.255727] (behaviortree_ros2) StdoutLine: {'line': b'-- Check for working C compiler: /usr/bin/cc - skipped\n'}
[10.256485] (behaviortree_ros2) StdoutLine: {'line': b'-- Detecting C compile features\n'}
[10.256597] (behaviortree_ros2) StdoutLine: {'line': b'-- Detecting C compile features - done\n'}
[10.274426] (pyrobosim_msgs) StdoutLine: {'line': b'[ 76%] \x1b[32mBuilding CXX object CMakeFiles/pyrobosim_msgs__rosidl_typesupport_fastrtps_cpp.dir/rosidl_typesupport_fastrtps_cpp/pyrobosim_msgs/action/detail/dds_fastrtps/detect_objects__type_support.cpp.o\x1b[0m\n'}
[10.277396] (behaviortree_ros2) StdoutLine: {'line': b'-- Detecting CXX compiler ABI info\n'}
[10.280098] (pyrobosim_msgs) StdoutLine: {'line': b'[ 77%] \x1b[32mBuilding CXX object CMakeFiles/pyrobosim_msgs__rosidl_typesupport_fastrtps_cpp.dir/rosidl_typesupport_fastrtps_cpp/pyrobosim_msgs/action/detail/dds_fastrtps/execute_task_action__type_support.cpp.o\x1b[0m\n'}
[10.293929] (pyrobosim_msgs) StdoutLine: {'line': b'[ 77%] \x1b[32mBuilding CXX object CMakeFiles/pyrobosim_msgs__rosidl_typesupport_fastrtps_cpp.dir/rosidl_typesupport_fastrtps_cpp/pyrobosim_msgs/action/detail/dds_fastrtps/execute_task_plan__type_support.cpp.o\x1b[0m\n'}
[10.302425] (pyrobosim_msgs) StdoutLine: {'line': b'[ 77%] \x1b[32mBuilding CXX object CMakeFiles/pyrobosim_msgs__rosidl_typesupport_fastrtps_cpp.dir/rosidl_typesupport_fastrtps_cpp/pyrobosim_msgs/action/detail/dds_fastrtps/follow_path__type_support.cpp.o\x1b[0m\n'}
[10.316028] (pyrobosim_msgs) StdoutLine: {'line': b'[ 78%] \x1b[32mBuilding CXX object CMakeFiles/pyrobosim_msgs__rosidl_typesupport_fastrtps_cpp.dir/rosidl_typesupport_fastrtps_cpp/pyrobosim_msgs/action/detail/dds_fastrtps/plan_path__type_support.cpp.o\x1b[0m\n'}
[10.333352] (-) TimerEvent: {}
[10.361944] (behaviortree_ros2) StdoutLine: {'line': b'-- Detecting CXX compiler ABI info - done\n'}
[10.372301] (behaviortree_ros2) StdoutLine: {'line': b'-- Check for working CXX compiler: /usr/bin/c++ - skipped\n'}
[10.372520] (behaviortree_ros2) StdoutLine: {'line': b'-- Detecting CXX compile features\n'}
[10.373016] (behaviortree_ros2) StdoutLine: {'line': b'-- Detecting CXX compile features - done\n'}
[10.376435] (behaviortree_ros2) StdoutLine: {'line': b'-- Found ament_cmake: 2.5.5 (/opt/ros/jazzy/share/ament_cmake/cmake)\n'}
[10.430350] (pyrobosim_msgs) StdoutLine: {'line': b'[ 78%] \x1b[32m\x1b[1mLinking CXX shared library libpyrobosim_msgs__rosidl_typesupport_introspection_cpp.so\x1b[0m\n'}
[10.433453] (-) TimerEvent: {}
[10.442133] (pyrobosim_msgs) StdoutLine: {'line': b'[ 78%] \x1b[32mBuilding CXX object CMakeFiles/pyrobosim_msgs__rosidl_typesupport_fastrtps_c.dir/rosidl_typesupport_fastrtps_c/pyrobosim_msgs/msg/detail/goal_specification__type_support_c.cpp.o\x1b[0m\n'}
[10.442814] (pyrobosim_msgs) StdoutLine: {'line': b'[ 78%] \x1b[32mBuilding CXX object CMakeFiles/pyrobosim_msgs__rosidl_typesupport_fastrtps_c.dir/rosidl_typesupport_fastrtps_c/pyrobosim_msgs/msg/detail/execution_result__type_support_c.cpp.o\x1b[0m\n'}
[10.443365] (pyrobosim_msgs) StdoutLine: {'line': b'[ 79%] \x1b[32mBuilding CXX object CMakeFiles/pyrobosim_msgs__rosidl_typesupport_fastrtps_c.dir/rosidl_typesupport_fastrtps_c/pyrobosim_msgs/msg/detail/goal_predicate__type_support_c.cpp.o\x1b[0m\n'}
[10.443443] (pyrobosim_msgs) StdoutLine: {'line': b'[ 79%] \x1b[32mBuilding CXX object CMakeFiles/pyrobosim_msgs__rosidl_typesupport_fastrtps_c.dir/rosidl_typesupport_fastrtps_c/pyrobosim_msgs/msg/detail/path__type_support_c.cpp.o\x1b[0m\n'}
[10.443507] (pyrobosim_msgs) StdoutLine: {'line': b'[ 78%] \x1b[32mBuilding CXX object CMakeFiles/pyrobosim_msgs__rosidl_typesupport_fastrtps_c.dir/rosidl_typesupport_fastrtps_c/pyrobosim_msgs/msg/detail/location_state__type_support_c.cpp.o\x1b[0m\n'}
[10.443562] (pyrobosim_msgs) StdoutLine: {'line': b'[ 80%] \x1b[32mBuilding CXX object CMakeFiles/pyrobosim_msgs__rosidl_typesupport_fastrtps_c.dir/rosidl_typesupport_fastrtps_c/pyrobosim_msgs/msg/detail/hallway_state__type_support_c.cpp.o\x1b[0m\n'}
[10.447666] (pyrobosim_msgs) StdoutLine: {'line': b'[ 81%] \x1b[32mBuilding CXX object CMakeFiles/pyrobosim_msgs__rosidl_typesupport_fastrtps_c.dir/rosidl_typesupport_fastrtps_c/pyrobosim_msgs/msg/detail/object_state__type_support_c.cpp.o\x1b[0m\n'}
[10.448255] (pyrobosim_msgs) StdoutLine: {'line': b'[ 81%] \x1b[32mBuilding CXX object CMakeFiles/pyrobosim_msgs__rosidl_typesupport_fastrtps_c.dir/rosidl_typesupport_fastrtps_c/pyrobosim_msgs/msg/detail/robot_state__type_support_c.cpp.o\x1b[0m\n'}
[10.453035] (pyrobosim_msgs) StdoutLine: {'line': b'[ 82%] \x1b[32mBuilding CXX object CMakeFiles/pyrobosim_msgs__rosidl_typesupport_fastrtps_c.dir/rosidl_typesupport_fastrtps_c/pyrobosim_msgs/msg/detail/task_action__type_support_c.cpp.o\x1b[0m\n'}
[10.470847] (pyrobosim_msgs) StdoutLine: {'line': b'[ 82%] \x1b[32mBuilding CXX object CMakeFiles/pyrobosim_msgs__rosidl_typesupport_fastrtps_c.dir/rosidl_typesupport_fastrtps_c/pyrobosim_msgs/msg/detail/task_plan__type_support_c.cpp.o\x1b[0m\n'}
[10.519706] (pyrobosim_msgs) StdoutLine: {'line': b'[ 83%] \x1b[32mBuilding CXX object CMakeFiles/pyrobosim_msgs__rosidl_typesupport_fastrtps_c.dir/rosidl_typesupport_fastrtps_c/pyrobosim_msgs/msg/detail/world_info__type_support_c.cpp.o\x1b[0m\n'}
[10.533558] (-) TimerEvent: {}
[10.540506] (behaviortree_ros2) StdoutLine: {'line': b'-- Found Python3: /usr/bin/python3 (found version "3.12.3") found components: Interpreter \n'}
[10.564932] (pyrobosim_msgs) StdoutLine: {'line': b'[ 83%] Built target pyrobosim_msgs__rosidl_typesupport_introspection_cpp\n'}
[10.574376] (pyrobosim_msgs) StdoutLine: {'line': b'[ 83%] \x1b[32mBuilding CXX object CMakeFiles/pyrobosim_msgs__rosidl_typesupport_fastrtps_c.dir/rosidl_typesupport_fastrtps_c/pyrobosim_msgs/msg/detail/world_state__type_support_c.cpp.o\x1b[0m\n'}
[10.619818] (behaviortree_ros2) StdoutLine: {'line': b'-- Override CMake install command with custom implementation using symlinks instead of copying resources\n'}
[10.633676] (-) TimerEvent: {}
[10.655841] (behaviortree_ros2) StdoutLine: {'line': b'-- Found rclcpp: 28.1.16 (/opt/ros/jazzy/share/rclcpp/cmake)\n'}
[10.693955] (behaviortree_ros2) StdoutLine: {'line': b'-- Found rosidl_generator_c: 4.6.7 (/opt/ros/jazzy/share/rosidl_generator_c/cmake)\n'}
[10.703766] (pyrobosim_msgs) StdoutLine: {'line': b'[ 84%] \x1b[32mBuilding CXX object CMakeFiles/pyrobosim_msgs__rosidl_typesupport_fastrtps_c.dir/rosidl_typesupport_fastrtps_c/pyrobosim_msgs/srv/detail/request_world_info__type_support_c.cpp.o\x1b[0m\n'}
[10.710678] (behaviortree_ros2) StdoutLine: {'line': b'-- Found rosidl_generator_cpp: 4.6.7 (/opt/ros/jazzy/share/rosidl_generator_cpp/cmake)\n'}
[10.727184] (behaviortree_ros2) StdoutLine: {'line': b'-- Using all available rosidl_typesupport_c: rosidl_typesupport_fastrtps_c;rosidl_typesupport_introspection_c\n'}
[10.733781] (-) TimerEvent: {}
[10.750077] (behaviortree_ros2) StdoutLine: {'line': b'-- Using all available rosidl_typesupport_cpp: rosidl_typesupport_fastrtps_cpp;rosidl_typesupport_introspection_cpp\n'}
[10.832684] (pyrobosim_msgs) StdoutLine: {'line': b'[ 84%] \x1b[32mBuilding CXX object CMakeFiles/pyrobosim_msgs__rosidl_typesupport_fastrtps_c.dir/rosidl_typesupport_fastrtps_c/pyrobosim_msgs/srv/detail/request_world_state__type_support_c.cpp.o\x1b[0m\n'}
[10.832979] (behaviortree_ros2) StdoutLine: {'line': b'-- Found rmw_implementation_cmake: 7.3.3 (/opt/ros/jazzy/share/rmw_implementation_cmake/cmake)\n'}
[10.833862] (-) TimerEvent: {}
[10.836270] (behaviortree_ros2) StdoutLine: {'line': b'-- Found rmw_fastrtps_cpp: 8.4.3 (/opt/ros/jazzy/share/rmw_fastrtps_cpp/cmake)\n'}
[10.884141] (pyrobosim_msgs) StdoutLine: {'line': b'[ 85%] \x1b[32mBuilding CXX object CMakeFiles/pyrobosim_msgs__rosidl_typesupport_fastrtps_c.dir/rosidl_typesupport_fastrtps_c/pyrobosim_msgs/srv/detail/set_location_state__type_support_c.cpp.o\x1b[0m\n'}
[10.885311] (pyrobosim_msgs) StdoutLine: {'line': b'[ 85%] \x1b[32mBuilding CXX object CMakeFiles/pyrobosim_msgs__rosidl_typesupport_fastrtps_c.dir/rosidl_typesupport_fastrtps_c/pyrobosim_msgs/srv/detail/reset_world__type_support_c.cpp.o\x1b[0m\n'}
[10.894785] (pyrobosim_msgs) StdoutLine: {'line': b'[ 85%] \x1b[32mBuilding CXX object CMakeFiles/pyrobosim_msgs__rosidl_typesupport_fastrtps_c.dir/rosidl_typesupport_fastrtps_c/pyrobosim_msgs/action/detail/detect_objects__type_support_c.cpp.o\x1b[0m\n'}
[10.904336] (pyrobosim_msgs) StdoutLine: {'line': b'[ 86%] \x1b[32mBuilding CXX object CMakeFiles/pyrobosim_msgs__rosidl_typesupport_fastrtps_c.dir/rosidl_typesupport_fastrtps_c/pyrobosim_msgs/action/detail/execute_task_action__type_support_c.cpp.o\x1b[0m\n'}
[10.910719] (behaviortree_ros2) StdoutLine: {'line': b'-- Found OpenSSL: /usr/lib/x86_64-linux-gnu/libcrypto.so (found version "3.0.13")  \n'}
[10.924496] (behaviortree_ros2) StdoutLine: {'line': b'-- Found FastRTPS: /opt/ros/jazzy/include (Required is at least version "2.13") \n'}
[10.931303] (pyrobosim_msgs) StdoutLine: {'line': b'[ 86%] \x1b[32mBuilding CXX object CMakeFiles/pyrobosim_msgs__rosidl_typesupport_fastrtps_c.dir/rosidl_typesupport_fastrtps_c/pyrobosim_msgs/action/detail/execute_task_plan__type_support_c.cpp.o\x1b[0m\n'}
[10.933946] (-) TimerEvent: {}
[10.945095] (behaviortree_ros2) StdoutLine: {'line': b"-- Using RMW implementation 'rmw_fastrtps_cpp' as default\n"}
[10.981964] (pyrobosim_msgs) StdoutLine: {'line': b'[ 86%] \x1b[32mBuilding CXX object CMakeFiles/pyrobosim_msgs__rosidl_typesupport_fastrtps_c.dir/rosidl_typesupport_fastrtps_c/pyrobosim_msgs/action/detail/plan_path__type_support_c.cpp.o\x1b[0m\n'}
[10.982760] (pyrobosim_msgs) StdoutLine: {'line': b'[ 87%] \x1b[32mBuilding CXX object CMakeFiles/pyrobosim_msgs__rosidl_typesupport_fastrtps_c.dir/rosidl_typesupport_fastrtps_c/pyrobosim_msgs/action/detail/follow_path__type_support_c.cpp.o\x1b[0m\n'}
[11.020813] (behaviortree_ros2) StdoutLine: {'line': b'-- Found rclcpp_action: 28.1.16 (/opt/ros/jazzy/share/rclcpp_action/cmake)\n'}
[11.036669] (-) TimerEvent: {}
[11.069927] (behaviortree_ros2) StdoutLine: {'line': b'-- Found behaviortree_cpp: 4.8.3 (/opt/ros/jazzy/share/behaviortree_cpp/cmake)\n'}
[11.071778] (behaviortree_ros2) StdoutLine: {'line': b'-- Found btcpp_ros2_interfaces: 0.3.0 (/convince_ws/install/btcpp_ros2_interfaces/share/btcpp_ros2_interfaces/cmake)\n'}
[11.086363] (behaviortree_ros2) StdoutLine: {'line': b'-- Found generate_parameter_library: 0.6.0 (/opt/ros/jazzy/share/generate_parameter_library/cmake)\n'}
[11.089258] (behaviortree_ros2) StdoutLine: {'line': b'-- Found parameter_traits: 0.6.0 (/opt/ros/jazzy/share/parameter_traits/cmake)\n'}
[11.100240] (behaviortree_ros2) StdoutLine: {'line': b'-- Found rclcpp_lifecycle: 28.1.16 (/opt/ros/jazzy/share/rclcpp_lifecycle/cmake)\n'}
[11.136755] (-) TimerEvent: {}
[11.184392] (behaviortree_ros2) StdoutLine: {'line': b'-- Configuring done (1.3s)\n'}
[11.192299] (behaviortree_ros2) StdoutLine: {'line': b'-- Generating done (0.0s)\n'}
[11.194278] (behaviortree_ros2) StdoutLine: {'line': b'-- Build files have been written to: /convince_ws/build/behaviortree_ros2\n'}
[11.200704] (behaviortree_ros2) CommandEnded: {'returncode': 0}
[11.201179] (behaviortree_ros2) JobProgress: {'identifier': 'behaviortree_ros2', 'progress': 'build'}
[11.201408] (behaviortree_ros2) Command: {'cmd': ['/usr/bin/cmake', '--build', '/convince_ws/build/behaviortree_ros2', '--', '-j20', '-l20'], 'cwd': '/convince_ws/build/behaviortree_ros2', 'env': OrderedDict({'PYTHONWARNINGS': 'ignore:setup.py install is deprecated,ignore:easy_install command is deprecated', 'HOSTNAME': '123c257f4748', 'SHLVL': '1', 'LD_LIBRARY_PATH': '/convince_ws/install/btcpp_ros2_interfaces/lib:/opt/ros/jazzy/opt/zmqpp_vendor/lib:/opt/ros/jazzy/lib/x86_64-linux-gnu:/opt/ros/jazzy/lib', 'HOME': '/root', 'OLDPWD': '/convince_ws', 'ROS_PYTHON_VERSION': '3', 'ROS_DISTRO': 'jazzy', '_': '/usr/bin/colcon', 'ROS_VERSION': '2', 'TERM': 'xterm', 'QT_X11_NO_MITSHM': '1', 'PATH': '/opt/ros/jazzy/bin:/usr/local/sbin:/usr/local/bin:/usr/sbin:/usr/bin:/sbin:/bin', 'DISPLAY': ':1', 'LANG': 'C.UTF-8', 'AMENT_PREFIX_PATH': '/convince_ws/install/btcpp_ros2_interfaces:/opt/ros/jazzy', 'ROS_WS': '/convince_ws', 'ROS_AUTOMATIC_DISCOVERY_RANGE': 'SUBNET', 'PWD': '/convince_ws/build/behaviortree_ros2', 'LC_ALL': 'C.UTF-8', 'PYTHONPATH': '/convince_ws/install/btcpp_ros2_interfaces/lib/python3.12/site-packages:/opt/ros/jazzy/lib/python3.12/site-packages', 'COLCON': '1', 'CMAKE_PREFIX_PATH': '/convince_ws/install/btcpp_ros2_interfaces:/opt/ros/jazzy'}), 'shell': False}
[11.236856] (-) TimerEvent: {}
[11.249211] (behaviortree_ros2) StdoutLine: {'line': b'[ 14%] \x1b[34m\x1b[1mRunning `/opt/ros/jazzy/bin/generate_parameter_library_cpp /convince_ws/build/behaviortree_ros2/include/behaviortree_ros2/bt_executor_parameters.hpp /convince_ws/src/behaviortree_ros2/behaviortree_ros2/src/bt_executor_parameters.yaml `\x1b[0m\n'}
[11.332347] (pyrobosim_msgs) StdoutLine: {'line': b'[ 87%] \x1b[32m\x1b[1mLinking CXX shared library libpyrobosim_msgs__rosidl_typesupport_fastrtps_cpp.so\x1b[0m\n'}
[11.336939] (-) TimerEvent: {}
[11.404510] (pyrobosim_msgs) StdoutLine: {'line': b'[ 87%] Built target pyrobosim_msgs__rosidl_typesupport_fastrtps_cpp\n'}
[11.429294] (pyrobosim_msgs) StdoutLine: {'line': b'[ 87%] \x1b[32m\x1b[1mLinking CXX shared library libpyrobosim_msgs__rosidl_typesupport_fastrtps_c.so\x1b[0m\n'}
[11.437047] (-) TimerEvent: {}
[11.480760] (pyrobosim_msgs) StdoutLine: {'line': b'[ 87%] Built target pyrobosim_msgs__rosidl_typesupport_fastrtps_c\n'}
[11.492475] (pyrobosim_msgs) StdoutLine: {'line': b'[ 87%] Built target pyrobosim_msgs\n'}
[11.505909] (pyrobosim_msgs) StdoutLine: {'line': b'[ 87%] \x1b[34m\x1b[1mGenerating Python code for ROS interfaces\x1b[0m\n'}
[11.537270] (-) TimerEvent: {}
[11.594574] (behaviortree_ros2) StdoutLine: {'line': b'[ 28%] \x1b[34m\x1b[1mCreating deprecated header file /convince_ws/build/behaviortree_ros2/include/bt_executor_parameters.hpp\x1b[0m\n'}
[11.606075] (behaviortree_ros2) StdoutLine: {'line': b'[ 28%] Built target bt_executor_parameters\n'}
[11.618638] (behaviortree_ros2) StdoutLine: {'line': b'[ 42%] \x1b[32mBuilding CXX object CMakeFiles/behaviortree_ros2.dir/src/bt_utils.cpp.o\x1b[0m\n'}
[11.619491] (behaviortree_ros2) StdoutLine: {'line': b'[ 57%] \x1b[32mBuilding CXX object CMakeFiles/behaviortree_ros2.dir/src/tree_execution_server.cpp.o\x1b[0m\n'}
[11.619591] (behaviortree_ros2) StdoutLine: {'line': b'[ 85%] \x1b[32mBuilding CXX object CMakeFiles/behaviortree_ros2.dir/src/bt_ros2.cpp.o\x1b[0m\n'}
[11.619673] (behaviortree_ros2) StdoutLine: {'line': b'[ 85%] \x1b[32mBuilding CXX object CMakeFiles/behaviortree_ros2.dir/src/bt_ros_logger.cpp.o\x1b[0m\n'}
[11.637391] (-) TimerEvent: {}
[11.737749] (-) TimerEvent: {}
[11.838022] (-) TimerEvent: {}
[11.938389] (-) TimerEvent: {}
[12.038743] (-) TimerEvent: {}
[12.138963] (-) TimerEvent: {}
[12.239331] (-) TimerEvent: {}
[12.339688] (-) TimerEvent: {}
[12.440047] (-) TimerEvent: {}
[12.540420] (-) TimerEvent: {}
[12.640802] (-) TimerEvent: {}
[12.741206] (-) TimerEvent: {}
[12.841556] (-) TimerEvent: {}
[12.941920] (-) TimerEvent: {}
[13.042287] (-) TimerEvent: {}
[13.142670] (-) TimerEvent: {}
[13.243046] (-) TimerEvent: {}
[13.343323] (-) TimerEvent: {}
[13.443706] (-) TimerEvent: {}
[13.544080] (-) TimerEvent: {}
[13.644450] (-) TimerEvent: {}
[13.744796] (-) TimerEvent: {}
[13.840406] (pyrobosim_msgs) StdoutLine: {'line': b'[ 87%] Built target pyrobosim_msgs__py\n'}
[13.844873] (-) TimerEvent: {}
[13.857557] (pyrobosim_msgs) StdoutLine: {'line': b'[ 88%] \x1b[32mBuilding C object CMakeFiles/pyrobosim_msgs__rosidl_generator_py.dir/rosidl_generator_py/pyrobosim_msgs/msg/_location_state_s.c.o\x1b[0m\n'}
[13.857738] (pyrobosim_msgs) StdoutLine: {'line': b'[ 88%] \x1b[32mBuilding C object CMakeFiles/pyrobosim_msgs__rosidl_generator_py.dir/rosidl_generator_py/pyrobosim_msgs/msg/_execution_result_s.c.o\x1b[0m\n'}
[13.857800] (pyrobosim_msgs) StdoutLine: {'line': b'[ 88%] \x1b[32mBuilding C object CMakeFiles/pyrobosim_msgs__rosidl_generator_py.dir/rosidl_generator_py/pyrobosim_msgs/msg/_goal_specification_s.c.o\x1b[0m\n'}
[13.857841] (pyrobosim_msgs) StdoutLine: {'line': b'[ 88%] \x1b[32mBuilding C object CMakeFiles/pyrobosim_msgs__rosidl_generator_py.dir/rosidl_generator_py/pyrobosim_msgs/msg/_goal_predicate_s.c.o\x1b[0m\n'}
[13.857874] (pyrobosim_msgs) StdoutLine: {'line': b'[ 88%] \x1b[32mBuilding C object CMakeFiles/pyrobosim_msgs__rosidl_generator_py.dir/rosidl_generator_py/pyrobosim_msgs/msg/_task_action_s.c.o\x1b[0m\n'}
[13.857904] (pyrobosim_msgs) StdoutLine: {'line': b'[ 88%] \x1b[32mBuilding C object CMakeFiles/pyrobosim_msgs__rosidl_generator_py.dir/rosidl_generator_py/pyrobosim_msgs/msg/_world_state_s.c.o\x1b[0m\n'}
[13.857934] (pyrobosim_msgs) StdoutLine: {'line': b'[ 88%] \x1b[32mBuilding C object CMakeFiles/pyrobosim_msgs__rosidl_generator_py.dir/rosidl_generator_py/pyrobosim_msgs/msg/_task_plan_s.c.o\x1b[0m\n'}
[13.857962] (pyrobosim_msgs) StdoutLine: {'line': b'[ 89%] \x1b[32mBuilding C object CMakeFiles/pyrobosim_msgs__rosidl_generator_py.dir/rosidl_generator_py/pyrobosim_msgs/msg/_hallway_state_s.c.o\x1b[0m\n'}
[13.858105] (pyrobosim_msgs) StdoutLine: {'line': b'[ 91%] \x1b[32mBuilding C object CMakeFiles/pyrobosim_msgs__rosidl_generator_py.dir/rosidl_generator_py/pyrobosim_msgs/msg/_world_info_s.c.o\x1b[0m\n'}
[13.858151] (pyrobosim_msgs) StdoutLine: {'line': b'[ 91%] \x1b[32mBuilding C object CMakeFiles/pyrobosim_msgs__rosidl_generator_py.dir/rosidl_generator_py/pyrobosim_msgs/msg/_object_state_s.c.o\x1b[0m\n'}
[13.858181] (pyrobosim_msgs) StdoutLine: {'line': b'[ 91%] \x1b[32mBuilding C object CMakeFiles/pyrobosim_msgs__rosidl_generator_py.dir/rosidl_generator_py/pyrobosim_msgs/srv/_request_world_state_s.c.o\x1b[0m\n'}
[13.858209] (pyrobosim_msgs) StdoutLine: {'line': b'[ 91%] \x1b[32mBuilding C object CMakeFiles/pyrobosim_msgs__rosidl_generator_py.dir/rosidl_generator_py/pyrobosim_msgs/msg/_path_s.c.o\x1b[0m\n'}
[13.858717] (pyrobosim_msgs) StdoutLine: {'line': b'[ 92%] \x1b[32mBuilding C object CMakeFiles/pyrobosim_msgs__rosidl_generator_py.dir/rosidl_generator_py/pyrobosim_msgs/msg/_robot_state_s.c.o\x1b[0m\n'}
[13.858841] (pyrobosim_msgs) StdoutLine: {'line': b'[ 92%] \x1b[32mBuilding C object CMakeFiles/pyrobosim_msgs__rosidl_generator_py.dir/rosidl_generator_py/pyrobosim_msgs/srv/_set_location_state_s.c.o\x1b[0m\n'}
[13.858933] (pyrobosim_msgs) StdoutLine: {'line': b'[ 93%] \x1b[32mBuilding C object CMakeFiles/pyrobosim_msgs__rosidl_generator_py.dir/rosidl_generator_py/pyrobosim_msgs/srv/_request_world_info_s.c.o\x1b[0m\n'}
[13.862180] (pyrobosim_msgs) StdoutLine: {'line': b'[ 95%] \x1b[32mBuilding C object CMakeFiles/pyrobosim_msgs__rosidl_generator_py.dir/rosidl_generator_py/pyrobosim_msgs/action/_execute_task_action_s.c.o\x1b[0m\n'}
[13.862383] (pyrobosim_msgs) StdoutLine: {'line': b'[ 95%] \x1b[32mBuilding C object CMakeFiles/pyrobosim_msgs__rosidl_generator_py.dir/rosidl_generator_py/pyrobosim_msgs/srv/_reset_world_s.c.o\x1b[0m\n'}
[13.862471] (pyrobosim_msgs) StdoutLine: {'line': b'[ 95%] \x1b[32mBuilding C object CMakeFiles/pyrobosim_msgs__rosidl_generator_py.dir/rosidl_generator_py/pyrobosim_msgs/action/_detect_objects_s.c.o\x1b[0m\n'}
[13.862794] (pyrobosim_msgs) StdoutLine: {'line': b'[ 96%] \x1b[32mBuilding C object CMakeFiles/pyrobosim_msgs__rosidl_generator_py.dir/rosidl_generator_py/pyrobosim_msgs/action/_execute_task_plan_s.c.o\x1b[0m\n'}
[13.862914] (pyrobosim_msgs) StdoutLine: {'line': b'[ 96%] \x1b[32mBuilding C object CMakeFiles/pyrobosim_msgs__rosidl_generator_py.dir/rosidl_generator_py/pyrobosim_msgs/action/_follow_path_s.c.o\x1b[0m\n'}
[13.945659] (-) TimerEvent: {}
[13.999774] (pyrobosim_msgs) StdoutLine: {'line': b'[ 96%] \x1b[32mBuilding C object CMakeFiles/pyrobosim_msgs__rosidl_generator_py.dir/rosidl_generator_py/pyrobosim_msgs/action/_plan_path_s.c.o\x1b[0m\n'}
[14.045755] (-) TimerEvent: {}
[14.132134] (pyrobosim_msgs) StdoutLine: {'line': b'[ 97%] \x1b[32m\x1b[1mLinking C shared library libpyrobosim_msgs__rosidl_generator_py.so\x1b[0m\n'}
[14.145850] (-) TimerEvent: {}
[14.170438] (pyrobosim_msgs) StdoutLine: {'line': b'[ 97%] Built target pyrobosim_msgs__rosidl_generator_py\n'}
[14.184441] (pyrobosim_msgs) StdoutLine: {'line': b'[ 97%] \x1b[32mBuilding C object CMakeFiles/pyrobosim_msgs_s__rosidl_typesupport_c.dir/rosidl_generator_py/pyrobosim_msgs/_pyrobosim_msgs_s.ep.rosidl_typesupport_c.c.o\x1b[0m\n'}
[14.184617] (pyrobosim_msgs) StdoutLine: {'line': b'[ 97%] \x1b[32mBuilding C object CMakeFiles/pyrobosim_msgs_s__rosidl_typesupport_introspection_c.dir/rosidl_generator_py/pyrobosim_msgs/_pyrobosim_msgs_s.ep.rosidl_typesupport_introspection_c.c.o\x1b[0m\n'}
[14.184728] (pyrobosim_msgs) StdoutLine: {'line': b'[ 97%] \x1b[32mBuilding C object CMakeFiles/pyrobosim_msgs_s__rosidl_typesupport_fastrtps_c.dir/rosidl_generator_py/pyrobosim_msgs/_pyrobosim_msgs_s.ep.rosidl_typesupport_fastrtps_c.c.o\x1b[0m\n'}
[14.245951] (-) TimerEvent: {}
[14.346193] (-) TimerEvent: {}
[14.356443] (pyrobosim_msgs) StdoutLine: {'line': b'[ 98%] \x1b[32m\x1b[1mLinking C shared module rosidl_generator_py/pyrobosim_msgs/pyrobosim_msgs_s__rosidl_typesupport_introspection_c.so\x1b[0m\n'}
[14.357515] (pyrobosim_msgs) StdoutLine: {'line': b'[ 99%] \x1b[32m\x1b[1mLinking C shared module rosidl_generator_py/pyrobosim_msgs/pyrobosim_msgs_s__rosidl_typesupport_c.so\x1b[0m\n'}
[14.366146] (pyrobosim_msgs) StdoutLine: {'line': b'[100%] \x1b[32m\x1b[1mLinking C shared module rosidl_generator_py/pyrobosim_msgs/pyrobosim_msgs_s__rosidl_typesupport_fastrtps_c.so\x1b[0m\n'}
[14.381693] (pyrobosim_msgs) StdoutLine: {'line': b'[100%] Built target pyrobosim_msgs_s__rosidl_typesupport_introspection_c\n'}
[14.385193] (pyrobosim_msgs) StdoutLine: {'line': b'[100%] Built target pyrobosim_msgs_s__rosidl_typesupport_c\n'}
[14.392723] (pyrobosim_msgs) StdoutLine: {'line': b'[100%] Built target pyrobosim_msgs_s__rosidl_typesupport_fastrtps_c\n'}
[14.400557] (pyrobosim_msgs) CommandEnded: {'returncode': 0}
[14.401234] (pyrobosim_msgs) JobProgress: {'identifier': 'pyrobosim_msgs', 'progress': 'install'}
[14.401249] (pyrobosim_msgs) Command: {'cmd': ['/usr/bin/cmake', '--install', '/convince_ws/build/pyrobosim_msgs'], 'cwd': '/convince_ws/build/pyrobosim_msgs', 'env': OrderedDict({'PYTHONWARNINGS': 'ignore:setup.py install is deprecated,ignore:easy_install command is deprecated', 'HOSTNAME': '123c257f4748', 'SHLVL': '1', 'LD_LIBRARY_PATH': '/opt/ros/jazzy/opt/zmqpp_vendor/lib:/opt/ros/jazzy/lib/x86_64-linux-gnu:/opt/ros/jazzy/lib', 'HOME': '/root', 'OLDPWD': '/convince_ws', 'ROS_PYTHON_VERSION': '3', 'ROS_DISTRO': 'jazzy', '_': '/usr/bin/colcon', 'ROS_VERSION': '2', 'TERM': 'xterm', 'QT_X11_NO_MITSHM': '1', 'PATH': '/opt/ros/jazzy/bin:/usr/local/sbin:/usr/local/bin:/usr/sbin:/usr/bin:/sbin:/bin', 'DISPLAY': ':1', 'LANG': 'C.UTF-8', 'AMENT_PREFIX_PATH': '/opt/ros/jazzy', 'ROS_WS': '/convince_ws', 'ROS_AUTOMATIC_DISCOVERY_RANGE': 'SUBNET', 'PWD': '/convince_ws/build/pyrobosim_msgs', 'LC_ALL': 'C.UTF-8', 'PYTHONPATH': '/opt/ros/jazzy/lib/python3.12/site-packages', 'COLCON': '1', 'CMAKE_PREFIX_PATH': '/opt/ros/jazzy'}), 'shell': False}
[14.405792] (pyrobosim_msgs) StdoutLine: {'line': b'-- Install configuration: ""\n'}
[14.406183] (pyrobosim_msgs) StdoutLine: {'line': b'-- Execute custom install script\n'}
[14.406289] (pyrobosim_msgs) StdoutLine: {'line': b'-- Symlinking: /convince_ws/install/pyrobosim_msgs/share/ament_index/resource_index/rosidl_interfaces/pyrobosim_msgs\n'}
[14.412920] (pyrobosim_msgs) StdoutLine: {'line': b'-- Symlinking: /convince_ws/install/pyrobosim_msgs/share/pyrobosim_msgs/msg/ExecutionResult.json\n'}
[14.419198] (pyrobosim_msgs) StdoutLine: {'line': b'-- Symlinking: /convince_ws/install/pyrobosim_msgs/share/pyrobosim_msgs/msg/GoalPredicate.json\n'}
[14.424802] (pyrobosim_msgs) StdoutLine: {'line': b'-- Symlinking: /convince_ws/install/pyrobosim_msgs/share/pyrobosim_msgs/msg/GoalSpecification.json\n'}
[14.430039] (pyrobosim_msgs) StdoutLine: {'line': b'-- Symlinking: /convince_ws/install/pyrobosim_msgs/share/pyrobosim_msgs/msg/HallwayState.json\n'}
[14.435143] (pyrobosim_msgs) StdoutLine: {'line': b'-- Symlinking: /convince_ws/install/pyrobosim_msgs/share/pyrobosim_msgs/msg/LocationState.json\n'}
[14.440283] (pyrobosim_msgs) StdoutLine: {'line': b'-- Symlinking: /convince_ws/install/pyrobosim_msgs/share/pyrobosim_msgs/msg/ObjectState.json\n'}
[14.445021] (pyrobosim_msgs) StdoutLine: {'line': b'-- Symlinking: /convince_ws/install/pyrobosim_msgs/share/pyrobosim_msgs/msg/Path.json\n'}
[14.446368] (-) TimerEvent: {}
[14.450651] (pyrobosim_msgs) StdoutLine: {'line': b'-- Symlinking: /convince_ws/install/pyrobosim_msgs/share/pyrobosim_msgs/msg/RobotState.json\n'}
[14.455777] (pyrobosim_msgs) StdoutLine: {'line': b'-- Symlinking: /convince_ws/install/pyrobosim_msgs/share/pyrobosim_msgs/msg/TaskAction.json\n'}
[14.462598] (pyrobosim_msgs) StdoutLine: {'line': b'-- Symlinking: /convince_ws/install/pyrobosim_msgs/share/pyrobosim_msgs/msg/TaskPlan.json\n'}
[14.469039] (pyrobosim_msgs) StdoutLine: {'line': b'-- Symlinking: /convince_ws/install/pyrobosim_msgs/share/pyrobosim_msgs/msg/WorldInfo.json\n'}
[14.474947] (pyrobosim_msgs) StdoutLine: {'line': b'-- Symlinking: /convince_ws/install/pyrobosim_msgs/share/pyrobosim_msgs/msg/WorldState.json\n'}
[14.481348] (pyrobosim_msgs) StdoutLine: {'line': b'-- Symlinking: /convince_ws/install/pyrobosim_msgs/share/pyrobosim_msgs/srv/RequestWorldInfo.json\n'}
[14.485893] (pyrobosim_msgs) StdoutLine: {'line': b'-- Symlinking: /convince_ws/install/pyrobosim_msgs/share/pyrobosim_msgs/srv/RequestWorldState.json\n'}
[14.490833] (pyrobosim_msgs) StdoutLine: {'line': b'-- Symlinking: /convince_ws/install/pyrobosim_msgs/share/pyrobosim_msgs/srv/ResetWorld.json\n'}
[14.495788] (pyrobosim_msgs) StdoutLine: {'line': b'-- Symlinking: /convince_ws/install/pyrobosim_msgs/share/pyrobosim_msgs/srv/SetLocationState.json\n'}
[14.502448] (pyrobosim_msgs) StdoutLine: {'line': b'-- Symlinking: /convince_ws/install/pyrobosim_msgs/share/pyrobosim_msgs/action/DetectObjects.json\n'}
[14.509044] (pyrobosim_msgs) StdoutLine: {'line': b'-- Symlinking: /convince_ws/install/pyrobosim_msgs/share/pyrobosim_msgs/action/ExecuteTaskAction.json\n'}
[14.514816] (pyrobosim_msgs) StdoutLine: {'line': b'-- Symlinking: /convince_ws/install/pyrobosim_msgs/share/pyrobosim_msgs/action/ExecuteTaskPlan.json\n'}
[14.521053] (pyrobosim_msgs) StdoutLine: {'line': b'-- Symlinking: /convince_ws/install/pyrobosim_msgs/share/pyrobosim_msgs/action/FollowPath.json\n'}
[14.525854] (pyrobosim_msgs) StdoutLine: {'line': b'-- Symlinking: /convince_ws/install/pyrobosim_msgs/share/pyrobosim_msgs/action/PlanPath.json\n'}
[14.531546] (pyrobosim_msgs) StdoutLine: {'line': b'-- Symlinking: /convince_ws/install/pyrobosim_msgs/include/pyrobosim_msgs/pyrobosim_msgs/action/detail/detect_objects__functions.h\n'}
[14.536964] (pyrobosim_msgs) StdoutLine: {'line': b'-- Symlinking: /convince_ws/install/pyrobosim_msgs/include/pyrobosim_msgs/pyrobosim_msgs/action/detail/detect_objects__struct.h\n'}
[14.542991] (pyrobosim_msgs) StdoutLine: {'line': b'-- Symlinking: /convince_ws/install/pyrobosim_msgs/include/pyrobosim_msgs/pyrobosim_msgs/action/detail/detect_objects__type_support.h\n'}
[14.546559] (-) TimerEvent: {}
[14.548739] (pyrobosim_msgs) StdoutLine: {'line': b'-- Symlinking: /convince_ws/install/pyrobosim_msgs/include/pyrobosim_msgs/pyrobosim_msgs/action/detail/execute_task_action__functions.h\n'}
[14.554770] (pyrobosim_msgs) StdoutLine: {'line': b'-- Symlinking: /convince_ws/install/pyrobosim_msgs/include/pyrobosim_msgs/pyrobosim_msgs/action/detail/execute_task_action__struct.h\n'}
[14.561572] (pyrobosim_msgs) StdoutLine: {'line': b'-- Symlinking: /convince_ws/install/pyrobosim_msgs/include/pyrobosim_msgs/pyrobosim_msgs/action/detail/execute_task_action__type_support.h\n'}
[14.566393] (pyrobosim_msgs) StdoutLine: {'line': b'-- Symlinking: /convince_ws/install/pyrobosim_msgs/include/pyrobosim_msgs/pyrobosim_msgs/action/detail/execute_task_plan__functions.h\n'}
[14.571496] (pyrobosim_msgs) StdoutLine: {'line': b'-- Symlinking: /convince_ws/install/pyrobosim_msgs/include/pyrobosim_msgs/pyrobosim_msgs/action/detail/execute_task_plan__struct.h\n'}
[14.575907] (pyrobosim_msgs) StdoutLine: {'line': b'-- Symlinking: /convince_ws/install/pyrobosim_msgs/include/pyrobosim_msgs/pyrobosim_msgs/action/detail/execute_task_plan__type_support.h\n'}
[14.582058] (pyrobosim_msgs) StdoutLine: {'line': b'-- Symlinking: /convince_ws/install/pyrobosim_msgs/include/pyrobosim_msgs/pyrobosim_msgs/action/detail/follow_path__functions.h\n'}
[14.587188] (pyrobosim_msgs) StdoutLine: {'line': b'-- Symlinking: /convince_ws/install/pyrobosim_msgs/include/pyrobosim_msgs/pyrobosim_msgs/action/detail/follow_path__struct.h\n'}
[14.591906] (pyrobosim_msgs) StdoutLine: {'line': b'-- Symlinking: /convince_ws/install/pyrobosim_msgs/include/pyrobosim_msgs/pyrobosim_msgs/action/detail/follow_path__type_support.h\n'}
[14.596791] (pyrobosim_msgs) StdoutLine: {'line': b'-- Symlinking: /convince_ws/install/pyrobosim_msgs/include/pyrobosim_msgs/pyrobosim_msgs/action/detail/plan_path__functions.h\n'}
[14.603193] (pyrobosim_msgs) StdoutLine: {'line': b'-- Symlinking: /convince_ws/install/pyrobosim_msgs/include/pyrobosim_msgs/pyrobosim_msgs/action/detail/plan_path__struct.h\n'}
[14.609564] (pyrobosim_msgs) StdoutLine: {'line': b'-- Symlinking: /convince_ws/install/pyrobosim_msgs/include/pyrobosim_msgs/pyrobosim_msgs/action/detail/plan_path__type_support.h\n'}
[14.614780] (pyrobosim_msgs) StdoutLine: {'line': b'-- Symlinking: /convince_ws/install/pyrobosim_msgs/include/pyrobosim_msgs/pyrobosim_msgs/action/detect_objects.h\n'}
[14.621272] (pyrobosim_msgs) StdoutLine: {'line': b'-- Symlinking: /convince_ws/install/pyrobosim_msgs/include/pyrobosim_msgs/pyrobosim_msgs/action/execute_task_action.h\n'}
[14.625997] (pyrobosim_msgs) StdoutLine: {'line': b'-- Symlinking: /convince_ws/install/pyrobosim_msgs/include/pyrobosim_msgs/pyrobosim_msgs/action/execute_task_plan.h\n'}
[14.632111] (pyrobosim_msgs) StdoutLine: {'line': b'-- Symlinking: /convince_ws/install/pyrobosim_msgs/include/pyrobosim_msgs/pyrobosim_msgs/action/follow_path.h\n'}
[14.637226] (pyrobosim_msgs) StdoutLine: {'line': b'-- Symlinking: /convince_ws/install/pyrobosim_msgs/include/pyrobosim_msgs/pyrobosim_msgs/action/plan_path.h\n'}
[14.643728] (pyrobosim_msgs) StdoutLine: {'line': b'-- Symlinking: /convince_ws/install/pyrobosim_msgs/include/pyrobosim_msgs/pyrobosim_msgs/msg/detail/execution_result__functions.h\n'}
[14.646741] (-) TimerEvent: {}
[14.649700] (pyrobosim_msgs) StdoutLine: {'line': b'-- Symlinking: /convince_ws/install/pyrobosim_msgs/include/pyrobosim_msgs/pyrobosim_msgs/msg/detail/execution_result__struct.h\n'}
[14.653532] (pyrobosim_msgs) StdoutLine: {'line': b'-- Symlinking: /convince_ws/install/pyrobosim_msgs/include/pyrobosim_msgs/pyrobosim_msgs/msg/detail/execution_result__type_support.h\n'}
[14.658749] (pyrobosim_msgs) StdoutLine: {'line': b'-- Symlinking: /convince_ws/install/pyrobosim_msgs/include/pyrobosim_msgs/pyrobosim_msgs/msg/detail/goal_predicate__functions.h\n'}
[14.664405] (pyrobosim_msgs) StdoutLine: {'line': b'-- Symlinking: /convince_ws/install/pyrobosim_msgs/include/pyrobosim_msgs/pyrobosim_msgs/msg/detail/goal_predicate__struct.h\n'}
[14.669999] (pyrobosim_msgs) StdoutLine: {'line': b'-- Symlinking: /convince_ws/install/pyrobosim_msgs/include/pyrobosim_msgs/pyrobosim_msgs/msg/detail/goal_predicate__type_support.h\n'}
[14.675318] (pyrobosim_msgs) StdoutLine: {'line': b'-- Symlinking: /convince_ws/install/pyrobosim_msgs/include/pyrobosim_msgs/pyrobosim_msgs/msg/detail/goal_specification__functions.h\n'}
[14.679566] (pyrobosim_msgs) StdoutLine: {'line': b'-- Symlinking: /convince_ws/install/pyrobosim_msgs/include/pyrobosim_msgs/pyrobosim_msgs/msg/detail/goal_specification__struct.h\n'}
[14.684798] (pyrobosim_msgs) StdoutLine: {'line': b'-- Symlinking: /convince_ws/install/pyrobosim_msgs/include/pyrobosim_msgs/pyrobosim_msgs/msg/detail/goal_specification__type_support.h\n'}
[14.691014] (pyrobosim_msgs) StdoutLine: {'line': b'-- Symlinking: /convince_ws/install/pyrobosim_msgs/include/pyrobosim_msgs/pyrobosim_msgs/msg/detail/hallway_state__functions.h\n'}
[14.695873] (pyrobosim_msgs) StdoutLine: {'line': b'-- Symlinking: /convince_ws/install/pyrobosim_msgs/include/pyrobosim_msgs/pyrobosim_msgs/msg/detail/hallway_state__struct.h\n'}
[14.700398] (pyrobosim_msgs) StdoutLine: {'line': b'-- Symlinking: /convince_ws/install/pyrobosim_msgs/include/pyrobosim_msgs/pyrobosim_msgs/msg/detail/hallway_state__type_support.h\n'}
[14.706804] (pyrobosim_msgs) StdoutLine: {'line': b'-- Symlinking: /convince_ws/install/pyrobosim_msgs/include/pyrobosim_msgs/pyrobosim_msgs/msg/detail/location_state__functions.h\n'}
[14.712740] (pyrobosim_msgs) StdoutLine: {'line': b'-- Symlinking: /convince_ws/install/pyrobosim_msgs/include/pyrobosim_msgs/pyrobosim_msgs/msg/detail/location_state__struct.h\n'}
[14.719188] (pyrobosim_msgs) StdoutLine: {'line': b'-- Symlinking: /convince_ws/install/pyrobosim_msgs/include/pyrobosim_msgs/pyrobosim_msgs/msg/detail/location_state__type_support.h\n'}
[14.724549] (pyrobosim_msgs) StdoutLine: {'line': b'-- Symlinking: /convince_ws/install/pyrobosim_msgs/include/pyrobosim_msgs/pyrobosim_msgs/msg/detail/object_state__functions.h\n'}
[14.729407] (pyrobosim_msgs) StdoutLine: {'line': b'-- Symlinking: /convince_ws/install/pyrobosim_msgs/include/pyrobosim_msgs/pyrobosim_msgs/msg/detail/object_state__struct.h\n'}
[14.735182] (pyrobosim_msgs) StdoutLine: {'line': b'-- Symlinking: /convince_ws/install/pyrobosim_msgs/include/pyrobosim_msgs/pyrobosim_msgs/msg/detail/object_state__type_support.h\n'}
[14.740939] (pyrobosim_msgs) StdoutLine: {'line': b'-- Symlinking: /convince_ws/install/pyrobosim_msgs/include/pyrobosim_msgs/pyrobosim_msgs/msg/detail/path__functions.h\n'}
[14.745943] (pyrobosim_msgs) StdoutLine: {'line': b'-- Symlinking: /convince_ws/install/pyrobosim_msgs/include/pyrobosim_msgs/pyrobosim_msgs/msg/detail/path__struct.h\n'}
[14.746812] (-) TimerEvent: {}
[14.750543] (pyrobosim_msgs) StdoutLine: {'line': b'-- Symlinking: /convince_ws/install/pyrobosim_msgs/include/pyrobosim_msgs/pyrobosim_msgs/msg/detail/path__type_support.h\n'}
[14.755940] (pyrobosim_msgs) StdoutLine: {'line': b'-- Symlinking: /convince_ws/install/pyrobosim_msgs/include/pyrobosim_msgs/pyrobosim_msgs/msg/detail/robot_state__functions.h\n'}
[14.761831] (pyrobosim_msgs) StdoutLine: {'line': b'-- Symlinking: /convince_ws/install/pyrobosim_msgs/include/pyrobosim_msgs/pyrobosim_msgs/msg/detail/robot_state__struct.h\n'}
[14.766728] (pyrobosim_msgs) StdoutLine: {'line': b'-- Symlinking: /convince_ws/install/pyrobosim_msgs/include/pyrobosim_msgs/pyrobosim_msgs/msg/detail/robot_state__type_support.h\n'}
[14.772954] (pyrobosim_msgs) StdoutLine: {'line': b'-- Symlinking: /convince_ws/install/pyrobosim_msgs/include/pyrobosim_msgs/pyrobosim_msgs/msg/detail/task_action__functions.h\n'}
[14.778810] (pyrobosim_msgs) StdoutLine: {'line': b'-- Symlinking: /convince_ws/install/pyrobosim_msgs/include/pyrobosim_msgs/pyrobosim_msgs/msg/detail/task_action__struct.h\n'}
[14.783458] (pyrobosim_msgs) StdoutLine: {'line': b'-- Symlinking: /convince_ws/install/pyrobosim_msgs/include/pyrobosim_msgs/pyrobosim_msgs/msg/detail/task_action__type_support.h\n'}
[14.788653] (pyrobosim_msgs) StdoutLine: {'line': b'-- Symlinking: /convince_ws/install/pyrobosim_msgs/include/pyrobosim_msgs/pyrobosim_msgs/msg/detail/task_plan__functions.h\n'}
[14.793339] (pyrobosim_msgs) StdoutLine: {'line': b'-- Symlinking: /convince_ws/install/pyrobosim_msgs/include/pyrobosim_msgs/pyrobosim_msgs/msg/detail/task_plan__struct.h\n'}
[14.797299] (pyrobosim_msgs) StdoutLine: {'line': b'-- Symlinking: /convince_ws/install/pyrobosim_msgs/include/pyrobosim_msgs/pyrobosim_msgs/msg/detail/task_plan__type_support.h\n'}
[14.803310] (pyrobosim_msgs) StdoutLine: {'line': b'-- Symlinking: /convince_ws/install/pyrobosim_msgs/include/pyrobosim_msgs/pyrobosim_msgs/msg/detail/world_info__functions.h\n'}
[14.809298] (pyrobosim_msgs) StdoutLine: {'line': b'-- Symlinking: /convince_ws/install/pyrobosim_msgs/include/pyrobosim_msgs/pyrobosim_msgs/msg/detail/world_info__struct.h\n'}
[14.813725] (pyrobosim_msgs) StdoutLine: {'line': b'-- Symlinking: /convince_ws/install/pyrobosim_msgs/include/pyrobosim_msgs/pyrobosim_msgs/msg/detail/world_info__type_support.h\n'}
[14.819733] (pyrobosim_msgs) StdoutLine: {'line': b'-- Symlinking: /convince_ws/install/pyrobosim_msgs/include/pyrobosim_msgs/pyrobosim_msgs/msg/detail/world_state__functions.h\n'}
[14.824167] (pyrobosim_msgs) StdoutLine: {'line': b'-- Symlinking: /convince_ws/install/pyrobosim_msgs/include/pyrobosim_msgs/pyrobosim_msgs/msg/detail/world_state__struct.h\n'}
[14.829213] (pyrobosim_msgs) StdoutLine: {'line': b'-- Symlinking: /convince_ws/install/pyrobosim_msgs/include/pyrobosim_msgs/pyrobosim_msgs/msg/detail/world_state__type_support.h\n'}
[14.833524] (pyrobosim_msgs) StdoutLine: {'line': b'-- Symlinking: /convince_ws/install/pyrobosim_msgs/include/pyrobosim_msgs/pyrobosim_msgs/msg/execution_result.h\n'}
[14.838541] (pyrobosim_msgs) StdoutLine: {'line': b'-- Symlinking: /convince_ws/install/pyrobosim_msgs/include/pyrobosim_msgs/pyrobosim_msgs/msg/goal_predicate.h\n'}
[14.843417] (pyrobosim_msgs) StdoutLine: {'line': b'-- Symlinking: /convince_ws/install/pyrobosim_msgs/include/pyrobosim_msgs/pyrobosim_msgs/msg/goal_specification.h\n'}
[14.846877] (-) TimerEvent: {}
[14.848820] (pyrobosim_msgs) StdoutLine: {'line': b'-- Symlinking: /convince_ws/install/pyrobosim_msgs/include/pyrobosim_msgs/pyrobosim_msgs/msg/hallway_state.h\n'}
[14.855127] (pyrobosim_msgs) StdoutLine: {'line': b'-- Symlinking: /convince_ws/install/pyrobosim_msgs/include/pyrobosim_msgs/pyrobosim_msgs/msg/location_state.h\n'}
[14.860717] (pyrobosim_msgs) StdoutLine: {'line': b'-- Symlinking: /convince_ws/install/pyrobosim_msgs/include/pyrobosim_msgs/pyrobosim_msgs/msg/object_state.h\n'}
[14.865659] (pyrobosim_msgs) StdoutLine: {'line': b'-- Symlinking: /convince_ws/install/pyrobosim_msgs/include/pyrobosim_msgs/pyrobosim_msgs/msg/path.h\n'}
[14.870363] (pyrobosim_msgs) StdoutLine: {'line': b'-- Symlinking: /convince_ws/install/pyrobosim_msgs/include/pyrobosim_msgs/pyrobosim_msgs/msg/robot_state.h\n'}
[14.875044] (pyrobosim_msgs) StdoutLine: {'line': b'-- Symlinking: /convince_ws/install/pyrobosim_msgs/include/pyrobosim_msgs/pyrobosim_msgs/msg/rosidl_generator_c__visibility_control.h\n'}
[14.879585] (pyrobosim_msgs) StdoutLine: {'line': b'-- Symlinking: /convince_ws/install/pyrobosim_msgs/include/pyrobosim_msgs/pyrobosim_msgs/msg/task_action.h\n'}
[14.884308] (pyrobosim_msgs) StdoutLine: {'line': b'-- Symlinking: /convince_ws/install/pyrobosim_msgs/include/pyrobosim_msgs/pyrobosim_msgs/msg/task_plan.h\n'}
[14.889857] (pyrobosim_msgs) StdoutLine: {'line': b'-- Symlinking: /convince_ws/install/pyrobosim_msgs/include/pyrobosim_msgs/pyrobosim_msgs/msg/world_info.h\n'}
[14.895811] (pyrobosim_msgs) StdoutLine: {'line': b'-- Symlinking: /convince_ws/install/pyrobosim_msgs/include/pyrobosim_msgs/pyrobosim_msgs/msg/world_state.h\n'}
[14.901700] (pyrobosim_msgs) StdoutLine: {'line': b'-- Symlinking: /convince_ws/install/pyrobosim_msgs/include/pyrobosim_msgs/pyrobosim_msgs/srv/detail/request_world_info__functions.h\n'}
[14.906558] (pyrobosim_msgs) StdoutLine: {'line': b'-- Symlinking: /convince_ws/install/pyrobosim_msgs/include/pyrobosim_msgs/pyrobosim_msgs/srv/detail/request_world_info__struct.h\n'}
[14.910851] (pyrobosim_msgs) StdoutLine: {'line': b'-- Symlinking: /convince_ws/install/pyrobosim_msgs/include/pyrobosim_msgs/pyrobosim_msgs/srv/detail/request_world_info__type_support.h\n'}
[14.916030] (pyrobosim_msgs) StdoutLine: {'line': b'-- Symlinking: /convince_ws/install/pyrobosim_msgs/include/pyrobosim_msgs/pyrobosim_msgs/srv/detail/request_world_state__functions.h\n'}
[14.921303] (pyrobosim_msgs) StdoutLine: {'line': b'-- Symlinking: /convince_ws/install/pyrobosim_msgs/include/pyrobosim_msgs/pyrobosim_msgs/srv/detail/request_world_state__struct.h\n'}
[14.926253] (pyrobosim_msgs) StdoutLine: {'line': b'-- Symlinking: /convince_ws/install/pyrobosim_msgs/include/pyrobosim_msgs/pyrobosim_msgs/srv/detail/request_world_state__type_support.h\n'}
[14.930429] (pyrobosim_msgs) StdoutLine: {'line': b'-- Symlinking: /convince_ws/install/pyrobosim_msgs/include/pyrobosim_msgs/pyrobosim_msgs/srv/detail/reset_world__functions.h\n'}
[14.936233] (pyrobosim_msgs) StdoutLine: {'line': b'-- Symlinking: /convince_ws/install/pyrobosim_msgs/include/pyrobosim_msgs/pyrobosim_msgs/srv/detail/reset_world__struct.h\n'}
[14.942297] (pyrobosim_msgs) StdoutLine: {'line': b'-- Symlinking: /convince_ws/install/pyrobosim_msgs/include/pyrobosim_msgs/pyrobosim_msgs/srv/detail/reset_world__type_support.h\n'}
[14.946751] (pyrobosim_msgs) StdoutLine: {'line': b'-- Symlinking: /convince_ws/install/pyrobosim_msgs/include/pyrobosim_msgs/pyrobosim_msgs/srv/detail/set_location_state__functions.h\n'}
[14.946939] (-) TimerEvent: {}
[14.951147] (pyrobosim_msgs) StdoutLine: {'line': b'-- Symlinking: /convince_ws/install/pyrobosim_msgs/include/pyrobosim_msgs/pyrobosim_msgs/srv/detail/set_location_state__struct.h\n'}
[14.957337] (pyrobosim_msgs) StdoutLine: {'line': b'-- Symlinking: /convince_ws/install/pyrobosim_msgs/include/pyrobosim_msgs/pyrobosim_msgs/srv/detail/set_location_state__type_support.h\n'}
[14.963019] (pyrobosim_msgs) StdoutLine: {'line': b'-- Symlinking: /convince_ws/install/pyrobosim_msgs/include/pyrobosim_msgs/pyrobosim_msgs/srv/request_world_info.h\n'}
[14.967908] (pyrobosim_msgs) StdoutLine: {'line': b'-- Symlinking: /convince_ws/install/pyrobosim_msgs/include/pyrobosim_msgs/pyrobosim_msgs/srv/request_world_state.h\n'}
[14.973516] (pyrobosim_msgs) StdoutLine: {'line': b'-- Symlinking: /convince_ws/install/pyrobosim_msgs/include/pyrobosim_msgs/pyrobosim_msgs/srv/reset_world.h\n'}
[14.978413] (pyrobosim_msgs) StdoutLine: {'line': b'-- Symlinking: /convince_ws/install/pyrobosim_msgs/include/pyrobosim_msgs/pyrobosim_msgs/srv/set_location_state.h\n'}
[14.983695] (pyrobosim_msgs) StdoutLine: {'line': b'-- Symlinking: /convince_ws/install/pyrobosim_msgs/share/pyrobosim_msgs/environment/library_path.sh\n'}
[14.989293] (pyrobosim_msgs) StdoutLine: {'line': b'-- Symlinking: /convince_ws/install/pyrobosim_msgs/share/pyrobosim_msgs/environment/library_path.dsv\n'}
[14.994974] (pyrobosim_msgs) StdoutLine: {'line': b'-- Symlinking: /convince_ws/install/pyrobosim_msgs/include/pyrobosim_msgs/pyrobosim_msgs/action/detail/detect_objects__rosidl_typesupport_fastrtps_c.h\n'}
[15.001042] (pyrobosim_msgs) StdoutLine: {'line': b'-- Symlinking: /convince_ws/install/pyrobosim_msgs/include/pyrobosim_msgs/pyrobosim_msgs/action/detail/execute_task_action__rosidl_typesupport_fastrtps_c.h\n'}
[15.006342] (pyrobosim_msgs) StdoutLine: {'line': b'-- Symlinking: /convince_ws/install/pyrobosim_msgs/include/pyrobosim_msgs/pyrobosim_msgs/action/detail/execute_task_plan__rosidl_typesupport_fastrtps_c.h\n'}
[15.010881] (pyrobosim_msgs) StdoutLine: {'line': b'-- Symlinking: /convince_ws/install/pyrobosim_msgs/include/pyrobosim_msgs/pyrobosim_msgs/action/detail/follow_path__rosidl_typesupport_fastrtps_c.h\n'}
[15.015685] (pyrobosim_msgs) StdoutLine: {'line': b'-- Symlinking: /convince_ws/install/pyrobosim_msgs/include/pyrobosim_msgs/pyrobosim_msgs/action/detail/plan_path__rosidl_typesupport_fastrtps_c.h\n'}
[15.021214] (pyrobosim_msgs) StdoutLine: {'line': b'-- Symlinking: /convince_ws/install/pyrobosim_msgs/include/pyrobosim_msgs/pyrobosim_msgs/msg/detail/execution_result__rosidl_typesupport_fastrtps_c.h\n'}
[15.025701] (pyrobosim_msgs) StdoutLine: {'line': b'-- Symlinking: /convince_ws/install/pyrobosim_msgs/include/pyrobosim_msgs/pyrobosim_msgs/msg/detail/goal_predicate__rosidl_typesupport_fastrtps_c.h\n'}
[15.030324] (pyrobosim_msgs) StdoutLine: {'line': b'-- Symlinking: /convince_ws/install/pyrobosim_msgs/include/pyrobosim_msgs/pyrobosim_msgs/msg/detail/goal_specification__rosidl_typesupport_fastrtps_c.h\n'}
[15.036303] (pyrobosim_msgs) StdoutLine: {'line': b'-- Symlinking: /convince_ws/install/pyrobosim_msgs/include/pyrobosim_msgs/pyrobosim_msgs/msg/detail/hallway_state__rosidl_typesupport_fastrtps_c.h\n'}
[15.042500] (pyrobosim_msgs) StdoutLine: {'line': b'-- Symlinking: /convince_ws/install/pyrobosim_msgs/include/pyrobosim_msgs/pyrobosim_msgs/msg/detail/location_state__rosidl_typesupport_fastrtps_c.h\n'}
[15.046831] (pyrobosim_msgs) StdoutLine: {'line': b'-- Symlinking: /convince_ws/install/pyrobosim_msgs/include/pyrobosim_msgs/pyrobosim_msgs/msg/detail/object_state__rosidl_typesupport_fastrtps_c.h\n'}
[15.046996] (-) TimerEvent: {}
[15.052864] (pyrobosim_msgs) StdoutLine: {'line': b'-- Symlinking: /convince_ws/install/pyrobosim_msgs/include/pyrobosim_msgs/pyrobosim_msgs/msg/detail/path__rosidl_typesupport_fastrtps_c.h\n'}
[15.058103] (pyrobosim_msgs) StdoutLine: {'line': b'-- Symlinking: /convince_ws/install/pyrobosim_msgs/include/pyrobosim_msgs/pyrobosim_msgs/msg/detail/robot_state__rosidl_typesupport_fastrtps_c.h\n'}
[15.063422] (pyrobosim_msgs) StdoutLine: {'line': b'-- Symlinking: /convince_ws/install/pyrobosim_msgs/include/pyrobosim_msgs/pyrobosim_msgs/msg/detail/task_action__rosidl_typesupport_fastrtps_c.h\n'}
[15.067778] (pyrobosim_msgs) StdoutLine: {'line': b'-- Symlinking: /convince_ws/install/pyrobosim_msgs/include/pyrobosim_msgs/pyrobosim_msgs/msg/detail/task_plan__rosidl_typesupport_fastrtps_c.h\n'}
[15.074103] (pyrobosim_msgs) StdoutLine: {'line': b'-- Symlinking: /convince_ws/install/pyrobosim_msgs/include/pyrobosim_msgs/pyrobosim_msgs/msg/detail/world_info__rosidl_typesupport_fastrtps_c.h\n'}
[15.078784] (pyrobosim_msgs) StdoutLine: {'line': b'-- Symlinking: /convince_ws/install/pyrobosim_msgs/include/pyrobosim_msgs/pyrobosim_msgs/msg/detail/world_state__rosidl_typesupport_fastrtps_c.h\n'}
[15.084196] (pyrobosim_msgs) StdoutLine: {'line': b'-- Symlinking: /convince_ws/install/pyrobosim_msgs/include/pyrobosim_msgs/pyrobosim_msgs/msg/rosidl_typesupport_fastrtps_c__visibility_control.h\n'}
[15.088706] (pyrobosim_msgs) StdoutLine: {'line': b'-- Symlinking: /convince_ws/install/pyrobosim_msgs/include/pyrobosim_msgs/pyrobosim_msgs/srv/detail/request_world_info__rosidl_typesupport_fastrtps_c.h\n'}
[15.094975] (pyrobosim_msgs) StdoutLine: {'line': b'-- Symlinking: /convince_ws/install/pyrobosim_msgs/include/pyrobosim_msgs/pyrobosim_msgs/srv/detail/request_world_state__rosidl_typesupport_fastrtps_c.h\n'}
[15.099541] (pyrobosim_msgs) StdoutLine: {'line': b'-- Symlinking: /convince_ws/install/pyrobosim_msgs/include/pyrobosim_msgs/pyrobosim_msgs/srv/detail/reset_world__rosidl_typesupport_fastrtps_c.h\n'}
[15.104816] (pyrobosim_msgs) StdoutLine: {'line': b'-- Symlinking: /convince_ws/install/pyrobosim_msgs/include/pyrobosim_msgs/pyrobosim_msgs/srv/detail/set_location_state__rosidl_typesupport_fastrtps_c.h\n'}
[15.110300] (pyrobosim_msgs) StdoutLine: {'line': b'-- Symlinking: /convince_ws/install/pyrobosim_msgs/include/pyrobosim_msgs/pyrobosim_msgs/action/detail/detect_objects__builder.hpp\n'}
[15.115303] (pyrobosim_msgs) StdoutLine: {'line': b'-- Symlinking: /convince_ws/install/pyrobosim_msgs/include/pyrobosim_msgs/pyrobosim_msgs/action/detail/detect_objects__struct.hpp\n'}
[15.119536] (pyrobosim_msgs) StdoutLine: {'line': b'-- Symlinking: /convince_ws/install/pyrobosim_msgs/include/pyrobosim_msgs/pyrobosim_msgs/action/detail/detect_objects__traits.hpp\n'}
[15.124837] (pyrobosim_msgs) StdoutLine: {'line': b'-- Symlinking: /convince_ws/install/pyrobosim_msgs/include/pyrobosim_msgs/pyrobosim_msgs/action/detail/detect_objects__type_support.hpp\n'}
[15.129598] (pyrobosim_msgs) StdoutLine: {'line': b'-- Symlinking: /convince_ws/install/pyrobosim_msgs/include/pyrobosim_msgs/pyrobosim_msgs/action/detail/execute_task_action__builder.hpp\n'}
[15.135387] (pyrobosim_msgs) StdoutLine: {'line': b'-- Symlinking: /convince_ws/install/pyrobosim_msgs/include/pyrobosim_msgs/pyrobosim_msgs/action/detail/execute_task_action__struct.hpp\n'}
[15.139942] (pyrobosim_msgs) StdoutLine: {'line': b'-- Symlinking: /convince_ws/install/pyrobosim_msgs/include/pyrobosim_msgs/pyrobosim_msgs/action/detail/execute_task_action__traits.hpp\n'}
[15.145138] (pyrobosim_msgs) StdoutLine: {'line': b'-- Symlinking: /convince_ws/install/pyrobosim_msgs/include/pyrobosim_msgs/pyrobosim_msgs/action/detail/execute_task_action__type_support.hpp\n'}
[15.147064] (-) TimerEvent: {}
[15.149948] (pyrobosim_msgs) StdoutLine: {'line': b'-- Symlinking: /convince_ws/install/pyrobosim_msgs/include/pyrobosim_msgs/pyrobosim_msgs/action/detail/execute_task_plan__builder.hpp\n'}
[15.156131] (pyrobosim_msgs) StdoutLine: {'line': b'-- Symlinking: /convince_ws/install/pyrobosim_msgs/include/pyrobosim_msgs/pyrobosim_msgs/action/detail/execute_task_plan__struct.hpp\n'}
[15.160413] (pyrobosim_msgs) StdoutLine: {'line': b'-- Symlinking: /convince_ws/install/pyrobosim_msgs/include/pyrobosim_msgs/pyrobosim_msgs/action/detail/execute_task_plan__traits.hpp\n'}
[15.164900] (pyrobosim_msgs) StdoutLine: {'line': b'-- Symlinking: /convince_ws/install/pyrobosim_msgs/include/pyrobosim_msgs/pyrobosim_msgs/action/detail/execute_task_plan__type_support.hpp\n'}
[15.171000] (pyrobosim_msgs) StdoutLine: {'line': b'-- Symlinking: /convince_ws/install/pyrobosim_msgs/include/pyrobosim_msgs/pyrobosim_msgs/action/detail/follow_path__builder.hpp\n'}
[15.176917] (pyrobosim_msgs) StdoutLine: {'line': b'-- Symlinking: /convince_ws/install/pyrobosim_msgs/include/pyrobosim_msgs/pyrobosim_msgs/action/detail/follow_path__struct.hpp\n'}
[15.181879] (pyrobosim_msgs) StdoutLine: {'line': b'-- Symlinking: /convince_ws/install/pyrobosim_msgs/include/pyrobosim_msgs/pyrobosim_msgs/action/detail/follow_path__traits.hpp\n'}
[15.187946] (pyrobosim_msgs) StdoutLine: {'line': b'-- Symlinking: /convince_ws/install/pyrobosim_msgs/include/pyrobosim_msgs/pyrobosim_msgs/action/detail/follow_path__type_support.hpp\n'}
[15.192935] (pyrobosim_msgs) StdoutLine: {'line': b'-- Symlinking: /convince_ws/install/pyrobosim_msgs/include/pyrobosim_msgs/pyrobosim_msgs/action/detail/plan_path__builder.hpp\n'}
[15.197946] (pyrobosim_msgs) StdoutLine: {'line': b'-- Symlinking: /convince_ws/install/pyrobosim_msgs/include/pyrobosim_msgs/pyrobosim_msgs/action/detail/plan_path__struct.hpp\n'}
[15.203742] (pyrobosim_msgs) StdoutLine: {'line': b'-- Symlinking: /convince_ws/install/pyrobosim_msgs/include/pyrobosim_msgs/pyrobosim_msgs/action/detail/plan_path__traits.hpp\n'}
[15.209395] (pyrobosim_msgs) StdoutLine: {'line': b'-- Symlinking: /convince_ws/install/pyrobosim_msgs/include/pyrobosim_msgs/pyrobosim_msgs/action/detail/plan_path__type_support.hpp\n'}
[15.213543] (pyrobosim_msgs) StdoutLine: {'line': b'-- Symlinking: /convince_ws/install/pyrobosim_msgs/include/pyrobosim_msgs/pyrobosim_msgs/action/detect_objects.hpp\n'}
[15.219400] (pyrobosim_msgs) StdoutLine: {'line': b'-- Symlinking: /convince_ws/install/pyrobosim_msgs/include/pyrobosim_msgs/pyrobosim_msgs/action/execute_task_action.hpp\n'}
[15.224614] (pyrobosim_msgs) StdoutLine: {'line': b'-- Symlinking: /convince_ws/install/pyrobosim_msgs/include/pyrobosim_msgs/pyrobosim_msgs/action/execute_task_plan.hpp\n'}
[15.229538] (pyrobosim_msgs) StdoutLine: {'line': b'-- Symlinking: /convince_ws/install/pyrobosim_msgs/include/pyrobosim_msgs/pyrobosim_msgs/action/follow_path.hpp\n'}
[15.235016] (pyrobosim_msgs) StdoutLine: {'line': b'-- Symlinking: /convince_ws/install/pyrobosim_msgs/include/pyrobosim_msgs/pyrobosim_msgs/action/plan_path.hpp\n'}
[15.241181] (pyrobosim_msgs) StdoutLine: {'line': b'-- Symlinking: /convince_ws/install/pyrobosim_msgs/include/pyrobosim_msgs/pyrobosim_msgs/msg/detail/execution_result__builder.hpp\n'}
[15.245596] (pyrobosim_msgs) StdoutLine: {'line': b'-- Symlinking: /convince_ws/install/pyrobosim_msgs/include/pyrobosim_msgs/pyrobosim_msgs/msg/detail/execution_result__struct.hpp\n'}
[15.247213] (-) TimerEvent: {}
[15.251646] (pyrobosim_msgs) StdoutLine: {'line': b'-- Symlinking: /convince_ws/install/pyrobosim_msgs/include/pyrobosim_msgs/pyrobosim_msgs/msg/detail/execution_result__traits.hpp\n'}
[15.256495] (pyrobosim_msgs) StdoutLine: {'line': b'-- Symlinking: /convince_ws/install/pyrobosim_msgs/include/pyrobosim_msgs/pyrobosim_msgs/msg/detail/execution_result__type_support.hpp\n'}
[15.262949] (pyrobosim_msgs) StdoutLine: {'line': b'-- Symlinking: /convince_ws/install/pyrobosim_msgs/include/pyrobosim_msgs/pyrobosim_msgs/msg/detail/goal_predicate__builder.hpp\n'}
[15.267804] (pyrobosim_msgs) StdoutLine: {'line': b'-- Symlinking: /convince_ws/install/pyrobosim_msgs/include/pyrobosim_msgs/pyrobosim_msgs/msg/detail/goal_predicate__struct.hpp\n'}
[15.274124] (pyrobosim_msgs) StdoutLine: {'line': b'-- Symlinking: /convince_ws/install/pyrobosim_msgs/include/pyrobosim_msgs/pyrobosim_msgs/msg/detail/goal_predicate__traits.hpp\n'}
[15.280387] (pyrobosim_msgs) StdoutLine: {'line': b'-- Symlinking: /convince_ws/install/pyrobosim_msgs/include/pyrobosim_msgs/pyrobosim_msgs/msg/detail/goal_predicate__type_support.hpp\n'}
[15.284984] (pyrobosim_msgs) StdoutLine: {'line': b'-- Symlinking: /convince_ws/install/pyrobosim_msgs/include/pyrobosim_msgs/pyrobosim_msgs/msg/detail/goal_specification__builder.hpp\n'}
[15.290757] (pyrobosim_msgs) StdoutLine: {'line': b'-- Symlinking: /convince_ws/install/pyrobosim_msgs/include/pyrobosim_msgs/pyrobosim_msgs/msg/detail/goal_specification__struct.hpp\n'}
[15.296699] (pyrobosim_msgs) StdoutLine: {'line': b'-- Symlinking: /convince_ws/install/pyrobosim_msgs/include/pyrobosim_msgs/pyrobosim_msgs/msg/detail/goal_specification__traits.hpp\n'}
[15.301641] (pyrobosim_msgs) StdoutLine: {'line': b'-- Symlinking: /convince_ws/install/pyrobosim_msgs/include/pyrobosim_msgs/pyrobosim_msgs/msg/detail/goal_specification__type_support.hpp\n'}
[15.306792] (pyrobosim_msgs) StdoutLine: {'line': b'-- Symlinking: /convince_ws/install/pyrobosim_msgs/include/pyrobosim_msgs/pyrobosim_msgs/msg/detail/hallway_state__builder.hpp\n'}
[15.312713] (pyrobosim_msgs) StdoutLine: {'line': b'-- Symlinking: /convince_ws/install/pyrobosim_msgs/include/pyrobosim_msgs/pyrobosim_msgs/msg/detail/hallway_state__struct.hpp\n'}
[15.317486] (pyrobosim_msgs) StdoutLine: {'line': b'-- Symlinking: /convince_ws/install/pyrobosim_msgs/include/pyrobosim_msgs/pyrobosim_msgs/msg/detail/hallway_state__traits.hpp\n'}
[15.323555] (pyrobosim_msgs) StdoutLine: {'line': b'-- Symlinking: /convince_ws/install/pyrobosim_msgs/include/pyrobosim_msgs/pyrobosim_msgs/msg/detail/hallway_state__type_support.hpp\n'}
[15.328298] (pyrobosim_msgs) StdoutLine: {'line': b'-- Symlinking: /convince_ws/install/pyrobosim_msgs/include/pyrobosim_msgs/pyrobosim_msgs/msg/detail/location_state__builder.hpp\n'}
[15.333267] (pyrobosim_msgs) StdoutLine: {'line': b'-- Symlinking: /convince_ws/install/pyrobosim_msgs/include/pyrobosim_msgs/pyrobosim_msgs/msg/detail/location_state__struct.hpp\n'}
[15.339019] (pyrobosim_msgs) StdoutLine: {'line': b'-- Symlinking: /convince_ws/install/pyrobosim_msgs/include/pyrobosim_msgs/pyrobosim_msgs/msg/detail/location_state__traits.hpp\n'}
[15.344329] (pyrobosim_msgs) StdoutLine: {'line': b'-- Symlinking: /convince_ws/install/pyrobosim_msgs/include/pyrobosim_msgs/pyrobosim_msgs/msg/detail/location_state__type_support.hpp\n'}
[15.347417] (-) TimerEvent: {}
[15.348785] (pyrobosim_msgs) StdoutLine: {'line': b'-- Symlinking: /convince_ws/install/pyrobosim_msgs/include/pyrobosim_msgs/pyrobosim_msgs/msg/detail/object_state__builder.hpp\n'}
[15.354298] (pyrobosim_msgs) StdoutLine: {'line': b'-- Symlinking: /convince_ws/install/pyrobosim_msgs/include/pyrobosim_msgs/pyrobosim_msgs/msg/detail/object_state__struct.hpp\n'}
[15.358888] (pyrobosim_msgs) StdoutLine: {'line': b'-- Symlinking: /convince_ws/install/pyrobosim_msgs/include/pyrobosim_msgs/pyrobosim_msgs/msg/detail/object_state__traits.hpp\n'}
[15.365030] (pyrobosim_msgs) StdoutLine: {'line': b'-- Symlinking: /convince_ws/install/pyrobosim_msgs/include/pyrobosim_msgs/pyrobosim_msgs/msg/detail/object_state__type_support.hpp\n'}
[15.371814] (pyrobosim_msgs) StdoutLine: {'line': b'-- Symlinking: /convince_ws/install/pyrobosim_msgs/include/pyrobosim_msgs/pyrobosim_msgs/msg/detail/path__builder.hpp\n'}
[15.378272] (pyrobosim_msgs) StdoutLine: {'line': b'-- Symlinking: /convince_ws/install/pyrobosim_msgs/include/pyrobosim_msgs/pyrobosim_msgs/msg/detail/path__struct.hpp\n'}
[15.382312] (behaviortree_ros2) StdoutLine: {'line': b'[100%] \x1b[32m\x1b[1mLinking CXX static library libbehaviortree_ros2.a\x1b[0m\n'}
[15.384140] (pyrobosim_msgs) StdoutLine: {'line': b'-- Symlinking: /convince_ws/install/pyrobosim_msgs/include/pyrobosim_msgs/pyrobosim_msgs/msg/detail/path__traits.hpp\n'}
[15.388731] (pyrobosim_msgs) StdoutLine: {'line': b'-- Symlinking: /convince_ws/install/pyrobosim_msgs/include/pyrobosim_msgs/pyrobosim_msgs/msg/detail/path__type_support.hpp\n'}
[15.394743] (pyrobosim_msgs) StdoutLine: {'line': b'-- Symlinking: /convince_ws/install/pyrobosim_msgs/include/pyrobosim_msgs/pyrobosim_msgs/msg/detail/robot_state__builder.hpp\n'}
[15.399790] (pyrobosim_msgs) StdoutLine: {'line': b'-- Symlinking: /convince_ws/install/pyrobosim_msgs/include/pyrobosim_msgs/pyrobosim_msgs/msg/detail/robot_state__struct.hpp\n'}
[15.406434] (pyrobosim_msgs) StdoutLine: {'line': b'-- Symlinking: /convince_ws/install/pyrobosim_msgs/include/pyrobosim_msgs/pyrobosim_msgs/msg/detail/robot_state__traits.hpp\n'}
[15.411285] (pyrobosim_msgs) StdoutLine: {'line': b'-- Symlinking: /convince_ws/install/pyrobosim_msgs/include/pyrobosim_msgs/pyrobosim_msgs/msg/detail/robot_state__type_support.hpp\n'}
[15.416053] (pyrobosim_msgs) StdoutLine: {'line': b'-- Symlinking: /convince_ws/install/pyrobosim_msgs/include/pyrobosim_msgs/pyrobosim_msgs/msg/detail/task_action__builder.hpp\n'}
[15.420702] (pyrobosim_msgs) StdoutLine: {'line': b'-- Symlinking: /convince_ws/install/pyrobosim_msgs/include/pyrobosim_msgs/pyrobosim_msgs/msg/detail/task_action__struct.hpp\n'}
[15.425611] (pyrobosim_msgs) StdoutLine: {'line': b'-- Symlinking: /convince_ws/install/pyrobosim_msgs/include/pyrobosim_msgs/pyrobosim_msgs/msg/detail/task_action__traits.hpp\n'}
[15.428217] (behaviortree_ros2) StdoutLine: {'line': b'[100%] Built target behaviortree_ros2\n'}
[15.429853] (pyrobosim_msgs) StdoutLine: {'line': b'-- Symlinking: /convince_ws/install/pyrobosim_msgs/include/pyrobosim_msgs/pyrobosim_msgs/msg/detail/task_action__type_support.hpp\n'}
[15.434390] (pyrobosim_msgs) StdoutLine: {'line': b'-- Symlinking: /convince_ws/install/pyrobosim_msgs/include/pyrobosim_msgs/pyrobosim_msgs/msg/detail/task_plan__builder.hpp\n'}
[15.434586] (behaviortree_ros2) CommandEnded: {'returncode': 0}
[15.434847] (behaviortree_ros2) JobProgress: {'identifier': 'behaviortree_ros2', 'progress': 'install'}
[15.434941] (behaviortree_ros2) Command: {'cmd': ['/usr/bin/cmake', '--install', '/convince_ws/build/behaviortree_ros2'], 'cwd': '/convince_ws/build/behaviortree_ros2', 'env': OrderedDict({'PYTHONWARNINGS': 'ignore:setup.py install is deprecated,ignore:easy_install command is deprecated', 'HOSTNAME': '123c257f4748', 'SHLVL': '1', 'LD_LIBRARY_PATH': '/convince_ws/install/btcpp_ros2_interfaces/lib:/opt/ros/jazzy/opt/zmqpp_vendor/lib:/opt/ros/jazzy/lib/x86_64-linux-gnu:/opt/ros/jazzy/lib', 'HOME': '/root', 'OLDPWD': '/convince_ws', 'ROS_PYTHON_VERSION': '3', 'ROS_DISTRO': 'jazzy', '_': '/usr/bin/colcon', 'ROS_VERSION': '2', 'TERM': 'xterm', 'QT_X11_NO_MITSHM': '1', 'PATH': '/opt/ros/jazzy/bin:/usr/local/sbin:/usr/local/bin:/usr/sbin:/usr/bin:/sbin:/bin', 'DISPLAY': ':1', 'LANG': 'C.UTF-8', 'AMENT_PREFIX_PATH': '/convince_ws/install/btcpp_ros2_interfaces:/opt/ros/jazzy', 'ROS_WS': '/convince_ws', 'ROS_AUTOMATIC_DISCOVERY_RANGE': 'SUBNET', 'PWD': '/convince_ws/build/behaviortree_ros2', 'LC_ALL': 'C.UTF-8', 'PYTHONPATH': '/convince_ws/install/btcpp_ros2_interfaces/lib/python3.12/site-packages:/opt/ros/jazzy/lib/python3.12/site-packages', 'COLCON': '1', 'CMAKE_PREFIX_PATH': '/convince_ws/install/btcpp_ros2_interfaces:/opt/ros/jazzy'}), 'shell': False}
[15.438908] (pyrobosim_msgs) StdoutLine: {'line': b'-- Symlinking: /convince_ws/install/pyrobosim_msgs/include/pyrobosim_msgs/pyrobosim_msgs/msg/detail/task_plan__struct.hpp\n'}
[15.439244] (behaviortree_ros2) StdoutLine: {'line': b'-- Install configuration: ""\n'}
[15.439413] (behaviortree_ros2) StdoutLine: {'line': b'-- Execute custom install script\n'}
[15.439668] (behaviortree_ros2) StdoutLine: {'line': b'-- Symlinking: /convince_ws/install/behaviortree_ros2/include/behaviortree_ros2/bt_executor_parameters.hpp\n'}
[15.444311] (pyrobosim_msgs) StdoutLine: {'line': b'-- Symlinking: /convince_ws/install/pyrobosim_msgs/include/pyrobosim_msgs/pyrobosim_msgs/msg/detail/task_plan__traits.hpp\n'}
[15.445502] (behaviortree_ros2) StdoutLine: {'line': b'-- Symlinking: /convince_ws/install/behaviortree_ros2/include//behaviortree_ros2/bt_action_node.hpp\n'}
[15.447513] (-) TimerEvent: {}
[15.449463] (pyrobosim_msgs) StdoutLine: {'line': b'-- Symlinking: /convince_ws/install/pyrobosim_msgs/include/pyrobosim_msgs/pyrobosim_msgs/msg/detail/task_plan__type_support.hpp\n'}
[15.450996] (behaviortree_ros2) StdoutLine: {'line': b'-- Symlinking: /convince_ws/install/behaviortree_ros2/include//behaviortree_ros2/bt_ros_logger.hpp\n'}
[15.453804] (pyrobosim_msgs) StdoutLine: {'line': b'-- Symlinking: /convince_ws/install/pyrobosim_msgs/include/pyrobosim_msgs/pyrobosim_msgs/msg/detail/world_info__builder.hpp\n'}
[15.455063] (behaviortree_ros2) StdoutLine: {'line': b'-- Symlinking: /convince_ws/install/behaviortree_ros2/include//behaviortree_ros2/bt_service_node.hpp\n'}
[15.458802] (pyrobosim_msgs) StdoutLine: {'line': b'-- Symlinking: /convince_ws/install/pyrobosim_msgs/include/pyrobosim_msgs/pyrobosim_msgs/msg/detail/world_info__struct.hpp\n'}
[15.459697] (behaviortree_ros2) StdoutLine: {'line': b'-- Symlinking: /convince_ws/install/behaviortree_ros2/include//behaviortree_ros2/bt_topic_pub_node.hpp\n'}
[15.464564] (pyrobosim_msgs) StdoutLine: {'line': b'-- Symlinking: /convince_ws/install/pyrobosim_msgs/include/pyrobosim_msgs/pyrobosim_msgs/msg/detail/world_info__traits.hpp\n'}
[15.465414] (behaviortree_ros2) StdoutLine: {'line': b'-- Symlinking: /convince_ws/install/behaviortree_ros2/include//behaviortree_ros2/bt_topic_sub_node.hpp\n'}
[15.469884] (pyrobosim_msgs) StdoutLine: {'line': b'-- Symlinking: /convince_ws/install/pyrobosim_msgs/include/pyrobosim_msgs/pyrobosim_msgs/msg/detail/world_info__type_support.hpp\n'}
[15.470005] (behaviortree_ros2) StdoutLine: {'line': b'-- Symlinking: /convince_ws/install/behaviortree_ros2/include//behaviortree_ros2/bt_utils.hpp\n'}
[15.474388] (behaviortree_ros2) StdoutLine: {'line': b'-- Symlinking: /convince_ws/install/behaviortree_ros2/include//behaviortree_ros2/plugins.hpp\n'}
[15.474451] (pyrobosim_msgs) StdoutLine: {'line': b'-- Symlinking: /convince_ws/install/pyrobosim_msgs/include/pyrobosim_msgs/pyrobosim_msgs/msg/detail/world_state__builder.hpp\n'}
[15.479162] (behaviortree_ros2) StdoutLine: {'line': b'-- Symlinking: /convince_ws/install/behaviortree_ros2/include//behaviortree_ros2/ros_node_params.hpp\n'}
[15.479370] (pyrobosim_msgs) StdoutLine: {'line': b'-- Symlinking: /convince_ws/install/pyrobosim_msgs/include/pyrobosim_msgs/pyrobosim_msgs/msg/detail/world_state__struct.hpp\n'}
[15.484644] (behaviortree_ros2) StdoutLine: {'line': b'-- Symlinking: /convince_ws/install/behaviortree_ros2/include//behaviortree_ros2/tree_execution_server.hpp\n'}
[15.484753] (pyrobosim_msgs) StdoutLine: {'line': b'-- Symlinking: /convince_ws/install/pyrobosim_msgs/include/pyrobosim_msgs/pyrobosim_msgs/msg/detail/world_state__traits.hpp\n'}
[15.488594] (behaviortree_ros2) StdoutLine: {'line': b'-- Symlinking: /convince_ws/install/behaviortree_ros2/share/behaviortree_ros2/environment/library_path.sh\n'}
[15.490683] (pyrobosim_msgs) StdoutLine: {'line': b'-- Symlinking: /convince_ws/install/pyrobosim_msgs/include/pyrobosim_msgs/pyrobosim_msgs/msg/detail/world_state__type_support.hpp\n'}
[15.494492] (behaviortree_ros2) StdoutLine: {'line': b'-- Symlinking: /convince_ws/install/behaviortree_ros2/share/behaviortree_ros2/environment/library_path.dsv\n'}
[15.494550] (pyrobosim_msgs) StdoutLine: {'line': b'-- Symlinking: /convince_ws/install/pyrobosim_msgs/include/pyrobosim_msgs/pyrobosim_msgs/msg/execution_result.hpp\n'}
[15.499000] (pyrobosim_msgs) StdoutLine: {'line': b'-- Symlinking: /convince_ws/install/pyrobosim_msgs/include/pyrobosim_msgs/pyrobosim_msgs/msg/goal_predicate.hpp\n'}
[15.499232] (behaviortree_ros2) StdoutLine: {'line': b'-- Symlinking: /convince_ws/install/behaviortree_ros2/share/ament_index/resource_index/package_run_dependencies/behaviortree_ros2\n'}
[15.502959] (pyrobosim_msgs) StdoutLine: {'line': b'-- Symlinking: /convince_ws/install/pyrobosim_msgs/include/pyrobosim_msgs/pyrobosim_msgs/msg/goal_specification.hpp\n'}
[15.504681] (behaviortree_ros2) StdoutLine: {'line': b'-- Symlinking: /convince_ws/install/behaviortree_ros2/share/ament_index/resource_index/parent_prefix_path/behaviortree_ros2\n'}
[15.507673] (pyrobosim_msgs) StdoutLine: {'line': b'-- Symlinking: /convince_ws/install/pyrobosim_msgs/include/pyrobosim_msgs/pyrobosim_msgs/msg/hallway_state.hpp\n'}
[15.509810] (behaviortree_ros2) StdoutLine: {'line': b'-- Symlinking: /convince_ws/install/behaviortree_ros2/share/behaviortree_ros2/environment/ament_prefix_path.sh\n'}
[15.512076] (pyrobosim_msgs) StdoutLine: {'line': b'-- Symlinking: /convince_ws/install/pyrobosim_msgs/include/pyrobosim_msgs/pyrobosim_msgs/msg/location_state.hpp\n'}
[15.515637] (behaviortree_ros2) StdoutLine: {'line': b'-- Symlinking: /convince_ws/install/behaviortree_ros2/share/behaviortree_ros2/environment/ament_prefix_path.dsv\n'}
[15.517446] (pyrobosim_msgs) StdoutLine: {'line': b'-- Symlinking: /convince_ws/install/pyrobosim_msgs/include/pyrobosim_msgs/pyrobosim_msgs/msg/object_state.hpp\n'}
[15.520898] (behaviortree_ros2) StdoutLine: {'line': b'-- Symlinking: /convince_ws/install/behaviortree_ros2/share/behaviortree_ros2/environment/path.sh\n'}
[15.521154] (pyrobosim_msgs) StdoutLine: {'line': b'-- Symlinking: /convince_ws/install/pyrobosim_msgs/include/pyrobosim_msgs/pyrobosim_msgs/msg/path.hpp\n'}
[15.525813] (behaviortree_ros2) StdoutLine: {'line': b'-- Symlinking: /convince_ws/install/behaviortree_ros2/share/behaviortree_ros2/environment/path.dsv\n'}
[15.525887] (pyrobosim_msgs) StdoutLine: {'line': b'-- Symlinking: /convince_ws/install/pyrobosim_msgs/include/pyrobosim_msgs/pyrobosim_msgs/msg/robot_state.hpp\n'}
[15.530935] (behaviortree_ros2) StdoutLine: {'line': b'-- Symlinking: /convince_ws/install/behaviortree_ros2/share/behaviortree_ros2/local_setup.bash\n'}
[15.531422] (pyrobosim_msgs) StdoutLine: {'line': b'-- Symlinking: /convince_ws/install/pyrobosim_msgs/include/pyrobosim_msgs/pyrobosim_msgs/msg/rosidl_generator_cpp__visibility_control.hpp\n'}
[15.536692] (behaviortree_ros2) StdoutLine: {'line': b'-- Symlinking: /convince_ws/install/behaviortree_ros2/share/behaviortree_ros2/local_setup.sh\n'}
[15.536889] (pyrobosim_msgs) StdoutLine: {'line': b'-- Symlinking: /convince_ws/install/pyrobosim_msgs/include/pyrobosim_msgs/pyrobosim_msgs/msg/task_action.hpp\n'}
[15.541324] (behaviortree_ros2) StdoutLine: {'line': b'-- Symlinking: /convince_ws/install/behaviortree_ros2/share/behaviortree_ros2/local_setup.zsh\n'}
[15.541421] (pyrobosim_msgs) StdoutLine: {'line': b'-- Symlinking: /convince_ws/install/pyrobosim_msgs/include/pyrobosim_msgs/pyrobosim_msgs/msg/task_plan.hpp\n'}
[15.545845] (behaviortree_ros2) StdoutLine: {'line': b'-- Symlinking: /convince_ws/install/behaviortree_ros2/share/behaviortree_ros2/local_setup.dsv\n'}
[15.546470] (pyrobosim_msgs) StdoutLine: {'line': b'-- Symlinking: /convince_ws/install/pyrobosim_msgs/include/pyrobosim_msgs/pyrobosim_msgs/msg/world_info.hpp\n'}
[15.547706] (-) TimerEvent: {}
[15.551272] (behaviortree_ros2) StdoutLine: {'line': b'-- Symlinking: /convince_ws/install/behaviortree_ros2/share/behaviortree_ros2/package.dsv\n'}
[15.551554] (pyrobosim_msgs) StdoutLine: {'line': b'-- Symlinking: /convince_ws/install/pyrobosim_msgs/include/pyrobosim_msgs/pyrobosim_msgs/msg/world_state.hpp\n'}
[15.555263] (behaviortree_ros2) StdoutLine: {'line': b'-- Symlinking: /convince_ws/install/behaviortree_ros2/share/ament_index/resource_index/packages/behaviortree_ros2\n'}
[15.557144] (pyrobosim_msgs) StdoutLine: {'line': b'-- Symlinking: /convince_ws/install/pyrobosim_msgs/include/pyrobosim_msgs/pyrobosim_msgs/srv/detail/request_world_info__builder.hpp\n'}
[15.559551] (behaviortree_ros2) StdoutLine: {'line': b'-- Symlinking: /convince_ws/install/behaviortree_ros2/share/behaviortree_ros2/cmake/ament_cmake_export_dependencies-extras.cmake\n'}
[15.561359] (pyrobosim_msgs) StdoutLine: {'line': b'-- Symlinking: /convince_ws/install/pyrobosim_msgs/include/pyrobosim_msgs/pyrobosim_msgs/srv/detail/request_world_info__struct.hpp\n'}
[15.564225] (behaviortree_ros2) StdoutLine: {'line': b'-- Symlinking: /convince_ws/install/behaviortree_ros2/share/behaviortree_ros2/cmake/ament_cmake_export_targets-extras.cmake\n'}
[15.565489] (pyrobosim_msgs) StdoutLine: {'line': b'-- Symlinking: /convince_ws/install/pyrobosim_msgs/include/pyrobosim_msgs/pyrobosim_msgs/srv/detail/request_world_info__traits.hpp\n'}
[15.568847] (behaviortree_ros2) StdoutLine: {'line': b'-- Symlinking: /convince_ws/install/behaviortree_ros2/share/behaviortree_ros2/cmake/ament_cmake_export_include_directories-extras.cmake\n'}
[15.569508] (pyrobosim_msgs) StdoutLine: {'line': b'-- Symlinking: /convince_ws/install/pyrobosim_msgs/include/pyrobosim_msgs/pyrobosim_msgs/srv/detail/request_world_info__type_support.hpp\n'}
[15.573936] (pyrobosim_msgs) StdoutLine: {'line': b'-- Symlinking: /convince_ws/install/pyrobosim_msgs/include/pyrobosim_msgs/pyrobosim_msgs/srv/detail/request_world_state__builder.hpp\n'}
[15.574166] (behaviortree_ros2) StdoutLine: {'line': b'-- Symlinking: /convince_ws/install/behaviortree_ros2/share/behaviortree_ros2/cmake/ament_cmake_export_libraries-extras.cmake\n'}
[15.579707] (behaviortree_ros2) StdoutLine: {'line': b'-- Symlinking: /convince_ws/install/behaviortree_ros2/share/behaviortree_ros2/cmake/behaviortree_ros2Config.cmake\n'}
[15.579843] (pyrobosim_msgs) StdoutLine: {'line': b'-- Symlinking: /convince_ws/install/pyrobosim_msgs/include/pyrobosim_msgs/pyrobosim_msgs/srv/detail/request_world_state__struct.hpp\n'}
[15.583369] (behaviortree_ros2) StdoutLine: {'line': b'-- Symlinking: /convince_ws/install/behaviortree_ros2/share/behaviortree_ros2/cmake/behaviortree_ros2Config-version.cmake\n'}
[15.583513] (pyrobosim_msgs) StdoutLine: {'line': b'-- Symlinking: /convince_ws/install/pyrobosim_msgs/include/pyrobosim_msgs/pyrobosim_msgs/srv/detail/request_world_state__traits.hpp\n'}
[15.588579] (behaviortree_ros2) StdoutLine: {'line': b'-- Symlinking: /convince_ws/install/behaviortree_ros2/share/behaviortree_ros2/package.xml\n'}
[15.589411] (pyrobosim_msgs) StdoutLine: {'line': b'-- Symlinking: /convince_ws/install/pyrobosim_msgs/include/pyrobosim_msgs/pyrobosim_msgs/srv/detail/request_world_state__type_support.hpp\n'}
[15.593040] (behaviortree_ros2) StdoutLine: {'line': b'-- Installing: /convince_ws/install/behaviortree_ros2/lib/libbehaviortree_ros2.a\n'}
[15.593292] (pyrobosim_msgs) StdoutLine: {'line': b'-- Symlinking: /convince_ws/install/pyrobosim_msgs/include/pyrobosim_msgs/pyrobosim_msgs/srv/detail/reset_world__builder.hpp\n'}
[15.595213] (behaviortree_ros2) StdoutLine: {'line': b'-- Installing: /convince_ws/install/behaviortree_ros2/share/behaviortree_ros2/cmake/behaviortree_ros2TargetsExport.cmake\n'}
[15.595299] (behaviortree_ros2) StdoutLine: {'line': b'-- Installing: /convince_ws/install/behaviortree_ros2/share/behaviortree_ros2/cmake/behaviortree_ros2TargetsExport-noconfig.cmake\n'}
[15.596384] (behaviortree_ros2) CommandEnded: {'returncode': 0}
[15.598602] (pyrobosim_msgs) StdoutLine: {'line': b'-- Symlinking: /convince_ws/install/pyrobosim_msgs/include/pyrobosim_msgs/pyrobosim_msgs/srv/detail/reset_world__struct.hpp\n'}
[15.601751] (behaviortree_ros2) JobEnded: {'identifier': 'behaviortree_ros2', 'rc': 0}
[15.602174] (btcpp_ros2_samples) JobStarted: {'identifier': 'btcpp_ros2_samples'}
[15.602246] (pyrobosim_msgs) StdoutLine: {'line': b'-- Symlinking: /convince_ws/install/pyrobosim_msgs/include/pyrobosim_msgs/pyrobosim_msgs/srv/detail/reset_world__traits.hpp\n'}
[15.606634] (pyrobosim_msgs) StdoutLine: {'line': b'-- Symlinking: /convince_ws/install/pyrobosim_msgs/include/pyrobosim_msgs/pyrobosim_msgs/srv/detail/reset_world__type_support.hpp\n'}
[15.607547] (btcpp_ros2_samples) JobProgress: {'identifier': 'btcpp_ros2_samples', 'progress': 'cmake'}
[15.607918] (btcpp_ros2_samples) Command: {'cmd': ['/usr/bin/cmake', '/convince_ws/src/behaviortree_ros2/btcpp_ros2_samples', '-DCMAKE_EXPORT_COMPILE_COMMANDS=ON', '--no-warn-unused-cli', '-DAMENT_CMAKE_SYMLINK_INSTALL=1', '-DCMAKE_INSTALL_PREFIX=/convince_ws/install/btcpp_ros2_samples'], 'cwd': '/convince_ws/build/btcpp_ros2_samples', 'env': OrderedDict({'PYTHONWARNINGS': 'ignore:setup.py install is deprecated,ignore:easy_install command is deprecated', 'HOSTNAME': '123c257f4748', 'SHLVL': '1', 'LD_LIBRARY_PATH': '/convince_ws/install/behaviortree_ros2/lib:/convince_ws/install/btcpp_ros2_interfaces/lib:/opt/ros/jazzy/opt/zmqpp_vendor/lib:/opt/ros/jazzy/lib/x86_64-linux-gnu:/opt/ros/jazzy/lib', 'HOME': '/root', 'OLDPWD': '/convince_ws', 'ROS_PYTHON_VERSION': '3', 'ROS_DISTRO': 'jazzy', '_': '/usr/bin/colcon', 'ROS_VERSION': '2', 'TERM': 'xterm', 'QT_X11_NO_MITSHM': '1', 'PATH': '/opt/ros/jazzy/bin:/usr/local/sbin:/usr/local/bin:/usr/sbin:/usr/bin:/sbin:/bin', 'DISPLAY': ':1', 'LANG': 'C.UTF-8', 'AMENT_PREFIX_PATH': '/convince_ws/install/behaviortree_ros2:/convince_ws/install/btcpp_ros2_interfaces:/opt/ros/jazzy', 'ROS_WS': '/convince_ws', 'ROS_AUTOMATIC_DISCOVERY_RANGE': 'SUBNET', 'PWD': '/convince_ws/build/btcpp_ros2_samples', 'LC_ALL': 'C.UTF-8', 'PYTHONPATH': '/convince_ws/install/btcpp_ros2_interfaces/lib/python3.12/site-packages:/opt/ros/jazzy/lib/python3.12/site-packages', 'COLCON': '1', 'CMAKE_PREFIX_PATH': '/convince_ws/install/behaviortree_ros2:/convince_ws/install/btcpp_ros2_interfaces:/opt/ros/jazzy'}), 'shell': False}
[15.612122] (pyrobosim_msgs) StdoutLine: {'line': b'-- Symlinking: /convince_ws/install/pyrobosim_msgs/include/pyrobosim_msgs/pyrobosim_msgs/srv/detail/set_location_state__builder.hpp\n'}
[15.612335] (btcpp_ros2_samples) StdoutLine: {'line': b'Not searching for unused variables given on the command line.\n'}
[15.618010] (pyrobosim_msgs) StdoutLine: {'line': b'-- Symlinking: /convince_ws/install/pyrobosim_msgs/include/pyrobosim_msgs/pyrobosim_msgs/srv/detail/set_location_state__struct.hpp\n'}
[15.622629] (pyrobosim_msgs) StdoutLine: {'line': b'-- Symlinking: /convince_ws/install/pyrobosim_msgs/include/pyrobosim_msgs/pyrobosim_msgs/srv/detail/set_location_state__traits.hpp\n'}
[15.627760] (pyrobosim_msgs) StdoutLine: {'line': b'-- Symlinking: /convince_ws/install/pyrobosim_msgs/include/pyrobosim_msgs/pyrobosim_msgs/srv/detail/set_location_state__type_support.hpp\n'}
[15.632985] (pyrobosim_msgs) StdoutLine: {'line': b'-- Symlinking: /convince_ws/install/pyrobosim_msgs/include/pyrobosim_msgs/pyrobosim_msgs/srv/request_world_info.hpp\n'}
[15.637769] (pyrobosim_msgs) StdoutLine: {'line': b'-- Symlinking: /convince_ws/install/pyrobosim_msgs/include/pyrobosim_msgs/pyrobosim_msgs/srv/request_world_state.hpp\n'}
[15.641304] (btcpp_ros2_samples) StdoutLine: {'line': b'-- The C compiler identification is GNU 13.3.0\n'}
[15.642342] (pyrobosim_msgs) StdoutLine: {'line': b'-- Symlinking: /convince_ws/install/pyrobosim_msgs/include/pyrobosim_msgs/pyrobosim_msgs/srv/reset_world.hpp\n'}
[15.647795] (-) TimerEvent: {}
[15.648132] (pyrobosim_msgs) StdoutLine: {'line': b'-- Symlinking: /convince_ws/install/pyrobosim_msgs/include/pyrobosim_msgs/pyrobosim_msgs/srv/set_location_state.hpp\n'}
[15.652778] (pyrobosim_msgs) StdoutLine: {'line': b'-- Symlinking: /convince_ws/install/pyrobosim_msgs/include/pyrobosim_msgs/pyrobosim_msgs/action/detail/detect_objects__rosidl_typesupport_fastrtps_cpp.hpp\n'}
[15.659072] (pyrobosim_msgs) StdoutLine: {'line': b'-- Symlinking: /convince_ws/install/pyrobosim_msgs/include/pyrobosim_msgs/pyrobosim_msgs/action/detail/execute_task_action__rosidl_typesupport_fastrtps_cpp.hpp\n'}
[15.665400] (pyrobosim_msgs) StdoutLine: {'line': b'-- Symlinking: /convince_ws/install/pyrobosim_msgs/include/pyrobosim_msgs/pyrobosim_msgs/action/detail/execute_task_plan__rosidl_typesupport_fastrtps_cpp.hpp\n'}
[15.671667] (pyrobosim_msgs) StdoutLine: {'line': b'-- Symlinking: /convince_ws/install/pyrobosim_msgs/include/pyrobosim_msgs/pyrobosim_msgs/action/detail/follow_path__rosidl_typesupport_fastrtps_cpp.hpp\n'}
[15.678143] (pyrobosim_msgs) StdoutLine: {'line': b'-- Symlinking: /convince_ws/install/pyrobosim_msgs/include/pyrobosim_msgs/pyrobosim_msgs/action/detail/plan_path__rosidl_typesupport_fastrtps_cpp.hpp\n'}
[15.682395] (pyrobosim_msgs) StdoutLine: {'line': b'-- Symlinking: /convince_ws/install/pyrobosim_msgs/include/pyrobosim_msgs/pyrobosim_msgs/msg/detail/execution_result__rosidl_typesupport_fastrtps_cpp.hpp\n'}
[15.682805] (btcpp_ros2_samples) StdoutLine: {'line': b'-- The CXX compiler identification is GNU 13.3.0\n'}
[15.689293] (pyrobosim_msgs) StdoutLine: {'line': b'-- Symlinking: /convince_ws/install/pyrobosim_msgs/include/pyrobosim_msgs/pyrobosim_msgs/msg/detail/goal_predicate__rosidl_typesupport_fastrtps_cpp.hpp\n'}
[15.693016] (btcpp_ros2_samples) StdoutLine: {'line': b'-- Detecting C compiler ABI info\n'}
[15.695650] (pyrobosim_msgs) StdoutLine: {'line': b'-- Symlinking: /convince_ws/install/pyrobosim_msgs/include/pyrobosim_msgs/pyrobosim_msgs/msg/detail/goal_specification__rosidl_typesupport_fastrtps_cpp.hpp\n'}
[15.699460] (pyrobosim_msgs) StdoutLine: {'line': b'-- Symlinking: /convince_ws/install/pyrobosim_msgs/include/pyrobosim_msgs/pyrobosim_msgs/msg/detail/hallway_state__rosidl_typesupport_fastrtps_cpp.hpp\n'}
[15.703415] (pyrobosim_msgs) StdoutLine: {'line': b'-- Symlinking: /convince_ws/install/pyrobosim_msgs/include/pyrobosim_msgs/pyrobosim_msgs/msg/detail/location_state__rosidl_typesupport_fastrtps_cpp.hpp\n'}
[15.707792] (pyrobosim_msgs) StdoutLine: {'line': b'-- Symlinking: /convince_ws/install/pyrobosim_msgs/include/pyrobosim_msgs/pyrobosim_msgs/msg/detail/object_state__rosidl_typesupport_fastrtps_cpp.hpp\n'}
[15.714317] (pyrobosim_msgs) StdoutLine: {'line': b'-- Symlinking: /convince_ws/install/pyrobosim_msgs/include/pyrobosim_msgs/pyrobosim_msgs/msg/detail/path__rosidl_typesupport_fastrtps_cpp.hpp\n'}
[15.720578] (pyrobosim_msgs) StdoutLine: {'line': b'-- Symlinking: /convince_ws/install/pyrobosim_msgs/include/pyrobosim_msgs/pyrobosim_msgs/msg/detail/robot_state__rosidl_typesupport_fastrtps_cpp.hpp\n'}
[15.725240] (pyrobosim_msgs) StdoutLine: {'line': b'-- Symlinking: /convince_ws/install/pyrobosim_msgs/include/pyrobosim_msgs/pyrobosim_msgs/msg/detail/task_action__rosidl_typesupport_fastrtps_cpp.hpp\n'}
[15.729973] (pyrobosim_msgs) StdoutLine: {'line': b'-- Symlinking: /convince_ws/install/pyrobosim_msgs/include/pyrobosim_msgs/pyrobosim_msgs/msg/detail/task_plan__rosidl_typesupport_fastrtps_cpp.hpp\n'}
[15.735364] (pyrobosim_msgs) StdoutLine: {'line': b'-- Symlinking: /convince_ws/install/pyrobosim_msgs/include/pyrobosim_msgs/pyrobosim_msgs/msg/detail/world_info__rosidl_typesupport_fastrtps_cpp.hpp\n'}
[15.740949] (pyrobosim_msgs) StdoutLine: {'line': b'-- Symlinking: /convince_ws/install/pyrobosim_msgs/include/pyrobosim_msgs/pyrobosim_msgs/msg/detail/world_state__rosidl_typesupport_fastrtps_cpp.hpp\n'}
[15.745065] (pyrobosim_msgs) StdoutLine: {'line': b'-- Symlinking: /convince_ws/install/pyrobosim_msgs/include/pyrobosim_msgs/pyrobosim_msgs/msg/rosidl_typesupport_fastrtps_cpp__visibility_control.h\n'}
[15.747909] (-) TimerEvent: {}
[15.749773] (btcpp_ros2_samples) StdoutLine: {'line': b'-- Detecting C compiler ABI info - done\n'}
[15.749990] (pyrobosim_msgs) StdoutLine: {'line': b'-- Symlinking: /convince_ws/install/pyrobosim_msgs/include/pyrobosim_msgs/pyrobosim_msgs/srv/detail/request_world_info__rosidl_typesupport_fastrtps_cpp.hpp\n'}
[15.755500] (pyrobosim_msgs) StdoutLine: {'line': b'-- Symlinking: /convince_ws/install/pyrobosim_msgs/include/pyrobosim_msgs/pyrobosim_msgs/srv/detail/request_world_state__rosidl_typesupport_fastrtps_cpp.hpp\n'}
[15.756462] (btcpp_ros2_samples) StdoutLine: {'line': b'-- Check for working C compiler: /usr/bin/cc - skipped\n'}
[15.756532] (btcpp_ros2_samples) StdoutLine: {'line': b'-- Detecting C compile features\n'}
[15.756589] (btcpp_ros2_samples) StdoutLine: {'line': b'-- Detecting C compile features - done\n'}
[15.762202] (btcpp_ros2_samples) StdoutLine: {'line': b'-- Detecting CXX compiler ABI info\n'}
[15.762936] (pyrobosim_msgs) StdoutLine: {'line': b'-- Symlinking: /convince_ws/install/pyrobosim_msgs/include/pyrobosim_msgs/pyrobosim_msgs/srv/detail/reset_world__rosidl_typesupport_fastrtps_cpp.hpp\n'}
[15.767599] (pyrobosim_msgs) StdoutLine: {'line': b'-- Symlinking: /convince_ws/install/pyrobosim_msgs/include/pyrobosim_msgs/pyrobosim_msgs/srv/detail/set_location_state__rosidl_typesupport_fastrtps_cpp.hpp\n'}
[15.774322] (pyrobosim_msgs) StdoutLine: {'line': b'-- Symlinking: /convince_ws/install/pyrobosim_msgs/include/pyrobosim_msgs/pyrobosim_msgs/action/detail/detect_objects__rosidl_typesupport_introspection_c.h\n'}
[15.778956] (pyrobosim_msgs) StdoutLine: {'line': b'-- Symlinking: /convince_ws/install/pyrobosim_msgs/include/pyrobosim_msgs/pyrobosim_msgs/action/detail/execute_task_action__rosidl_typesupport_introspection_c.h\n'}
[15.784775] (pyrobosim_msgs) StdoutLine: {'line': b'-- Symlinking: /convince_ws/install/pyrobosim_msgs/include/pyrobosim_msgs/pyrobosim_msgs/action/detail/execute_task_plan__rosidl_typesupport_introspection_c.h\n'}
[15.790635] (pyrobosim_msgs) StdoutLine: {'line': b'-- Symlinking: /convince_ws/install/pyrobosim_msgs/include/pyrobosim_msgs/pyrobosim_msgs/action/detail/follow_path__rosidl_typesupport_introspection_c.h\n'}
[15.795314] (pyrobosim_msgs) StdoutLine: {'line': b'-- Symlinking: /convince_ws/install/pyrobosim_msgs/include/pyrobosim_msgs/pyrobosim_msgs/action/detail/plan_path__rosidl_typesupport_introspection_c.h\n'}
[15.799612] (pyrobosim_msgs) StdoutLine: {'line': b'-- Symlinking: /convince_ws/install/pyrobosim_msgs/include/pyrobosim_msgs/pyrobosim_msgs/msg/detail/execution_result__rosidl_typesupport_introspection_c.h\n'}
[15.804082] (pyrobosim_msgs) StdoutLine: {'line': b'-- Symlinking: /convince_ws/install/pyrobosim_msgs/include/pyrobosim_msgs/pyrobosim_msgs/msg/detail/goal_predicate__rosidl_typesupport_introspection_c.h\n'}
[15.808208] (pyrobosim_msgs) StdoutLine: {'line': b'-- Symlinking: /convince_ws/install/pyrobosim_msgs/include/pyrobosim_msgs/pyrobosim_msgs/msg/detail/goal_specification__rosidl_typesupport_introspection_c.h\n'}
[15.814469] (pyrobosim_msgs) StdoutLine: {'line': b'-- Symlinking: /convince_ws/install/pyrobosim_msgs/include/pyrobosim_msgs/pyrobosim_msgs/msg/detail/hallway_state__rosidl_typesupport_introspection_c.h\n'}
[15.818968] (pyrobosim_msgs) StdoutLine: {'line': b'-- Symlinking: /convince_ws/install/pyrobosim_msgs/include/pyrobosim_msgs/pyrobosim_msgs/msg/detail/location_state__rosidl_typesupport_introspection_c.h\n'}
[15.823116] (btcpp_ros2_samples) StdoutLine: {'line': b'-- Detecting CXX compiler ABI info - done\n'}
[15.823316] (pyrobosim_msgs) StdoutLine: {'line': b'-- Symlinking: /convince_ws/install/pyrobosim_msgs/include/pyrobosim_msgs/pyrobosim_msgs/msg/detail/object_state__rosidl_typesupport_introspection_c.h\n'}
[15.827852] (btcpp_ros2_samples) StdoutLine: {'line': b'-- Check for working CXX compiler: /usr/bin/c++ - skipped\n'}
[15.828023] (pyrobosim_msgs) StdoutLine: {'line': b'-- Symlinking: /convince_ws/install/pyrobosim_msgs/include/pyrobosim_msgs/pyrobosim_msgs/msg/detail/path__rosidl_typesupport_introspection_c.h\n'}
[15.828125] (btcpp_ros2_samples) StdoutLine: {'line': b'-- Detecting CXX compile features\n'}
[15.828272] (btcpp_ros2_samples) StdoutLine: {'line': b'-- Detecting CXX compile features - done\n'}
[15.829948] (btcpp_ros2_samples) StdoutLine: {'line': b'-- Found ament_cmake: 2.5.5 (/opt/ros/jazzy/share/ament_cmake/cmake)\n'}
[15.833743] (pyrobosim_msgs) StdoutLine: {'line': b'-- Symlinking: /convince_ws/install/pyrobosim_msgs/include/pyrobosim_msgs/pyrobosim_msgs/msg/detail/robot_state__rosidl_typesupport_introspection_c.h\n'}
[15.838016] (pyrobosim_msgs) StdoutLine: {'line': b'-- Symlinking: /convince_ws/install/pyrobosim_msgs/include/pyrobosim_msgs/pyrobosim_msgs/msg/detail/task_action__rosidl_typesupport_introspection_c.h\n'}
[15.843756] (pyrobosim_msgs) StdoutLine: {'line': b'-- Symlinking: /convince_ws/install/pyrobosim_msgs/include/pyrobosim_msgs/pyrobosim_msgs/msg/detail/task_plan__rosidl_typesupport_introspection_c.h\n'}
[15.847999] (-) TimerEvent: {}
[15.848211] (pyrobosim_msgs) StdoutLine: {'line': b'-- Symlinking: /convince_ws/install/pyrobosim_msgs/include/pyrobosim_msgs/pyrobosim_msgs/msg/detail/world_info__rosidl_typesupport_introspection_c.h\n'}
[15.854537] (pyrobosim_msgs) StdoutLine: {'line': b'-- Symlinking: /convince_ws/install/pyrobosim_msgs/include/pyrobosim_msgs/pyrobosim_msgs/msg/detail/world_state__rosidl_typesupport_introspection_c.h\n'}
[15.861200] (pyrobosim_msgs) StdoutLine: {'line': b'-- Symlinking: /convince_ws/install/pyrobosim_msgs/include/pyrobosim_msgs/pyrobosim_msgs/msg/rosidl_typesupport_introspection_c__visibility_control.h\n'}
[15.867184] (pyrobosim_msgs) StdoutLine: {'line': b'-- Symlinking: /convince_ws/install/pyrobosim_msgs/include/pyrobosim_msgs/pyrobosim_msgs/srv/detail/request_world_info__rosidl_typesupport_introspection_c.h\n'}
[15.873827] (pyrobosim_msgs) StdoutLine: {'line': b'-- Symlinking: /convince_ws/install/pyrobosim_msgs/include/pyrobosim_msgs/pyrobosim_msgs/srv/detail/request_world_state__rosidl_typesupport_introspection_c.h\n'}
[15.878845] (pyrobosim_msgs) StdoutLine: {'line': b'-- Symlinking: /convince_ws/install/pyrobosim_msgs/include/pyrobosim_msgs/pyrobosim_msgs/srv/detail/reset_world__rosidl_typesupport_introspection_c.h\n'}
[15.883361] (pyrobosim_msgs) StdoutLine: {'line': b'-- Symlinking: /convince_ws/install/pyrobosim_msgs/include/pyrobosim_msgs/pyrobosim_msgs/srv/detail/set_location_state__rosidl_typesupport_introspection_c.h\n'}
[15.888893] (pyrobosim_msgs) StdoutLine: {'line': b'-- Symlinking: /convince_ws/install/pyrobosim_msgs/include/pyrobosim_msgs/pyrobosim_msgs/action/detail/detect_objects__rosidl_typesupport_introspection_cpp.hpp\n'}
[15.895116] (pyrobosim_msgs) StdoutLine: {'line': b'-- Symlinking: /convince_ws/install/pyrobosim_msgs/include/pyrobosim_msgs/pyrobosim_msgs/action/detail/execute_task_action__rosidl_typesupport_introspection_cpp.hpp\n'}
[15.899212] (pyrobosim_msgs) StdoutLine: {'line': b'-- Symlinking: /convince_ws/install/pyrobosim_msgs/include/pyrobosim_msgs/pyrobosim_msgs/action/detail/execute_task_plan__rosidl_typesupport_introspection_cpp.hpp\n'}
[15.903151] (pyrobosim_msgs) StdoutLine: {'line': b'-- Symlinking: /convince_ws/install/pyrobosim_msgs/include/pyrobosim_msgs/pyrobosim_msgs/action/detail/follow_path__rosidl_typesupport_introspection_cpp.hpp\n'}
[15.908699] (pyrobosim_msgs) StdoutLine: {'line': b'-- Symlinking: /convince_ws/install/pyrobosim_msgs/include/pyrobosim_msgs/pyrobosim_msgs/action/detail/plan_path__rosidl_typesupport_introspection_cpp.hpp\n'}
[15.914629] (pyrobosim_msgs) StdoutLine: {'line': b'-- Symlinking: /convince_ws/install/pyrobosim_msgs/include/pyrobosim_msgs/pyrobosim_msgs/msg/detail/execution_result__rosidl_typesupport_introspection_cpp.hpp\n'}
[15.918967] (pyrobosim_msgs) StdoutLine: {'line': b'-- Symlinking: /convince_ws/install/pyrobosim_msgs/include/pyrobosim_msgs/pyrobosim_msgs/msg/detail/goal_predicate__rosidl_typesupport_introspection_cpp.hpp\n'}
[15.922965] (pyrobosim_msgs) StdoutLine: {'line': b'-- Symlinking: /convince_ws/install/pyrobosim_msgs/include/pyrobosim_msgs/pyrobosim_msgs/msg/detail/goal_specification__rosidl_typesupport_introspection_cpp.hpp\n'}
[15.925790] (btcpp_ros2_samples) StdoutLine: {'line': b'-- Found Python3: /usr/bin/python3 (found version "3.12.3") found components: Interpreter \n'}
[15.928433] (pyrobosim_msgs) StdoutLine: {'line': b'-- Symlinking: /convince_ws/install/pyrobosim_msgs/include/pyrobosim_msgs/pyrobosim_msgs/msg/detail/hallway_state__rosidl_typesupport_introspection_cpp.hpp\n'}
[15.934277] (pyrobosim_msgs) StdoutLine: {'line': b'-- Symlinking: /convince_ws/install/pyrobosim_msgs/include/pyrobosim_msgs/pyrobosim_msgs/msg/detail/location_state__rosidl_typesupport_introspection_cpp.hpp\n'}
[15.938474] (pyrobosim_msgs) StdoutLine: {'line': b'-- Symlinking: /convince_ws/install/pyrobosim_msgs/include/pyrobosim_msgs/pyrobosim_msgs/msg/detail/object_state__rosidl_typesupport_introspection_cpp.hpp\n'}
[15.943383] (pyrobosim_msgs) StdoutLine: {'line': b'-- Symlinking: /convince_ws/install/pyrobosim_msgs/include/pyrobosim_msgs/pyrobosim_msgs/msg/detail/path__rosidl_typesupport_introspection_cpp.hpp\n'}
[15.948119] (-) TimerEvent: {}
[15.948870] (pyrobosim_msgs) StdoutLine: {'line': b'-- Symlinking: /convince_ws/install/pyrobosim_msgs/include/pyrobosim_msgs/pyrobosim_msgs/msg/detail/robot_state__rosidl_typesupport_introspection_cpp.hpp\n'}
[15.954615] (pyrobosim_msgs) StdoutLine: {'line': b'-- Symlinking: /convince_ws/install/pyrobosim_msgs/include/pyrobosim_msgs/pyrobosim_msgs/msg/detail/task_action__rosidl_typesupport_introspection_cpp.hpp\n'}
[15.959566] (pyrobosim_msgs) StdoutLine: {'line': b'-- Symlinking: /convince_ws/install/pyrobosim_msgs/include/pyrobosim_msgs/pyrobosim_msgs/msg/detail/task_plan__rosidl_typesupport_introspection_cpp.hpp\n'}
[15.964372] (pyrobosim_msgs) StdoutLine: {'line': b'-- Symlinking: /convince_ws/install/pyrobosim_msgs/include/pyrobosim_msgs/pyrobosim_msgs/msg/detail/world_info__rosidl_typesupport_introspection_cpp.hpp\n'}
[15.969007] (pyrobosim_msgs) StdoutLine: {'line': b'-- Symlinking: /convince_ws/install/pyrobosim_msgs/include/pyrobosim_msgs/pyrobosim_msgs/msg/detail/world_state__rosidl_typesupport_introspection_cpp.hpp\n'}
[15.969134] (btcpp_ros2_samples) StdoutLine: {'line': b'-- Override CMake install command with custom implementation using symlinks instead of copying resources\n'}
[15.975191] (pyrobosim_msgs) StdoutLine: {'line': b'-- Symlinking: /convince_ws/install/pyrobosim_msgs/include/pyrobosim_msgs/pyrobosim_msgs/srv/detail/request_world_info__rosidl_typesupport_introspection_cpp.hpp\n'}
[15.979553] (pyrobosim_msgs) StdoutLine: {'line': b'-- Symlinking: /convince_ws/install/pyrobosim_msgs/include/pyrobosim_msgs/pyrobosim_msgs/srv/detail/request_world_state__rosidl_typesupport_introspection_cpp.hpp\n'}
[15.983858] (pyrobosim_msgs) StdoutLine: {'line': b'-- Symlinking: /convince_ws/install/pyrobosim_msgs/include/pyrobosim_msgs/pyrobosim_msgs/srv/detail/reset_world__rosidl_typesupport_introspection_cpp.hpp\n'}
[15.985950] (btcpp_ros2_samples) StdoutLine: {'line': b'-- Found behaviortree_ros2: 0.3.0 (/convince_ws/install/behaviortree_ros2/share/behaviortree_ros2/cmake)\n'}
[15.989730] (pyrobosim_msgs) StdoutLine: {'line': b'-- Symlinking: /convince_ws/install/pyrobosim_msgs/include/pyrobosim_msgs/pyrobosim_msgs/srv/detail/set_location_state__rosidl_typesupport_introspection_cpp.hpp\n'}
[15.995357] (pyrobosim_msgs) StdoutLine: {'line': b'-- Symlinking: /convince_ws/install/pyrobosim_msgs/share/pyrobosim_msgs/environment/pythonpath.sh\n'}
[15.999967] (pyrobosim_msgs) StdoutLine: {'line': b'-- Symlinking: /convince_ws/install/pyrobosim_msgs/share/pyrobosim_msgs/environment/pythonpath.dsv\n'}
[16.004352] (pyrobosim_msgs) StdoutLine: {'line': b'-- Symlinking: /convince_ws/install/pyrobosim_msgs/lib/python3.12/site-packages/pyrobosim_msgs-4.3.3-py3.12.egg-info/PKG-INFO\n'}
[16.009876] (pyrobosim_msgs) StdoutLine: {'line': b'-- Symlinking: /convince_ws/install/pyrobosim_msgs/lib/python3.12/site-packages/pyrobosim_msgs-4.3.3-py3.12.egg-info/SOURCES.txt\n'}
[16.010377] (btcpp_ros2_samples) StdoutLine: {'line': b'-- Found rosidl_generator_c: 4.6.7 (/opt/ros/jazzy/share/rosidl_generator_c/cmake)\n'}
[16.015048] (pyrobosim_msgs) StdoutLine: {'line': b'-- Symlinking: /convince_ws/install/pyrobosim_msgs/lib/python3.12/site-packages/pyrobosim_msgs-4.3.3-py3.12.egg-info/dependency_links.txt\n'}
[16.017422] (btcpp_ros2_samples) StdoutLine: {'line': b'-- Found rosidl_generator_cpp: 4.6.7 (/opt/ros/jazzy/share/rosidl_generator_cpp/cmake)\n'}
[16.019859] (pyrobosim_msgs) StdoutLine: {'line': b'-- Symlinking: /convince_ws/install/pyrobosim_msgs/lib/python3.12/site-packages/pyrobosim_msgs-4.3.3-py3.12.egg-info/top_level.txt\n'}
[16.024378] (pyrobosim_msgs) StdoutLine: {'line': b'-- Symlinking: /convince_ws/install/pyrobosim_msgs/lib/python3.12/site-packages/pyrobosim_msgs/__init__.py\n'}
[16.025842] (btcpp_ros2_samples) StdoutLine: {'line': b'-- Using all available rosidl_typesupport_c: rosidl_typesupport_fastrtps_c;rosidl_typesupport_introspection_c\n'}
[16.030043] (pyrobosim_msgs) StdoutLine: {'line': b'-- Symlinking: /convince_ws/install/pyrobosim_msgs/lib/python3.12/site-packages/pyrobosim_msgs/_pyrobosim_msgs_s.ep.rosidl_typesupport_c.c\n'}
[16.035181] (btcpp_ros2_samples) StdoutLine: {'line': b'-- Using all available rosidl_typesupport_cpp: rosidl_typesupport_fastrtps_cpp;rosidl_typesupport_introspection_cpp\n'}
[16.035730] (pyrobosim_msgs) StdoutLine: {'line': b'-- Symlinking: /convince_ws/install/pyrobosim_msgs/lib/python3.12/site-packages/pyrobosim_msgs/_pyrobosim_msgs_s.ep.rosidl_typesupport_fastrtps_c.c\n'}
[16.040367] (pyrobosim_msgs) StdoutLine: {'line': b'-- Symlinking: /convince_ws/install/pyrobosim_msgs/lib/python3.12/site-packages/pyrobosim_msgs/_pyrobosim_msgs_s.ep.rosidl_typesupport_introspection_c.c\n'}
[16.044312] (pyrobosim_msgs) StdoutLine: {'line': b'-- Symlinking: /convince_ws/install/pyrobosim_msgs/lib/python3.12/site-packages/pyrobosim_msgs/action/__init__.py\n'}
[16.048253] (-) TimerEvent: {}
[16.049020] (pyrobosim_msgs) StdoutLine: {'line': b'-- Symlinking: /convince_ws/install/pyrobosim_msgs/lib/python3.12/site-packages/pyrobosim_msgs/action/_detect_objects.py\n'}
[16.054865] (pyrobosim_msgs) StdoutLine: {'line': b'-- Symlinking: /convince_ws/install/pyrobosim_msgs/lib/python3.12/site-packages/pyrobosim_msgs/action/_detect_objects_s.c\n'}
[16.060760] (pyrobosim_msgs) StdoutLine: {'line': b'-- Symlinking: /convince_ws/install/pyrobosim_msgs/lib/python3.12/site-packages/pyrobosim_msgs/action/_execute_task_action.py\n'}
[16.065527] (pyrobosim_msgs) StdoutLine: {'line': b'-- Symlinking: /convince_ws/install/pyrobosim_msgs/lib/python3.12/site-packages/pyrobosim_msgs/action/_execute_task_action_s.c\n'}
[16.071039] (pyrobosim_msgs) StdoutLine: {'line': b'-- Symlinking: /convince_ws/install/pyrobosim_msgs/lib/python3.12/site-packages/pyrobosim_msgs/action/_execute_task_plan.py\n'}
[16.076777] (btcpp_ros2_samples) StdoutLine: {'line': b'-- Found rmw_implementation_cmake: 7.3.3 (/opt/ros/jazzy/share/rmw_implementation_cmake/cmake)\n'}
[16.077131] (pyrobosim_msgs) StdoutLine: {'line': b'-- Symlinking: /convince_ws/install/pyrobosim_msgs/lib/python3.12/site-packages/pyrobosim_msgs/action/_execute_task_plan_s.c\n'}
[16.078435] (btcpp_ros2_samples) StdoutLine: {'line': b'-- Found rmw_fastrtps_cpp: 8.4.3 (/opt/ros/jazzy/share/rmw_fastrtps_cpp/cmake)\n'}
[16.082064] (pyrobosim_msgs) StdoutLine: {'line': b'-- Symlinking: /convince_ws/install/pyrobosim_msgs/lib/python3.12/site-packages/pyrobosim_msgs/action/_follow_path.py\n'}
[16.087843] (pyrobosim_msgs) StdoutLine: {'line': b'-- Symlinking: /convince_ws/install/pyrobosim_msgs/lib/python3.12/site-packages/pyrobosim_msgs/action/_follow_path_s.c\n'}
[16.092862] (pyrobosim_msgs) StdoutLine: {'line': b'-- Symlinking: /convince_ws/install/pyrobosim_msgs/lib/python3.12/site-packages/pyrobosim_msgs/action/_plan_path.py\n'}
[16.096831] (pyrobosim_msgs) StdoutLine: {'line': b'-- Symlinking: /convince_ws/install/pyrobosim_msgs/lib/python3.12/site-packages/pyrobosim_msgs/action/_plan_path_s.c\n'}
[16.102395] (pyrobosim_msgs) StdoutLine: {'line': b'-- Symlinking: /convince_ws/install/pyrobosim_msgs/lib/python3.12/site-packages/pyrobosim_msgs/msg/__init__.py\n'}
[16.106384] (pyrobosim_msgs) StdoutLine: {'line': b'-- Symlinking: /convince_ws/install/pyrobosim_msgs/lib/python3.12/site-packages/pyrobosim_msgs/msg/_execution_result.py\n'}
[16.112467] (pyrobosim_msgs) StdoutLine: {'line': b'-- Symlinking: /convince_ws/install/pyrobosim_msgs/lib/python3.12/site-packages/pyrobosim_msgs/msg/_execution_result_s.c\n'}
[16.116732] (pyrobosim_msgs) StdoutLine: {'line': b'-- Symlinking: /convince_ws/install/pyrobosim_msgs/lib/python3.12/site-packages/pyrobosim_msgs/msg/_goal_predicate.py\n'}
[16.122196] (pyrobosim_msgs) StdoutLine: {'line': b'-- Symlinking: /convince_ws/install/pyrobosim_msgs/lib/python3.12/site-packages/pyrobosim_msgs/msg/_goal_predicate_s.c\n'}
[16.124478] (btcpp_ros2_samples) StdoutLine: {'line': b'-- Found OpenSSL: /usr/lib/x86_64-linux-gnu/libcrypto.so (found version "3.0.13")  \n'}
[16.126524] (pyrobosim_msgs) StdoutLine: {'line': b'-- Symlinking: /convince_ws/install/pyrobosim_msgs/lib/python3.12/site-packages/pyrobosim_msgs/msg/_goal_specification.py\n'}
[16.132180] (pyrobosim_msgs) StdoutLine: {'line': b'-- Symlinking: /convince_ws/install/pyrobosim_msgs/lib/python3.12/site-packages/pyrobosim_msgs/msg/_goal_specification_s.c\n'}
[16.135705] (btcpp_ros2_samples) StdoutLine: {'line': b'-- Found FastRTPS: /opt/ros/jazzy/include (Required is at least version "2.13") \n'}
[16.137368] (pyrobosim_msgs) StdoutLine: {'line': b'-- Symlinking: /convince_ws/install/pyrobosim_msgs/lib/python3.12/site-packages/pyrobosim_msgs/msg/_hallway_state.py\n'}
[16.142086] (pyrobosim_msgs) StdoutLine: {'line': b'-- Symlinking: /convince_ws/install/pyrobosim_msgs/lib/python3.12/site-packages/pyrobosim_msgs/msg/_hallway_state_s.c\n'}
[16.146239] (pyrobosim_msgs) StdoutLine: {'line': b'-- Symlinking: /convince_ws/install/pyrobosim_msgs/lib/python3.12/site-packages/pyrobosim_msgs/msg/_location_state.py\n'}
[16.148360] (-) TimerEvent: {}
[16.150058] (btcpp_ros2_samples) StdoutLine: {'line': b"-- Using RMW implementation 'rmw_fastrtps_cpp' as default\n"}
[16.152161] (pyrobosim_msgs) StdoutLine: {'line': b'-- Symlinking: /convince_ws/install/pyrobosim_msgs/lib/python3.12/site-packages/pyrobosim_msgs/msg/_location_state_s.c\n'}
[16.158175] (pyrobosim_msgs) StdoutLine: {'line': b'-- Symlinking: /convince_ws/install/pyrobosim_msgs/lib/python3.12/site-packages/pyrobosim_msgs/msg/_object_state.py\n'}
[16.163676] (pyrobosim_msgs) StdoutLine: {'line': b'-- Symlinking: /convince_ws/install/pyrobosim_msgs/lib/python3.12/site-packages/pyrobosim_msgs/msg/_object_state_s.c\n'}
[16.169551] (pyrobosim_msgs) StdoutLine: {'line': b'-- Symlinking: /convince_ws/install/pyrobosim_msgs/lib/python3.12/site-packages/pyrobosim_msgs/msg/_path.py\n'}
[16.175690] (pyrobosim_msgs) StdoutLine: {'line': b'-- Symlinking: /convince_ws/install/pyrobosim_msgs/lib/python3.12/site-packages/pyrobosim_msgs/msg/_path_s.c\n'}
[16.180678] (pyrobosim_msgs) StdoutLine: {'line': b'-- Symlinking: /convince_ws/install/pyrobosim_msgs/lib/python3.12/site-packages/pyrobosim_msgs/msg/_robot_state.py\n'}
[16.184732] (pyrobosim_msgs) StdoutLine: {'line': b'-- Symlinking: /convince_ws/install/pyrobosim_msgs/lib/python3.12/site-packages/pyrobosim_msgs/msg/_robot_state_s.c\n'}
[16.190334] (pyrobosim_msgs) StdoutLine: {'line': b'-- Symlinking: /convince_ws/install/pyrobosim_msgs/lib/python3.12/site-packages/pyrobosim_msgs/msg/_task_action.py\n'}
[16.195266] (pyrobosim_msgs) StdoutLine: {'line': b'-- Symlinking: /convince_ws/install/pyrobosim_msgs/lib/python3.12/site-packages/pyrobosim_msgs/msg/_task_action_s.c\n'}
[16.200259] (pyrobosim_msgs) StdoutLine: {'line': b'-- Symlinking: /convince_ws/install/pyrobosim_msgs/lib/python3.12/site-packages/pyrobosim_msgs/msg/_task_plan.py\n'}
[16.204571] (pyrobosim_msgs) StdoutLine: {'line': b'-- Symlinking: /convince_ws/install/pyrobosim_msgs/lib/python3.12/site-packages/pyrobosim_msgs/msg/_task_plan_s.c\n'}
[16.209381] (pyrobosim_msgs) StdoutLine: {'line': b'-- Symlinking: /convince_ws/install/pyrobosim_msgs/lib/python3.12/site-packages/pyrobosim_msgs/msg/_world_info.py\n'}
[16.214754] (pyrobosim_msgs) StdoutLine: {'line': b'-- Symlinking: /convince_ws/install/pyrobosim_msgs/lib/python3.12/site-packages/pyrobosim_msgs/msg/_world_info_s.c\n'}
[16.220318] (pyrobosim_msgs) StdoutLine: {'line': b'-- Symlinking: /convince_ws/install/pyrobosim_msgs/lib/python3.12/site-packages/pyrobosim_msgs/msg/_world_state.py\n'}
[16.224328] (pyrobosim_msgs) StdoutLine: {'line': b'-- Symlinking: /convince_ws/install/pyrobosim_msgs/lib/python3.12/site-packages/pyrobosim_msgs/msg/_world_state_s.c\n'}
[16.228126] (pyrobosim_msgs) StdoutLine: {'line': b'-- Symlinking: /convince_ws/install/pyrobosim_msgs/lib/python3.12/site-packages/pyrobosim_msgs/pyrobosim_msgs_s__rosidl_typesupport_c.so\n'}
[16.233797] (pyrobosim_msgs) StdoutLine: {'line': b'-- Symlinking: /convince_ws/install/pyrobosim_msgs/lib/python3.12/site-packages/pyrobosim_msgs/pyrobosim_msgs_s__rosidl_typesupport_fastrtps_c.so\n'}
[16.238045] (pyrobosim_msgs) StdoutLine: {'line': b'-- Symlinking: /convince_ws/install/pyrobosim_msgs/lib/python3.12/site-packages/pyrobosim_msgs/pyrobosim_msgs_s__rosidl_typesupport_introspection_c.so\n'}
[16.243054] (pyrobosim_msgs) StdoutLine: {'line': b'-- Symlinking: /convince_ws/install/pyrobosim_msgs/lib/python3.12/site-packages/pyrobosim_msgs/srv/__init__.py\n'}
[16.247706] (pyrobosim_msgs) StdoutLine: {'line': b'-- Symlinking: /convince_ws/install/pyrobosim_msgs/lib/python3.12/site-packages/pyrobosim_msgs/srv/_request_world_info.py\n'}
[16.248462] (-) TimerEvent: {}
[16.252379] (pyrobosim_msgs) StdoutLine: {'line': b'-- Symlinking: /convince_ws/install/pyrobosim_msgs/lib/python3.12/site-packages/pyrobosim_msgs/srv/_request_world_info_s.c\n'}
[16.257805] (pyrobosim_msgs) StdoutLine: {'line': b'-- Symlinking: /convince_ws/install/pyrobosim_msgs/lib/python3.12/site-packages/pyrobosim_msgs/srv/_request_world_state.py\n'}
[16.262130] (btcpp_ros2_samples) StdoutLine: {'line': b'-- Found std_msgs: 5.3.6 (/opt/ros/jazzy/share/std_msgs/cmake)\n'}
[16.263202] (pyrobosim_msgs) StdoutLine: {'line': b'-- Symlinking: /convince_ws/install/pyrobosim_msgs/lib/python3.12/site-packages/pyrobosim_msgs/srv/_request_world_state_s.c\n'}
[16.267728] (pyrobosim_msgs) StdoutLine: {'line': b'-- Symlinking: /convince_ws/install/pyrobosim_msgs/lib/python3.12/site-packages/pyrobosim_msgs/srv/_reset_world.py\n'}
[16.270055] (btcpp_ros2_samples) StdoutLine: {'line': b'-- Found std_srvs: 5.3.6 (/opt/ros/jazzy/share/std_srvs/cmake)\n'}
[16.272900] (pyrobosim_msgs) StdoutLine: {'line': b'-- Symlinking: /convince_ws/install/pyrobosim_msgs/lib/python3.12/site-packages/pyrobosim_msgs/srv/_reset_world_s.c\n'}
[16.277359] (pyrobosim_msgs) StdoutLine: {'line': b'-- Symlinking: /convince_ws/install/pyrobosim_msgs/lib/python3.12/site-packages/pyrobosim_msgs/srv/_set_location_state.py\n'}
[16.281775] (pyrobosim_msgs) StdoutLine: {'line': b'-- Symlinking: /convince_ws/install/pyrobosim_msgs/lib/python3.12/site-packages/pyrobosim_msgs/srv/_set_location_state_s.c\n'}
[16.286910] (pyrobosim_msgs) StdoutLine: {'line': b'-- Up-to-date symlink: /convince_ws/install/pyrobosim_msgs/lib/python3.12/site-packages/pyrobosim_msgs/pyrobosim_msgs_s__rosidl_typesupport_fastrtps_c.so\n'}
[16.287129] (pyrobosim_msgs) StdoutLine: {'line': b'-- Up-to-date symlink: /convince_ws/install/pyrobosim_msgs/lib/python3.12/site-packages/pyrobosim_msgs/pyrobosim_msgs_s__rosidl_typesupport_introspection_c.so\n'}
[16.287194] (pyrobosim_msgs) StdoutLine: {'line': b'-- Up-to-date symlink: /convince_ws/install/pyrobosim_msgs/lib/python3.12/site-packages/pyrobosim_msgs/pyrobosim_msgs_s__rosidl_typesupport_c.so\n'}
[16.287233] (pyrobosim_msgs) StdoutLine: {'line': b'-- Symlinking: /convince_ws/install/pyrobosim_msgs/share/pyrobosim_msgs/msg/ExecutionResult.idl\n'}
[16.291488] (pyrobosim_msgs) StdoutLine: {'line': b'-- Symlinking: /convince_ws/install/pyrobosim_msgs/share/pyrobosim_msgs/msg/GoalPredicate.idl\n'}
[16.297394] (pyrobosim_msgs) StdoutLine: {'line': b'-- Symlinking: /convince_ws/install/pyrobosim_msgs/share/pyrobosim_msgs/msg/GoalSpecification.idl\n'}
[16.302922] (pyrobosim_msgs) StdoutLine: {'line': b'-- Symlinking: /convince_ws/install/pyrobosim_msgs/share/pyrobosim_msgs/msg/HallwayState.idl\n'}
[16.307802] (pyrobosim_msgs) StdoutLine: {'line': b'-- Symlinking: /convince_ws/install/pyrobosim_msgs/share/pyrobosim_msgs/msg/LocationState.idl\n'}
[16.312951] (pyrobosim_msgs) StdoutLine: {'line': b'-- Symlinking: /convince_ws/install/pyrobosim_msgs/share/pyrobosim_msgs/msg/ObjectState.idl\n'}
[16.318756] (pyrobosim_msgs) StdoutLine: {'line': b'-- Symlinking: /convince_ws/install/pyrobosim_msgs/share/pyrobosim_msgs/msg/Path.idl\n'}
[16.324244] (pyrobosim_msgs) StdoutLine: {'line': b'-- Symlinking: /convince_ws/install/pyrobosim_msgs/share/pyrobosim_msgs/msg/RobotState.idl\n'}
[16.328465] (btcpp_ros2_samples) StdoutLine: {'line': b'-- Configuring done (0.7s)\n'}
[16.328809] (pyrobosim_msgs) StdoutLine: {'line': b'-- Symlinking: /convince_ws/install/pyrobosim_msgs/share/pyrobosim_msgs/msg/TaskAction.idl\n'}
[16.332984] (pyrobosim_msgs) StdoutLine: {'line': b'-- Symlinking: /convince_ws/install/pyrobosim_msgs/share/pyrobosim_msgs/msg/TaskPlan.idl\n'}
[16.338706] (pyrobosim_msgs) StdoutLine: {'line': b'-- Symlinking: /convince_ws/install/pyrobosim_msgs/share/pyrobosim_msgs/msg/WorldInfo.idl\n'}
[16.343923] (pyrobosim_msgs) StdoutLine: {'line': b'-- Symlinking: /convince_ws/install/pyrobosim_msgs/share/pyrobosim_msgs/msg/WorldState.idl\n'}
[16.347982] (pyrobosim_msgs) StdoutLine: {'line': b'-- Symlinking: /convince_ws/install/pyrobosim_msgs/share/pyrobosim_msgs/srv/RequestWorldInfo.idl\n'}
[16.348568] (-) TimerEvent: {}
[16.352353] (pyrobosim_msgs) StdoutLine: {'line': b'-- Symlinking: /convince_ws/install/pyrobosim_msgs/share/pyrobosim_msgs/srv/RequestWorldState.idl\n'}
[16.352513] (btcpp_ros2_samples) StdoutLine: {'line': b'-- Generating done (0.0s)\n'}
[16.358292] (pyrobosim_msgs) StdoutLine: {'line': b'-- Symlinking: /convince_ws/install/pyrobosim_msgs/share/pyrobosim_msgs/srv/ResetWorld.idl\n'}
[16.360488] (btcpp_ros2_samples) StdoutLine: {'line': b'-- Build files have been written to: /convince_ws/build/btcpp_ros2_samples\n'}
[16.364576] (pyrobosim_msgs) StdoutLine: {'line': b'-- Symlinking: /convince_ws/install/pyrobosim_msgs/share/pyrobosim_msgs/srv/SetLocationState.idl\n'}
[16.366084] (btcpp_ros2_samples) CommandEnded: {'returncode': 0}
[16.366359] (btcpp_ros2_samples) JobProgress: {'identifier': 'btcpp_ros2_samples', 'progress': 'build'}
[16.366574] (btcpp_ros2_samples) Command: {'cmd': ['/usr/bin/cmake', '--build', '/convince_ws/build/btcpp_ros2_samples', '--', '-j20', '-l20'], 'cwd': '/convince_ws/build/btcpp_ros2_samples', 'env': OrderedDict({'PYTHONWARNINGS': 'ignore:setup.py install is deprecated,ignore:easy_install command is deprecated', 'HOSTNAME': '123c257f4748', 'SHLVL': '1', 'LD_LIBRARY_PATH': '/convince_ws/install/behaviortree_ros2/lib:/convince_ws/install/btcpp_ros2_interfaces/lib:/opt/ros/jazzy/opt/zmqpp_vendor/lib:/opt/ros/jazzy/lib/x86_64-linux-gnu:/opt/ros/jazzy/lib', 'HOME': '/root', 'OLDPWD': '/convince_ws', 'ROS_PYTHON_VERSION': '3', 'ROS_DISTRO': 'jazzy', '_': '/usr/bin/colcon', 'ROS_VERSION': '2', 'TERM': 'xterm', 'QT_X11_NO_MITSHM': '1', 'PATH': '/opt/ros/jazzy/bin:/usr/local/sbin:/usr/local/bin:/usr/sbin:/usr/bin:/sbin:/bin', 'DISPLAY': ':1', 'LANG': 'C.UTF-8', 'AMENT_PREFIX_PATH': '/convince_ws/install/behaviortree_ros2:/convince_ws/install/btcpp_ros2_interfaces:/opt/ros/jazzy', 'ROS_WS': '/convince_ws', 'ROS_AUTOMATIC_DISCOVERY_RANGE': 'SUBNET', 'PWD': '/convince_ws/build/btcpp_ros2_samples', 'LC_ALL': 'C.UTF-8', 'PYTHONPATH': '/convince_ws/install/btcpp_ros2_interfaces/lib/python3.12/site-packages:/opt/ros/jazzy/lib/python3.12/site-packages', 'COLCON': '1', 'CMAKE_PREFIX_PATH': '/convince_ws/install/behaviortree_ros2:/convince_ws/install/btcpp_ros2_interfaces:/opt/ros/jazzy'}), 'shell': False}
[16.369057] (pyrobosim_msgs) StdoutLine: {'line': b'-- Symlinking: /convince_ws/install/pyrobosim_msgs/share/pyrobosim_msgs/action/DetectObjects.idl\n'}
[16.373259] (pyrobosim_msgs) StdoutLine: {'line': b'-- Symlinking: /convince_ws/install/pyrobosim_msgs/share/pyrobosim_msgs/action/ExecuteTaskAction.idl\n'}
[16.379216] (pyrobosim_msgs) StdoutLine: {'line': b'-- Symlinking: /convince_ws/install/pyrobosim_msgs/share/pyrobosim_msgs/action/ExecuteTaskPlan.idl\n'}
[16.385069] (pyrobosim_msgs) StdoutLine: {'line': b'-- Symlinking: /convince_ws/install/pyrobosim_msgs/share/pyrobosim_msgs/action/FollowPath.idl\n'}
[16.389527] (pyrobosim_msgs) StdoutLine: {'line': b'-- Symlinking: /convince_ws/install/pyrobosim_msgs/share/pyrobosim_msgs/action/PlanPath.idl\n'}
[16.395070] (pyrobosim_msgs) StdoutLine: {'line': b'-- Symlinking: /convince_ws/install/pyrobosim_msgs/share/pyrobosim_msgs/msg/ExecutionResult.msg\n'}
[16.399050] (pyrobosim_msgs) StdoutLine: {'line': b'-- Symlinking: /convince_ws/install/pyrobosim_msgs/share/pyrobosim_msgs/msg/GoalPredicate.msg\n'}
[16.399717] (btcpp_ros2_samples) StdoutLine: {'line': b'[  5%] \x1b[32mBuilding CXX object CMakeFiles/subscriber_test.dir/src/subscriber_test.cpp.o\x1b[0m\n'}
[16.399917] (btcpp_ros2_samples) StdoutLine: {'line': b'[ 11%] \x1b[32mBuilding CXX object CMakeFiles/sleep_server.dir/src/sleep_server.cpp.o\x1b[0m\n'}
[16.400965] (btcpp_ros2_samples) StdoutLine: {'line': b'[ 16%] \x1b[32mBuilding CXX object CMakeFiles/sleep_client.dir/src/sleep_client.cpp.o\x1b[0m\n'}
[16.401940] (btcpp_ros2_samples) StdoutLine: {'line': b'[ 22%] \x1b[32mBuilding CXX object CMakeFiles/bool_client.dir/src/set_bool_node.cpp.o\x1b[0m\n'}
[16.402402] (btcpp_ros2_samples) StdoutLine: {'line': b'[ 27%] \x1b[32mBuilding CXX object CMakeFiles/sleep_plugin.dir/src/sleep_action.cpp.o\x1b[0m\n'}
[16.402522] (btcpp_ros2_samples) StdoutLine: {'line': b'[ 38%] \x1b[32mBuilding CXX object CMakeFiles/sample_bt_executor.dir/src/sample_bt_executor.cpp.o\x1b[0m\n'}
[16.402693] (btcpp_ros2_samples) StdoutLine: {'line': b'[ 38%] \x1b[32mBuilding CXX object CMakeFiles/bool_server.dir/src/bool_server.cpp.o\x1b[0m\n'}
[16.402877] (btcpp_ros2_samples) StdoutLine: {'line': b'[ 44%] \x1b[32mBuilding CXX object CMakeFiles/sleep_client.dir/src/sleep_action.cpp.o\x1b[0m\n'}
[16.403026] (pyrobosim_msgs) StdoutLine: {'line': b'-- Symlinking: /convince_ws/install/pyrobosim_msgs/share/pyrobosim_msgs/msg/GoalSpecification.msg\n'}
[16.404059] (btcpp_ros2_samples) StdoutLine: {'line': b'[ 50%] \x1b[32mBuilding CXX object CMakeFiles/bool_client.dir/src/bool_client.cpp.o\x1b[0m\n'}
[16.410532] (pyrobosim_msgs) StdoutLine: {'line': b'-- Symlinking: /convince_ws/install/pyrobosim_msgs/share/pyrobosim_msgs/msg/HallwayState.msg\n'}
[16.418565] (pyrobosim_msgs) StdoutLine: {'line': b'-- Symlinking: /convince_ws/install/pyrobosim_msgs/share/pyrobosim_msgs/msg/LocationState.msg\n'}
[16.426057] (pyrobosim_msgs) StdoutLine: {'line': b'-- Symlinking: /convince_ws/install/pyrobosim_msgs/share/pyrobosim_msgs/msg/ObjectState.msg\n'}
[16.433257] (pyrobosim_msgs) StdoutLine: {'line': b'-- Symlinking: /convince_ws/install/pyrobosim_msgs/share/pyrobosim_msgs/msg/Path.msg\n'}
[16.440785] (pyrobosim_msgs) StdoutLine: {'line': b'-- Symlinking: /convince_ws/install/pyrobosim_msgs/share/pyrobosim_msgs/msg/RobotState.msg\n'}
[16.447774] (pyrobosim_msgs) StdoutLine: {'line': b'-- Symlinking: /convince_ws/install/pyrobosim_msgs/share/pyrobosim_msgs/msg/TaskAction.msg\n'}
[16.448663] (-) TimerEvent: {}
[16.455054] (pyrobosim_msgs) StdoutLine: {'line': b'-- Symlinking: /convince_ws/install/pyrobosim_msgs/share/pyrobosim_msgs/msg/TaskPlan.msg\n'}
[16.460067] (pyrobosim_msgs) StdoutLine: {'line': b'-- Symlinking: /convince_ws/install/pyrobosim_msgs/share/pyrobosim_msgs/msg/WorldInfo.msg\n'}
[16.464737] (pyrobosim_msgs) StdoutLine: {'line': b'-- Symlinking: /convince_ws/install/pyrobosim_msgs/share/pyrobosim_msgs/msg/WorldState.msg\n'}
[16.469078] (pyrobosim_msgs) StdoutLine: {'line': b'-- Symlinking: /convince_ws/install/pyrobosim_msgs/share/pyrobosim_msgs/srv/RequestWorldInfo.srv\n'}
[16.473865] (pyrobosim_msgs) StdoutLine: {'line': b'-- Symlinking: /convince_ws/install/pyrobosim_msgs/share/pyrobosim_msgs/srv/RequestWorldState.srv\n'}
[16.481163] (pyrobosim_msgs) StdoutLine: {'line': b'-- Symlinking: /convince_ws/install/pyrobosim_msgs/share/pyrobosim_msgs/srv/ResetWorld.srv\n'}
[16.488455] (pyrobosim_msgs) StdoutLine: {'line': b'-- Symlinking: /convince_ws/install/pyrobosim_msgs/share/pyrobosim_msgs/srv/SetLocationState.srv\n'}
[16.495394] (pyrobosim_msgs) StdoutLine: {'line': b'-- Symlinking: /convince_ws/install/pyrobosim_msgs/share/pyrobosim_msgs/action/DetectObjects.action\n'}
[16.501928] (pyrobosim_msgs) StdoutLine: {'line': b'-- Symlinking: /convince_ws/install/pyrobosim_msgs/share/pyrobosim_msgs/action/ExecuteTaskAction.action\n'}
[16.509052] (pyrobosim_msgs) StdoutLine: {'line': b'-- Symlinking: /convince_ws/install/pyrobosim_msgs/share/pyrobosim_msgs/action/ExecuteTaskPlan.action\n'}
[16.516006] (pyrobosim_msgs) StdoutLine: {'line': b'-- Symlinking: /convince_ws/install/pyrobosim_msgs/share/pyrobosim_msgs/action/FollowPath.action\n'}
[16.523979] (pyrobosim_msgs) StdoutLine: {'line': b'-- Symlinking: /convince_ws/install/pyrobosim_msgs/share/pyrobosim_msgs/action/PlanPath.action\n'}
[16.532114] (pyrobosim_msgs) StdoutLine: {'line': b'-- Symlinking: /convince_ws/install/pyrobosim_msgs/share/ament_index/resource_index/package_run_dependencies/pyrobosim_msgs\n'}
[16.539132] (pyrobosim_msgs) StdoutLine: {'line': b'-- Symlinking: /convince_ws/install/pyrobosim_msgs/share/ament_index/resource_index/parent_prefix_path/pyrobosim_msgs\n'}
[16.546881] (pyrobosim_msgs) StdoutLine: {'line': b'-- Symlinking: /convince_ws/install/pyrobosim_msgs/share/pyrobosim_msgs/environment/ament_prefix_path.sh\n'}
[16.548732] (-) TimerEvent: {}
[16.555134] (pyrobosim_msgs) StdoutLine: {'line': b'-- Symlinking: /convince_ws/install/pyrobosim_msgs/share/pyrobosim_msgs/environment/ament_prefix_path.dsv\n'}
[16.563792] (pyrobosim_msgs) StdoutLine: {'line': b'-- Symlinking: /convince_ws/install/pyrobosim_msgs/share/pyrobosim_msgs/environment/path.sh\n'}
[16.572082] (pyrobosim_msgs) StdoutLine: {'line': b'-- Symlinking: /convince_ws/install/pyrobosim_msgs/share/pyrobosim_msgs/environment/path.dsv\n'}
[16.579587] (pyrobosim_msgs) StdoutLine: {'line': b'-- Symlinking: /convince_ws/install/pyrobosim_msgs/share/pyrobosim_msgs/local_setup.bash\n'}
[16.588087] (pyrobosim_msgs) StdoutLine: {'line': b'-- Symlinking: /convince_ws/install/pyrobosim_msgs/share/pyrobosim_msgs/local_setup.sh\n'}
[16.595411] (pyrobosim_msgs) StdoutLine: {'line': b'-- Symlinking: /convince_ws/install/pyrobosim_msgs/share/pyrobosim_msgs/local_setup.zsh\n'}
[16.602770] (pyrobosim_msgs) StdoutLine: {'line': b'-- Symlinking: /convince_ws/install/pyrobosim_msgs/share/pyrobosim_msgs/local_setup.dsv\n'}
[16.609728] (pyrobosim_msgs) StdoutLine: {'line': b'-- Symlinking: /convince_ws/install/pyrobosim_msgs/share/pyrobosim_msgs/package.dsv\n'}
[16.616877] (pyrobosim_msgs) StdoutLine: {'line': b'-- Symlinking: /convince_ws/install/pyrobosim_msgs/share/ament_index/resource_index/packages/pyrobosim_msgs\n'}
[16.623750] (pyrobosim_msgs) StdoutLine: {'line': b'-- Symlinking: /convince_ws/install/pyrobosim_msgs/share/pyrobosim_msgs/cmake/rosidl_cmake-extras.cmake\n'}
[16.630695] (pyrobosim_msgs) StdoutLine: {'line': b'-- Symlinking: /convince_ws/install/pyrobosim_msgs/share/pyrobosim_msgs/cmake/ament_cmake_export_dependencies-extras.cmake\n'}
[16.637790] (pyrobosim_msgs) StdoutLine: {'line': b'-- Symlinking: /convince_ws/install/pyrobosim_msgs/share/pyrobosim_msgs/cmake/ament_cmake_export_include_directories-extras.cmake\n'}
[16.644588] (pyrobosim_msgs) StdoutLine: {'line': b'-- Symlinking: /convince_ws/install/pyrobosim_msgs/share/pyrobosim_msgs/cmake/ament_cmake_export_libraries-extras.cmake\n'}
[16.648879] (-) TimerEvent: {}
[16.652111] (pyrobosim_msgs) StdoutLine: {'line': b'-- Symlinking: /convince_ws/install/pyrobosim_msgs/share/pyrobosim_msgs/cmake/ament_cmake_export_targets-extras.cmake\n'}
[16.659621] (pyrobosim_msgs) StdoutLine: {'line': b'-- Symlinking: /convince_ws/install/pyrobosim_msgs/share/pyrobosim_msgs/cmake/rosidl_cmake_export_typesupport_targets-extras.cmake\n'}
[16.667255] (pyrobosim_msgs) StdoutLine: {'line': b'-- Symlinking: /convince_ws/install/pyrobosim_msgs/share/pyrobosim_msgs/cmake/rosidl_cmake_export_typesupport_libraries-extras.cmake\n'}
[16.674991] (pyrobosim_msgs) StdoutLine: {'line': b'-- Symlinking: /convince_ws/install/pyrobosim_msgs/share/pyrobosim_msgs/cmake/pyrobosim_msgsConfig.cmake\n'}
[16.682655] (pyrobosim_msgs) StdoutLine: {'line': b'-- Symlinking: /convince_ws/install/pyrobosim_msgs/share/pyrobosim_msgs/cmake/pyrobosim_msgsConfig-version.cmake\n'}
[16.690218] (pyrobosim_msgs) StdoutLine: {'line': b'-- Symlinking: /convince_ws/install/pyrobosim_msgs/share/pyrobosim_msgs/package.xml\n'}
[16.697430] (pyrobosim_msgs) StdoutLine: {'line': b'-- Installing: /convince_ws/install/pyrobosim_msgs/lib/libpyrobosim_msgs__rosidl_generator_c.so\n'}
[16.698558] (pyrobosim_msgs) StdoutLine: {'line': b'-- Set non-toolchain portion of runtime path of "/convince_ws/install/pyrobosim_msgs/lib/libpyrobosim_msgs__rosidl_generator_c.so" to ""\n'}
[16.698710] (pyrobosim_msgs) StdoutLine: {'line': b'-- Installing: /convince_ws/install/pyrobosim_msgs/lib/libpyrobosim_msgs__rosidl_typesupport_fastrtps_c.so\n'}
[16.699510] (pyrobosim_msgs) StdoutLine: {'line': b'-- Set non-toolchain portion of runtime path of "/convince_ws/install/pyrobosim_msgs/lib/libpyrobosim_msgs__rosidl_typesupport_fastrtps_c.so" to ""\n'}
[16.699596] (pyrobosim_msgs) StdoutLine: {'line': b'-- Installing: /convince_ws/install/pyrobosim_msgs/lib/libpyrobosim_msgs__rosidl_typesupport_fastrtps_cpp.so\n'}
[16.701537] (pyrobosim_msgs) StdoutLine: {'line': b'-- Set non-toolchain portion of runtime path of "/convince_ws/install/pyrobosim_msgs/lib/libpyrobosim_msgs__rosidl_typesupport_fastrtps_cpp.so" to ""\n'}
[16.701649] (pyrobosim_msgs) StdoutLine: {'line': b'-- Installing: /convince_ws/install/pyrobosim_msgs/lib/libpyrobosim_msgs__rosidl_typesupport_introspection_c.so\n'}
[16.702226] (pyrobosim_msgs) StdoutLine: {'line': b'-- Set non-toolchain portion of runtime path of "/convince_ws/install/pyrobosim_msgs/lib/libpyrobosim_msgs__rosidl_typesupport_introspection_c.so" to ""\n'}
[16.702342] (pyrobosim_msgs) StdoutLine: {'line': b'-- Installing: /convince_ws/install/pyrobosim_msgs/lib/libpyrobosim_msgs__rosidl_typesupport_c.so\n'}
[16.702686] (pyrobosim_msgs) StdoutLine: {'line': b'-- Set non-toolchain portion of runtime path of "/convince_ws/install/pyrobosim_msgs/lib/libpyrobosim_msgs__rosidl_typesupport_c.so" to ""\n'}
[16.702839] (pyrobosim_msgs) StdoutLine: {'line': b'-- Installing: /convince_ws/install/pyrobosim_msgs/lib/libpyrobosim_msgs__rosidl_typesupport_introspection_cpp.so\n'}
[16.704457] (pyrobosim_msgs) StdoutLine: {'line': b'-- Set non-toolchain portion of runtime path of "/convince_ws/install/pyrobosim_msgs/lib/libpyrobosim_msgs__rosidl_typesupport_introspection_cpp.so" to ""\n'}
[16.704554] (pyrobosim_msgs) StdoutLine: {'line': b'-- Installing: /convince_ws/install/pyrobosim_msgs/lib/libpyrobosim_msgs__rosidl_typesupport_cpp.so\n'}
[16.705806] (pyrobosim_msgs) StdoutLine: {'line': b'-- Set non-toolchain portion of runtime path of "/convince_ws/install/pyrobosim_msgs/lib/libpyrobosim_msgs__rosidl_typesupport_cpp.so" to ""\n'}
[16.748966] (-) TimerEvent: {}
[16.810611] (pyrobosim_msgs) StdoutLine: {'line': b"Listing '/convince_ws/install/pyrobosim_msgs/lib/python3.12/site-packages/pyrobosim_msgs'...\n"}
[16.810804] (pyrobosim_msgs) StdoutLine: {'line': b"Compiling '/convince_ws/install/pyrobosim_msgs/lib/python3.12/site-packages/pyrobosim_msgs/__init__.py'...\n"}
[16.810897] (pyrobosim_msgs) StdoutLine: {'line': b"Listing '/convince_ws/install/pyrobosim_msgs/lib/python3.12/site-packages/pyrobosim_msgs/action'...\n"}
[16.810969] (pyrobosim_msgs) StdoutLine: {'line': b"Compiling '/convince_ws/install/pyrobosim_msgs/lib/python3.12/site-packages/pyrobosim_msgs/action/__init__.py'...\n"}
[16.811040] (pyrobosim_msgs) StdoutLine: {'line': b"Compiling '/convince_ws/install/pyrobosim_msgs/lib/python3.12/site-packages/pyrobosim_msgs/action/_detect_objects.py'...\n"}
[16.811110] (pyrobosim_msgs) StdoutLine: {'line': b"Compiling '/convince_ws/install/pyrobosim_msgs/lib/python3.12/site-packages/pyrobosim_msgs/action/_execute_task_action.py'...\n"}
[16.811179] (pyrobosim_msgs) StdoutLine: {'line': b"Compiling '/convince_ws/install/pyrobosim_msgs/lib/python3.12/site-packages/pyrobosim_msgs/action/_execute_task_plan.py'...\n"}
[16.811249] (pyrobosim_msgs) StdoutLine: {'line': b"Compiling '/convince_ws/install/pyrobosim_msgs/lib/python3.12/site-packages/pyrobosim_msgs/action/_follow_path.py'...\n"}
[16.811320] (pyrobosim_msgs) StdoutLine: {'line': b"Compiling '/convince_ws/install/pyrobosim_msgs/lib/python3.12/site-packages/pyrobosim_msgs/action/_plan_path.py'...\n"}
[16.811390] (pyrobosim_msgs) StdoutLine: {'line': b"Listing '/convince_ws/install/pyrobosim_msgs/lib/python3.12/site-packages/pyrobosim_msgs/msg'...\n"}
[16.811459] (pyrobosim_msgs) StdoutLine: {'line': b"Compiling '/convince_ws/install/pyrobosim_msgs/lib/python3.12/site-packages/pyrobosim_msgs/msg/__init__.py'...\n"}
[16.811537] (pyrobosim_msgs) StdoutLine: {'line': b"Compiling '/convince_ws/install/pyrobosim_msgs/lib/python3.12/site-packages/pyrobosim_msgs/msg/_execution_result.py'...\n"}
[16.811621] (pyrobosim_msgs) StdoutLine: {'line': b"Compiling '/convince_ws/install/pyrobosim_msgs/lib/python3.12/site-packages/pyrobosim_msgs/msg/_goal_predicate.py'...\n"}
[16.811705] (pyrobosim_msgs) StdoutLine: {'line': b"Compiling '/convince_ws/install/pyrobosim_msgs/lib/python3.12/site-packages/pyrobosim_msgs/msg/_goal_specification.py'...\n"}
[16.811778] (pyrobosim_msgs) StdoutLine: {'line': b"Compiling '/convince_ws/install/pyrobosim_msgs/lib/python3.12/site-packages/pyrobosim_msgs/msg/_hallway_state.py'...\n"}
[16.811852] (pyrobosim_msgs) StdoutLine: {'line': b"Compiling '/convince_ws/install/pyrobosim_msgs/lib/python3.12/site-packages/pyrobosim_msgs/msg/_location_state.py'...\n"}
[16.811920] (pyrobosim_msgs) StdoutLine: {'line': b"Compiling '/convince_ws/install/pyrobosim_msgs/lib/python3.12/site-packages/pyrobosim_msgs/msg/_object_state.py'...\n"}
[16.811986] (pyrobosim_msgs) StdoutLine: {'line': b"Compiling '/convince_ws/install/pyrobosim_msgs/lib/python3.12/site-packages/pyrobosim_msgs/msg/_path.py'...\n"}
[16.812054] (pyrobosim_msgs) StdoutLine: {'line': b"Compiling '/convince_ws/install/pyrobosim_msgs/lib/python3.12/site-packages/pyrobosim_msgs/msg/_robot_state.py'...\n"}
[16.812125] (pyrobosim_msgs) StdoutLine: {'line': b"Compiling '/convince_ws/install/pyrobosim_msgs/lib/python3.12/site-packages/pyrobosim_msgs/msg/_task_action.py'...\n"}
[16.812194] (pyrobosim_msgs) StdoutLine: {'line': b"Compiling '/convince_ws/install/pyrobosim_msgs/lib/python3.12/site-packages/pyrobosim_msgs/msg/_task_plan.py'...\n"}
[16.812264] (pyrobosim_msgs) StdoutLine: {'line': b"Compiling '/convince_ws/install/pyrobosim_msgs/lib/python3.12/site-packages/pyrobosim_msgs/msg/_world_info.py'...\n"}
[16.812336] (pyrobosim_msgs) StdoutLine: {'line': b"Compiling '/convince_ws/install/pyrobosim_msgs/lib/python3.12/site-packages/pyrobosim_msgs/msg/_world_state.py'...\n"}
[16.812407] (pyrobosim_msgs) StdoutLine: {'line': b"Listing '/convince_ws/install/pyrobosim_msgs/lib/python3.12/site-packages/pyrobosim_msgs/srv'...\n"}
[16.812478] (pyrobosim_msgs) StdoutLine: {'line': b"Compiling '/convince_ws/install/pyrobosim_msgs/lib/python3.12/site-packages/pyrobosim_msgs/srv/__init__.py'...\n"}
[16.812550] (pyrobosim_msgs) StdoutLine: {'line': b"Compiling '/convince_ws/install/pyrobosim_msgs/lib/python3.12/site-packages/pyrobosim_msgs/srv/_request_world_info.py'...\n"}
[16.812629] (pyrobosim_msgs) StdoutLine: {'line': b"Compiling '/convince_ws/install/pyrobosim_msgs/lib/python3.12/site-packages/pyrobosim_msgs/srv/_request_world_state.py'...\n"}
[16.812706] (pyrobosim_msgs) StdoutLine: {'line': b"Compiling '/convince_ws/install/pyrobosim_msgs/lib/python3.12/site-packages/pyrobosim_msgs/srv/_reset_world.py'...\n"}
[16.812774] (pyrobosim_msgs) StdoutLine: {'line': b"Compiling '/convince_ws/install/pyrobosim_msgs/lib/python3.12/site-packages/pyrobosim_msgs/srv/_set_location_state.py'...\n"}
[16.816517] (pyrobosim_msgs) StdoutLine: {'line': b'-- Installing: /convince_ws/install/pyrobosim_msgs/lib/libpyrobosim_msgs__rosidl_generator_py.so\n'}
[16.817291] (pyrobosim_msgs) StdoutLine: {'line': b'-- Set non-toolchain portion of runtime path of "/convince_ws/install/pyrobosim_msgs/lib/libpyrobosim_msgs__rosidl_generator_py.so" to ""\n'}
[16.817440] (pyrobosim_msgs) StdoutLine: {'line': b'-- Installing: /convince_ws/install/pyrobosim_msgs/share/pyrobosim_msgs/cmake/export_pyrobosim_msgs__rosidl_generator_cExport.cmake\n'}
[16.817538] (pyrobosim_msgs) StdoutLine: {'line': b'-- Installing: /convince_ws/install/pyrobosim_msgs/share/pyrobosim_msgs/cmake/export_pyrobosim_msgs__rosidl_generator_cExport-noconfig.cmake\n'}
[16.817617] (pyrobosim_msgs) StdoutLine: {'line': b'-- Installing: /convince_ws/install/pyrobosim_msgs/share/pyrobosim_msgs/cmake/export_pyrobosim_msgs__rosidl_typesupport_fastrtps_cExport.cmake\n'}
[16.817739] (pyrobosim_msgs) StdoutLine: {'line': b'-- Installing: /convince_ws/install/pyrobosim_msgs/share/pyrobosim_msgs/cmake/export_pyrobosim_msgs__rosidl_typesupport_fastrtps_cExport-noconfig.cmake\n'}
[16.817864] (pyrobosim_msgs) StdoutLine: {'line': b'-- Installing: /convince_ws/install/pyrobosim_msgs/share/pyrobosim_msgs/cmake/export_pyrobosim_msgs__rosidl_generator_cppExport.cmake\n'}
[16.817994] (pyrobosim_msgs) StdoutLine: {'line': b'-- Installing: /convince_ws/install/pyrobosim_msgs/share/pyrobosim_msgs/cmake/export_pyrobosim_msgs__rosidl_typesupport_fastrtps_cppExport.cmake\n'}
[16.818082] (pyrobosim_msgs) StdoutLine: {'line': b'-- Installing: /convince_ws/install/pyrobosim_msgs/share/pyrobosim_msgs/cmake/export_pyrobosim_msgs__rosidl_typesupport_fastrtps_cppExport-noconfig.cmake\n'}
[16.818214] (pyrobosim_msgs) StdoutLine: {'line': b'-- Installing: /convince_ws/install/pyrobosim_msgs/share/pyrobosim_msgs/cmake/pyrobosim_msgs__rosidl_typesupport_introspection_cExport.cmake\n'}
[16.818332] (pyrobosim_msgs) StdoutLine: {'line': b'-- Installing: /convince_ws/install/pyrobosim_msgs/share/pyrobosim_msgs/cmake/pyrobosim_msgs__rosidl_typesupport_introspection_cExport-noconfig.cmake\n'}
[16.818465] (pyrobosim_msgs) StdoutLine: {'line': b'-- Installing: /convince_ws/install/pyrobosim_msgs/share/pyrobosim_msgs/cmake/pyrobosim_msgs__rosidl_typesupport_cExport.cmake\n'}
[16.818588] (pyrobosim_msgs) StdoutLine: {'line': b'-- Installing: /convince_ws/install/pyrobosim_msgs/share/pyrobosim_msgs/cmake/pyrobosim_msgs__rosidl_typesupport_cExport-noconfig.cmake\n'}
[16.818725] (pyrobosim_msgs) StdoutLine: {'line': b'-- Installing: /convince_ws/install/pyrobosim_msgs/share/pyrobosim_msgs/cmake/pyrobosim_msgs__rosidl_typesupport_introspection_cppExport.cmake\n'}
[16.818858] (pyrobosim_msgs) StdoutLine: {'line': b'-- Installing: /convince_ws/install/pyrobosim_msgs/share/pyrobosim_msgs/cmake/pyrobosim_msgs__rosidl_typesupport_introspection_cppExport-noconfig.cmake\n'}
[16.818990] (pyrobosim_msgs) StdoutLine: {'line': b'-- Installing: /convince_ws/install/pyrobosim_msgs/share/pyrobosim_msgs/cmake/pyrobosim_msgs__rosidl_typesupport_cppExport.cmake\n'}
[16.819118] (pyrobosim_msgs) StdoutLine: {'line': b'-- Installing: /convince_ws/install/pyrobosim_msgs/share/pyrobosim_msgs/cmake/pyrobosim_msgs__rosidl_typesupport_cppExport-noconfig.cmake\n'}
[16.819248] (pyrobosim_msgs) StdoutLine: {'line': b'-- Installing: /convince_ws/install/pyrobosim_msgs/share/pyrobosim_msgs/cmake/export_pyrobosim_msgs__rosidl_generator_pyExport.cmake\n'}
[16.819368] (pyrobosim_msgs) StdoutLine: {'line': b'-- Installing: /convince_ws/install/pyrobosim_msgs/share/pyrobosim_msgs/cmake/export_pyrobosim_msgs__rosidl_generator_pyExport-noconfig.cmake\n'}
[16.821091] (pyrobosim_msgs) CommandEnded: {'returncode': 0}
[16.838317] (pyrobosim_msgs) JobEnded: {'identifier': 'pyrobosim_msgs', 'rc': 0}
[16.838925] (pyrobosim_ros) JobStarted: {'identifier': 'pyrobosim_ros'}
[16.843476] (pyrobosim_ros) JobProgress: {'identifier': 'pyrobosim_ros', 'progress': 'cmake'}
[16.843861] (pyrobosim_ros) Command: {'cmd': ['/usr/bin/cmake', '/convince_ws/src/pyrobosim/pyrobosim_ros', '-DCMAKE_EXPORT_COMPILE_COMMANDS=ON', '--no-warn-unused-cli', '-DAMENT_CMAKE_SYMLINK_INSTALL=1', '-DCMAKE_INSTALL_PREFIX=/convince_ws/install/pyrobosim_ros'], 'cwd': '/convince_ws/build/pyrobosim_ros', 'env': OrderedDict({'PYTHONWARNINGS': 'ignore:setup.py install is deprecated,ignore:easy_install command is deprecated', 'HOSTNAME': '123c257f4748', 'SHLVL': '1', 'LD_LIBRARY_PATH': '/convince_ws/install/pyrobosim_msgs/lib:/opt/ros/jazzy/opt/zmqpp_vendor/lib:/opt/ros/jazzy/lib/x86_64-linux-gnu:/opt/ros/jazzy/lib', 'HOME': '/root', 'OLDPWD': '/convince_ws', 'ROS_PYTHON_VERSION': '3', 'ROS_DISTRO': 'jazzy', '_': '/usr/bin/colcon', 'ROS_VERSION': '2', 'TERM': 'xterm', 'QT_X11_NO_MITSHM': '1', 'PATH': '/opt/ros/jazzy/bin:/usr/local/sbin:/usr/local/bin:/usr/sbin:/usr/bin:/sbin:/bin', 'DISPLAY': ':1', 'LANG': 'C.UTF-8', 'AMENT_PREFIX_PATH': '/convince_ws/install/pyrobosim_msgs:/opt/ros/jazzy', 'ROS_WS': '/convince_ws', 'ROS_AUTOMATIC_DISCOVERY_RANGE': 'SUBNET', 'PWD': '/convince_ws/build/pyrobosim_ros', 'LC_ALL': 'C.UTF-8', 'PYTHONPATH': '/convince_ws/install/pyrobosim_msgs/lib/python3.12/site-packages:/opt/ros/jazzy/lib/python3.12/site-packages', 'COLCON': '1', 'CMAKE_PREFIX_PATH': '/convince_ws/install/pyrobosim_msgs:/opt/ros/jazzy'}), 'shell': False}
[16.849073] (-) TimerEvent: {}
[16.850810] (pyrobosim_ros) StdoutLine: {'line': b'Not searching for unused variables given on the command line.\n'}
[16.887273] (pyrobosim_ros) StdoutLine: {'line': b'-- The C compiler identification is GNU 13.3.0\n'}
[16.922087] (pyrobosim_ros) StdoutLine: {'line': b'-- The CXX compiler identification is GNU 13.3.0\n'}
[16.934582] (pyrobosim_ros) StdoutLine: {'line': b'-- Detecting C compiler ABI info\n'}
[16.949212] (-) TimerEvent: {}
[17.003613] (pyrobosim_ros) StdoutLine: {'line': b'-- Detecting C compiler ABI info - done\n'}
[17.012223] (pyrobosim_ros) StdoutLine: {'line': b'-- Check for working C compiler: /usr/bin/cc - skipped\n'}
[17.012442] (pyrobosim_ros) StdoutLine: {'line': b'-- Detecting C compile features\n'}
[17.012551] (pyrobosim_ros) StdoutLine: {'line': b'-- Detecting C compile features - done\n'}
[17.019739] (pyrobosim_ros) StdoutLine: {'line': b'-- Detecting CXX compiler ABI info\n'}
[17.049317] (-) TimerEvent: {}
[17.099782] (pyrobosim_ros) StdoutLine: {'line': b'-- Detecting CXX compiler ABI info - done\n'}
[17.109159] (pyrobosim_ros) StdoutLine: {'line': b'-- Check for working CXX compiler: /usr/bin/c++ - skipped\n'}
[17.109375] (pyrobosim_ros) StdoutLine: {'line': b'-- Detecting CXX compile features\n'}
[17.109823] (pyrobosim_ros) StdoutLine: {'line': b'-- Detecting CXX compile features - done\n'}
[17.112940] (pyrobosim_ros) StdoutLine: {'line': b'-- Found ament_cmake: 2.5.5 (/opt/ros/jazzy/share/ament_cmake/cmake)\n'}
[17.149418] (-) TimerEvent: {}
[17.247103] (pyrobosim_ros) StdoutLine: {'line': b'-- Found Python3: /usr/bin/python3 (found version "3.12.3") found components: Interpreter \n'}
[17.249513] (-) TimerEvent: {}
[17.304551] (pyrobosim_ros) StdoutLine: {'line': b'-- Override CMake install command with custom implementation using symlinks instead of copying resources\n'}
[17.333301] (pyrobosim_ros) StdoutLine: {'line': b'-- Found rclcpp: 28.1.16 (/opt/ros/jazzy/share/rclcpp/cmake)\n'}
[17.349625] (-) TimerEvent: {}
[17.367846] (pyrobosim_ros) StdoutLine: {'line': b'-- Found rosidl_generator_c: 4.6.7 (/opt/ros/jazzy/share/rosidl_generator_c/cmake)\n'}
[17.381352] (pyrobosim_ros) StdoutLine: {'line': b'-- Found rosidl_generator_cpp: 4.6.7 (/opt/ros/jazzy/share/rosidl_generator_cpp/cmake)\n'}
[17.396742] (pyrobosim_ros) StdoutLine: {'line': b'-- Using all available rosidl_typesupport_c: rosidl_typesupport_fastrtps_c;rosidl_typesupport_introspection_c\n'}
[17.413866] (pyrobosim_ros) StdoutLine: {'line': b'-- Using all available rosidl_typesupport_cpp: rosidl_typesupport_fastrtps_cpp;rosidl_typesupport_introspection_cpp\n'}
[17.449731] (-) TimerEvent: {}
[17.494312] (pyrobosim_ros) StdoutLine: {'line': b'-- Found rmw_implementation_cmake: 7.3.3 (/opt/ros/jazzy/share/rmw_implementation_cmake/cmake)\n'}
[17.497020] (pyrobosim_ros) StdoutLine: {'line': b'-- Found rmw_fastrtps_cpp: 8.4.3 (/opt/ros/jazzy/share/rmw_fastrtps_cpp/cmake)\n'}
[17.549837] (-) TimerEvent: {}
[17.558944] (pyrobosim_ros) StdoutLine: {'line': b'-- Found OpenSSL: /usr/lib/x86_64-linux-gnu/libcrypto.so (found version "3.0.13")  \n'}
[17.573094] (pyrobosim_ros) StdoutLine: {'line': b'-- Found FastRTPS: /opt/ros/jazzy/include (Required is at least version "2.13") \n'}
[17.593286] (pyrobosim_ros) StdoutLine: {'line': b"-- Using RMW implementation 'rmw_fastrtps_cpp' as default\n"}
[17.649942] (-) TimerEvent: {}
[17.675824] (pyrobosim_ros) StdoutLine: {'line': b'-- Found rclpy: 7.1.9 (/opt/ros/jazzy/share/rclpy/cmake)\n'}
[17.677433] (pyrobosim_ros) StdoutLine: {'line': b'-- Found geometry_msgs: 5.3.6 (/opt/ros/jazzy/share/geometry_msgs/cmake)\n'}
[17.714236] (pyrobosim_ros) StdoutLine: {'line': b'-- Found pyrobosim_msgs: 4.3.3 (/convince_ws/install/pyrobosim_msgs/share/pyrobosim_msgs/cmake)\n'}
[17.750078] (-) TimerEvent: {}
[17.768458] (pyrobosim_ros) StdoutLine: {'line': b'-- Found std_srvs: 5.3.6 (/opt/ros/jazzy/share/std_srvs/cmake)\n'}
[17.850181] (-) TimerEvent: {}
[17.854515] (pyrobosim_ros) StdoutLine: {'line': b'-- Found ament_cmake_pytest: 2.5.5 (/opt/ros/jazzy/share/ament_cmake_pytest/cmake)\n'}
[17.950307] (-) TimerEvent: {}
[18.050564] (-) TimerEvent: {}
[18.150862] (-) TimerEvent: {}
[18.251100] (-) TimerEvent: {}
[18.351342] (-) TimerEvent: {}
[18.451639] (-) TimerEvent: {}
[18.551929] (-) TimerEvent: {}
[18.652166] (-) TimerEvent: {}
[18.752399] (-) TimerEvent: {}
[18.852679] (-) TimerEvent: {}
[18.952917] (-) TimerEvent: {}
[19.053191] (-) TimerEvent: {}
[19.153482] (-) TimerEvent: {}
[19.253747] (-) TimerEvent: {}
[19.275429] (pyrobosim_ros) StdoutLine: {'line': b'-- Configuring done (2.4s)\n'}
[19.281957] (pyrobosim_ros) StdoutLine: {'line': b'-- Generating done (0.0s)\n'}
[19.284634] (pyrobosim_ros) StdoutLine: {'line': b'-- Build files have been written to: /convince_ws/build/pyrobosim_ros\n'}
[19.293138] (pyrobosim_ros) CommandEnded: {'returncode': 0}
[19.293557] (pyrobosim_ros) JobProgress: {'identifier': 'pyrobosim_ros', 'progress': 'build'}
[19.293744] (pyrobosim_ros) Command: {'cmd': ['/usr/bin/cmake', '--build', '/convince_ws/build/pyrobosim_ros', '--', '-j20', '-l20'], 'cwd': '/convince_ws/build/pyrobosim_ros', 'env': OrderedDict({'PYTHONWARNINGS': 'ignore:setup.py install is deprecated,ignore:easy_install command is deprecated', 'HOSTNAME': '123c257f4748', 'SHLVL': '1', 'LD_LIBRARY_PATH': '/convince_ws/install/pyrobosim_msgs/lib:/opt/ros/jazzy/opt/zmqpp_vendor/lib:/opt/ros/jazzy/lib/x86_64-linux-gnu:/opt/ros/jazzy/lib', 'HOME': '/root', 'OLDPWD': '/convince_ws', 'ROS_PYTHON_VERSION': '3', 'ROS_DISTRO': 'jazzy', '_': '/usr/bin/colcon', 'ROS_VERSION': '2', 'TERM': 'xterm', 'QT_X11_NO_MITSHM': '1', 'PATH': '/opt/ros/jazzy/bin:/usr/local/sbin:/usr/local/bin:/usr/sbin:/usr/bin:/sbin:/bin', 'DISPLAY': ':1', 'LANG': 'C.UTF-8', 'AMENT_PREFIX_PATH': '/convince_ws/install/pyrobosim_msgs:/opt/ros/jazzy', 'ROS_WS': '/convince_ws', 'ROS_AUTOMATIC_DISCOVERY_RANGE': 'SUBNET', 'PWD': '/convince_ws/build/pyrobosim_ros', 'LC_ALL': 'C.UTF-8', 'PYTHONPATH': '/convince_ws/install/pyrobosim_msgs/lib/python3.12/site-packages:/opt/ros/jazzy/lib/python3.12/site-packages', 'COLCON': '1', 'CMAKE_PREFIX_PATH': '/convince_ws/install/pyrobosim_msgs:/opt/ros/jazzy'}), 'shell': False}
[19.346528] (pyrobosim_ros) StdoutLine: {'line': b'Built target ament_cmake_python_symlink_pyrobosim_ros\n'}
[19.353891] (-) TimerEvent: {}
[19.454166] (-) TimerEvent: {}
[19.525066] (pyrobosim_ros) StdoutLine: {'line': b'running egg_info\n'}
[19.525944] (pyrobosim_ros) StdoutLine: {'line': b'creating pyrobosim_ros.egg-info\n'}
[19.539996] (pyrobosim_ros) StdoutLine: {'line': b'writing pyrobosim_ros.egg-info/PKG-INFO\n'}
[19.540258] (pyrobosim_ros) StdoutLine: {'line': b'writing dependency_links to pyrobosim_ros.egg-info/dependency_links.txt\n'}
[19.540417] (pyrobosim_ros) StdoutLine: {'line': b'writing top-level names to pyrobosim_ros.egg-info/top_level.txt\n'}
[19.540504] (pyrobosim_ros) StdoutLine: {'line': b"writing manifest file 'pyrobosim_ros.egg-info/SOURCES.txt'\n"}
[19.554284] (-) TimerEvent: {}
[19.580780] (pyrobosim_ros) StdoutLine: {'line': b"reading manifest file 'pyrobosim_ros.egg-info/SOURCES.txt'\n"}
[19.581331] (pyrobosim_ros) StdoutLine: {'line': b"writing manifest file 'pyrobosim_ros.egg-info/SOURCES.txt'\n"}
[19.607296] (pyrobosim_ros) StdoutLine: {'line': b'Built target ament_cmake_python_build_pyrobosim_ros_egg\n'}
[19.614311] (pyrobosim_ros) CommandEnded: {'returncode': 0}
[19.614831] (pyrobosim_ros) JobProgress: {'identifier': 'pyrobosim_ros', 'progress': 'install'}
[19.615010] (pyrobosim_ros) Command: {'cmd': ['/usr/bin/cmake', '--install', '/convince_ws/build/pyrobosim_ros'], 'cwd': '/convince_ws/build/pyrobosim_ros', 'env': OrderedDict({'PYTHONWARNINGS': 'ignore:setup.py install is deprecated,ignore:easy_install command is deprecated', 'HOSTNAME': '123c257f4748', 'SHLVL': '1', 'LD_LIBRARY_PATH': '/convince_ws/install/pyrobosim_msgs/lib:/opt/ros/jazzy/opt/zmqpp_vendor/lib:/opt/ros/jazzy/lib/x86_64-linux-gnu:/opt/ros/jazzy/lib', 'HOME': '/root', 'OLDPWD': '/convince_ws', 'ROS_PYTHON_VERSION': '3', 'ROS_DISTRO': 'jazzy', '_': '/usr/bin/colcon', 'ROS_VERSION': '2', 'TERM': 'xterm', 'QT_X11_NO_MITSHM': '1', 'PATH': '/opt/ros/jazzy/bin:/usr/local/sbin:/usr/local/bin:/usr/sbin:/usr/bin:/sbin:/bin', 'DISPLAY': ':1', 'LANG': 'C.UTF-8', 'AMENT_PREFIX_PATH': '/convince_ws/install/pyrobosim_msgs:/opt/ros/jazzy', 'ROS_WS': '/convince_ws', 'ROS_AUTOMATIC_DISCOVERY_RANGE': 'SUBNET', 'PWD': '/convince_ws/build/pyrobosim_ros', 'LC_ALL': 'C.UTF-8', 'PYTHONPATH': '/convince_ws/install/pyrobosim_msgs/lib/python3.12/site-packages:/opt/ros/jazzy/lib/python3.12/site-packages', 'COLCON': '1', 'CMAKE_PREFIX_PATH': '/convince_ws/install/pyrobosim_msgs:/opt/ros/jazzy'}), 'shell': False}
[19.619541] (pyrobosim_ros) StdoutLine: {'line': b'-- Install configuration: ""\n'}
[19.619819] (pyrobosim_ros) StdoutLine: {'line': b'-- Execute custom install script\n'}
[19.619944] (pyrobosim_ros) StdoutLine: {'line': b'-- Symlinking: /convince_ws/install/pyrobosim_ros/lib/pyrobosim_ros/demo.py\n'}
[19.625085] (pyrobosim_ros) StdoutLine: {'line': b'-- Symlinking: /convince_ws/install/pyrobosim_ros/lib/pyrobosim_ros/demo_commands.py\n'}
[19.629985] (pyrobosim_ros) StdoutLine: {'line': b'-- Symlinking: /convince_ws/install/pyrobosim_ros/lib/pyrobosim_ros/demo_pddl_world.py\n'}
[19.634850] (pyrobosim_ros) StdoutLine: {'line': b'-- Symlinking: /convince_ws/install/pyrobosim_ros/lib/pyrobosim_ros/demo_pddl_planner.py\n'}
[19.640024] (pyrobosim_ros) StdoutLine: {'line': b'-- Symlinking: /convince_ws/install/pyrobosim_ros/lib/pyrobosim_ros/demo_pddl_goal_publisher.py\n'}
[19.647498] (pyrobosim_ros) StdoutLine: {'line': b'-- Symlinking: /convince_ws/install/pyrobosim_ros/lib/pyrobosim_ros/demo_velocity_publisher.py\n'}
[19.654418] (-) TimerEvent: {}
[19.654993] (pyrobosim_ros) StdoutLine: {'line': b'-- Symlinking: /convince_ws/install/pyrobosim_ros/share/pyrobosim_ros/environment/pythonpath.sh\n'}
[19.662340] (pyrobosim_ros) StdoutLine: {'line': b'-- Symlinking: /convince_ws/install/pyrobosim_ros/share/pyrobosim_ros/environment/pythonpath.dsv\n'}
[19.667580] (pyrobosim_ros) StdoutLine: {'line': b'-- Symlinking: /convince_ws/install/pyrobosim_ros/lib/python3.12/site-packages/pyrobosim_ros-4.3.3-py3.12.egg-info/PKG-INFO\n'}
[19.672387] (btcpp_ros2_samples) StdoutLine: {'line': b'[ 55%] \x1b[32m\x1b[1mLinking CXX executable sleep_server\x1b[0m\n'}
[19.674540] (pyrobosim_ros) StdoutLine: {'line': b'-- Symlinking: /convince_ws/install/pyrobosim_ros/lib/python3.12/site-packages/pyrobosim_ros-4.3.3-py3.12.egg-info/SOURCES.txt\n'}
[19.679106] (pyrobosim_ros) StdoutLine: {'line': b'-- Symlinking: /convince_ws/install/pyrobosim_ros/lib/python3.12/site-packages/pyrobosim_ros-4.3.3-py3.12.egg-info/dependency_links.txt\n'}
[19.684178] (pyrobosim_ros) StdoutLine: {'line': b'-- Symlinking: /convince_ws/install/pyrobosim_ros/lib/python3.12/site-packages/pyrobosim_ros-4.3.3-py3.12.egg-info/top_level.txt\n'}
[19.689860] (pyrobosim_ros) StdoutLine: {'line': b'-- Symlinking: /convince_ws/install/pyrobosim_ros/lib/python3.12/site-packages/pyrobosim_ros/__init__.py\n'}
[19.697369] (pyrobosim_ros) StdoutLine: {'line': b'-- Symlinking: /convince_ws/install/pyrobosim_ros/lib/python3.12/site-packages/pyrobosim_ros/ros_conversions.py\n'}
[19.705260] (pyrobosim_ros) StdoutLine: {'line': b'-- Symlinking: /convince_ws/install/pyrobosim_ros/lib/python3.12/site-packages/pyrobosim_ros/ros_interface.py\n'}
[19.713649] (pyrobosim_ros) StdoutLine: {'line': b'-- Symlinking: /convince_ws/install/pyrobosim_ros/share/pyrobosim_ros/launch/demo.launch.py\n'}
[19.721166] (pyrobosim_ros) StdoutLine: {'line': b'-- Symlinking: /convince_ws/install/pyrobosim_ros/share/pyrobosim_ros/launch/demo_commands.launch.py\n'}
[19.726241] (pyrobosim_ros) StdoutLine: {'line': b'-- Symlinking: /convince_ws/install/pyrobosim_ros/share/pyrobosim_ros/launch/demo_commands_multirobot.launch.py\n'}
[19.726438] (btcpp_ros2_samples) StdoutLine: {'line': b'[ 61%] \x1b[32m\x1b[1mLinking CXX executable bool_server\x1b[0m\n'}
[19.733898] (pyrobosim_ros) StdoutLine: {'line': b'-- Symlinking: /convince_ws/install/pyrobosim_ros/share/pyrobosim_ros/launch/demo_pddl.launch.py\n'}
[19.741867] (pyrobosim_ros) StdoutLine: {'line': b'-- Symlinking: /convince_ws/install/pyrobosim_ros/share/ament_index/resource_index/package_run_dependencies/pyrobosim_ros\n'}
[19.749788] (pyrobosim_ros) StdoutLine: {'line': b'-- Symlinking: /convince_ws/install/pyrobosim_ros/share/ament_index/resource_index/parent_prefix_path/pyrobosim_ros\n'}
[19.754515] (-) TimerEvent: {}
[19.757905] (pyrobosim_ros) StdoutLine: {'line': b'-- Symlinking: /convince_ws/install/pyrobosim_ros/share/pyrobosim_ros/environment/ament_prefix_path.sh\n'}
[19.766642] (pyrobosim_ros) StdoutLine: {'line': b'-- Symlinking: /convince_ws/install/pyrobosim_ros/share/pyrobosim_ros/environment/ament_prefix_path.dsv\n'}
[19.774972] (pyrobosim_ros) StdoutLine: {'line': b'-- Symlinking: /convince_ws/install/pyrobosim_ros/share/pyrobosim_ros/environment/path.sh\n'}
[19.783310] (pyrobosim_ros) StdoutLine: {'line': b'-- Symlinking: /convince_ws/install/pyrobosim_ros/share/pyrobosim_ros/environment/path.dsv\n'}
[19.790917] (pyrobosim_ros) StdoutLine: {'line': b'-- Symlinking: /convince_ws/install/pyrobosim_ros/share/pyrobosim_ros/local_setup.bash\n'}
[19.792210] (btcpp_ros2_samples) StdoutLine: {'line': b'[ 61%] Built target sleep_server\n'}
[19.795817] (pyrobosim_ros) StdoutLine: {'line': b'-- Symlinking: /convince_ws/install/pyrobosim_ros/share/pyrobosim_ros/local_setup.sh\n'}
[19.803590] (pyrobosim_ros) StdoutLine: {'line': b'-- Symlinking: /convince_ws/install/pyrobosim_ros/share/pyrobosim_ros/local_setup.zsh\n'}
[19.811671] (pyrobosim_ros) StdoutLine: {'line': b'-- Symlinking: /convince_ws/install/pyrobosim_ros/share/pyrobosim_ros/local_setup.dsv\n'}
[19.819559] (pyrobosim_ros) StdoutLine: {'line': b'-- Symlinking: /convince_ws/install/pyrobosim_ros/share/pyrobosim_ros/package.dsv\n'}
[19.826894] (pyrobosim_ros) StdoutLine: {'line': b'-- Symlinking: /convince_ws/install/pyrobosim_ros/share/ament_index/resource_index/packages/pyrobosim_ros\n'}
[19.834243] (pyrobosim_ros) StdoutLine: {'line': b'-- Symlinking: /convince_ws/install/pyrobosim_ros/share/pyrobosim_ros/cmake/pyrobosim_rosConfig.cmake\n'}
[19.839040] (pyrobosim_ros) StdoutLine: {'line': b'-- Symlinking: /convince_ws/install/pyrobosim_ros/share/pyrobosim_ros/cmake/pyrobosim_rosConfig-version.cmake\n'}
[19.841503] (btcpp_ros2_samples) StdoutLine: {'line': b'[ 61%] Built target bool_server\n'}
[19.843645] (pyrobosim_ros) StdoutLine: {'line': b'-- Symlinking: /convince_ws/install/pyrobosim_ros/share/pyrobosim_ros/package.xml\n'}
[19.854644] (-) TimerEvent: {}
[19.889434] (pyrobosim_ros) StdoutLine: {'line': b"Listing '/convince_ws/install/pyrobosim_ros/lib/python3.12/site-packages/pyrobosim_ros'...\n"}
[19.889626] (pyrobosim_ros) StdoutLine: {'line': b"Compiling '/convince_ws/install/pyrobosim_ros/lib/python3.12/site-packages/pyrobosim_ros/__init__.py'...\n"}
[19.889708] (pyrobosim_ros) StdoutLine: {'line': b"Compiling '/convince_ws/install/pyrobosim_ros/lib/python3.12/site-packages/pyrobosim_ros/ros_conversions.py'...\n"}
[19.889781] (pyrobosim_ros) StdoutLine: {'line': b"Compiling '/convince_ws/install/pyrobosim_ros/lib/python3.12/site-packages/pyrobosim_ros/ros_interface.py'...\n"}
[19.896236] (pyrobosim_ros) CommandEnded: {'returncode': 0}
[19.909385] (pyrobosim_ros) JobEnded: {'identifier': 'pyrobosim_ros', 'rc': 0}
[19.910263] (tutorial_sim) JobStarted: {'identifier': 'tutorial_sim'}
[19.954741] (-) TimerEvent: {}
[20.055046] (-) TimerEvent: {}
[20.155309] (-) TimerEvent: {}
[20.194845] (btcpp_ros2_samples) StdoutLine: {'line': b'[ 66%] \x1b[32m\x1b[1mLinking CXX executable bool_client\x1b[0m\n'}
[20.255451] (-) TimerEvent: {}
[20.318995] (btcpp_ros2_samples) StdoutLine: {'line': b'[ 66%] Built target bool_client\n'}
[20.328053] (tutorial_sim) Command: {'cmd': ['/usr/bin/python3', '-W', 'ignore:setup.py install is deprecated', '-W', 'ignore:easy_install command is deprecated', 'setup.py', 'develop', '--editable', '--build-directory', '/convince_ws/build/tutorial_sim/build', '--no-deps', 'symlink_data'], 'cwd': '/convince_ws/build/tutorial_sim', 'env': {'PYTHONWARNINGS': 'ignore:setup.py install is deprecated,ignore:easy_install command is deprecated', 'HOSTNAME': '123c257f4748', 'SHLVL': '1', 'LD_LIBRARY_PATH': '/convince_ws/install/pyrobosim_msgs/lib:/opt/ros/jazzy/opt/zmqpp_vendor/lib:/opt/ros/jazzy/lib/x86_64-linux-gnu:/opt/ros/jazzy/lib', 'HOME': '/root', 'OLDPWD': '/convince_ws', 'ROS_PYTHON_VERSION': '3', 'ROS_DISTRO': 'jazzy', '_': '/usr/bin/colcon', 'ROS_VERSION': '2', 'TERM': 'xterm', 'QT_X11_NO_MITSHM': '1', 'PATH': '/opt/ros/jazzy/bin:/usr/local/sbin:/usr/local/bin:/usr/sbin:/usr/bin:/sbin:/bin', 'DISPLAY': ':1', 'LANG': 'C.UTF-8', 'AMENT_PREFIX_PATH': '/convince_ws/install/pyrobosim_ros:/convince_ws/install/pyrobosim_msgs:/opt/ros/jazzy', 'ROS_WS': '/convince_ws', 'ROS_AUTOMATIC_DISCOVERY_RANGE': 'SUBNET', 'PWD': '/convince_ws/build/tutorial_sim', 'LC_ALL': 'C.UTF-8', 'PYTHONPATH': '/convince_ws/build/tutorial_sim/prefix_override:/usr/lib/python3/dist-packages/colcon_core/task/python/colcon_distutils_commands:/convince_ws/install/tutorial_sim/lib/python3.12/site-packages:/convince_ws/install/pyrobosim_ros/lib/python3.12/site-packages:/convince_ws/install/pyrobosim_msgs/lib/python3.12/site-packages:/opt/ros/jazzy/lib/python3.12/site-packages', 'COLCON': '1', 'CMAKE_PREFIX_PATH': '/convince_ws/install/pyrobosim_ros:/convince_ws/install/pyrobosim_msgs'}, 'shell': False}
[20.355684] (-) TimerEvent: {}
[20.455904] (-) TimerEvent: {}
[20.473657] (tutorial_sim) StdoutLine: {'line': b'running develop\n'}
[20.538972] (tutorial_sim) StdoutLine: {'line': b'running egg_info\n'}
[20.539123] (tutorial_sim) StdoutLine: {'line': b'creating tutorial_sim.egg-info\n'}
[20.545365] (tutorial_sim) StdoutLine: {'line': b'writing tutorial_sim.egg-info/PKG-INFO\n'}
[20.545537] (tutorial_sim) StdoutLine: {'line': b'writing dependency_links to tutorial_sim.egg-info/dependency_links.txt\n'}
[20.545625] (tutorial_sim) StdoutLine: {'line': b'writing entry points to tutorial_sim.egg-info/entry_points.txt\n'}
[20.545693] (tutorial_sim) StdoutLine: {'line': b'writing requirements to tutorial_sim.egg-info/requires.txt\n'}
[20.545757] (tutorial_sim) StdoutLine: {'line': b'writing top-level names to tutorial_sim.egg-info/top_level.txt\n'}
[20.545819] (tutorial_sim) StdoutLine: {'line': b"writing manifest file 'tutorial_sim.egg-info/SOURCES.txt'\n"}
[20.556131] (-) TimerEvent: {}
[20.558803] (tutorial_sim) StdoutLine: {'line': b"reading manifest file 'tutorial_sim.egg-info/SOURCES.txt'\n"}
[20.559117] (tutorial_sim) StdoutLine: {'line': b"writing manifest file 'tutorial_sim.egg-info/SOURCES.txt'\n"}
[20.566500] (tutorial_sim) StdoutLine: {'line': b'running build_ext\n'}
[20.566667] (tutorial_sim) StdoutLine: {'line': b'Creating /convince_ws/install/tutorial_sim/lib/python3.12/site-packages/tutorial-sim.egg-link (link to .)\n'}
[20.566950] (tutorial_sim) StdoutLine: {'line': b'Installing run script to /convince_ws/install/tutorial_sim/lib/tutorial_sim\n'}
[20.567133] (tutorial_sim) StdoutLine: {'line': b'Installing translate_component script to /convince_ws/install/tutorial_sim/lib/tutorial_sim\n'}
[20.567272] (tutorial_sim) StdoutLine: {'line': b'\n'}
[20.567381] (tutorial_sim) StdoutLine: {'line': b'Installed /convince_ws/build/tutorial_sim\n'}
[20.567468] (tutorial_sim) StdoutLine: {'line': b'running symlink_data\n'}
[20.567536] (tutorial_sim) StdoutLine: {'line': b'creating /convince_ws/install/tutorial_sim/share/ament_index\n'}
[20.567611] (tutorial_sim) StdoutLine: {'line': b'creating /convince_ws/install/tutorial_sim/share/ament_index/resource_index\n'}
[20.567688] (tutorial_sim) StdoutLine: {'line': b'creating /convince_ws/install/tutorial_sim/share/ament_index/resource_index/packages\n'}
[20.567755] (tutorial_sim) StdoutLine: {'line': b'symbolically linking /convince_ws/build/tutorial_sim/resource/tutorial_sim -> /convince_ws/install/tutorial_sim/share/ament_index/resource_index/packages\n'}
[20.567831] (tutorial_sim) StdoutLine: {'line': b'symbolically linking /convince_ws/build/tutorial_sim/package.xml -> /convince_ws/install/tutorial_sim/share/tutorial_sim\n'}
[20.567898] (tutorial_sim) StdoutLine: {'line': b'creating /convince_ws/install/tutorial_sim/share/tutorial_sim/worlds\n'}
[20.567965] (tutorial_sim) StdoutLine: {'line': b'symbolically linking /convince_ws/build/tutorial_sim/worlds/object_data.yaml -> /convince_ws/install/tutorial_sim/share/tutorial_sim/worlds\n'}
[20.568031] (tutorial_sim) StdoutLine: {'line': b'symbolically linking /convince_ws/build/tutorial_sim/worlds/world.yaml -> /convince_ws/install/tutorial_sim/share/tutorial_sim/worlds\n'}
[20.568099] (tutorial_sim) StdoutLine: {'line': b'symbolically linking /convince_ws/build/tutorial_sim/worlds/location_data.yaml -> /convince_ws/install/tutorial_sim/share/tutorial_sim/worlds\n'}
[20.584219] (tutorial_sim) CommandEnded: {'returncode': 0}
[20.587780] (tutorial_sim) JobEnded: {'identifier': 'tutorial_sim', 'rc': 0}
[20.656264] (-) TimerEvent: {}
[20.739825] (btcpp_ros2_samples) StdoutLine: {'line': b'[ 72%] \x1b[32m\x1b[1mLinking CXX shared library libsleep_plugin.so\x1b[0m\n'}
[20.756485] (-) TimerEvent: {}
[20.848482] (btcpp_ros2_samples) StdoutLine: {'line': b'[ 72%] Built target sleep_plugin\n'}
[20.856581] (-) TimerEvent: {}
[20.863485] (btcpp_ros2_samples) StdoutLine: {'line': b'[ 77%] \x1b[32mBuilding CXX object CMakeFiles/sleep_client_dyn.dir/src/sleep_client.cpp.o\x1b[0m\n'}
[20.913282] (btcpp_ros2_samples) StdoutLine: {'line': b'[ 83%] \x1b[32m\x1b[1mLinking CXX executable sleep_client\x1b[0m\n'}
[20.956817] (-) TimerEvent: {}
[21.056162] (btcpp_ros2_samples) StdoutLine: {'line': b'[ 83%] Built target sleep_client\n'}
[21.056880] (-) TimerEvent: {}
[21.157191] (-) TimerEvent: {}
[21.257459] (-) TimerEvent: {}
[21.357769] (-) TimerEvent: {}
[21.458061] (-) TimerEvent: {}
[21.545782] (btcpp_ros2_samples) StdoutLine: {'line': b'[ 88%] \x1b[32m\x1b[1mLinking CXX executable sample_bt_executor\x1b[0m\n'}
[21.558288] (-) TimerEvent: {}
[21.658648] (-) TimerEvent: {}
[21.758951] (-) TimerEvent: {}
[21.771175] (btcpp_ros2_samples) StdoutLine: {'line': b'[ 88%] Built target sample_bt_executor\n'}
[21.859160] (-) TimerEvent: {}
[21.959529] (-) TimerEvent: {}
[22.059805] (-) TimerEvent: {}
[22.160165] (-) TimerEvent: {}
[22.260506] (-) TimerEvent: {}
[22.360891] (-) TimerEvent: {}
[22.461253] (-) TimerEvent: {}
[22.561584] (-) TimerEvent: {}
[22.661961] (-) TimerEvent: {}
[22.762322] (-) TimerEvent: {}
[22.862733] (-) TimerEvent: {}
[22.963018] (-) TimerEvent: {}
[23.063394] (-) TimerEvent: {}
[23.163757] (-) TimerEvent: {}
[23.263978] (-) TimerEvent: {}
[23.269456] (btcpp_ros2_samples) StdoutLine: {'line': b'[ 94%] \x1b[32m\x1b[1mLinking CXX executable sleep_client_dyn\x1b[0m\n'}
[23.361877] (btcpp_ros2_samples) StdoutLine: {'line': b'[ 94%] Built target sleep_client_dyn\n'}
[23.364046] (-) TimerEvent: {}
[23.464354] (-) TimerEvent: {}
[23.564727] (-) TimerEvent: {}
[23.621911] (btcpp_ros2_samples) StdoutLine: {'line': b'[100%] \x1b[32m\x1b[1mLinking CXX executable subscriber_test\x1b[0m\n'}
[23.664962] (-) TimerEvent: {}
[23.765322] (-) TimerEvent: {}
[23.801146] (btcpp_ros2_samples) StdoutLine: {'line': b'[100%] Built target subscriber_test\n'}
[23.812875] (btcpp_ros2_samples) CommandEnded: {'returncode': 0}
[23.813439] (btcpp_ros2_samples) JobProgress: {'identifier': 'btcpp_ros2_samples', 'progress': 'install'}
[23.813494] (btcpp_ros2_samples) Command: {'cmd': ['/usr/bin/cmake', '--install', '/convince_ws/build/btcpp_ros2_samples'], 'cwd': '/convince_ws/build/btcpp_ros2_samples', 'env': OrderedDict({'PYTHONWARNINGS': 'ignore:setup.py install is deprecated,ignore:easy_install command is deprecated', 'HOSTNAME': '123c257f4748', 'SHLVL': '1', 'LD_LIBRARY_PATH': '/convince_ws/install/behaviortree_ros2/lib:/convince_ws/install/btcpp_ros2_interfaces/lib:/opt/ros/jazzy/opt/zmqpp_vendor/lib:/opt/ros/jazzy/lib/x86_64-linux-gnu:/opt/ros/jazzy/lib', 'HOME': '/root', 'OLDPWD': '/convince_ws', 'ROS_PYTHON_VERSION': '3', 'ROS_DISTRO': 'jazzy', '_': '/usr/bin/colcon', 'ROS_VERSION': '2', 'TERM': 'xterm', 'QT_X11_NO_MITSHM': '1', 'PATH': '/opt/ros/jazzy/bin:/usr/local/sbin:/usr/local/bin:/usr/sbin:/usr/bin:/sbin:/bin', 'DISPLAY': ':1', 'LANG': 'C.UTF-8', 'AMENT_PREFIX_PATH': '/convince_ws/install/behaviortree_ros2:/convince_ws/install/btcpp_ros2_interfaces:/opt/ros/jazzy', 'ROS_WS': '/convince_ws', 'ROS_AUTOMATIC_DISCOVERY_RANGE': 'SUBNET', 'PWD': '/convince_ws/build/btcpp_ros2_samples', 'LC_ALL': 'C.UTF-8', 'PYTHONPATH': '/convince_ws/install/btcpp_ros2_interfaces/lib/python3.12/site-packages:/opt/ros/jazzy/lib/python3.12/site-packages', 'COLCON': '1', 'CMAKE_PREFIX_PATH': '/convince_ws/install/behaviortree_ros2:/convince_ws/install/btcpp_ros2_interfaces:/opt/ros/jazzy'}), 'shell': False}
[23.817610] (btcpp_ros2_samples) StdoutLine: {'line': b'-- Install configuration: ""\n'}
[23.817706] (btcpp_ros2_samples) StdoutLine: {'line': b'-- Execute custom install script\n'}
[23.817914] (btcpp_ros2_samples) StdoutLine: {'line': b'-- Symlinking: /convince_ws/install/btcpp_ros2_samples/lib/btcpp_ros2_samples/sleep_client\n'}
[23.822299] (btcpp_ros2_samples) StdoutLine: {'line': b'-- Symlinking: /convince_ws/install/btcpp_ros2_samples/lib/btcpp_ros2_samples/sleep_client_dyn\n'}
[23.826833] (btcpp_ros2_samples) StdoutLine: {'line': b'-- Symlinking: /convince_ws/install/btcpp_ros2_samples/lib/btcpp_ros2_samples/sleep_server\n'}
[23.832370] (btcpp_ros2_samples) StdoutLine: {'line': b'-- Symlinking: /convince_ws/install/btcpp_ros2_samples/lib/btcpp_ros2_samples/libsleep_plugin.so\n'}
[23.837236] (btcpp_ros2_samples) StdoutLine: {'line': b'-- Symlinking: /convince_ws/install/btcpp_ros2_samples/lib/btcpp_ros2_samples/subscriber_test\n'}
[23.841789] (btcpp_ros2_samples) StdoutLine: {'line': b'-- Symlinking: /convince_ws/install/btcpp_ros2_samples/lib/btcpp_ros2_samples/sample_bt_executor\n'}
[23.846546] (btcpp_ros2_samples) StdoutLine: {'line': b'-- Symlinking: /convince_ws/install/btcpp_ros2_samples/lib/btcpp_ros2_samples/bool_client\n'}
[23.852166] (btcpp_ros2_samples) StdoutLine: {'line': b'-- Symlinking: /convince_ws/install/btcpp_ros2_samples/lib/btcpp_ros2_samples/bool_server\n'}
[23.857043] (btcpp_ros2_samples) StdoutLine: {'line': b'-- Symlinking: /convince_ws/install/btcpp_ros2_samples/share/btcpp_ros2_samples/bt_plugins/libsleep_plugin.so\n'}
[23.861740] (btcpp_ros2_samples) StdoutLine: {'line': b'-- Symlinking: /convince_ws/install/btcpp_ros2_samples/share/btcpp_ros2_samples//behavior_trees/cross_door.xml\n'}
[23.865479] (-) TimerEvent: {}
[23.866373] (btcpp_ros2_samples) StdoutLine: {'line': b'-- Symlinking: /convince_ws/install/btcpp_ros2_samples/share/btcpp_ros2_samples//behavior_trees/door_closed.xml\n'}
[23.870894] (btcpp_ros2_samples) StdoutLine: {'line': b'-- Symlinking: /convince_ws/install/btcpp_ros2_samples/share/btcpp_ros2_samples//behavior_trees/sleep_action.xml\n'}
[23.876571] (btcpp_ros2_samples) StdoutLine: {'line': b'-- Symlinking: /convince_ws/install/btcpp_ros2_samples/share/btcpp_ros2_samples//config/sample_bt_executor.yaml\n'}
[23.882191] (btcpp_ros2_samples) StdoutLine: {'line': b'-- Symlinking: /convince_ws/install/btcpp_ros2_samples/share/btcpp_ros2_samples//launch/sample_bt_executor.launch.xml\n'}
[23.887334] (btcpp_ros2_samples) StdoutLine: {'line': b'-- Symlinking: /convince_ws/install/btcpp_ros2_samples/share/ament_index/resource_index/package_run_dependencies/btcpp_ros2_samples\n'}
[23.891527] (btcpp_ros2_samples) StdoutLine: {'line': b'-- Symlinking: /convince_ws/install/btcpp_ros2_samples/share/ament_index/resource_index/parent_prefix_path/btcpp_ros2_samples\n'}
[23.896917] (btcpp_ros2_samples) StdoutLine: {'line': b'-- Symlinking: /convince_ws/install/btcpp_ros2_samples/share/btcpp_ros2_samples/environment/ament_prefix_path.sh\n'}
[23.901959] (btcpp_ros2_samples) StdoutLine: {'line': b'-- Symlinking: /convince_ws/install/btcpp_ros2_samples/share/btcpp_ros2_samples/environment/ament_prefix_path.dsv\n'}
[23.906874] (btcpp_ros2_samples) StdoutLine: {'line': b'-- Symlinking: /convince_ws/install/btcpp_ros2_samples/share/btcpp_ros2_samples/environment/path.sh\n'}
[23.911408] (btcpp_ros2_samples) StdoutLine: {'line': b'-- Symlinking: /convince_ws/install/btcpp_ros2_samples/share/btcpp_ros2_samples/environment/path.dsv\n'}
[23.916717] (btcpp_ros2_samples) StdoutLine: {'line': b'-- Symlinking: /convince_ws/install/btcpp_ros2_samples/share/btcpp_ros2_samples/local_setup.bash\n'}
[23.922052] (btcpp_ros2_samples) StdoutLine: {'line': b'-- Symlinking: /convince_ws/install/btcpp_ros2_samples/share/btcpp_ros2_samples/local_setup.sh\n'}
[23.926858] (btcpp_ros2_samples) StdoutLine: {'line': b'-- Symlinking: /convince_ws/install/btcpp_ros2_samples/share/btcpp_ros2_samples/local_setup.zsh\n'}
[23.931418] (btcpp_ros2_samples) StdoutLine: {'line': b'-- Symlinking: /convince_ws/install/btcpp_ros2_samples/share/btcpp_ros2_samples/local_setup.dsv\n'}
[23.936708] (btcpp_ros2_samples) StdoutLine: {'line': b'-- Symlinking: /convince_ws/install/btcpp_ros2_samples/share/btcpp_ros2_samples/package.dsv\n'}
[23.941699] (btcpp_ros2_samples) StdoutLine: {'line': b'-- Symlinking: /convince_ws/install/btcpp_ros2_samples/share/ament_index/resource_index/packages/btcpp_ros2_samples\n'}
[23.946309] (btcpp_ros2_samples) StdoutLine: {'line': b'-- Symlinking: /convince_ws/install/btcpp_ros2_samples/share/btcpp_ros2_samples/cmake/ament_cmake_export_dependencies-extras.cmake\n'}
[23.951033] (btcpp_ros2_samples) StdoutLine: {'line': b'-- Symlinking: /convince_ws/install/btcpp_ros2_samples/share/btcpp_ros2_samples/cmake/btcpp_ros2_samplesConfig.cmake\n'}
[23.956499] (btcpp_ros2_samples) StdoutLine: {'line': b'-- Symlinking: /convince_ws/install/btcpp_ros2_samples/share/btcpp_ros2_samples/cmake/btcpp_ros2_samplesConfig-version.cmake\n'}
[23.962331] (btcpp_ros2_samples) StdoutLine: {'line': b'-- Symlinking: /convince_ws/install/btcpp_ros2_samples/share/btcpp_ros2_samples/package.xml\n'}
[23.965680] (-) TimerEvent: {}
[23.967357] (btcpp_ros2_samples) CommandEnded: {'returncode': 0}
[23.972628] (btcpp_ros2_samples) JobEnded: {'identifier': 'btcpp_ros2_samples', 'rc': 0}
[23.973200] (-) EventReactorShutdown: {}
