[0.053s] DEBUG:colcon:Command line arguments: ['/usr/bin/colcon', 'build', '--symlink-install', '--continue-on-error', '--mixin', 'compile-commands']
[0.053s] DEBUG:colcon:Parsed command line arguments: Namespace(log_base=None, log_level=None, verb_name='build', build_base='build', install_base='install', merge_install=False, symlink_install=True, test_result_base=None, continue_on_error=True, executor='parallel', parallel_workers=20, event_handlers=None, ignore_user_meta=False, metas=['./colcon.meta'], base_paths=['.'], packages_ignore=None, packages_ignore_regex=None, paths=None, packages_up_to=None, packages_up_to_regex=None, packages_above=None, packages_above_and_dependencies=None, packages_above_depth=None, packages_select_by_dep=None, packages_skip_by_dep=None, packages_skip_up_to=None, packages_select_build_failed=False, packages_skip_build_finished=False, packages_select_test_failures=False, packages_skip_test_passed=False, packages_select=None, packages_skip=None, packages_select_regex=None, packages_skip_regex=None, packages_start=None, packages_end=None, cmake_args=['-DCMAKE_EXPORT_COMPILE_COMMANDS=ON', '--no-warn-unused-cli'], cmake_target=None, cmake_target_skip_unavailable=False, cmake_clean_cache=False, cmake_clean_first=False, cmake_force_configure=False, ament_cmake_args=None, catkin_cmake_args=None, catkin_skip_building_tests=False, mixin_files=None, mixin=['compile-commands'], verb_parser=<colcon_mixin.mixin.mixin_argument.MixinArgumentDecorator object at 0x7aec8ccfb440>, verb_extension=<colcon_core.verb.build.BuildVerb object at 0x7aec8ccfb290>, main=<bound method BuildVerb.main of <colcon_core.verb.build.BuildVerb object at 0x7aec8ccfb290>>, mixin_verb=('build',))
[0.073s] Level 1:colcon.colcon_core.package_discovery:discover_packages(colcon_meta) check parameters
[0.073s] INFO:colcon.colcon_metadata.package_discovery.colcon_meta:Using configuration from '/root/.colcon/metadata/default/Gazebo.meta'
[0.073s] INFO:colcon.colcon_metadata.package_discovery.colcon_meta:Using configuration from '/root/.colcon/metadata/default/fastdds.meta'
[0.073s] INFO:colcon.colcon_metadata.package_discovery.colcon_meta:Using configuration from '/root/.colcon/metadata/default/fastrtps.meta'
[0.073s] Level 1:colcon.colcon_core.package_discovery:discover_packages(recursive) check parameters
[0.073s] Level 1:colcon.colcon_core.package_discovery:discover_packages(ignore) check parameters
[0.073s] Level 1:colcon.colcon_core.package_discovery:discover_packages(path) check parameters
[0.074s] Level 1:colcon.colcon_core.package_discovery:discover_packages(colcon_meta) discover
[0.074s] Level 1:colcon.colcon_core.package_discovery:discover_packages(recursive) discover
[0.074s] INFO:colcon.colcon_core.package_discovery:Crawling recursively for packages in '/convince_ws'
[0.074s] Level 1:colcon.colcon_core.package_identification:_identify(.) by extensions ['ignore', 'ignore_ament_install']
[0.074s] Level 1:colcon.colcon_core.package_identification:_identify(.) by extension 'ignore'
[0.074s] Level 1:colcon.colcon_core.package_identification:_identify(.) by extension 'ignore_ament_install'
[0.074s] Level 1:colcon.colcon_core.package_identification:_identify(.) by extensions ['colcon_pkg']
[0.074s] Level 1:colcon.colcon_core.package_identification:_identify(.) by extension 'colcon_pkg'
[0.074s] Level 1:colcon.colcon_core.package_identification:_identify(.) by extensions ['colcon_meta']
[0.074s] Level 1:colcon.colcon_core.package_identification:_identify(.) by extension 'colcon_meta'
[0.074s] Level 1:colcon.colcon_core.package_identification:_identify(.) by extensions ['ros']
[0.074s] Level 1:colcon.colcon_core.package_identification:_identify(.) by extension 'ros'
[0.087s] Level 1:colcon.colcon_core.package_identification:_identify(.) by extensions ['cmake', 'python']
[0.088s] Level 1:colcon.colcon_core.package_identification:_identify(.) by extension 'cmake'
[0.088s] Level 1:colcon.colcon_core.package_identification:_identify(.) by extension 'python'
[0.088s] Level 1:colcon.colcon_core.package_identification:_identify(.) by extensions ['python_setup_py']
[0.088s] Level 1:colcon.colcon_core.package_identification:_identify(.) by extension 'python_setup_py'
[0.088s] Level 1:colcon.colcon_core.package_identification:_identify(BehaviorTree.CPP) by extensions ['ignore', 'ignore_ament_install']
[0.088s] Level 1:colcon.colcon_core.package_identification:_identify(BehaviorTree.CPP) by extension 'ignore'
[0.088s] Level 1:colcon.colcon_core.package_identification:_identify(BehaviorTree.CPP) by extension 'ignore_ament_install'
[0.088s] Level 1:colcon.colcon_core.package_identification:_identify(BehaviorTree.CPP) by extensions ['colcon_pkg']
[0.088s] Level 1:colcon.colcon_core.package_identification:_identify(BehaviorTree.CPP) by extension 'colcon_pkg'
[0.088s] Level 1:colcon.colcon_core.package_identification:_identify(BehaviorTree.CPP) by extensions ['colcon_meta']
[0.088s] Level 1:colcon.colcon_core.package_identification:_identify(BehaviorTree.CPP) by extension 'colcon_meta'
[0.088s] Level 1:colcon.colcon_core.package_identification:_identify(BehaviorTree.CPP) by extensions ['ros']
[0.088s] Level 1:colcon.colcon_core.package_identification:_identify(BehaviorTree.CPP) by extension 'ros'
[0.091s] DEBUG:colcon.colcon_core.package_identification:Package 'BehaviorTree.CPP' with type 'ros.ament_cmake' and name 'behaviortree_cpp_v3'
[0.091s] Level 1:colcon.colcon_core.package_identification:_identify(build) by extensions ['ignore', 'ignore_ament_install']
[0.091s] Level 1:colcon.colcon_core.package_identification:_identify(build) by extension 'ignore'
[0.092s] Level 1:colcon.colcon_core.package_identification:_identify(build) ignored
[0.092s] Level 1:colcon.colcon_core.package_identification:_identify(install) by extensions ['ignore', 'ignore_ament_install']
[0.092s] Level 1:colcon.colcon_core.package_identification:_identify(install) by extension 'ignore'
[0.092s] Level 1:colcon.colcon_core.package_identification:_identify(install) ignored
[0.092s] Level 1:colcon.colcon_core.package_identification:_identify(log) by extensions ['ignore', 'ignore_ament_install']
[0.092s] Level 1:colcon.colcon_core.package_identification:_identify(log) by extension 'ignore'
[0.092s] Level 1:colcon.colcon_core.package_identification:_identify(log) ignored
[0.092s] Level 1:colcon.colcon_core.package_identification:_identify(src) by extensions ['ignore', 'ignore_ament_install']
[0.092s] Level 1:colcon.colcon_core.package_identification:_identify(src) by extension 'ignore'
[0.092s] Level 1:colcon.colcon_core.package_identification:_identify(src) by extension 'ignore_ament_install'
[0.092s] Level 1:colcon.colcon_core.package_identification:_identify(src) by extensions ['colcon_pkg']
[0.092s] Level 1:colcon.colcon_core.package_identification:_identify(src) by extension 'colcon_pkg'
[0.092s] Level 1:colcon.colcon_core.package_identification:_identify(src) by extensions ['colcon_meta']
[0.092s] Level 1:colcon.colcon_core.package_identification:_identify(src) by extension 'colcon_meta'
[0.092s] Level 1:colcon.colcon_core.package_identification:_identify(src) by extensions ['ros']
[0.092s] Level 1:colcon.colcon_core.package_identification:_identify(src) by extension 'ros'
[0.092s] Level 1:colcon.colcon_core.package_identification:_identify(src) by extensions ['cmake', 'python']
[0.092s] Level 1:colcon.colcon_core.package_identification:_identify(src) by extension 'cmake'
[0.092s] Level 1:colcon.colcon_core.package_identification:_identify(src) by extension 'python'
[0.092s] Level 1:colcon.colcon_core.package_identification:_identify(src) by extensions ['python_setup_py']
[0.092s] Level 1:colcon.colcon_core.package_identification:_identify(src) by extension 'python_setup_py'
[0.092s] Level 1:colcon.colcon_core.package_identification:_identify(src/behavior_tree) by extensions ['ignore', 'ignore_ament_install']
[0.092s] Level 1:colcon.colcon_core.package_identification:_identify(src/behavior_tree) by extension 'ignore'
[0.092s] Level 1:colcon.colcon_core.package_identification:_identify(src/behavior_tree) by extension 'ignore_ament_install'
[0.092s] Level 1:colcon.colcon_core.package_identification:_identify(src/behavior_tree) by extensions ['colcon_pkg']
[0.092s] Level 1:colcon.colcon_core.package_identification:_identify(src/behavior_tree) by extension 'colcon_pkg'
[0.092s] Level 1:colcon.colcon_core.package_identification:_identify(src/behavior_tree) by extensions ['colcon_meta']
[0.092s] Level 1:colcon.colcon_core.package_identification:_identify(src/behavior_tree) by extension 'colcon_meta'
[0.092s] Level 1:colcon.colcon_core.package_identification:_identify(src/behavior_tree) by extensions ['ros']
[0.092s] Level 1:colcon.colcon_core.package_identification:_identify(src/behavior_tree) by extension 'ros'
[0.092s] Level 1:colcon.colcon_core.package_identification:_identify(src/behavior_tree) by extensions ['cmake', 'python']
[0.092s] Level 1:colcon.colcon_core.package_identification:_identify(src/behavior_tree) by extension 'cmake'
[0.092s] Level 1:colcon.colcon_core.package_identification:_identify(src/behavior_tree) by extension 'python'
[0.092s] Level 1:colcon.colcon_core.package_identification:_identify(src/behavior_tree) by extensions ['python_setup_py']
[0.092s] Level 1:colcon.colcon_core.package_identification:_identify(src/behavior_tree) by extension 'python_setup_py'
[0.092s] Level 1:colcon.colcon_core.package_identification:_identify(src/behaviortree_ros2) by extensions ['ignore', 'ignore_ament_install']
[0.092s] Level 1:colcon.colcon_core.package_identification:_identify(src/behaviortree_ros2) by extension 'ignore'
[0.092s] Level 1:colcon.colcon_core.package_identification:_identify(src/behaviortree_ros2) by extension 'ignore_ament_install'
[0.092s] Level 1:colcon.colcon_core.package_identification:_identify(src/behaviortree_ros2) by extensions ['colcon_pkg']
[0.093s] Level 1:colcon.colcon_core.package_identification:_identify(src/behaviortree_ros2) by extension 'colcon_pkg'
[0.093s] Level 1:colcon.colcon_core.package_identification:_identify(src/behaviortree_ros2) by extensions ['colcon_meta']
[0.093s] Level 1:colcon.colcon_core.package_identification:_identify(src/behaviortree_ros2) by extension 'colcon_meta'
[0.093s] Level 1:colcon.colcon_core.package_identification:_identify(src/behaviortree_ros2) by extensions ['ros']
[0.093s] Level 1:colcon.colcon_core.package_identification:_identify(src/behaviortree_ros2) by extension 'ros'
[0.093s] Level 1:colcon.colcon_core.package_identification:_identify(src/behaviortree_ros2) by extensions ['cmake', 'python']
[0.093s] Level 1:colcon.colcon_core.package_identification:_identify(src/behaviortree_ros2) by extension 'cmake'
[0.093s] Level 1:colcon.colcon_core.package_identification:_identify(src/behaviortree_ros2) by extension 'python'
[0.093s] Level 1:colcon.colcon_core.package_identification:_identify(src/behaviortree_ros2) by extensions ['python_setup_py']
[0.093s] Level 1:colcon.colcon_core.package_identification:_identify(src/behaviortree_ros2) by extension 'python_setup_py'
[0.093s] Level 1:colcon.colcon_core.package_identification:_identify(src/behaviortree_ros2/behaviortree_ros2) by extensions ['ignore', 'ignore_ament_install']
[0.093s] Level 1:colcon.colcon_core.package_identification:_identify(src/behaviortree_ros2/behaviortree_ros2) by extension 'ignore'
[0.093s] Level 1:colcon.colcon_core.package_identification:_identify(src/behaviortree_ros2/behaviortree_ros2) by extension 'ignore_ament_install'
[0.093s] Level 1:colcon.colcon_core.package_identification:_identify(src/behaviortree_ros2/behaviortree_ros2) by extensions ['colcon_pkg']
[0.093s] Level 1:colcon.colcon_core.package_identification:_identify(src/behaviortree_ros2/behaviortree_ros2) by extension 'colcon_pkg'
[0.093s] Level 1:colcon.colcon_core.package_identification:_identify(src/behaviortree_ros2/behaviortree_ros2) by extensions ['colcon_meta']
[0.093s] Level 1:colcon.colcon_core.package_identification:_identify(src/behaviortree_ros2/behaviortree_ros2) by extension 'colcon_meta'
[0.093s] Level 1:colcon.colcon_core.package_identification:_identify(src/behaviortree_ros2/behaviortree_ros2) by extensions ['ros']
[0.093s] Level 1:colcon.colcon_core.package_identification:_identify(src/behaviortree_ros2/behaviortree_ros2) by extension 'ros'
[0.093s] DEBUG:colcon.colcon_core.package_identification:Package 'src/behaviortree_ros2/behaviortree_ros2' with type 'ros.ament_cmake' and name 'behaviortree_ros2'
[0.093s] Level 1:colcon.colcon_core.package_identification:_identify(src/behaviortree_ros2/btcpp_ros2_interfaces) by extensions ['ignore', 'ignore_ament_install']
[0.093s] Level 1:colcon.colcon_core.package_identification:_identify(src/behaviortree_ros2/btcpp_ros2_interfaces) by extension 'ignore'
[0.093s] Level 1:colcon.colcon_core.package_identification:_identify(src/behaviortree_ros2/btcpp_ros2_interfaces) by extension 'ignore_ament_install'
[0.093s] Level 1:colcon.colcon_core.package_identification:_identify(src/behaviortree_ros2/btcpp_ros2_interfaces) by extensions ['colcon_pkg']
[0.093s] Level 1:colcon.colcon_core.package_identification:_identify(src/behaviortree_ros2/btcpp_ros2_interfaces) by extension 'colcon_pkg'
[0.093s] Level 1:colcon.colcon_core.package_identification:_identify(src/behaviortree_ros2/btcpp_ros2_interfaces) by extensions ['colcon_meta']
[0.093s] Level 1:colcon.colcon_core.package_identification:_identify(src/behaviortree_ros2/btcpp_ros2_interfaces) by extension 'colcon_meta'
[0.093s] Level 1:colcon.colcon_core.package_identification:_identify(src/behaviortree_ros2/btcpp_ros2_interfaces) by extensions ['ros']
[0.093s] Level 1:colcon.colcon_core.package_identification:_identify(src/behaviortree_ros2/btcpp_ros2_interfaces) by extension 'ros'
[0.094s] DEBUG:colcon.colcon_core.package_identification:Package 'src/behaviortree_ros2/btcpp_ros2_interfaces' with type 'ros.ament_cmake' and name 'btcpp_ros2_interfaces'
[0.094s] Level 1:colcon.colcon_core.package_identification:_identify(src/behaviortree_ros2/btcpp_ros2_samples) by extensions ['ignore', 'ignore_ament_install']
[0.094s] Level 1:colcon.colcon_core.package_identification:_identify(src/behaviortree_ros2/btcpp_ros2_samples) by extension 'ignore'
[0.094s] Level 1:colcon.colcon_core.package_identification:_identify(src/behaviortree_ros2/btcpp_ros2_samples) by extension 'ignore_ament_install'
[0.094s] Level 1:colcon.colcon_core.package_identification:_identify(src/behaviortree_ros2/btcpp_ros2_samples) by extensions ['colcon_pkg']
[0.094s] Level 1:colcon.colcon_core.package_identification:_identify(src/behaviortree_ros2/btcpp_ros2_samples) by extension 'colcon_pkg'
[0.094s] Level 1:colcon.colcon_core.package_identification:_identify(src/behaviortree_ros2/btcpp_ros2_samples) by extensions ['colcon_meta']
[0.094s] Level 1:colcon.colcon_core.package_identification:_identify(src/behaviortree_ros2/btcpp_ros2_samples) by extension 'colcon_meta'
[0.094s] Level 1:colcon.colcon_core.package_identification:_identify(src/behaviortree_ros2/btcpp_ros2_samples) by extensions ['ros']
[0.094s] Level 1:colcon.colcon_core.package_identification:_identify(src/behaviortree_ros2/btcpp_ros2_samples) by extension 'ros'
[0.094s] DEBUG:colcon.colcon_core.package_identification:Package 'src/behaviortree_ros2/btcpp_ros2_samples' with type 'ros.ament_cmake' and name 'btcpp_ros2_samples'
[0.094s] Level 1:colcon.colcon_core.package_identification:_identify(src/bt_nodes) by extensions ['ignore', 'ignore_ament_install']
[0.094s] Level 1:colcon.colcon_core.package_identification:_identify(src/bt_nodes) by extension 'ignore'
[0.094s] Level 1:colcon.colcon_core.package_identification:_identify(src/bt_nodes) by extension 'ignore_ament_install'
[0.094s] Level 1:colcon.colcon_core.package_identification:_identify(src/bt_nodes) by extensions ['colcon_pkg']
[0.094s] Level 1:colcon.colcon_core.package_identification:_identify(src/bt_nodes) by extension 'colcon_pkg'
[0.094s] Level 1:colcon.colcon_core.package_identification:_identify(src/bt_nodes) by extensions ['colcon_meta']
[0.094s] Level 1:colcon.colcon_core.package_identification:_identify(src/bt_nodes) by extension 'colcon_meta'
[0.095s] Level 1:colcon.colcon_core.package_identification:_identify(src/bt_nodes) by extensions ['ros']
[0.095s] Level 1:colcon.colcon_core.package_identification:_identify(src/bt_nodes) by extension 'ros'
[0.095s] Level 1:colcon.colcon_core.package_identification:_identify(src/bt_nodes) by extensions ['cmake', 'python']
[0.095s] Level 1:colcon.colcon_core.package_identification:_identify(src/bt_nodes) by extension 'cmake'
[0.095s] Level 1:colcon.colcon_core.package_identification:_identify(src/bt_nodes) by extension 'python'
[0.095s] Level 1:colcon.colcon_core.package_identification:_identify(src/bt_nodes) by extensions ['python_setup_py']
[0.095s] Level 1:colcon.colcon_core.package_identification:_identify(src/bt_nodes) by extension 'python_setup_py'
[0.095s] Level 1:colcon.colcon_core.package_identification:_identify(src/dependencies) by extensions ['ignore', 'ignore_ament_install']
[0.095s] Level 1:colcon.colcon_core.package_identification:_identify(src/dependencies) by extension 'ignore'
[0.095s] Level 1:colcon.colcon_core.package_identification:_identify(src/dependencies) by extension 'ignore_ament_install'
[0.095s] Level 1:colcon.colcon_core.package_identification:_identify(src/dependencies) by extensions ['colcon_pkg']
[0.095s] Level 1:colcon.colcon_core.package_identification:_identify(src/dependencies) by extension 'colcon_pkg'
[0.095s] Level 1:colcon.colcon_core.package_identification:_identify(src/dependencies) by extensions ['colcon_meta']
[0.095s] Level 1:colcon.colcon_core.package_identification:_identify(src/dependencies) by extension 'colcon_meta'
[0.095s] Level 1:colcon.colcon_core.package_identification:_identify(src/dependencies) by extensions ['ros']
[0.095s] Level 1:colcon.colcon_core.package_identification:_identify(src/dependencies) by extension 'ros'
[0.095s] Level 1:colcon.colcon_core.package_identification:_identify(src/dependencies) by extensions ['cmake', 'python']
[0.095s] Level 1:colcon.colcon_core.package_identification:_identify(src/dependencies) by extension 'cmake'
[0.095s] Level 1:colcon.colcon_core.package_identification:_identify(src/dependencies) by extension 'python'
[0.095s] Level 1:colcon.colcon_core.package_identification:_identify(src/dependencies) by extensions ['python_setup_py']
[0.095s] Level 1:colcon.colcon_core.package_identification:_identify(src/dependencies) by extension 'python_setup_py'
[0.095s] Level 1:colcon.colcon_core.package_identification:_identify(src/dependencies/BehaviorTree.ROS2) by extensions ['ignore', 'ignore_ament_install']
[0.095s] Level 1:colcon.colcon_core.package_identification:_identify(src/dependencies/BehaviorTree.ROS2) by extension 'ignore'
[0.095s] Level 1:colcon.colcon_core.package_identification:_identify(src/dependencies/BehaviorTree.ROS2) by extension 'ignore_ament_install'
[0.095s] Level 1:colcon.colcon_core.package_identification:_identify(src/dependencies/BehaviorTree.ROS2) by extensions ['colcon_pkg']
[0.095s] Level 1:colcon.colcon_core.package_identification:_identify(src/dependencies/BehaviorTree.ROS2) by extension 'colcon_pkg'
[0.095s] Level 1:colcon.colcon_core.package_identification:_identify(src/dependencies/BehaviorTree.ROS2) by extensions ['colcon_meta']
[0.095s] Level 1:colcon.colcon_core.package_identification:_identify(src/dependencies/BehaviorTree.ROS2) by extension 'colcon_meta'
[0.095s] Level 1:colcon.colcon_core.package_identification:_identify(src/dependencies/BehaviorTree.ROS2) by extensions ['ros']
[0.095s] Level 1:colcon.colcon_core.package_identification:_identify(src/dependencies/BehaviorTree.ROS2) by extension 'ros'
[0.095s] Level 1:colcon.colcon_core.package_identification:_identify(src/dependencies/BehaviorTree.ROS2) by extensions ['cmake', 'python']
[0.095s] Level 1:colcon.colcon_core.package_identification:_identify(src/dependencies/BehaviorTree.ROS2) by extension 'cmake'
[0.095s] Level 1:colcon.colcon_core.package_identification:_identify(src/dependencies/BehaviorTree.ROS2) by extension 'python'
[0.095s] Level 1:colcon.colcon_core.package_identification:_identify(src/dependencies/BehaviorTree.ROS2) by extensions ['python_setup_py']
[0.095s] Level 1:colcon.colcon_core.package_identification:_identify(src/dependencies/BehaviorTree.ROS2) by extension 'python_setup_py'
[0.095s] Level 1:colcon.colcon_core.package_identification:_identify(src/generated_skill) by extensions ['ignore', 'ignore_ament_install']
[0.095s] Level 1:colcon.colcon_core.package_identification:_identify(src/generated_skill) by extension 'ignore'
[0.095s] Level 1:colcon.colcon_core.package_identification:_identify(src/generated_skill) by extension 'ignore_ament_install'
[0.095s] Level 1:colcon.colcon_core.package_identification:_identify(src/generated_skill) by extensions ['colcon_pkg']
[0.095s] Level 1:colcon.colcon_core.package_identification:_identify(src/generated_skill) by extension 'colcon_pkg'
[0.095s] Level 1:colcon.colcon_core.package_identification:_identify(src/generated_skill) by extensions ['colcon_meta']
[0.095s] Level 1:colcon.colcon_core.package_identification:_identify(src/generated_skill) by extension 'colcon_meta'
[0.095s] Level 1:colcon.colcon_core.package_identification:_identify(src/generated_skill) by extensions ['ros']
[0.095s] Level 1:colcon.colcon_core.package_identification:_identify(src/generated_skill) by extension 'ros'
[0.095s] Level 1:colcon.colcon_core.package_identification:_identify(src/generated_skill) by extensions ['cmake', 'python']
[0.095s] Level 1:colcon.colcon_core.package_identification:_identify(src/generated_skill) by extension 'cmake'
[0.095s] Level 1:colcon.colcon_core.package_identification:_identify(src/generated_skill) by extension 'python'
[0.095s] Level 1:colcon.colcon_core.package_identification:_identify(src/generated_skill) by extensions ['python_setup_py']
[0.095s] Level 1:colcon.colcon_core.package_identification:_identify(src/generated_skill) by extension 'python_setup_py'
[0.096s] Level 1:colcon.colcon_core.package_identification:_identify(src/pyrobosim) by extensions ['ignore', 'ignore_ament_install']
[0.096s] Level 1:colcon.colcon_core.package_identification:_identify(src/pyrobosim) by extension 'ignore'
[0.096s] Level 1:colcon.colcon_core.package_identification:_identify(src/pyrobosim) by extension 'ignore_ament_install'
[0.096s] Level 1:colcon.colcon_core.package_identification:_identify(src/pyrobosim) by extensions ['colcon_pkg']
[0.096s] Level 1:colcon.colcon_core.package_identification:_identify(src/pyrobosim) by extension 'colcon_pkg'
[0.096s] Level 1:colcon.colcon_core.package_identification:_identify(src/pyrobosim) by extensions ['colcon_meta']
[0.096s] Level 1:colcon.colcon_core.package_identification:_identify(src/pyrobosim) by extension 'colcon_meta'
[0.096s] Level 1:colcon.colcon_core.package_identification:_identify(src/pyrobosim) by extensions ['ros']
[0.096s] Level 1:colcon.colcon_core.package_identification:_identify(src/pyrobosim) by extension 'ros'
[0.096s] Level 1:colcon.colcon_core.package_identification:_identify(src/pyrobosim) by extensions ['cmake', 'python']
[0.096s] Level 1:colcon.colcon_core.package_identification:_identify(src/pyrobosim) by extension 'cmake'
[0.096s] Level 1:colcon.colcon_core.package_identification:_identify(src/pyrobosim) by extension 'python'
[0.096s] Level 1:colcon.colcon_core.package_identification:_identify(src/pyrobosim) by extensions ['python_setup_py']
[0.096s] Level 1:colcon.colcon_core.package_identification:_identify(src/pyrobosim) by extension 'python_setup_py'
[0.096s] Level 1:colcon.colcon_core.package_identification:_identify(src/pyrobosim/docker) by extensions ['ignore', 'ignore_ament_install']
[0.096s] Level 1:colcon.colcon_core.package_identification:_identify(src/pyrobosim/docker) by extension 'ignore'
[0.096s] Level 1:colcon.colcon_core.package_identification:_identify(src/pyrobosim/docker) by extension 'ignore_ament_install'
[0.096s] Level 1:colcon.colcon_core.package_identification:_identify(src/pyrobosim/docker) by extensions ['colcon_pkg']
[0.096s] Level 1:colcon.colcon_core.package_identification:_identify(src/pyrobosim/docker) by extension 'colcon_pkg'
[0.096s] Level 1:colcon.colcon_core.package_identification:_identify(src/pyrobosim/docker) by extensions ['colcon_meta']
[0.096s] Level 1:colcon.colcon_core.package_identification:_identify(src/pyrobosim/docker) by extension 'colcon_meta'
[0.096s] Level 1:colcon.colcon_core.package_identification:_identify(src/pyrobosim/docker) by extensions ['ros']
[0.096s] Level 1:colcon.colcon_core.package_identification:_identify(src/pyrobosim/docker) by extension 'ros'
[0.096s] Level 1:colcon.colcon_core.package_identification:_identify(src/pyrobosim/docker) by extensions ['cmake', 'python']
[0.096s] Level 1:colcon.colcon_core.package_identification:_identify(src/pyrobosim/docker) by extension 'cmake'
[0.096s] Level 1:colcon.colcon_core.package_identification:_identify(src/pyrobosim/docker) by extension 'python'
[0.096s] Level 1:colcon.colcon_core.package_identification:_identify(src/pyrobosim/docker) by extensions ['python_setup_py']
[0.096s] Level 1:colcon.colcon_core.package_identification:_identify(src/pyrobosim/docker) by extension 'python_setup_py'
[0.096s] Level 1:colcon.colcon_core.package_identification:_identify(src/pyrobosim/docs) by extensions ['ignore', 'ignore_ament_install']
[0.096s] Level 1:colcon.colcon_core.package_identification:_identify(src/pyrobosim/docs) by extension 'ignore'
[0.096s] Level 1:colcon.colcon_core.package_identification:_identify(src/pyrobosim/docs) by extension 'ignore_ament_install'
[0.096s] Level 1:colcon.colcon_core.package_identification:_identify(src/pyrobosim/docs) by extensions ['colcon_pkg']
[0.096s] Level 1:colcon.colcon_core.package_identification:_identify(src/pyrobosim/docs) by extension 'colcon_pkg'
[0.096s] Level 1:colcon.colcon_core.package_identification:_identify(src/pyrobosim/docs) by extensions ['colcon_meta']
[0.096s] Level 1:colcon.colcon_core.package_identification:_identify(src/pyrobosim/docs) by extension 'colcon_meta'
[0.096s] Level 1:colcon.colcon_core.package_identification:_identify(src/pyrobosim/docs) by extensions ['ros']
[0.096s] Level 1:colcon.colcon_core.package_identification:_identify(src/pyrobosim/docs) by extension 'ros'
[0.096s] Level 1:colcon.colcon_core.package_identification:_identify(src/pyrobosim/docs) by extensions ['cmake', 'python']
[0.096s] Level 1:colcon.colcon_core.package_identification:_identify(src/pyrobosim/docs) by extension 'cmake'
[0.096s] Level 1:colcon.colcon_core.package_identification:_identify(src/pyrobosim/docs) by extension 'python'
[0.096s] Level 1:colcon.colcon_core.package_identification:_identify(src/pyrobosim/docs) by extensions ['python_setup_py']
[0.096s] Level 1:colcon.colcon_core.package_identification:_identify(src/pyrobosim/docs) by extension 'python_setup_py'
[0.096s] Level 1:colcon.colcon_core.package_identification:_identify(src/pyrobosim/docs/source) by extensions ['ignore', 'ignore_ament_install']
[0.096s] Level 1:colcon.colcon_core.package_identification:_identify(src/pyrobosim/docs/source) by extension 'ignore'
[0.096s] Level 1:colcon.colcon_core.package_identification:_identify(src/pyrobosim/docs/source) by extension 'ignore_ament_install'
[0.096s] Level 1:colcon.colcon_core.package_identification:_identify(src/pyrobosim/docs/source) by extensions ['colcon_pkg']
[0.096s] Level 1:colcon.colcon_core.package_identification:_identify(src/pyrobosim/docs/source) by extension 'colcon_pkg'
[0.097s] Level 1:colcon.colcon_core.package_identification:_identify(src/pyrobosim/docs/source) by extensions ['colcon_meta']
[0.097s] Level 1:colcon.colcon_core.package_identification:_identify(src/pyrobosim/docs/source) by extension 'colcon_meta'
[0.097s] Level 1:colcon.colcon_core.package_identification:_identify(src/pyrobosim/docs/source) by extensions ['ros']
[0.097s] Level 1:colcon.colcon_core.package_identification:_identify(src/pyrobosim/docs/source) by extension 'ros'
[0.097s] Level 1:colcon.colcon_core.package_identification:_identify(src/pyrobosim/docs/source) by extensions ['cmake', 'python']
[0.097s] Level 1:colcon.colcon_core.package_identification:_identify(src/pyrobosim/docs/source) by extension 'cmake'
[0.097s] Level 1:colcon.colcon_core.package_identification:_identify(src/pyrobosim/docs/source) by extension 'python'
[0.097s] Level 1:colcon.colcon_core.package_identification:_identify(src/pyrobosim/docs/source) by extensions ['python_setup_py']
[0.097s] Level 1:colcon.colcon_core.package_identification:_identify(src/pyrobosim/docs/source) by extension 'python_setup_py'
[0.097s] Level 1:colcon.colcon_core.package_identification:_identify(src/pyrobosim/docs/source/_templates) by extensions ['ignore', 'ignore_ament_install']
[0.097s] Level 1:colcon.colcon_core.package_identification:_identify(src/pyrobosim/docs/source/_templates) by extension 'ignore'
[0.097s] Level 1:colcon.colcon_core.package_identification:_identify(src/pyrobosim/docs/source/_templates) by extension 'ignore_ament_install'
[0.097s] Level 1:colcon.colcon_core.package_identification:_identify(src/pyrobosim/docs/source/_templates) by extensions ['colcon_pkg']
[0.097s] Level 1:colcon.colcon_core.package_identification:_identify(src/pyrobosim/docs/source/_templates) by extension 'colcon_pkg'
[0.097s] Level 1:colcon.colcon_core.package_identification:_identify(src/pyrobosim/docs/source/_templates) by extensions ['colcon_meta']
[0.097s] Level 1:colcon.colcon_core.package_identification:_identify(src/pyrobosim/docs/source/_templates) by extension 'colcon_meta'
[0.097s] Level 1:colcon.colcon_core.package_identification:_identify(src/pyrobosim/docs/source/_templates) by extensions ['ros']
[0.097s] Level 1:colcon.colcon_core.package_identification:_identify(src/pyrobosim/docs/source/_templates) by extension 'ros'
[0.097s] Level 1:colcon.colcon_core.package_identification:_identify(src/pyrobosim/docs/source/_templates) by extensions ['cmake', 'python']
[0.097s] Level 1:colcon.colcon_core.package_identification:_identify(src/pyrobosim/docs/source/_templates) by extension 'cmake'
[0.097s] Level 1:colcon.colcon_core.package_identification:_identify(src/pyrobosim/docs/source/_templates) by extension 'python'
[0.097s] Level 1:colcon.colcon_core.package_identification:_identify(src/pyrobosim/docs/source/_templates) by extensions ['python_setup_py']
[0.097s] Level 1:colcon.colcon_core.package_identification:_identify(src/pyrobosim/docs/source/_templates) by extension 'python_setup_py'
[0.097s] Level 1:colcon.colcon_core.package_identification:_identify(src/pyrobosim/docs/source/_templates/autosummary) by extensions ['ignore', 'ignore_ament_install']
[0.097s] Level 1:colcon.colcon_core.package_identification:_identify(src/pyrobosim/docs/source/_templates/autosummary) by extension 'ignore'
[0.097s] Level 1:colcon.colcon_core.package_identification:_identify(src/pyrobosim/docs/source/_templates/autosummary) by extension 'ignore_ament_install'
[0.097s] Level 1:colcon.colcon_core.package_identification:_identify(src/pyrobosim/docs/source/_templates/autosummary) by extensions ['colcon_pkg']
[0.097s] Level 1:colcon.colcon_core.package_identification:_identify(src/pyrobosim/docs/source/_templates/autosummary) by extension 'colcon_pkg'
[0.097s] Level 1:colcon.colcon_core.package_identification:_identify(src/pyrobosim/docs/source/_templates/autosummary) by extensions ['colcon_meta']
[0.097s] Level 1:colcon.colcon_core.package_identification:_identify(src/pyrobosim/docs/source/_templates/autosummary) by extension 'colcon_meta'
[0.097s] Level 1:colcon.colcon_core.package_identification:_identify(src/pyrobosim/docs/source/_templates/autosummary) by extensions ['ros']
[0.097s] Level 1:colcon.colcon_core.package_identification:_identify(src/pyrobosim/docs/source/_templates/autosummary) by extension 'ros'
[0.097s] Level 1:colcon.colcon_core.package_identification:_identify(src/pyrobosim/docs/source/_templates/autosummary) by extensions ['cmake', 'python']
[0.097s] Level 1:colcon.colcon_core.package_identification:_identify(src/pyrobosim/docs/source/_templates/autosummary) by extension 'cmake'
[0.097s] Level 1:colcon.colcon_core.package_identification:_identify(src/pyrobosim/docs/source/_templates/autosummary) by extension 'python'
[0.097s] Level 1:colcon.colcon_core.package_identification:_identify(src/pyrobosim/docs/source/_templates/autosummary) by extensions ['python_setup_py']
[0.097s] Level 1:colcon.colcon_core.package_identification:_identify(src/pyrobosim/docs/source/_templates/autosummary) by extension 'python_setup_py'
[0.097s] Level 1:colcon.colcon_core.package_identification:_identify(src/pyrobosim/docs/source/media) by extensions ['ignore', 'ignore_ament_install']
[0.097s] Level 1:colcon.colcon_core.package_identification:_identify(src/pyrobosim/docs/source/media) by extension 'ignore'
[0.097s] Level 1:colcon.colcon_core.package_identification:_identify(src/pyrobosim/docs/source/media) by extension 'ignore_ament_install'
[0.097s] Level 1:colcon.colcon_core.package_identification:_identify(src/pyrobosim/docs/source/media) by extensions ['colcon_pkg']
[0.097s] Level 1:colcon.colcon_core.package_identification:_identify(src/pyrobosim/docs/source/media) by extension 'colcon_pkg'
[0.097s] Level 1:colcon.colcon_core.package_identification:_identify(src/pyrobosim/docs/source/media) by extensions ['colcon_meta']
[0.097s] Level 1:colcon.colcon_core.package_identification:_identify(src/pyrobosim/docs/source/media) by extension 'colcon_meta'
[0.097s] Level 1:colcon.colcon_core.package_identification:_identify(src/pyrobosim/docs/source/media) by extensions ['ros']
[0.097s] Level 1:colcon.colcon_core.package_identification:_identify(src/pyrobosim/docs/source/media) by extension 'ros'
[0.098s] Level 1:colcon.colcon_core.package_identification:_identify(src/pyrobosim/docs/source/media) by extensions ['cmake', 'python']
[0.098s] Level 1:colcon.colcon_core.package_identification:_identify(src/pyrobosim/docs/source/media) by extension 'cmake'
[0.098s] Level 1:colcon.colcon_core.package_identification:_identify(src/pyrobosim/docs/source/media) by extension 'python'
[0.098s] Level 1:colcon.colcon_core.package_identification:_identify(src/pyrobosim/docs/source/media) by extensions ['python_setup_py']
[0.098s] Level 1:colcon.colcon_core.package_identification:_identify(src/pyrobosim/docs/source/media) by extension 'python_setup_py'
[0.098s] Level 1:colcon.colcon_core.package_identification:_identify(src/pyrobosim/docs/source/usage) by extensions ['ignore', 'ignore_ament_install']
[0.098s] Level 1:colcon.colcon_core.package_identification:_identify(src/pyrobosim/docs/source/usage) by extension 'ignore'
[0.098s] Level 1:colcon.colcon_core.package_identification:_identify(src/pyrobosim/docs/source/usage) by extension 'ignore_ament_install'
[0.098s] Level 1:colcon.colcon_core.package_identification:_identify(src/pyrobosim/docs/source/usage) by extensions ['colcon_pkg']
[0.098s] Level 1:colcon.colcon_core.package_identification:_identify(src/pyrobosim/docs/source/usage) by extension 'colcon_pkg'
[0.098s] Level 1:colcon.colcon_core.package_identification:_identify(src/pyrobosim/docs/source/usage) by extensions ['colcon_meta']
[0.098s] Level 1:colcon.colcon_core.package_identification:_identify(src/pyrobosim/docs/source/usage) by extension 'colcon_meta'
[0.098s] Level 1:colcon.colcon_core.package_identification:_identify(src/pyrobosim/docs/source/usage) by extensions ['ros']
[0.098s] Level 1:colcon.colcon_core.package_identification:_identify(src/pyrobosim/docs/source/usage) by extension 'ros'
[0.098s] Level 1:colcon.colcon_core.package_identification:_identify(src/pyrobosim/docs/source/usage) by extensions ['cmake', 'python']
[0.098s] Level 1:colcon.colcon_core.package_identification:_identify(src/pyrobosim/docs/source/usage) by extension 'cmake'
[0.098s] Level 1:colcon.colcon_core.package_identification:_identify(src/pyrobosim/docs/source/usage) by extension 'python'
[0.098s] Level 1:colcon.colcon_core.package_identification:_identify(src/pyrobosim/docs/source/usage) by extensions ['python_setup_py']
[0.098s] Level 1:colcon.colcon_core.package_identification:_identify(src/pyrobosim/docs/source/usage) by extension 'python_setup_py'
[0.098s] Level 1:colcon.colcon_core.package_identification:_identify(src/pyrobosim/docs/source/yaml) by extensions ['ignore', 'ignore_ament_install']
[0.098s] Level 1:colcon.colcon_core.package_identification:_identify(src/pyrobosim/docs/source/yaml) by extension 'ignore'
[0.098s] Level 1:colcon.colcon_core.package_identification:_identify(src/pyrobosim/docs/source/yaml) by extension 'ignore_ament_install'
[0.098s] Level 1:colcon.colcon_core.package_identification:_identify(src/pyrobosim/docs/source/yaml) by extensions ['colcon_pkg']
[0.098s] Level 1:colcon.colcon_core.package_identification:_identify(src/pyrobosim/docs/source/yaml) by extension 'colcon_pkg'
[0.098s] Level 1:colcon.colcon_core.package_identification:_identify(src/pyrobosim/docs/source/yaml) by extensions ['colcon_meta']
[0.098s] Level 1:colcon.colcon_core.package_identification:_identify(src/pyrobosim/docs/source/yaml) by extension 'colcon_meta'
[0.098s] Level 1:colcon.colcon_core.package_identification:_identify(src/pyrobosim/docs/source/yaml) by extensions ['ros']
[0.098s] Level 1:colcon.colcon_core.package_identification:_identify(src/pyrobosim/docs/source/yaml) by extension 'ros'
[0.098s] Level 1:colcon.colcon_core.package_identification:_identify(src/pyrobosim/docs/source/yaml) by extensions ['cmake', 'python']
[0.098s] Level 1:colcon.colcon_core.package_identification:_identify(src/pyrobosim/docs/source/yaml) by extension 'cmake'
[0.098s] Level 1:colcon.colcon_core.package_identification:_identify(src/pyrobosim/docs/source/yaml) by extension 'python'
[0.098s] Level 1:colcon.colcon_core.package_identification:_identify(src/pyrobosim/docs/source/yaml) by extensions ['python_setup_py']
[0.098s] Level 1:colcon.colcon_core.package_identification:_identify(src/pyrobosim/docs/source/yaml) by extension 'python_setup_py'
[0.098s] Level 1:colcon.colcon_core.package_identification:_identify(src/pyrobosim/pyrobosim) by extensions ['ignore', 'ignore_ament_install']
[0.098s] Level 1:colcon.colcon_core.package_identification:_identify(src/pyrobosim/pyrobosim) by extension 'ignore'
[0.098s] Level 1:colcon.colcon_core.package_identification:_identify(src/pyrobosim/pyrobosim) by extension 'ignore_ament_install'
[0.098s] Level 1:colcon.colcon_core.package_identification:_identify(src/pyrobosim/pyrobosim) by extensions ['colcon_pkg']
[0.098s] Level 1:colcon.colcon_core.package_identification:_identify(src/pyrobosim/pyrobosim) by extension 'colcon_pkg'
[0.098s] Level 1:colcon.colcon_core.package_identification:_identify(src/pyrobosim/pyrobosim) by extensions ['colcon_meta']
[0.098s] Level 1:colcon.colcon_core.package_identification:_identify(src/pyrobosim/pyrobosim) by extension 'colcon_meta'
[0.098s] Level 1:colcon.colcon_core.package_identification:_identify(src/pyrobosim/pyrobosim) by extensions ['ros']
[0.098s] Level 1:colcon.colcon_core.package_identification:_identify(src/pyrobosim/pyrobosim) by extension 'ros'
[0.098s] Level 1:colcon.colcon_core.package_identification:_identify(src/pyrobosim/pyrobosim) by extensions ['cmake', 'python']
[0.099s] Level 1:colcon.colcon_core.package_identification:_identify(src/pyrobosim/pyrobosim) by extension 'cmake'
[0.099s] Level 1:colcon.colcon_core.package_identification:_identify(src/pyrobosim/pyrobosim) by extension 'python'
[0.099s] Level 1:colcon.colcon_core.package_identification:_identify(src/pyrobosim/pyrobosim) by extensions ['python_setup_py']
[0.099s] Level 1:colcon.colcon_core.package_identification:_identify(src/pyrobosim/pyrobosim) by extension 'python_setup_py'
[0.189s] DEBUG:colcon.colcon_core.package_identification:Package 'src/pyrobosim/pyrobosim' with type 'python' and name 'pyrobosim'
[0.189s] Level 1:colcon.colcon_core.package_identification:_identify(src/pyrobosim/pyrobosim_msgs) by extensions ['ignore', 'ignore_ament_install']
[0.190s] Level 1:colcon.colcon_core.package_identification:_identify(src/pyrobosim/pyrobosim_msgs) by extension 'ignore'
[0.190s] Level 1:colcon.colcon_core.package_identification:_identify(src/pyrobosim/pyrobosim_msgs) by extension 'ignore_ament_install'
[0.190s] Level 1:colcon.colcon_core.package_identification:_identify(src/pyrobosim/pyrobosim_msgs) by extensions ['colcon_pkg']
[0.190s] Level 1:colcon.colcon_core.package_identification:_identify(src/pyrobosim/pyrobosim_msgs) by extension 'colcon_pkg'
[0.190s] Level 1:colcon.colcon_core.package_identification:_identify(src/pyrobosim/pyrobosim_msgs) by extensions ['colcon_meta']
[0.190s] Level 1:colcon.colcon_core.package_identification:_identify(src/pyrobosim/pyrobosim_msgs) by extension 'colcon_meta'
[0.190s] Level 1:colcon.colcon_core.package_identification:_identify(src/pyrobosim/pyrobosim_msgs) by extensions ['ros']
[0.190s] Level 1:colcon.colcon_core.package_identification:_identify(src/pyrobosim/pyrobosim_msgs) by extension 'ros'
[0.190s] DEBUG:colcon.colcon_core.package_identification:Package 'src/pyrobosim/pyrobosim_msgs' with type 'ros.ament_cmake' and name 'pyrobosim_msgs'
[0.190s] Level 1:colcon.colcon_core.package_identification:_identify(src/pyrobosim/pyrobosim_ros) by extensions ['ignore', 'ignore_ament_install']
[0.190s] Level 1:colcon.colcon_core.package_identification:_identify(src/pyrobosim/pyrobosim_ros) by extension 'ignore'
[0.190s] Level 1:colcon.colcon_core.package_identification:_identify(src/pyrobosim/pyrobosim_ros) by extension 'ignore_ament_install'
[0.190s] Level 1:colcon.colcon_core.package_identification:_identify(src/pyrobosim/pyrobosim_ros) by extensions ['colcon_pkg']
[0.190s] Level 1:colcon.colcon_core.package_identification:_identify(src/pyrobosim/pyrobosim_ros) by extension 'colcon_pkg'
[0.190s] Level 1:colcon.colcon_core.package_identification:_identify(src/pyrobosim/pyrobosim_ros) by extensions ['colcon_meta']
[0.190s] Level 1:colcon.colcon_core.package_identification:_identify(src/pyrobosim/pyrobosim_ros) by extension 'colcon_meta'
[0.190s] Level 1:colcon.colcon_core.package_identification:_identify(src/pyrobosim/pyrobosim_ros) by extensions ['ros']
[0.190s] Level 1:colcon.colcon_core.package_identification:_identify(src/pyrobosim/pyrobosim_ros) by extension 'ros'
[0.191s] DEBUG:colcon.colcon_core.package_identification:Package 'src/pyrobosim/pyrobosim_ros' with type 'ros.ament_cmake' and name 'pyrobosim_ros'
[0.191s] Level 1:colcon.colcon_core.package_identification:_identify(src/pyrobosim/setup) by extensions ['ignore', 'ignore_ament_install']
[0.191s] Level 1:colcon.colcon_core.package_identification:_identify(src/pyrobosim/setup) by extension 'ignore'
[0.191s] Level 1:colcon.colcon_core.package_identification:_identify(src/pyrobosim/setup) by extension 'ignore_ament_install'
[0.191s] Level 1:colcon.colcon_core.package_identification:_identify(src/pyrobosim/setup) by extensions ['colcon_pkg']
[0.191s] Level 1:colcon.colcon_core.package_identification:_identify(src/pyrobosim/setup) by extension 'colcon_pkg'
[0.191s] Level 1:colcon.colcon_core.package_identification:_identify(src/pyrobosim/setup) by extensions ['colcon_meta']
[0.191s] Level 1:colcon.colcon_core.package_identification:_identify(src/pyrobosim/setup) by extension 'colcon_meta'
[0.191s] Level 1:colcon.colcon_core.package_identification:_identify(src/pyrobosim/setup) by extensions ['ros']
[0.191s] Level 1:colcon.colcon_core.package_identification:_identify(src/pyrobosim/setup) by extension 'ros'
[0.191s] Level 1:colcon.colcon_core.package_identification:_identify(src/pyrobosim/setup) by extensions ['cmake', 'python']
[0.191s] Level 1:colcon.colcon_core.package_identification:_identify(src/pyrobosim/setup) by extension 'cmake'
[0.191s] Level 1:colcon.colcon_core.package_identification:_identify(src/pyrobosim/setup) by extension 'python'
[0.191s] Level 1:colcon.colcon_core.package_identification:_identify(src/pyrobosim/setup) by extensions ['python_setup_py']
[0.191s] Level 1:colcon.colcon_core.package_identification:_identify(src/pyrobosim/setup) by extension 'python_setup_py'
[0.191s] Level 1:colcon.colcon_core.package_identification:_identify(src/pyrobosim/test) by extensions ['ignore', 'ignore_ament_install']
[0.191s] Level 1:colcon.colcon_core.package_identification:_identify(src/pyrobosim/test) by extension 'ignore'
[0.191s] Level 1:colcon.colcon_core.package_identification:_identify(src/pyrobosim/test) by extension 'ignore_ament_install'
[0.191s] Level 1:colcon.colcon_core.package_identification:_identify(src/pyrobosim/test) by extensions ['colcon_pkg']
[0.191s] Level 1:colcon.colcon_core.package_identification:_identify(src/pyrobosim/test) by extension 'colcon_pkg'
[0.191s] Level 1:colcon.colcon_core.package_identification:_identify(src/pyrobosim/test) by extensions ['colcon_meta']
[0.191s] Level 1:colcon.colcon_core.package_identification:_identify(src/pyrobosim/test) by extension 'colcon_meta'
[0.191s] Level 1:colcon.colcon_core.package_identification:_identify(src/pyrobosim/test) by extensions ['ros']
[0.191s] Level 1:colcon.colcon_core.package_identification:_identify(src/pyrobosim/test) by extension 'ros'
[0.191s] Level 1:colcon.colcon_core.package_identification:_identify(src/pyrobosim/test) by extensions ['cmake', 'python']
[0.191s] Level 1:colcon.colcon_core.package_identification:_identify(src/pyrobosim/test) by extension 'cmake'
[0.191s] Level 1:colcon.colcon_core.package_identification:_identify(src/pyrobosim/test) by extension 'python'
[0.191s] Level 1:colcon.colcon_core.package_identification:_identify(src/pyrobosim/test) by extensions ['python_setup_py']
[0.191s] Level 1:colcon.colcon_core.package_identification:_identify(src/pyrobosim/test) by extension 'python_setup_py'
[0.191s] Level 1:colcon.colcon_core.package_identification:_identify(src/roaml) by extensions ['ignore', 'ignore_ament_install']
[0.191s] Level 1:colcon.colcon_core.package_identification:_identify(src/roaml) by extension 'ignore'
[0.191s] Level 1:colcon.colcon_core.package_identification:_identify(src/roaml) by extension 'ignore_ament_install'
[0.191s] Level 1:colcon.colcon_core.package_identification:_identify(src/roaml) by extensions ['colcon_pkg']
[0.191s] Level 1:colcon.colcon_core.package_identification:_identify(src/roaml) by extension 'colcon_pkg'
[0.191s] Level 1:colcon.colcon_core.package_identification:_identify(src/roaml) by extensions ['colcon_meta']
[0.191s] Level 1:colcon.colcon_core.package_identification:_identify(src/roaml) by extension 'colcon_meta'
[0.191s] Level 1:colcon.colcon_core.package_identification:_identify(src/roaml) by extensions ['ros']
[0.191s] Level 1:colcon.colcon_core.package_identification:_identify(src/roaml) by extension 'ros'
[0.191s] Level 1:colcon.colcon_core.package_identification:_identify(src/roaml) by extensions ['cmake', 'python']
[0.191s] Level 1:colcon.colcon_core.package_identification:_identify(src/roaml) by extension 'cmake'
[0.191s] Level 1:colcon.colcon_core.package_identification:_identify(src/roaml) by extension 'python'
[0.191s] Level 1:colcon.colcon_core.package_identification:_identify(src/roaml) by extensions ['python_setup_py']
[0.191s] Level 1:colcon.colcon_core.package_identification:_identify(src/roaml) by extension 'python_setup_py'
[0.191s] Level 1:colcon.colcon_core.package_identification:_identify(src/ros_interfaces) by extensions ['ignore', 'ignore_ament_install']
[0.192s] Level 1:colcon.colcon_core.package_identification:_identify(src/ros_interfaces) by extension 'ignore'
[0.192s] Level 1:colcon.colcon_core.package_identification:_identify(src/ros_interfaces) by extension 'ignore_ament_install'
[0.192s] Level 1:colcon.colcon_core.package_identification:_identify(src/ros_interfaces) by extensions ['colcon_pkg']
[0.192s] Level 1:colcon.colcon_core.package_identification:_identify(src/ros_interfaces) by extension 'colcon_pkg'
[0.192s] Level 1:colcon.colcon_core.package_identification:_identify(src/ros_interfaces) by extensions ['colcon_meta']
[0.192s] Level 1:colcon.colcon_core.package_identification:_identify(src/ros_interfaces) by extension 'colcon_meta'
[0.192s] Level 1:colcon.colcon_core.package_identification:_identify(src/ros_interfaces) by extensions ['ros']
[0.192s] Level 1:colcon.colcon_core.package_identification:_identify(src/ros_interfaces) by extension 'ros'
[0.192s] Level 1:colcon.colcon_core.package_identification:_identify(src/ros_interfaces) by extensions ['cmake', 'python']
[0.192s] Level 1:colcon.colcon_core.package_identification:_identify(src/ros_interfaces) by extension 'cmake'
[0.192s] Level 1:colcon.colcon_core.package_identification:_identify(src/ros_interfaces) by extension 'python'
[0.192s] Level 1:colcon.colcon_core.package_identification:_identify(src/ros_interfaces) by extensions ['python_setup_py']
[0.192s] Level 1:colcon.colcon_core.package_identification:_identify(src/ros_interfaces) by extension 'python_setup_py'
[0.192s] Level 1:colcon.colcon_core.package_identification:_identify(src/tutorial_sim) by extensions ['ignore', 'ignore_ament_install']
[0.192s] Level 1:colcon.colcon_core.package_identification:_identify(src/tutorial_sim) by extension 'ignore'
[0.192s] Level 1:colcon.colcon_core.package_identification:_identify(src/tutorial_sim) by extension 'ignore_ament_install'
[0.192s] Level 1:colcon.colcon_core.package_identification:_identify(src/tutorial_sim) by extensions ['colcon_pkg']
[0.192s] Level 1:colcon.colcon_core.package_identification:_identify(src/tutorial_sim) by extension 'colcon_pkg'
[0.192s] Level 1:colcon.colcon_core.package_identification:_identify(src/tutorial_sim) by extensions ['colcon_meta']
[0.192s] Level 1:colcon.colcon_core.package_identification:_identify(src/tutorial_sim) by extension 'colcon_meta'
[0.192s] Level 1:colcon.colcon_core.package_identification:_identify(src/tutorial_sim) by extensions ['ros']
[0.192s] Level 1:colcon.colcon_core.package_identification:_identify(src/tutorial_sim) by extension 'ros'
[0.192s] DEBUG:colcon.colcon_core.package_identification:Package 'src/tutorial_sim' with type 'ros.ament_python' and name 'tutorial_sim'
[0.192s] Level 1:colcon.colcon_core.package_discovery:discover_packages(recursive) using defaults
[0.192s] Level 1:colcon.colcon_core.package_discovery:discover_packages(ignore) discover
[0.192s] Level 1:colcon.colcon_core.package_discovery:discover_packages(ignore) using defaults
[0.192s] Level 1:colcon.colcon_core.package_discovery:discover_packages(path) discover
[0.192s] Level 1:colcon.colcon_core.package_discovery:discover_packages(path) using defaults
[0.202s] Level 5:colcon.colcon_core.verb:set package 'behaviortree_cpp_v3' build argument 'cmake_args' from command line to '['-DCMAKE_EXPORT_COMPILE_COMMANDS=ON', '--no-warn-unused-cli']'
[0.203s] Level 5:colcon.colcon_core.verb:set package 'behaviortree_cpp_v3' build argument 'cmake_target' from command line to 'None'
[0.203s] Level 5:colcon.colcon_core.verb:set package 'behaviortree_cpp_v3' build argument 'cmake_target_skip_unavailable' from command line to 'False'
[0.203s] Level 5:colcon.colcon_core.verb:set package 'behaviortree_cpp_v3' build argument 'cmake_clean_cache' from command line to 'False'
[0.203s] Level 5:colcon.colcon_core.verb:set package 'behaviortree_cpp_v3' build argument 'cmake_clean_first' from command line to 'False'
[0.203s] Level 5:colcon.colcon_core.verb:set package 'behaviortree_cpp_v3' build argument 'cmake_force_configure' from command line to 'False'
[0.203s] Level 5:colcon.colcon_core.verb:set package 'behaviortree_cpp_v3' build argument 'ament_cmake_args' from command line to 'None'
[0.203s] Level 5:colcon.colcon_core.verb:set package 'behaviortree_cpp_v3' build argument 'catkin_cmake_args' from command line to 'None'
[0.203s] Level 5:colcon.colcon_core.verb:set package 'behaviortree_cpp_v3' build argument 'catkin_skip_building_tests' from command line to 'False'
[0.203s] DEBUG:colcon.colcon_core.verb:Building package 'behaviortree_cpp_v3' with the following arguments: {'ament_cmake_args': None, 'build_base': '/convince_ws/build/behaviortree_cpp_v3', 'catkin_cmake_args': None, 'catkin_skip_building_tests': False, 'cmake_args': ['-DCMAKE_EXPORT_COMPILE_COMMANDS=ON', '--no-warn-unused-cli'], 'cmake_clean_cache': False, 'cmake_clean_first': False, 'cmake_force_configure': False, 'cmake_target': None, 'cmake_target_skip_unavailable': False, 'install_base': '/convince_ws/install/behaviortree_cpp_v3', 'merge_install': False, 'path': '/convince_ws/BehaviorTree.CPP', 'symlink_install': True, 'test_result_base': None}
[0.203s] Level 5:colcon.colcon_core.verb:set package 'btcpp_ros2_interfaces' build argument 'cmake_args' from command line to '['-DCMAKE_EXPORT_COMPILE_COMMANDS=ON', '--no-warn-unused-cli']'
[0.203s] Level 5:colcon.colcon_core.verb:set package 'btcpp_ros2_interfaces' build argument 'cmake_target' from command line to 'None'
[0.203s] Level 5:colcon.colcon_core.verb:set package 'btcpp_ros2_interfaces' build argument 'cmake_target_skip_unavailable' from command line to 'False'
[0.203s] Level 5:colcon.colcon_core.verb:set package 'btcpp_ros2_interfaces' build argument 'cmake_clean_cache' from command line to 'False'
[0.203s] Level 5:colcon.colcon_core.verb:set package 'btcpp_ros2_interfaces' build argument 'cmake_clean_first' from command line to 'False'
[0.203s] Level 5:colcon.colcon_core.verb:set package 'btcpp_ros2_interfaces' build argument 'cmake_force_configure' from command line to 'False'
[0.203s] Level 5:colcon.colcon_core.verb:set package 'btcpp_ros2_interfaces' build argument 'ament_cmake_args' from command line to 'None'
[0.203s] Level 5:colcon.colcon_core.verb:set package 'btcpp_ros2_interfaces' build argument 'catkin_cmake_args' from command line to 'None'
[0.203s] Level 5:colcon.colcon_core.verb:set package 'btcpp_ros2_interfaces' build argument 'catkin_skip_building_tests' from command line to 'False'
[0.203s] DEBUG:colcon.colcon_core.verb:Building package 'btcpp_ros2_interfaces' with the following arguments: {'ament_cmake_args': None, 'build_base': '/convince_ws/build/btcpp_ros2_interfaces', 'catkin_cmake_args': None, 'catkin_skip_building_tests': False, 'cmake_args': ['-DCMAKE_EXPORT_COMPILE_COMMANDS=ON', '--no-warn-unused-cli'], 'cmake_clean_cache': False, 'cmake_clean_first': False, 'cmake_force_configure': False, 'cmake_target': None, 'cmake_target_skip_unavailable': False, 'install_base': '/convince_ws/install/btcpp_ros2_interfaces', 'merge_install': False, 'path': '/convince_ws/src/behaviortree_ros2/btcpp_ros2_interfaces', 'symlink_install': True, 'test_result_base': None}
[0.203s] Level 5:colcon.colcon_core.verb:set package 'pyrobosim' build argument 'cmake_args' from command line to '['-DCMAKE_EXPORT_COMPILE_COMMANDS=ON', '--no-warn-unused-cli']'
[0.203s] Level 5:colcon.colcon_core.verb:set package 'pyrobosim' build argument 'cmake_target' from command line to 'None'
[0.203s] Level 5:colcon.colcon_core.verb:set package 'pyrobosim' build argument 'cmake_target_skip_unavailable' from command line to 'False'
[0.203s] Level 5:colcon.colcon_core.verb:set package 'pyrobosim' build argument 'cmake_clean_cache' from command line to 'False'
[0.203s] Level 5:colcon.colcon_core.verb:set package 'pyrobosim' build argument 'cmake_clean_first' from command line to 'False'
[0.203s] Level 5:colcon.colcon_core.verb:set package 'pyrobosim' build argument 'cmake_force_configure' from command line to 'False'
[0.203s] Level 5:colcon.colcon_core.verb:set package 'pyrobosim' build argument 'ament_cmake_args' from command line to 'None'
[0.203s] Level 5:colcon.colcon_core.verb:set package 'pyrobosim' build argument 'catkin_cmake_args' from command line to 'None'
[0.203s] Level 5:colcon.colcon_core.verb:set package 'pyrobosim' build argument 'catkin_skip_building_tests' from command line to 'False'
[0.203s] DEBUG:colcon.colcon_core.verb:Building package 'pyrobosim' with the following arguments: {'ament_cmake_args': None, 'build_base': '/convince_ws/build/pyrobosim', 'catkin_cmake_args': None, 'catkin_skip_building_tests': False, 'cmake_args': ['-DCMAKE_EXPORT_COMPILE_COMMANDS=ON', '--no-warn-unused-cli'], 'cmake_clean_cache': False, 'cmake_clean_first': False, 'cmake_force_configure': False, 'cmake_target': None, 'cmake_target_skip_unavailable': False, 'install_base': '/convince_ws/install/pyrobosim', 'merge_install': False, 'path': '/convince_ws/src/pyrobosim/pyrobosim', 'symlink_install': True, 'test_result_base': None}
[0.203s] Level 5:colcon.colcon_core.verb:set package 'pyrobosim_msgs' build argument 'cmake_args' from command line to '['-DCMAKE_EXPORT_COMPILE_COMMANDS=ON', '--no-warn-unused-cli']'
[0.203s] Level 5:colcon.colcon_core.verb:set package 'pyrobosim_msgs' build argument 'cmake_target' from command line to 'None'
[0.203s] Level 5:colcon.colcon_core.verb:set package 'pyrobosim_msgs' build argument 'cmake_target_skip_unavailable' from command line to 'False'
[0.203s] Level 5:colcon.colcon_core.verb:set package 'pyrobosim_msgs' build argument 'cmake_clean_cache' from command line to 'False'
[0.203s] Level 5:colcon.colcon_core.verb:set package 'pyrobosim_msgs' build argument 'cmake_clean_first' from command line to 'False'
[0.203s] Level 5:colcon.colcon_core.verb:set package 'pyrobosim_msgs' build argument 'cmake_force_configure' from command line to 'False'
[0.203s] Level 5:colcon.colcon_core.verb:set package 'pyrobosim_msgs' build argument 'ament_cmake_args' from command line to 'None'
[0.203s] Level 5:colcon.colcon_core.verb:set package 'pyrobosim_msgs' build argument 'catkin_cmake_args' from command line to 'None'
[0.203s] Level 5:colcon.colcon_core.verb:set package 'pyrobosim_msgs' build argument 'catkin_skip_building_tests' from command line to 'False'
[0.203s] DEBUG:colcon.colcon_core.verb:Building package 'pyrobosim_msgs' with the following arguments: {'ament_cmake_args': None, 'build_base': '/convince_ws/build/pyrobosim_msgs', 'catkin_cmake_args': None, 'catkin_skip_building_tests': False, 'cmake_args': ['-DCMAKE_EXPORT_COMPILE_COMMANDS=ON', '--no-warn-unused-cli'], 'cmake_clean_cache': False, 'cmake_clean_first': False, 'cmake_force_configure': False, 'cmake_target': None, 'cmake_target_skip_unavailable': False, 'install_base': '/convince_ws/install/pyrobosim_msgs', 'merge_install': False, 'path': '/convince_ws/src/pyrobosim/pyrobosim_msgs', 'symlink_install': True, 'test_result_base': None}
[0.203s] Level 5:colcon.colcon_core.verb:set package 'behaviortree_ros2' build argument 'cmake_args' from command line to '['-DCMAKE_EXPORT_COMPILE_COMMANDS=ON', '--no-warn-unused-cli']'
[0.203s] Level 5:colcon.colcon_core.verb:set package 'behaviortree_ros2' build argument 'cmake_target' from command line to 'None'
[0.203s] Level 5:colcon.colcon_core.verb:set package 'behaviortree_ros2' build argument 'cmake_target_skip_unavailable' from command line to 'False'
[0.203s] Level 5:colcon.colcon_core.verb:set package 'behaviortree_ros2' build argument 'cmake_clean_cache' from command line to 'False'
[0.203s] Level 5:colcon.colcon_core.verb:set package 'behaviortree_ros2' build argument 'cmake_clean_first' from command line to 'False'
[0.203s] Level 5:colcon.colcon_core.verb:set package 'behaviortree_ros2' build argument 'cmake_force_configure' from command line to 'False'
[0.203s] Level 5:colcon.colcon_core.verb:set package 'behaviortree_ros2' build argument 'ament_cmake_args' from command line to 'None'
[0.203s] Level 5:colcon.colcon_core.verb:set package 'behaviortree_ros2' build argument 'catkin_cmake_args' from command line to 'None'
[0.203s] Level 5:colcon.colcon_core.verb:set package 'behaviortree_ros2' build argument 'catkin_skip_building_tests' from command line to 'False'
[0.203s] DEBUG:colcon.colcon_core.verb:Building package 'behaviortree_ros2' with the following arguments: {'ament_cmake_args': None, 'build_base': '/convince_ws/build/behaviortree_ros2', 'catkin_cmake_args': None, 'catkin_skip_building_tests': False, 'cmake_args': ['-DCMAKE_EXPORT_COMPILE_COMMANDS=ON', '--no-warn-unused-cli'], 'cmake_clean_cache': False, 'cmake_clean_first': False, 'cmake_force_configure': False, 'cmake_target': None, 'cmake_target_skip_unavailable': False, 'install_base': '/convince_ws/install/behaviortree_ros2', 'merge_install': False, 'path': '/convince_ws/src/behaviortree_ros2/behaviortree_ros2', 'symlink_install': True, 'test_result_base': None}
[0.204s] Level 5:colcon.colcon_core.verb:set package 'pyrobosim_ros' build argument 'cmake_args' from command line to '['-DCMAKE_EXPORT_COMPILE_COMMANDS=ON', '--no-warn-unused-cli']'
[0.204s] Level 5:colcon.colcon_core.verb:set package 'pyrobosim_ros' build argument 'cmake_target' from command line to 'None'
[0.204s] Level 5:colcon.colcon_core.verb:set package 'pyrobosim_ros' build argument 'cmake_target_skip_unavailable' from command line to 'False'
[0.204s] Level 5:colcon.colcon_core.verb:set package 'pyrobosim_ros' build argument 'cmake_clean_cache' from command line to 'False'
[0.204s] Level 5:colcon.colcon_core.verb:set package 'pyrobosim_ros' build argument 'cmake_clean_first' from command line to 'False'
[0.204s] Level 5:colcon.colcon_core.verb:set package 'pyrobosim_ros' build argument 'cmake_force_configure' from command line to 'False'
[0.204s] Level 5:colcon.colcon_core.verb:set package 'pyrobosim_ros' build argument 'ament_cmake_args' from command line to 'None'
[0.204s] Level 5:colcon.colcon_core.verb:set package 'pyrobosim_ros' build argument 'catkin_cmake_args' from command line to 'None'
[0.204s] Level 5:colcon.colcon_core.verb:set package 'pyrobosim_ros' build argument 'catkin_skip_building_tests' from command line to 'False'
[0.204s] DEBUG:colcon.colcon_core.verb:Building package 'pyrobosim_ros' with the following arguments: {'ament_cmake_args': None, 'build_base': '/convince_ws/build/pyrobosim_ros', 'catkin_cmake_args': None, 'catkin_skip_building_tests': False, 'cmake_args': ['-DCMAKE_EXPORT_COMPILE_COMMANDS=ON', '--no-warn-unused-cli'], 'cmake_clean_cache': False, 'cmake_clean_first': False, 'cmake_force_configure': False, 'cmake_target': None, 'cmake_target_skip_unavailable': False, 'install_base': '/convince_ws/install/pyrobosim_ros', 'merge_install': False, 'path': '/convince_ws/src/pyrobosim/pyrobosim_ros', 'symlink_install': True, 'test_result_base': None}
[0.204s] Level 5:colcon.colcon_core.verb:set package 'btcpp_ros2_samples' build argument 'cmake_args' from command line to '['-DCMAKE_EXPORT_COMPILE_COMMANDS=ON', '--no-warn-unused-cli']'
[0.204s] Level 5:colcon.colcon_core.verb:set package 'btcpp_ros2_samples' build argument 'cmake_target' from command line to 'None'
[0.204s] Level 5:colcon.colcon_core.verb:set package 'btcpp_ros2_samples' build argument 'cmake_target_skip_unavailable' from command line to 'False'
[0.204s] Level 5:colcon.colcon_core.verb:set package 'btcpp_ros2_samples' build argument 'cmake_clean_cache' from command line to 'False'
[0.204s] Level 5:colcon.colcon_core.verb:set package 'btcpp_ros2_samples' build argument 'cmake_clean_first' from command line to 'False'
[0.204s] Level 5:colcon.colcon_core.verb:set package 'btcpp_ros2_samples' build argument 'cmake_force_configure' from command line to 'False'
[0.204s] Level 5:colcon.colcon_core.verb:set package 'btcpp_ros2_samples' build argument 'ament_cmake_args' from command line to 'None'
[0.204s] Level 5:colcon.colcon_core.verb:set package 'btcpp_ros2_samples' build argument 'catkin_cmake_args' from command line to 'None'
[0.204s] Level 5:colcon.colcon_core.verb:set package 'btcpp_ros2_samples' build argument 'catkin_skip_building_tests' from command line to 'False'
[0.204s] DEBUG:colcon.colcon_core.verb:Building package 'btcpp_ros2_samples' with the following arguments: {'ament_cmake_args': None, 'build_base': '/convince_ws/build/btcpp_ros2_samples', 'catkin_cmake_args': None, 'catkin_skip_building_tests': False, 'cmake_args': ['-DCMAKE_EXPORT_COMPILE_COMMANDS=ON', '--no-warn-unused-cli'], 'cmake_clean_cache': False, 'cmake_clean_first': False, 'cmake_force_configure': False, 'cmake_target': None, 'cmake_target_skip_unavailable': False, 'install_base': '/convince_ws/install/btcpp_ros2_samples', 'merge_install': False, 'path': '/convince_ws/src/behaviortree_ros2/btcpp_ros2_samples', 'symlink_install': True, 'test_result_base': None}
[0.204s] Level 5:colcon.colcon_core.verb:set package 'tutorial_sim' build argument 'cmake_args' from command line to '['-DCMAKE_EXPORT_COMPILE_COMMANDS=ON', '--no-warn-unused-cli']'
[0.204s] Level 5:colcon.colcon_core.verb:set package 'tutorial_sim' build argument 'cmake_target' from command line to 'None'
[0.204s] Level 5:colcon.colcon_core.verb:set package 'tutorial_sim' build argument 'cmake_target_skip_unavailable' from command line to 'False'
[0.204s] Level 5:colcon.colcon_core.verb:set package 'tutorial_sim' build argument 'cmake_clean_cache' from command line to 'False'
[0.204s] Level 5:colcon.colcon_core.verb:set package 'tutorial_sim' build argument 'cmake_clean_first' from command line to 'False'
[0.204s] Level 5:colcon.colcon_core.verb:set package 'tutorial_sim' build argument 'cmake_force_configure' from command line to 'False'
[0.204s] Level 5:colcon.colcon_core.verb:set package 'tutorial_sim' build argument 'ament_cmake_args' from command line to 'None'
[0.204s] Level 5:colcon.colcon_core.verb:set package 'tutorial_sim' build argument 'catkin_cmake_args' from command line to 'None'
[0.204s] Level 5:colcon.colcon_core.verb:set package 'tutorial_sim' build argument 'catkin_skip_building_tests' from command line to 'False'
[0.204s] DEBUG:colcon.colcon_core.verb:Building package 'tutorial_sim' with the following arguments: {'ament_cmake_args': None, 'build_base': '/convince_ws/build/tutorial_sim', 'catkin_cmake_args': None, 'catkin_skip_building_tests': False, 'cmake_args': ['-DCMAKE_EXPORT_COMPILE_COMMANDS=ON', '--no-warn-unused-cli'], 'cmake_clean_cache': False, 'cmake_clean_first': False, 'cmake_force_configure': False, 'cmake_target': None, 'cmake_target_skip_unavailable': False, 'install_base': '/convince_ws/install/tutorial_sim', 'merge_install': False, 'path': '/convince_ws/src/tutorial_sim', 'symlink_install': True, 'test_result_base': None}
[0.204s] INFO:colcon.colcon_core.executor:Executing jobs using 'parallel' executor
[0.205s] DEBUG:colcon.colcon_parallel_executor.executor.parallel:run_until_complete
[0.205s] INFO:colcon.colcon_ros.task.ament_cmake.build:Building ROS package in '/convince_ws/src/behaviortree_ros2/btcpp_ros2_interfaces' with build type 'ament_cmake'
[0.205s] INFO:colcon.colcon_cmake.task.cmake.build:Building CMake package in '/convince_ws/src/behaviortree_ros2/btcpp_ros2_interfaces'
[0.206s] INFO:colcon.colcon_core.plugin_system:Skipping extension 'colcon_core.shell.bat': Not used on non-Windows systems
[0.206s] INFO:colcon.colcon_core.shell:Skip shell extension 'powershell' for command environment: Not usable outside of PowerShell
[0.206s] DEBUG:colcon.colcon_core.shell:Skip shell extension 'dsv' for command environment
[0.208s] INFO:colcon.colcon_ros.task.ament_cmake.build:Building ROS package in '/convince_ws/src/pyrobosim/pyrobosim_msgs' with build type 'ament_cmake'
[0.208s] INFO:colcon.colcon_cmake.task.cmake.build:Building CMake package in '/convince_ws/src/pyrobosim/pyrobosim_msgs'
[0.208s] INFO:colcon.colcon_core.shell:Skip shell extension 'powershell' for command environment: Not usable outside of PowerShell
[0.208s] DEBUG:colcon.colcon_core.shell:Skip shell extension 'dsv' for command environment
[0.209s] INFO:colcon.colcon_ros.task.ament_cmake.build:Building ROS package in '/convince_ws/BehaviorTree.CPP' with build type 'ament_cmake'
[0.209s] INFO:colcon.colcon_cmake.task.cmake.build:Building CMake package in '/convince_ws/BehaviorTree.CPP'
[0.209s] INFO:colcon.colcon_core.shell:Skip shell extension 'powershell' for command environment: Not usable outside of PowerShell
[0.209s] DEBUG:colcon.colcon_core.shell:Skip shell extension 'dsv' for command environment
[0.211s] INFO:colcon.colcon_core.task.python.build:Building Python package in '/convince_ws/src/pyrobosim/pyrobosim'
[0.211s] INFO:colcon.colcon_core.shell:Skip shell extension 'powershell' for command environment: Not usable outside of PowerShell
[0.211s] DEBUG:colcon.colcon_core.shell:Skip shell extension 'dsv' for command environment
[0.213s] DEBUG:colcon.colcon_core.event_handler.log_command:Invoking command in '/convince_ws/build/btcpp_ros2_interfaces': CMAKE_PREFIX_PATH=/opt/ros/jazzy /usr/bin/cmake /convince_ws/src/behaviortree_ros2/btcpp_ros2_interfaces -DCMAKE_EXPORT_COMPILE_COMMANDS=ON --no-warn-unused-cli -DAMENT_CMAKE_SYMLINK_INSTALL=1 -DCMAKE_INSTALL_PREFIX=/convince_ws/install/btcpp_ros2_interfaces
[0.214s] DEBUG:colcon.colcon_core.event_handler.log_command:Invoking command in '/convince_ws/build/pyrobosim_msgs': CMAKE_PREFIX_PATH=/opt/ros/jazzy /usr/bin/cmake /convince_ws/src/pyrobosim/pyrobosim_msgs -DCMAKE_EXPORT_COMPILE_COMMANDS=ON --no-warn-unused-cli -DAMENT_CMAKE_SYMLINK_INSTALL=1 -DCMAKE_INSTALL_PREFIX=/convince_ws/install/pyrobosim_msgs
[0.215s] DEBUG:colcon.colcon_core.event_handler.log_command:Invoking command in '/convince_ws/build/behaviortree_cpp_v3': CMAKE_PREFIX_PATH=/opt/ros/jazzy /usr/bin/cmake /convince_ws/BehaviorTree.CPP -DCMAKE_EXPORT_COMPILE_COMMANDS=ON --no-warn-unused-cli -DAMENT_CMAKE_SYMLINK_INSTALL=1 -DCMAKE_INSTALL_PREFIX=/convince_ws/install/behaviortree_cpp_v3
[0.597s] DEBUG:colcon.colcon_core.event_handler.log_command:Invoking command in '/convince_ws/build/pyrobosim': PYTHONPATH=/convince_ws/build/pyrobosim/prefix_override:/usr/lib/python3/dist-packages/colcon_core/task/python/colcon_distutils_commands:/convince_ws/install/pyrobosim/lib/python3.12/site-packages:${PYTHONPATH} /usr/bin/python3 -W ignore:setup.py install is deprecated -W ignore:easy_install command is deprecated setup.py develop --editable --build-directory /convince_ws/build/pyrobosim/build --no-deps
[0.806s] DEBUG:colcon.colcon_core.event_handler.log_command:Invoked command in '/convince_ws/build/behaviortree_cpp_v3' returned '0': CMAKE_PREFIX_PATH=/opt/ros/jazzy /usr/bin/cmake /convince_ws/BehaviorTree.CPP -DCMAKE_EXPORT_COMPILE_COMMANDS=ON --no-warn-unused-cli -DAMENT_CMAKE_SYMLINK_INSTALL=1 -DCMAKE_INSTALL_PREFIX=/convince_ws/install/behaviortree_cpp_v3
[0.806s] DEBUG:colcon.colcon_core.event_handler.log_command:Invoking command in '/convince_ws/build/behaviortree_cpp_v3': CMAKE_PREFIX_PATH=/opt/ros/jazzy /usr/bin/cmake --build /convince_ws/build/behaviortree_cpp_v3 -- -j20 -l20
[0.827s] Level 1:colcon.colcon_core.shell:create_environment_hook('pyrobosim', 'pythonpath_develop')
[0.828s] INFO:colcon.colcon_core.shell:Creating environment hook '/convince_ws/build/pyrobosim/share/pyrobosim/hook/pythonpath_develop.ps1'
[0.828s] DEBUG:colcon.colcon_core.event_handler.log_command:Invoked command in '/convince_ws/build/pyrobosim' returned '0': PYTHONPATH=/convince_ws/build/pyrobosim/prefix_override:/usr/lib/python3/dist-packages/colcon_core/task/python/colcon_distutils_commands:/convince_ws/install/pyrobosim/lib/python3.12/site-packages:${PYTHONPATH} /usr/bin/python3 -W ignore:setup.py install is deprecated -W ignore:easy_install command is deprecated setup.py develop --editable --build-directory /convince_ws/build/pyrobosim/build --no-deps
[0.828s] INFO:colcon.colcon_core.shell:Creating environment descriptor '/convince_ws/build/pyrobosim/share/pyrobosim/hook/pythonpath_develop.dsv'
[0.828s] INFO:colcon.colcon_core.shell:Creating environment hook '/convince_ws/build/pyrobosim/share/pyrobosim/hook/pythonpath_develop.sh'
[0.830s] Level 1:colcon.colcon_core.environment:checking '/convince_ws/install/pyrobosim' for CMake module files
[0.830s] Level 1:colcon.colcon_core.environment:checking '/convince_ws/install/pyrobosim' for CMake config files
[0.830s] Level 1:colcon.colcon_core.environment:checking '/convince_ws/install/pyrobosim/lib'
[0.830s] Level 1:colcon.colcon_core.environment:checking '/convince_ws/install/pyrobosim/bin'
[0.830s] Level 1:colcon.colcon_core.environment:checking '/convince_ws/install/pyrobosim/lib/pkgconfig/pyrobosim.pc'
[0.830s] Level 1:colcon.colcon_core.environment:checking '/convince_ws/install/pyrobosim/lib/python3.12/site-packages'
[0.830s] Level 1:colcon.colcon_core.shell:create_environment_hook('pyrobosim', 'pythonpath')
[0.830s] INFO:colcon.colcon_core.shell:Creating environment hook '/convince_ws/install/pyrobosim/share/pyrobosim/hook/pythonpath.ps1'
[0.831s] INFO:colcon.colcon_core.shell:Creating environment descriptor '/convince_ws/install/pyrobosim/share/pyrobosim/hook/pythonpath.dsv'
[0.831s] INFO:colcon.colcon_core.shell:Creating environment hook '/convince_ws/install/pyrobosim/share/pyrobosim/hook/pythonpath.sh'
[0.831s] Level 1:colcon.colcon_core.environment:checking '/convince_ws/install/pyrobosim/bin'
[0.831s] Level 1:colcon.colcon_core.environment:create_environment_scripts_only(pyrobosim)
[0.831s] INFO:colcon.colcon_core.shell:Creating package script '/convince_ws/install/pyrobosim/share/pyrobosim/package.ps1'
[0.832s] INFO:colcon.colcon_core.shell:Creating package descriptor '/convince_ws/install/pyrobosim/share/pyrobosim/package.dsv'
[0.832s] INFO:colcon.colcon_core.shell:Creating package script '/convince_ws/install/pyrobosim/share/pyrobosim/package.sh'
[0.832s] INFO:colcon.colcon_core.shell:Creating package script '/convince_ws/install/pyrobosim/share/pyrobosim/package.bash'
[0.833s] INFO:colcon.colcon_core.shell:Creating package script '/convince_ws/install/pyrobosim/share/pyrobosim/package.zsh'
[0.833s] Level 1:colcon.colcon_core.environment:create_file_with_runtime_dependencies(/convince_ws/install/pyrobosim/share/colcon-core/packages/pyrobosim)
[3.116s] DEBUG:colcon.colcon_core.event_handler.log_command:Invoked command in '/convince_ws/build/btcpp_ros2_interfaces' returned '0': CMAKE_PREFIX_PATH=/opt/ros/jazzy /usr/bin/cmake /convince_ws/src/behaviortree_ros2/btcpp_ros2_interfaces -DCMAKE_EXPORT_COMPILE_COMMANDS=ON --no-warn-unused-cli -DAMENT_CMAKE_SYMLINK_INSTALL=1 -DCMAKE_INSTALL_PREFIX=/convince_ws/install/btcpp_ros2_interfaces
[3.117s] DEBUG:colcon.colcon_core.event_handler.log_command:Invoking command in '/convince_ws/build/btcpp_ros2_interfaces': CMAKE_PREFIX_PATH=/opt/ros/jazzy /usr/bin/cmake --build /convince_ws/build/btcpp_ros2_interfaces -- -j20 -l20
[3.611s] DEBUG:colcon.colcon_core.event_handler.log_command:Invoked command in '/convince_ws/build/pyrobosim_msgs' returned '0': CMAKE_PREFIX_PATH=/opt/ros/jazzy /usr/bin/cmake /convince_ws/src/pyrobosim/pyrobosim_msgs -DCMAKE_EXPORT_COMPILE_COMMANDS=ON --no-warn-unused-cli -DAMENT_CMAKE_SYMLINK_INSTALL=1 -DCMAKE_INSTALL_PREFIX=/convince_ws/install/pyrobosim_msgs
[3.612s] DEBUG:colcon.colcon_core.event_handler.log_command:Invoking command in '/convince_ws/build/pyrobosim_msgs': CMAKE_PREFIX_PATH=/opt/ros/jazzy /usr/bin/cmake --build /convince_ws/build/pyrobosim_msgs -- -j20 -l20
[7.982s] DEBUG:colcon.colcon_core.event_handler.log_command:Invoked command in '/convince_ws/build/behaviortree_cpp_v3' returned '0': CMAKE_PREFIX_PATH=/opt/ros/jazzy /usr/bin/cmake --build /convince_ws/build/behaviortree_cpp_v3 -- -j20 -l20
[7.990s] DEBUG:colcon.colcon_core.event_handler.log_command:Invoking command in '/convince_ws/build/behaviortree_cpp_v3': CMAKE_PREFIX_PATH=/opt/ros/jazzy /usr/bin/cmake --install /convince_ws/build/behaviortree_cpp_v3
[8.170s] Level 1:colcon.colcon_core.environment:create_environment_scripts_only(behaviortree_cpp_v3)
[8.170s] Level 1:colcon.colcon_core.environment:checking '/convince_ws/install/behaviortree_cpp_v3' for CMake module files
[8.171s] DEBUG:colcon.colcon_core.event_handler.log_command:Invoked command in '/convince_ws/build/behaviortree_cpp_v3' returned '0': CMAKE_PREFIX_PATH=/opt/ros/jazzy /usr/bin/cmake --install /convince_ws/build/behaviortree_cpp_v3
[8.171s] Level 1:colcon.colcon_core.environment:checking '/convince_ws/install/behaviortree_cpp_v3' for CMake config files
[8.171s] Level 1:colcon.colcon_core.shell:create_environment_hook('behaviortree_cpp_v3', 'cmake_prefix_path')
[8.172s] INFO:colcon.colcon_core.shell:Creating environment hook '/convince_ws/install/behaviortree_cpp_v3/share/behaviortree_cpp_v3/hook/cmake_prefix_path.ps1'
[8.172s] INFO:colcon.colcon_core.shell:Creating environment descriptor '/convince_ws/install/behaviortree_cpp_v3/share/behaviortree_cpp_v3/hook/cmake_prefix_path.dsv'
[8.172s] INFO:colcon.colcon_core.shell:Creating environment hook '/convince_ws/install/behaviortree_cpp_v3/share/behaviortree_cpp_v3/hook/cmake_prefix_path.sh'
[8.173s] Level 1:colcon.colcon_core.environment:checking '/convince_ws/install/behaviortree_cpp_v3/lib'
[8.173s] Level 1:colcon.colcon_core.shell:create_environment_hook('behaviortree_cpp_v3', 'ld_library_path_lib')
[8.173s] INFO:colcon.colcon_core.shell:Creating environment hook '/convince_ws/install/behaviortree_cpp_v3/share/behaviortree_cpp_v3/hook/ld_library_path_lib.ps1'
[8.173s] INFO:colcon.colcon_core.shell:Creating environment descriptor '/convince_ws/install/behaviortree_cpp_v3/share/behaviortree_cpp_v3/hook/ld_library_path_lib.dsv'
[8.173s] INFO:colcon.colcon_core.shell:Creating environment hook '/convince_ws/install/behaviortree_cpp_v3/share/behaviortree_cpp_v3/hook/ld_library_path_lib.sh'
[8.174s] Level 1:colcon.colcon_core.environment:checking '/convince_ws/install/behaviortree_cpp_v3/bin'
[8.174s] Level 1:colcon.colcon_core.shell:create_environment_hook('behaviortree_cpp_v3', 'path')
[8.174s] INFO:colcon.colcon_core.shell:Creating environment hook '/convince_ws/install/behaviortree_cpp_v3/share/behaviortree_cpp_v3/hook/path.ps1'
[8.174s] INFO:colcon.colcon_core.shell:Creating environment descriptor '/convince_ws/install/behaviortree_cpp_v3/share/behaviortree_cpp_v3/hook/path.dsv'
[8.174s] INFO:colcon.colcon_core.shell:Creating environment hook '/convince_ws/install/behaviortree_cpp_v3/share/behaviortree_cpp_v3/hook/path.sh'
[8.175s] Level 1:colcon.colcon_core.environment:checking '/convince_ws/install/behaviortree_cpp_v3/lib/pkgconfig/behaviortree_cpp_v3.pc'
[8.175s] Level 1:colcon.colcon_core.environment:checking '/convince_ws/install/behaviortree_cpp_v3/lib/python3.12/site-packages'
[8.175s] Level 1:colcon.colcon_core.environment:checking '/convince_ws/install/behaviortree_cpp_v3/bin'
[8.175s] Level 1:colcon.colcon_core.shell:create_environment_hook('behaviortree_cpp_v3', 'pythonscriptspath')
[8.175s] INFO:colcon.colcon_core.shell:Creating environment hook '/convince_ws/install/behaviortree_cpp_v3/share/behaviortree_cpp_v3/hook/pythonscriptspath.ps1'
[8.176s] INFO:colcon.colcon_core.shell:Creating environment descriptor '/convince_ws/install/behaviortree_cpp_v3/share/behaviortree_cpp_v3/hook/pythonscriptspath.dsv'
[8.176s] INFO:colcon.colcon_core.shell:Creating environment hook '/convince_ws/install/behaviortree_cpp_v3/share/behaviortree_cpp_v3/hook/pythonscriptspath.sh'
[8.177s] INFO:colcon.colcon_core.shell:Creating package script '/convince_ws/install/behaviortree_cpp_v3/share/behaviortree_cpp_v3/package.ps1'
[8.177s] INFO:colcon.colcon_core.shell:Creating package descriptor '/convince_ws/install/behaviortree_cpp_v3/share/behaviortree_cpp_v3/package.dsv'
[8.177s] INFO:colcon.colcon_core.shell:Creating package script '/convince_ws/install/behaviortree_cpp_v3/share/behaviortree_cpp_v3/package.sh'
[8.177s] INFO:colcon.colcon_core.shell:Creating package script '/convince_ws/install/behaviortree_cpp_v3/share/behaviortree_cpp_v3/package.bash'
[8.178s] INFO:colcon.colcon_core.shell:Creating package script '/convince_ws/install/behaviortree_cpp_v3/share/behaviortree_cpp_v3/package.zsh'
[8.178s] Level 1:colcon.colcon_core.environment:create_file_with_runtime_dependencies(/convince_ws/install/behaviortree_cpp_v3/share/colcon-core/packages/behaviortree_cpp_v3)
[8.178s] Level 1:colcon.colcon_core.environment:create_environment_scripts_only(behaviortree_cpp_v3)
[8.178s] Level 1:colcon.colcon_core.environment:checking '/convince_ws/install/behaviortree_cpp_v3' for CMake module files
[8.179s] Level 1:colcon.colcon_core.environment:checking '/convince_ws/install/behaviortree_cpp_v3' for CMake config files
[8.179s] Level 1:colcon.colcon_core.shell:create_environment_hook('behaviortree_cpp_v3', 'cmake_prefix_path')
[8.179s] INFO:colcon.colcon_core.shell:Creating environment hook '/convince_ws/install/behaviortree_cpp_v3/share/behaviortree_cpp_v3/hook/cmake_prefix_path.ps1'
[8.179s] INFO:colcon.colcon_core.shell:Creating environment descriptor '/convince_ws/install/behaviortree_cpp_v3/share/behaviortree_cpp_v3/hook/cmake_prefix_path.dsv'
[8.179s] INFO:colcon.colcon_core.shell:Creating environment hook '/convince_ws/install/behaviortree_cpp_v3/share/behaviortree_cpp_v3/hook/cmake_prefix_path.sh'
[8.179s] Level 1:colcon.colcon_core.environment:checking '/convince_ws/install/behaviortree_cpp_v3/lib'
[8.179s] Level 1:colcon.colcon_core.shell:create_environment_hook('behaviortree_cpp_v3', 'ld_library_path_lib')
[8.179s] INFO:colcon.colcon_core.shell:Creating environment hook '/convince_ws/install/behaviortree_cpp_v3/share/behaviortree_cpp_v3/hook/ld_library_path_lib.ps1'
[8.180s] INFO:colcon.colcon_core.shell:Creating environment descriptor '/convince_ws/install/behaviortree_cpp_v3/share/behaviortree_cpp_v3/hook/ld_library_path_lib.dsv'
[8.180s] INFO:colcon.colcon_core.shell:Creating environment hook '/convince_ws/install/behaviortree_cpp_v3/share/behaviortree_cpp_v3/hook/ld_library_path_lib.sh'
[8.180s] Level 1:colcon.colcon_core.environment:checking '/convince_ws/install/behaviortree_cpp_v3/bin'
[8.180s] Level 1:colcon.colcon_core.shell:create_environment_hook('behaviortree_cpp_v3', 'path')
[8.180s] INFO:colcon.colcon_core.shell:Creating environment hook '/convince_ws/install/behaviortree_cpp_v3/share/behaviortree_cpp_v3/hook/path.ps1'
[8.180s] INFO:colcon.colcon_core.shell:Creating environment descriptor '/convince_ws/install/behaviortree_cpp_v3/share/behaviortree_cpp_v3/hook/path.dsv'
[8.180s] INFO:colcon.colcon_core.shell:Creating environment hook '/convince_ws/install/behaviortree_cpp_v3/share/behaviortree_cpp_v3/hook/path.sh'
[8.181s] Level 1:colcon.colcon_core.environment:checking '/convince_ws/install/behaviortree_cpp_v3/lib/pkgconfig/behaviortree_cpp_v3.pc'
[8.181s] Level 1:colcon.colcon_core.environment:checking '/convince_ws/install/behaviortree_cpp_v3/lib/python3.12/site-packages'
[8.181s] Level 1:colcon.colcon_core.environment:checking '/convince_ws/install/behaviortree_cpp_v3/bin'
[8.181s] Level 1:colcon.colcon_core.shell:create_environment_hook('behaviortree_cpp_v3', 'pythonscriptspath')
[8.181s] INFO:colcon.colcon_core.shell:Creating environment hook '/convince_ws/install/behaviortree_cpp_v3/share/behaviortree_cpp_v3/hook/pythonscriptspath.ps1'
[8.181s] INFO:colcon.colcon_core.shell:Creating environment descriptor '/convince_ws/install/behaviortree_cpp_v3/share/behaviortree_cpp_v3/hook/pythonscriptspath.dsv'
[8.181s] INFO:colcon.colcon_core.shell:Creating environment hook '/convince_ws/install/behaviortree_cpp_v3/share/behaviortree_cpp_v3/hook/pythonscriptspath.sh'
[8.182s] INFO:colcon.colcon_core.shell:Creating package script '/convince_ws/install/behaviortree_cpp_v3/share/behaviortree_cpp_v3/package.ps1'
[8.182s] INFO:colcon.colcon_core.shell:Creating package descriptor '/convince_ws/install/behaviortree_cpp_v3/share/behaviortree_cpp_v3/package.dsv'
[8.182s] INFO:colcon.colcon_core.shell:Creating package script '/convince_ws/install/behaviortree_cpp_v3/share/behaviortree_cpp_v3/package.sh'
[8.182s] INFO:colcon.colcon_core.shell:Creating package script '/convince_ws/install/behaviortree_cpp_v3/share/behaviortree_cpp_v3/package.bash'
[8.182s] INFO:colcon.colcon_core.shell:Creating package script '/convince_ws/install/behaviortree_cpp_v3/share/behaviortree_cpp_v3/package.zsh'
[8.183s] Level 1:colcon.colcon_core.environment:create_file_with_runtime_dependencies(/convince_ws/install/behaviortree_cpp_v3/share/colcon-core/packages/behaviortree_cpp_v3)
[8.774s] DEBUG:colcon.colcon_core.event_handler.log_command:Invoked command in '/convince_ws/build/btcpp_ros2_interfaces' returned '0': CMAKE_PREFIX_PATH=/opt/ros/jazzy /usr/bin/cmake --build /convince_ws/build/btcpp_ros2_interfaces -- -j20 -l20
[8.775s] DEBUG:colcon.colcon_core.event_handler.log_command:Invoking command in '/convince_ws/build/btcpp_ros2_interfaces': CMAKE_PREFIX_PATH=/opt/ros/jazzy /usr/bin/cmake --install /convince_ws/build/btcpp_ros2_interfaces
[10.025s] Level 1:colcon.colcon_core.environment:create_environment_scripts_only(btcpp_ros2_interfaces)
[10.025s] Level 1:colcon.colcon_core.environment:checking '/convince_ws/install/btcpp_ros2_interfaces' for CMake module files
[10.027s] Level 1:colcon.colcon_core.environment:checking '/convince_ws/install/btcpp_ros2_interfaces' for CMake config files
[10.028s] DEBUG:colcon.colcon_core.event_handler.log_command:Invoked command in '/convince_ws/build/btcpp_ros2_interfaces' returned '0': CMAKE_PREFIX_PATH=/opt/ros/jazzy /usr/bin/cmake --install /convince_ws/build/btcpp_ros2_interfaces
[10.029s] Level 1:colcon.colcon_core.shell:create_environment_hook('btcpp_ros2_interfaces', 'cmake_prefix_path')
[10.030s] INFO:colcon.colcon_core.shell:Creating environment hook '/convince_ws/install/btcpp_ros2_interfaces/share/btcpp_ros2_interfaces/hook/cmake_prefix_path.ps1'
[10.030s] INFO:colcon.colcon_core.shell:Creating environment descriptor '/convince_ws/install/btcpp_ros2_interfaces/share/btcpp_ros2_interfaces/hook/cmake_prefix_path.dsv'
[10.030s] INFO:colcon.colcon_core.shell:Creating environment hook '/convince_ws/install/btcpp_ros2_interfaces/share/btcpp_ros2_interfaces/hook/cmake_prefix_path.sh'
[10.031s] Level 1:colcon.colcon_core.environment:checking '/convince_ws/install/btcpp_ros2_interfaces/lib'
[10.031s] Level 1:colcon.colcon_core.shell:create_environment_hook('btcpp_ros2_interfaces', 'ld_library_path_lib')
[10.032s] INFO:colcon.colcon_core.shell:Creating environment hook '/convince_ws/install/btcpp_ros2_interfaces/share/btcpp_ros2_interfaces/hook/ld_library_path_lib.ps1'
[10.032s] INFO:colcon.colcon_core.shell:Creating environment descriptor '/convince_ws/install/btcpp_ros2_interfaces/share/btcpp_ros2_interfaces/hook/ld_library_path_lib.dsv'
[10.032s] INFO:colcon.colcon_core.shell:Creating environment hook '/convince_ws/install/btcpp_ros2_interfaces/share/btcpp_ros2_interfaces/hook/ld_library_path_lib.sh'
[10.033s] Level 1:colcon.colcon_core.environment:checking '/convince_ws/install/btcpp_ros2_interfaces/bin'
[10.033s] Level 1:colcon.colcon_core.environment:checking '/convince_ws/install/btcpp_ros2_interfaces/lib/pkgconfig/btcpp_ros2_interfaces.pc'
[10.033s] Level 1:colcon.colcon_core.environment:checking '/convince_ws/install/btcpp_ros2_interfaces/lib/python3.12/site-packages'
[10.033s] Level 1:colcon.colcon_core.shell:create_environment_hook('btcpp_ros2_interfaces', 'pythonpath')
[10.033s] INFO:colcon.colcon_core.shell:Creating environment hook '/convince_ws/install/btcpp_ros2_interfaces/share/btcpp_ros2_interfaces/hook/pythonpath.ps1'
[10.034s] INFO:colcon.colcon_core.shell:Creating environment descriptor '/convince_ws/install/btcpp_ros2_interfaces/share/btcpp_ros2_interfaces/hook/pythonpath.dsv'
[10.034s] INFO:colcon.colcon_core.shell:Creating environment hook '/convince_ws/install/btcpp_ros2_interfaces/share/btcpp_ros2_interfaces/hook/pythonpath.sh'
[10.035s] Level 1:colcon.colcon_core.environment:checking '/convince_ws/install/btcpp_ros2_interfaces/bin'
[10.035s] INFO:colcon.colcon_core.shell:Creating package script '/convince_ws/install/btcpp_ros2_interfaces/share/btcpp_ros2_interfaces/package.ps1'
[10.036s] INFO:colcon.colcon_core.shell:Creating package descriptor '/convince_ws/install/btcpp_ros2_interfaces/share/btcpp_ros2_interfaces/package.dsv'
[10.036s] INFO:colcon.colcon_core.shell:Creating package script '/convince_ws/install/btcpp_ros2_interfaces/share/btcpp_ros2_interfaces/package.sh'
[10.036s] INFO:colcon.colcon_core.shell:Creating package script '/convince_ws/install/btcpp_ros2_interfaces/share/btcpp_ros2_interfaces/package.bash'
[10.037s] INFO:colcon.colcon_core.shell:Creating package script '/convince_ws/install/btcpp_ros2_interfaces/share/btcpp_ros2_interfaces/package.zsh'
[10.037s] Level 1:colcon.colcon_core.environment:create_file_with_runtime_dependencies(/convince_ws/install/btcpp_ros2_interfaces/share/colcon-core/packages/btcpp_ros2_interfaces)
[10.038s] Level 1:colcon.colcon_core.environment:create_environment_scripts_only(btcpp_ros2_interfaces)
[10.038s] Level 1:colcon.colcon_core.environment:checking '/convince_ws/install/btcpp_ros2_interfaces' for CMake module files
[10.039s] Level 1:colcon.colcon_core.environment:checking '/convince_ws/install/btcpp_ros2_interfaces' for CMake config files
[10.040s] Level 1:colcon.colcon_core.shell:create_environment_hook('btcpp_ros2_interfaces', 'cmake_prefix_path')
[10.040s] INFO:colcon.colcon_core.shell:Creating environment hook '/convince_ws/install/btcpp_ros2_interfaces/share/btcpp_ros2_interfaces/hook/cmake_prefix_path.ps1'
[10.040s] INFO:colcon.colcon_core.shell:Creating environment descriptor '/convince_ws/install/btcpp_ros2_interfaces/share/btcpp_ros2_interfaces/hook/cmake_prefix_path.dsv'
[10.041s] INFO:colcon.colcon_core.shell:Creating environment hook '/convince_ws/install/btcpp_ros2_interfaces/share/btcpp_ros2_interfaces/hook/cmake_prefix_path.sh'
[10.042s] Level 1:colcon.colcon_core.environment:checking '/convince_ws/install/btcpp_ros2_interfaces/lib'
[10.042s] Level 1:colcon.colcon_core.shell:create_environment_hook('btcpp_ros2_interfaces', 'ld_library_path_lib')
[10.042s] INFO:colcon.colcon_core.shell:Creating environment hook '/convince_ws/install/btcpp_ros2_interfaces/share/btcpp_ros2_interfaces/hook/ld_library_path_lib.ps1'
[10.042s] INFO:colcon.colcon_core.shell:Creating environment descriptor '/convince_ws/install/btcpp_ros2_interfaces/share/btcpp_ros2_interfaces/hook/ld_library_path_lib.dsv'
[10.043s] INFO:colcon.colcon_core.shell:Creating environment hook '/convince_ws/install/btcpp_ros2_interfaces/share/btcpp_ros2_interfaces/hook/ld_library_path_lib.sh'
[10.043s] Level 1:colcon.colcon_core.environment:checking '/convince_ws/install/btcpp_ros2_interfaces/bin'
[10.043s] Level 1:colcon.colcon_core.environment:checking '/convince_ws/install/btcpp_ros2_interfaces/lib/pkgconfig/btcpp_ros2_interfaces.pc'
[10.043s] Level 1:colcon.colcon_core.environment:checking '/convince_ws/install/btcpp_ros2_interfaces/lib/python3.12/site-packages'
[10.044s] Level 1:colcon.colcon_core.shell:create_environment_hook('btcpp_ros2_interfaces', 'pythonpath')
[10.044s] INFO:colcon.colcon_core.shell:Creating environment hook '/convince_ws/install/btcpp_ros2_interfaces/share/btcpp_ros2_interfaces/hook/pythonpath.ps1'
[10.044s] INFO:colcon.colcon_core.shell:Creating environment descriptor '/convince_ws/install/btcpp_ros2_interfaces/share/btcpp_ros2_interfaces/hook/pythonpath.dsv'
[10.044s] INFO:colcon.colcon_core.shell:Creating environment hook '/convince_ws/install/btcpp_ros2_interfaces/share/btcpp_ros2_interfaces/hook/pythonpath.sh'
[10.045s] Level 1:colcon.colcon_core.environment:checking '/convince_ws/install/btcpp_ros2_interfaces/bin'
[10.045s] INFO:colcon.colcon_core.shell:Creating package script '/convince_ws/install/btcpp_ros2_interfaces/share/btcpp_ros2_interfaces/package.ps1'
[10.046s] INFO:colcon.colcon_core.shell:Creating package descriptor '/convince_ws/install/btcpp_ros2_interfaces/share/btcpp_ros2_interfaces/package.dsv'
[10.047s] INFO:colcon.colcon_core.shell:Creating package script '/convince_ws/install/btcpp_ros2_interfaces/share/btcpp_ros2_interfaces/package.sh'
[10.047s] INFO:colcon.colcon_core.shell:Creating package script '/convince_ws/install/btcpp_ros2_interfaces/share/btcpp_ros2_interfaces/package.bash'
[10.048s] INFO:colcon.colcon_core.shell:Creating package script '/convince_ws/install/btcpp_ros2_interfaces/share/btcpp_ros2_interfaces/package.zsh'
[10.048s] Level 1:colcon.colcon_core.environment:create_file_with_runtime_dependencies(/convince_ws/install/btcpp_ros2_interfaces/share/colcon-core/packages/btcpp_ros2_interfaces)
[10.049s] INFO:colcon.colcon_ros.task.ament_cmake.build:Building ROS package in '/convince_ws/src/behaviortree_ros2/behaviortree_ros2' with build type 'ament_cmake'
[10.049s] INFO:colcon.colcon_cmake.task.cmake.build:Building CMake package in '/convince_ws/src/behaviortree_ros2/behaviortree_ros2'
[10.050s] INFO:colcon.colcon_core.shell:Skip shell extension 'powershell' for command environment: Not usable outside of PowerShell
[10.050s] DEBUG:colcon.colcon_core.shell:Skip shell extension 'dsv' for command environment
[10.066s] DEBUG:colcon.colcon_core.event_handler.log_command:Invoking command in '/convince_ws/build/behaviortree_ros2': AMENT_PREFIX_PATH=/convince_ws/install/btcpp_ros2_interfaces:${AMENT_PREFIX_PATH} CMAKE_PREFIX_PATH=/convince_ws/install/btcpp_ros2_interfaces:/opt/ros/jazzy LD_LIBRARY_PATH=/convince_ws/install/btcpp_ros2_interfaces/lib:${LD_LIBRARY_PATH} PYTHONPATH=/convince_ws/install/btcpp_ros2_interfaces/lib/python3.12/site-packages:${PYTHONPATH} /usr/bin/cmake /convince_ws/src/behaviortree_ros2/behaviortree_ros2 -DCMAKE_EXPORT_COMPILE_COMMANDS=ON --no-warn-unused-cli -DAMENT_CMAKE_SYMLINK_INSTALL=1 -DCMAKE_INSTALL_PREFIX=/convince_ws/install/behaviortree_ros2
[11.406s] DEBUG:colcon.colcon_core.event_handler.log_command:Invoked command in '/convince_ws/build/behaviortree_ros2' returned '0': AMENT_PREFIX_PATH=/convince_ws/install/btcpp_ros2_interfaces:${AMENT_PREFIX_PATH} CMAKE_PREFIX_PATH=/convince_ws/install/btcpp_ros2_interfaces:/opt/ros/jazzy LD_LIBRARY_PATH=/convince_ws/install/btcpp_ros2_interfaces/lib:${LD_LIBRARY_PATH} PYTHONPATH=/convince_ws/install/btcpp_ros2_interfaces/lib/python3.12/site-packages:${PYTHONPATH} /usr/bin/cmake /convince_ws/src/behaviortree_ros2/behaviortree_ros2 -DCMAKE_EXPORT_COMPILE_COMMANDS=ON --no-warn-unused-cli -DAMENT_CMAKE_SYMLINK_INSTALL=1 -DCMAKE_INSTALL_PREFIX=/convince_ws/install/behaviortree_ros2
[11.406s] DEBUG:colcon.colcon_core.event_handler.log_command:Invoking command in '/convince_ws/build/behaviortree_ros2': AMENT_PREFIX_PATH=/convince_ws/install/btcpp_ros2_interfaces:${AMENT_PREFIX_PATH} CMAKE_PREFIX_PATH=/convince_ws/install/btcpp_ros2_interfaces:/opt/ros/jazzy LD_LIBRARY_PATH=/convince_ws/install/btcpp_ros2_interfaces/lib:${LD_LIBRARY_PATH} PYTHONPATH=/convince_ws/install/btcpp_ros2_interfaces/lib/python3.12/site-packages:${PYTHONPATH} /usr/bin/cmake --build /convince_ws/build/behaviortree_ros2 -- -j20 -l20
[14.606s] DEBUG:colcon.colcon_core.event_handler.log_command:Invoked command in '/convince_ws/build/pyrobosim_msgs' returned '0': CMAKE_PREFIX_PATH=/opt/ros/jazzy /usr/bin/cmake --build /convince_ws/build/pyrobosim_msgs -- -j20 -l20
[14.606s] DEBUG:colcon.colcon_core.event_handler.log_command:Invoking command in '/convince_ws/build/pyrobosim_msgs': CMAKE_PREFIX_PATH=/opt/ros/jazzy /usr/bin/cmake --install /convince_ws/build/pyrobosim_msgs
[15.639s] DEBUG:colcon.colcon_core.event_handler.log_command:Invoked command in '/convince_ws/build/behaviortree_ros2' returned '0': AMENT_PREFIX_PATH=/convince_ws/install/btcpp_ros2_interfaces:${AMENT_PREFIX_PATH} CMAKE_PREFIX_PATH=/convince_ws/install/btcpp_ros2_interfaces:/opt/ros/jazzy LD_LIBRARY_PATH=/convince_ws/install/btcpp_ros2_interfaces/lib:${LD_LIBRARY_PATH} PYTHONPATH=/convince_ws/install/btcpp_ros2_interfaces/lib/python3.12/site-packages:${PYTHONPATH} /usr/bin/cmake --build /convince_ws/build/behaviortree_ros2 -- -j20 -l20
[15.640s] DEBUG:colcon.colcon_core.event_handler.log_command:Invoking command in '/convince_ws/build/behaviortree_ros2': AMENT_PREFIX_PATH=/convince_ws/install/btcpp_ros2_interfaces:${AMENT_PREFIX_PATH} CMAKE_PREFIX_PATH=/convince_ws/install/btcpp_ros2_interfaces:/opt/ros/jazzy LD_LIBRARY_PATH=/convince_ws/install/btcpp_ros2_interfaces/lib:${LD_LIBRARY_PATH} PYTHONPATH=/convince_ws/install/btcpp_ros2_interfaces/lib/python3.12/site-packages:${PYTHONPATH} /usr/bin/cmake --install /convince_ws/build/behaviortree_ros2
[15.801s] Level 1:colcon.colcon_core.environment:create_environment_scripts_only(behaviortree_ros2)
[15.801s] Level 1:colcon.colcon_core.environment:checking '/convince_ws/install/behaviortree_ros2' for CMake module files
[15.801s] DEBUG:colcon.colcon_core.event_handler.log_command:Invoked command in '/convince_ws/build/behaviortree_ros2' returned '0': AMENT_PREFIX_PATH=/convince_ws/install/btcpp_ros2_interfaces:${AMENT_PREFIX_PATH} CMAKE_PREFIX_PATH=/convince_ws/install/btcpp_ros2_interfaces:/opt/ros/jazzy LD_LIBRARY_PATH=/convince_ws/install/btcpp_ros2_interfaces/lib:${LD_LIBRARY_PATH} PYTHONPATH=/convince_ws/install/btcpp_ros2_interfaces/lib/python3.12/site-packages:${PYTHONPATH} /usr/bin/cmake --install /convince_ws/build/behaviortree_ros2
[15.801s] Level 1:colcon.colcon_core.environment:checking '/convince_ws/install/behaviortree_ros2' for CMake config files
[15.801s] Level 1:colcon.colcon_core.shell:create_environment_hook('behaviortree_ros2', 'cmake_prefix_path')
[15.802s] INFO:colcon.colcon_core.shell:Creating environment hook '/convince_ws/install/behaviortree_ros2/share/behaviortree_ros2/hook/cmake_prefix_path.ps1'
[15.802s] INFO:colcon.colcon_core.shell:Creating environment descriptor '/convince_ws/install/behaviortree_ros2/share/behaviortree_ros2/hook/cmake_prefix_path.dsv'
[15.802s] INFO:colcon.colcon_core.shell:Creating environment hook '/convince_ws/install/behaviortree_ros2/share/behaviortree_ros2/hook/cmake_prefix_path.sh'
[15.802s] Level 1:colcon.colcon_core.environment:checking '/convince_ws/install/behaviortree_ros2/lib'
[15.802s] Level 1:colcon.colcon_core.environment:checking '/convince_ws/install/behaviortree_ros2/bin'
[15.802s] Level 1:colcon.colcon_core.environment:checking '/convince_ws/install/behaviortree_ros2/lib/pkgconfig/behaviortree_ros2.pc'
[15.802s] Level 1:colcon.colcon_core.environment:checking '/convince_ws/install/behaviortree_ros2/lib/python3.12/site-packages'
[15.803s] Level 1:colcon.colcon_core.environment:checking '/convince_ws/install/behaviortree_ros2/bin'
[15.803s] INFO:colcon.colcon_core.shell:Creating package script '/convince_ws/install/behaviortree_ros2/share/behaviortree_ros2/package.ps1'
[15.803s] INFO:colcon.colcon_core.shell:Creating package descriptor '/convince_ws/install/behaviortree_ros2/share/behaviortree_ros2/package.dsv'
[15.803s] INFO:colcon.colcon_core.shell:Creating package script '/convince_ws/install/behaviortree_ros2/share/behaviortree_ros2/package.sh'
[15.803s] INFO:colcon.colcon_core.shell:Creating package script '/convince_ws/install/behaviortree_ros2/share/behaviortree_ros2/package.bash'
[15.803s] INFO:colcon.colcon_core.shell:Creating package script '/convince_ws/install/behaviortree_ros2/share/behaviortree_ros2/package.zsh'
[15.804s] Level 1:colcon.colcon_core.environment:create_file_with_runtime_dependencies(/convince_ws/install/behaviortree_ros2/share/colcon-core/packages/behaviortree_ros2)
[15.804s] Level 1:colcon.colcon_core.environment:create_environment_scripts_only(behaviortree_ros2)
[15.804s] Level 1:colcon.colcon_core.environment:checking '/convince_ws/install/behaviortree_ros2' for CMake module files
[15.804s] Level 1:colcon.colcon_core.environment:checking '/convince_ws/install/behaviortree_ros2' for CMake config files
[15.804s] Level 1:colcon.colcon_core.shell:create_environment_hook('behaviortree_ros2', 'cmake_prefix_path')
[15.804s] INFO:colcon.colcon_core.shell:Creating environment hook '/convince_ws/install/behaviortree_ros2/share/behaviortree_ros2/hook/cmake_prefix_path.ps1'
[15.805s] INFO:colcon.colcon_core.shell:Creating environment descriptor '/convince_ws/install/behaviortree_ros2/share/behaviortree_ros2/hook/cmake_prefix_path.dsv'
[15.805s] INFO:colcon.colcon_core.shell:Creating environment hook '/convince_ws/install/behaviortree_ros2/share/behaviortree_ros2/hook/cmake_prefix_path.sh'
[15.805s] Level 1:colcon.colcon_core.environment:checking '/convince_ws/install/behaviortree_ros2/lib'
[15.805s] Level 1:colcon.colcon_core.environment:checking '/convince_ws/install/behaviortree_ros2/bin'
[15.805s] Level 1:colcon.colcon_core.environment:checking '/convince_ws/install/behaviortree_ros2/lib/pkgconfig/behaviortree_ros2.pc'
[15.805s] Level 1:colcon.colcon_core.environment:checking '/convince_ws/install/behaviortree_ros2/lib/python3.12/site-packages'
[15.805s] Level 1:colcon.colcon_core.environment:checking '/convince_ws/install/behaviortree_ros2/bin'
[15.805s] INFO:colcon.colcon_core.shell:Creating package script '/convince_ws/install/behaviortree_ros2/share/behaviortree_ros2/package.ps1'
[15.806s] INFO:colcon.colcon_core.shell:Creating package descriptor '/convince_ws/install/behaviortree_ros2/share/behaviortree_ros2/package.dsv'
[15.806s] INFO:colcon.colcon_core.shell:Creating package script '/convince_ws/install/behaviortree_ros2/share/behaviortree_ros2/package.sh'
[15.806s] INFO:colcon.colcon_core.shell:Creating package script '/convince_ws/install/behaviortree_ros2/share/behaviortree_ros2/package.bash'
[15.806s] INFO:colcon.colcon_core.shell:Creating package script '/convince_ws/install/behaviortree_ros2/share/behaviortree_ros2/package.zsh'
[15.806s] Level 1:colcon.colcon_core.environment:create_file_with_runtime_dependencies(/convince_ws/install/behaviortree_ros2/share/colcon-core/packages/behaviortree_ros2)
[15.806s] INFO:colcon.colcon_ros.task.ament_cmake.build:Building ROS package in '/convince_ws/src/behaviortree_ros2/btcpp_ros2_samples' with build type 'ament_cmake'
[15.806s] INFO:colcon.colcon_cmake.task.cmake.build:Building CMake package in '/convince_ws/src/behaviortree_ros2/btcpp_ros2_samples'
[15.806s] INFO:colcon.colcon_core.shell:Skip shell extension 'powershell' for command environment: Not usable outside of PowerShell
[15.806s] DEBUG:colcon.colcon_core.shell:Skip shell extension 'dsv' for command environment
[15.813s] DEBUG:colcon.colcon_core.event_handler.log_command:Invoking command in '/convince_ws/build/btcpp_ros2_samples': AMENT_PREFIX_PATH=/convince_ws/install/behaviortree_ros2:/convince_ws/install/btcpp_ros2_interfaces:${AMENT_PREFIX_PATH} CMAKE_PREFIX_PATH=/convince_ws/install/behaviortree_ros2:/convince_ws/install/btcpp_ros2_interfaces:/opt/ros/jazzy LD_LIBRARY_PATH=/convince_ws/install/behaviortree_ros2/lib:/convince_ws/install/btcpp_ros2_interfaces/lib:${LD_LIBRARY_PATH} PYTHONPATH=/convince_ws/install/btcpp_ros2_interfaces/lib/python3.12/site-packages:${PYTHONPATH} /usr/bin/cmake /convince_ws/src/behaviortree_ros2/btcpp_ros2_samples -DCMAKE_EXPORT_COMPILE_COMMANDS=ON --no-warn-unused-cli -DAMENT_CMAKE_SYMLINK_INSTALL=1 -DCMAKE_INSTALL_PREFIX=/convince_ws/install/btcpp_ros2_samples
[16.571s] DEBUG:colcon.colcon_core.event_handler.log_command:Invoked command in '/convince_ws/build/btcpp_ros2_samples' returned '0': AMENT_PREFIX_PATH=/convince_ws/install/behaviortree_ros2:/convince_ws/install/btcpp_ros2_interfaces:${AMENT_PREFIX_PATH} CMAKE_PREFIX_PATH=/convince_ws/install/behaviortree_ros2:/convince_ws/install/btcpp_ros2_interfaces:/opt/ros/jazzy LD_LIBRARY_PATH=/convince_ws/install/behaviortree_ros2/lib:/convince_ws/install/btcpp_ros2_interfaces/lib:${LD_LIBRARY_PATH} PYTHONPATH=/convince_ws/install/btcpp_ros2_interfaces/lib/python3.12/site-packages:${PYTHONPATH} /usr/bin/cmake /convince_ws/src/behaviortree_ros2/btcpp_ros2_samples -DCMAKE_EXPORT_COMPILE_COMMANDS=ON --no-warn-unused-cli -DAMENT_CMAKE_SYMLINK_INSTALL=1 -DCMAKE_INSTALL_PREFIX=/convince_ws/install/btcpp_ros2_samples
[16.571s] DEBUG:colcon.colcon_core.event_handler.log_command:Invoking command in '/convince_ws/build/btcpp_ros2_samples': AMENT_PREFIX_PATH=/convince_ws/install/behaviortree_ros2:/convince_ws/install/btcpp_ros2_interfaces:${AMENT_PREFIX_PATH} CMAKE_PREFIX_PATH=/convince_ws/install/behaviortree_ros2:/convince_ws/install/btcpp_ros2_interfaces:/opt/ros/jazzy LD_LIBRARY_PATH=/convince_ws/install/behaviortree_ros2/lib:/convince_ws/install/btcpp_ros2_interfaces/lib:${LD_LIBRARY_PATH} PYTHONPATH=/convince_ws/install/btcpp_ros2_interfaces/lib/python3.12/site-packages:${PYTHONPATH} /usr/bin/cmake --build /convince_ws/build/btcpp_ros2_samples -- -j20 -l20
[17.026s] Level 1:colcon.colcon_core.environment:create_environment_scripts_only(pyrobosim_msgs)
[17.026s] Level 1:colcon.colcon_core.environment:checking '/convince_ws/install/pyrobosim_msgs' for CMake module files
[17.026s] DEBUG:colcon.colcon_core.event_handler.log_command:Invoked command in '/convince_ws/build/pyrobosim_msgs' returned '0': CMAKE_PREFIX_PATH=/opt/ros/jazzy /usr/bin/cmake --install /convince_ws/build/pyrobosim_msgs
[17.027s] Level 1:colcon.colcon_core.environment:checking '/convince_ws/install/pyrobosim_msgs' for CMake config files
[17.028s] Level 1:colcon.colcon_core.shell:create_environment_hook('pyrobosim_msgs', 'cmake_prefix_path')
[17.028s] INFO:colcon.colcon_core.shell:Creating environment hook '/convince_ws/install/pyrobosim_msgs/share/pyrobosim_msgs/hook/cmake_prefix_path.ps1'
[17.029s] INFO:colcon.colcon_core.shell:Creating environment descriptor '/convince_ws/install/pyrobosim_msgs/share/pyrobosim_msgs/hook/cmake_prefix_path.dsv'
[17.029s] INFO:colcon.colcon_core.shell:Creating environment hook '/convince_ws/install/pyrobosim_msgs/share/pyrobosim_msgs/hook/cmake_prefix_path.sh'
[17.029s] Level 1:colcon.colcon_core.environment:checking '/convince_ws/install/pyrobosim_msgs/lib'
[17.030s] Level 1:colcon.colcon_core.shell:create_environment_hook('pyrobosim_msgs', 'ld_library_path_lib')
[17.030s] INFO:colcon.colcon_core.shell:Creating environment hook '/convince_ws/install/pyrobosim_msgs/share/pyrobosim_msgs/hook/ld_library_path_lib.ps1'
[17.030s] INFO:colcon.colcon_core.shell:Creating environment descriptor '/convince_ws/install/pyrobosim_msgs/share/pyrobosim_msgs/hook/ld_library_path_lib.dsv'
[17.030s] INFO:colcon.colcon_core.shell:Creating environment hook '/convince_ws/install/pyrobosim_msgs/share/pyrobosim_msgs/hook/ld_library_path_lib.sh'
[17.031s] Level 1:colcon.colcon_core.environment:checking '/convince_ws/install/pyrobosim_msgs/bin'
[17.031s] Level 1:colcon.colcon_core.environment:checking '/convince_ws/install/pyrobosim_msgs/lib/pkgconfig/pyrobosim_msgs.pc'
[17.031s] Level 1:colcon.colcon_core.environment:checking '/convince_ws/install/pyrobosim_msgs/lib/python3.12/site-packages'
[17.031s] Level 1:colcon.colcon_core.shell:create_environment_hook('pyrobosim_msgs', 'pythonpath')
[17.031s] INFO:colcon.colcon_core.shell:Creating environment hook '/convince_ws/install/pyrobosim_msgs/share/pyrobosim_msgs/hook/pythonpath.ps1'
[17.031s] INFO:colcon.colcon_core.shell:Creating environment descriptor '/convince_ws/install/pyrobosim_msgs/share/pyrobosim_msgs/hook/pythonpath.dsv'
[17.032s] INFO:colcon.colcon_core.shell:Creating environment hook '/convince_ws/install/pyrobosim_msgs/share/pyrobosim_msgs/hook/pythonpath.sh'
[17.032s] Level 1:colcon.colcon_core.environment:checking '/convince_ws/install/pyrobosim_msgs/bin'
[17.033s] INFO:colcon.colcon_core.shell:Creating package script '/convince_ws/install/pyrobosim_msgs/share/pyrobosim_msgs/package.ps1'
[17.033s] INFO:colcon.colcon_core.shell:Creating package descriptor '/convince_ws/install/pyrobosim_msgs/share/pyrobosim_msgs/package.dsv'
[17.033s] INFO:colcon.colcon_core.shell:Creating package script '/convince_ws/install/pyrobosim_msgs/share/pyrobosim_msgs/package.sh'
[17.034s] INFO:colcon.colcon_core.shell:Creating package script '/convince_ws/install/pyrobosim_msgs/share/pyrobosim_msgs/package.bash'
[17.034s] INFO:colcon.colcon_core.shell:Creating package script '/convince_ws/install/pyrobosim_msgs/share/pyrobosim_msgs/package.zsh'
[17.034s] Level 1:colcon.colcon_core.environment:create_file_with_runtime_dependencies(/convince_ws/install/pyrobosim_msgs/share/colcon-core/packages/pyrobosim_msgs)
[17.035s] Level 1:colcon.colcon_core.environment:create_environment_scripts_only(pyrobosim_msgs)
[17.035s] Level 1:colcon.colcon_core.environment:checking '/convince_ws/install/pyrobosim_msgs' for CMake module files
[17.036s] Level 1:colcon.colcon_core.environment:checking '/convince_ws/install/pyrobosim_msgs' for CMake config files
[17.037s] Level 1:colcon.colcon_core.shell:create_environment_hook('pyrobosim_msgs', 'cmake_prefix_path')
[17.037s] INFO:colcon.colcon_core.shell:Creating environment hook '/convince_ws/install/pyrobosim_msgs/share/pyrobosim_msgs/hook/cmake_prefix_path.ps1'
[17.037s] INFO:colcon.colcon_core.shell:Creating environment descriptor '/convince_ws/install/pyrobosim_msgs/share/pyrobosim_msgs/hook/cmake_prefix_path.dsv'
[17.038s] INFO:colcon.colcon_core.shell:Creating environment hook '/convince_ws/install/pyrobosim_msgs/share/pyrobosim_msgs/hook/cmake_prefix_path.sh'
[17.038s] Level 1:colcon.colcon_core.environment:checking '/convince_ws/install/pyrobosim_msgs/lib'
[17.038s] Level 1:colcon.colcon_core.shell:create_environment_hook('pyrobosim_msgs', 'ld_library_path_lib')
[17.038s] INFO:colcon.colcon_core.shell:Creating environment hook '/convince_ws/install/pyrobosim_msgs/share/pyrobosim_msgs/hook/ld_library_path_lib.ps1'
[17.039s] INFO:colcon.colcon_core.shell:Creating environment descriptor '/convince_ws/install/pyrobosim_msgs/share/pyrobosim_msgs/hook/ld_library_path_lib.dsv'
[17.039s] INFO:colcon.colcon_core.shell:Creating environment hook '/convince_ws/install/pyrobosim_msgs/share/pyrobosim_msgs/hook/ld_library_path_lib.sh'
[17.039s] Level 1:colcon.colcon_core.environment:checking '/convince_ws/install/pyrobosim_msgs/bin'
[17.039s] Level 1:colcon.colcon_core.environment:checking '/convince_ws/install/pyrobosim_msgs/lib/pkgconfig/pyrobosim_msgs.pc'
[17.040s] Level 1:colcon.colcon_core.environment:checking '/convince_ws/install/pyrobosim_msgs/lib/python3.12/site-packages'
[17.040s] Level 1:colcon.colcon_core.shell:create_environment_hook('pyrobosim_msgs', 'pythonpath')
[17.040s] INFO:colcon.colcon_core.shell:Creating environment hook '/convince_ws/install/pyrobosim_msgs/share/pyrobosim_msgs/hook/pythonpath.ps1'
[17.040s] INFO:colcon.colcon_core.shell:Creating environment descriptor '/convince_ws/install/pyrobosim_msgs/share/pyrobosim_msgs/hook/pythonpath.dsv'
[17.040s] INFO:colcon.colcon_core.shell:Creating environment hook '/convince_ws/install/pyrobosim_msgs/share/pyrobosim_msgs/hook/pythonpath.sh'
[17.041s] Level 1:colcon.colcon_core.environment:checking '/convince_ws/install/pyrobosim_msgs/bin'
[17.041s] INFO:colcon.colcon_core.shell:Creating package script '/convince_ws/install/pyrobosim_msgs/share/pyrobosim_msgs/package.ps1'
[17.042s] INFO:colcon.colcon_core.shell:Creating package descriptor '/convince_ws/install/pyrobosim_msgs/share/pyrobosim_msgs/package.dsv'
[17.042s] INFO:colcon.colcon_core.shell:Creating package script '/convince_ws/install/pyrobosim_msgs/share/pyrobosim_msgs/package.sh'
[17.042s] INFO:colcon.colcon_core.shell:Creating package script '/convince_ws/install/pyrobosim_msgs/share/pyrobosim_msgs/package.bash'
[17.043s] INFO:colcon.colcon_core.shell:Creating package script '/convince_ws/install/pyrobosim_msgs/share/pyrobosim_msgs/package.zsh'
[17.043s] Level 1:colcon.colcon_core.environment:create_file_with_runtime_dependencies(/convince_ws/install/pyrobosim_msgs/share/colcon-core/packages/pyrobosim_msgs)
[17.043s] INFO:colcon.colcon_ros.task.ament_cmake.build:Building ROS package in '/convince_ws/src/pyrobosim/pyrobosim_ros' with build type 'ament_cmake'
[17.043s] INFO:colcon.colcon_cmake.task.cmake.build:Building CMake package in '/convince_ws/src/pyrobosim/pyrobosim_ros'
[17.043s] INFO:colcon.colcon_core.shell:Skip shell extension 'powershell' for command environment: Not usable outside of PowerShell
[17.043s] DEBUG:colcon.colcon_core.shell:Skip shell extension 'dsv' for command environment
[17.049s] DEBUG:colcon.colcon_core.event_handler.log_command:Invoking command in '/convince_ws/build/pyrobosim_ros': AMENT_PREFIX_PATH=/convince_ws/install/pyrobosim_msgs:${AMENT_PREFIX_PATH} CMAKE_PREFIX_PATH=/convince_ws/install/pyrobosim_msgs:/opt/ros/jazzy LD_LIBRARY_PATH=/convince_ws/install/pyrobosim_msgs/lib:${LD_LIBRARY_PATH} PYTHONPATH=/convince_ws/install/pyrobosim_msgs/lib/python3.12/site-packages:${PYTHONPATH} /usr/bin/cmake /convince_ws/src/pyrobosim/pyrobosim_ros -DCMAKE_EXPORT_COMPILE_COMMANDS=ON --no-warn-unused-cli -DAMENT_CMAKE_SYMLINK_INSTALL=1 -DCMAKE_INSTALL_PREFIX=/convince_ws/install/pyrobosim_ros
[19.498s] DEBUG:colcon.colcon_core.event_handler.log_command:Invoked command in '/convince_ws/build/pyrobosim_ros' returned '0': AMENT_PREFIX_PATH=/convince_ws/install/pyrobosim_msgs:${AMENT_PREFIX_PATH} CMAKE_PREFIX_PATH=/convince_ws/install/pyrobosim_msgs:/opt/ros/jazzy LD_LIBRARY_PATH=/convince_ws/install/pyrobosim_msgs/lib:${LD_LIBRARY_PATH} PYTHONPATH=/convince_ws/install/pyrobosim_msgs/lib/python3.12/site-packages:${PYTHONPATH} /usr/bin/cmake /convince_ws/src/pyrobosim/pyrobosim_ros -DCMAKE_EXPORT_COMPILE_COMMANDS=ON --no-warn-unused-cli -DAMENT_CMAKE_SYMLINK_INSTALL=1 -DCMAKE_INSTALL_PREFIX=/convince_ws/install/pyrobosim_ros
[19.499s] DEBUG:colcon.colcon_core.event_handler.log_command:Invoking command in '/convince_ws/build/pyrobosim_ros': AMENT_PREFIX_PATH=/convince_ws/install/pyrobosim_msgs:${AMENT_PREFIX_PATH} CMAKE_PREFIX_PATH=/convince_ws/install/pyrobosim_msgs:/opt/ros/jazzy LD_LIBRARY_PATH=/convince_ws/install/pyrobosim_msgs/lib:${LD_LIBRARY_PATH} PYTHONPATH=/convince_ws/install/pyrobosim_msgs/lib/python3.12/site-packages:${PYTHONPATH} /usr/bin/cmake --build /convince_ws/build/pyrobosim_ros -- -j20 -l20
[19.819s] DEBUG:colcon.colcon_core.event_handler.log_command:Invoked command in '/convince_ws/build/pyrobosim_ros' returned '0': AMENT_PREFIX_PATH=/convince_ws/install/pyrobosim_msgs:${AMENT_PREFIX_PATH} CMAKE_PREFIX_PATH=/convince_ws/install/pyrobosim_msgs:/opt/ros/jazzy LD_LIBRARY_PATH=/convince_ws/install/pyrobosim_msgs/lib:${LD_LIBRARY_PATH} PYTHONPATH=/convince_ws/install/pyrobosim_msgs/lib/python3.12/site-packages:${PYTHONPATH} /usr/bin/cmake --build /convince_ws/build/pyrobosim_ros -- -j20 -l20
[19.820s] DEBUG:colcon.colcon_core.event_handler.log_command:Invoking command in '/convince_ws/build/pyrobosim_ros': AMENT_PREFIX_PATH=/convince_ws/install/pyrobosim_msgs:${AMENT_PREFIX_PATH} CMAKE_PREFIX_PATH=/convince_ws/install/pyrobosim_msgs:/opt/ros/jazzy LD_LIBRARY_PATH=/convince_ws/install/pyrobosim_msgs/lib:${LD_LIBRARY_PATH} PYTHONPATH=/convince_ws/install/pyrobosim_msgs/lib/python3.12/site-packages:${PYTHONPATH} /usr/bin/cmake --install /convince_ws/build/pyrobosim_ros
[20.101s] Level 1:colcon.colcon_core.environment:create_environment_scripts_only(pyrobosim_ros)
[20.101s] Level 1:colcon.colcon_core.environment:checking '/convince_ws/install/pyrobosim_ros' for CMake module files
[20.102s] DEBUG:colcon.colcon_core.event_handler.log_command:Invoked command in '/convince_ws/build/pyrobosim_ros' returned '0': AMENT_PREFIX_PATH=/convince_ws/install/pyrobosim_msgs:${AMENT_PREFIX_PATH} CMAKE_PREFIX_PATH=/convince_ws/install/pyrobosim_msgs:/opt/ros/jazzy LD_LIBRARY_PATH=/convince_ws/install/pyrobosim_msgs/lib:${LD_LIBRARY_PATH} PYTHONPATH=/convince_ws/install/pyrobosim_msgs/lib/python3.12/site-packages:${PYTHONPATH} /usr/bin/cmake --install /convince_ws/build/pyrobosim_ros
[20.102s] Level 1:colcon.colcon_core.environment:checking '/convince_ws/install/pyrobosim_ros' for CMake config files
[20.102s] Level 1:colcon.colcon_core.shell:create_environment_hook('pyrobosim_ros', 'cmake_prefix_path')
[20.102s] INFO:colcon.colcon_core.shell:Creating environment hook '/convince_ws/install/pyrobosim_ros/share/pyrobosim_ros/hook/cmake_prefix_path.ps1'
[20.103s] INFO:colcon.colcon_core.shell:Creating environment descriptor '/convince_ws/install/pyrobosim_ros/share/pyrobosim_ros/hook/cmake_prefix_path.dsv'
[20.103s] INFO:colcon.colcon_core.shell:Creating environment hook '/convince_ws/install/pyrobosim_ros/share/pyrobosim_ros/hook/cmake_prefix_path.sh'
[20.104s] Level 1:colcon.colcon_core.environment:checking '/convince_ws/install/pyrobosim_ros/lib'
[20.104s] Level 1:colcon.colcon_core.environment:checking '/convince_ws/install/pyrobosim_ros/bin'
[20.104s] Level 1:colcon.colcon_core.environment:checking '/convince_ws/install/pyrobosim_ros/lib/pkgconfig/pyrobosim_ros.pc'
[20.104s] Level 1:colcon.colcon_core.environment:checking '/convince_ws/install/pyrobosim_ros/lib/python3.12/site-packages'
[20.104s] Level 1:colcon.colcon_core.shell:create_environment_hook('pyrobosim_ros', 'pythonpath')
[20.104s] INFO:colcon.colcon_core.shell:Creating environment hook '/convince_ws/install/pyrobosim_ros/share/pyrobosim_ros/hook/pythonpath.ps1'
[20.105s] INFO:colcon.colcon_core.shell:Creating environment descriptor '/convince_ws/install/pyrobosim_ros/share/pyrobosim_ros/hook/pythonpath.dsv'
[20.105s] INFO:colcon.colcon_core.shell:Creating environment hook '/convince_ws/install/pyrobosim_ros/share/pyrobosim_ros/hook/pythonpath.sh'
[20.105s] Level 1:colcon.colcon_core.environment:checking '/convince_ws/install/pyrobosim_ros/bin'
[20.106s] INFO:colcon.colcon_core.shell:Creating package script '/convince_ws/install/pyrobosim_ros/share/pyrobosim_ros/package.ps1'
[20.106s] INFO:colcon.colcon_core.shell:Creating package descriptor '/convince_ws/install/pyrobosim_ros/share/pyrobosim_ros/package.dsv'
[20.106s] INFO:colcon.colcon_core.shell:Creating package script '/convince_ws/install/pyrobosim_ros/share/pyrobosim_ros/package.sh'
[20.107s] INFO:colcon.colcon_core.shell:Creating package script '/convince_ws/install/pyrobosim_ros/share/pyrobosim_ros/package.bash'
[20.107s] INFO:colcon.colcon_core.shell:Creating package script '/convince_ws/install/pyrobosim_ros/share/pyrobosim_ros/package.zsh'
[20.107s] Level 1:colcon.colcon_core.environment:create_file_with_runtime_dependencies(/convince_ws/install/pyrobosim_ros/share/colcon-core/packages/pyrobosim_ros)
[20.108s] Level 1:colcon.colcon_core.environment:create_environment_scripts_only(pyrobosim_ros)
[20.108s] Level 1:colcon.colcon_core.environment:checking '/convince_ws/install/pyrobosim_ros' for CMake module files
[20.108s] Level 1:colcon.colcon_core.environment:checking '/convince_ws/install/pyrobosim_ros' for CMake config files
[20.109s] Level 1:colcon.colcon_core.shell:create_environment_hook('pyrobosim_ros', 'cmake_prefix_path')
[20.109s] INFO:colcon.colcon_core.shell:Creating environment hook '/convince_ws/install/pyrobosim_ros/share/pyrobosim_ros/hook/cmake_prefix_path.ps1'
[20.109s] INFO:colcon.colcon_core.shell:Creating environment descriptor '/convince_ws/install/pyrobosim_ros/share/pyrobosim_ros/hook/cmake_prefix_path.dsv'
[20.109s] INFO:colcon.colcon_core.shell:Creating environment hook '/convince_ws/install/pyrobosim_ros/share/pyrobosim_ros/hook/cmake_prefix_path.sh'
[20.110s] Level 1:colcon.colcon_core.environment:checking '/convince_ws/install/pyrobosim_ros/lib'
[20.110s] Level 1:colcon.colcon_core.environment:checking '/convince_ws/install/pyrobosim_ros/bin'
[20.110s] Level 1:colcon.colcon_core.environment:checking '/convince_ws/install/pyrobosim_ros/lib/pkgconfig/pyrobosim_ros.pc'
[20.110s] Level 1:colcon.colcon_core.environment:checking '/convince_ws/install/pyrobosim_ros/lib/python3.12/site-packages'
[20.110s] Level 1:colcon.colcon_core.shell:create_environment_hook('pyrobosim_ros', 'pythonpath')
[20.110s] INFO:colcon.colcon_core.shell:Creating environment hook '/convince_ws/install/pyrobosim_ros/share/pyrobosim_ros/hook/pythonpath.ps1'
[20.111s] INFO:colcon.colcon_core.shell:Creating environment descriptor '/convince_ws/install/pyrobosim_ros/share/pyrobosim_ros/hook/pythonpath.dsv'
[20.111s] INFO:colcon.colcon_core.shell:Creating environment hook '/convince_ws/install/pyrobosim_ros/share/pyrobosim_ros/hook/pythonpath.sh'
[20.112s] Level 1:colcon.colcon_core.environment:checking '/convince_ws/install/pyrobosim_ros/bin'
[20.112s] INFO:colcon.colcon_core.shell:Creating package script '/convince_ws/install/pyrobosim_ros/share/pyrobosim_ros/package.ps1'
[20.112s] INFO:colcon.colcon_core.shell:Creating package descriptor '/convince_ws/install/pyrobosim_ros/share/pyrobosim_ros/package.dsv'
[20.113s] INFO:colcon.colcon_core.shell:Creating package script '/convince_ws/install/pyrobosim_ros/share/pyrobosim_ros/package.sh'
[20.113s] INFO:colcon.colcon_core.shell:Creating package script '/convince_ws/install/pyrobosim_ros/share/pyrobosim_ros/package.bash'
[20.113s] INFO:colcon.colcon_core.shell:Creating package script '/convince_ws/install/pyrobosim_ros/share/pyrobosim_ros/package.zsh'
[20.114s] Level 1:colcon.colcon_core.environment:create_file_with_runtime_dependencies(/convince_ws/install/pyrobosim_ros/share/colcon-core/packages/pyrobosim_ros)
[20.114s] INFO:colcon.colcon_ros.task.ament_python.build:Building ROS package in '/convince_ws/src/tutorial_sim' with build type 'ament_python'
[20.114s] Level 1:colcon.colcon_core.shell:create_environment_hook('tutorial_sim', 'ament_prefix_path')
[20.114s] INFO:colcon.colcon_core.shell:Creating environment hook '/convince_ws/install/tutorial_sim/share/tutorial_sim/hook/ament_prefix_path.ps1'
[20.115s] INFO:colcon.colcon_core.shell:Creating environment descriptor '/convince_ws/install/tutorial_sim/share/tutorial_sim/hook/ament_prefix_path.dsv'
[20.115s] INFO:colcon.colcon_core.shell:Creating environment hook '/convince_ws/install/tutorial_sim/share/tutorial_sim/hook/ament_prefix_path.sh'
[20.115s] INFO:colcon.colcon_core.shell:Skip shell extension 'powershell' for command environment: Not usable outside of PowerShell
[20.115s] DEBUG:colcon.colcon_core.shell:Skip shell extension 'dsv' for command environment
[20.266s] INFO:colcon.colcon_core.task.python.build:Building Python package in '/convince_ws/src/tutorial_sim'
[20.266s] INFO:colcon.colcon_core.shell:Skip shell extension 'powershell' for command environment: Not usable outside of PowerShell
[20.266s] DEBUG:colcon.colcon_core.shell:Skip shell extension 'dsv' for command environment
[20.533s] DEBUG:colcon.colcon_core.event_handler.log_command:Invoking command in '/convince_ws/build/tutorial_sim': AMENT_PREFIX_PATH=/convince_ws/install/pyrobosim_ros:/convince_ws/install/pyrobosim_msgs:${AMENT_PREFIX_PATH} CMAKE_PREFIX_PATH=/convince_ws/install/pyrobosim_ros:/convince_ws/install/pyrobosim_msgs LD_LIBRARY_PATH=/convince_ws/install/pyrobosim_msgs/lib:${LD_LIBRARY_PATH} PYTHONPATH=/convince_ws/build/tutorial_sim/prefix_override:/usr/lib/python3/dist-packages/colcon_core/task/python/colcon_distutils_commands:/convince_ws/install/tutorial_sim/lib/python3.12/site-packages:/convince_ws/install/pyrobosim_ros/lib/python3.12/site-packages:/convince_ws/install/pyrobosim_msgs/lib/python3.12/site-packages:${PYTHONPATH} /usr/bin/python3 -W ignore:setup.py install is deprecated -W ignore:easy_install command is deprecated setup.py develop --editable --build-directory /convince_ws/build/tutorial_sim/build --no-deps symlink_data
[20.788s] Level 1:colcon.colcon_core.shell:create_environment_hook('tutorial_sim', 'pythonpath_develop')
[20.789s] INFO:colcon.colcon_core.shell:Creating environment hook '/convince_ws/build/tutorial_sim/share/tutorial_sim/hook/pythonpath_develop.ps1'
[20.789s] DEBUG:colcon.colcon_core.event_handler.log_command:Invoked command in '/convince_ws/build/tutorial_sim' returned '0': AMENT_PREFIX_PATH=/convince_ws/install/pyrobosim_ros:/convince_ws/install/pyrobosim_msgs:${AMENT_PREFIX_PATH} CMAKE_PREFIX_PATH=/convince_ws/install/pyrobosim_ros:/convince_ws/install/pyrobosim_msgs LD_LIBRARY_PATH=/convince_ws/install/pyrobosim_msgs/lib:${LD_LIBRARY_PATH} PYTHONPATH=/convince_ws/build/tutorial_sim/prefix_override:/usr/lib/python3/dist-packages/colcon_core/task/python/colcon_distutils_commands:/convince_ws/install/tutorial_sim/lib/python3.12/site-packages:/convince_ws/install/pyrobosim_ros/lib/python3.12/site-packages:/convince_ws/install/pyrobosim_msgs/lib/python3.12/site-packages:${PYTHONPATH} /usr/bin/python3 -W ignore:setup.py install is deprecated -W ignore:easy_install command is deprecated setup.py develop --editable --build-directory /convince_ws/build/tutorial_sim/build --no-deps symlink_data
[20.789s] INFO:colcon.colcon_core.shell:Creating environment descriptor '/convince_ws/build/tutorial_sim/share/tutorial_sim/hook/pythonpath_develop.dsv'
[20.790s] INFO:colcon.colcon_core.shell:Creating environment hook '/convince_ws/build/tutorial_sim/share/tutorial_sim/hook/pythonpath_develop.sh'
[20.790s] Level 1:colcon.colcon_core.environment:checking '/convince_ws/install/tutorial_sim' for CMake module files
[20.790s] Level 1:colcon.colcon_core.environment:checking '/convince_ws/install/tutorial_sim' for CMake config files
[20.790s] Level 1:colcon.colcon_core.environment:checking '/convince_ws/install/tutorial_sim/lib'
[20.790s] Level 1:colcon.colcon_core.environment:checking '/convince_ws/install/tutorial_sim/bin'
[20.790s] Level 1:colcon.colcon_core.environment:checking '/convince_ws/install/tutorial_sim/lib/pkgconfig/tutorial_sim.pc'
[20.790s] Level 1:colcon.colcon_core.environment:checking '/convince_ws/install/tutorial_sim/lib/python3.12/site-packages'
[20.791s] Level 1:colcon.colcon_core.shell:create_environment_hook('tutorial_sim', 'pythonpath')
[20.791s] INFO:colcon.colcon_core.shell:Creating environment hook '/convince_ws/install/tutorial_sim/share/tutorial_sim/hook/pythonpath.ps1'
[20.791s] INFO:colcon.colcon_core.shell:Creating environment descriptor '/convince_ws/install/tutorial_sim/share/tutorial_sim/hook/pythonpath.dsv'
[20.791s] INFO:colcon.colcon_core.shell:Creating environment hook '/convince_ws/install/tutorial_sim/share/tutorial_sim/hook/pythonpath.sh'
[20.791s] Level 1:colcon.colcon_core.environment:checking '/convince_ws/install/tutorial_sim/bin'
[20.791s] Level 1:colcon.colcon_core.environment:create_environment_scripts_only(tutorial_sim)
[20.791s] INFO:colcon.colcon_core.shell:Creating package script '/convince_ws/install/tutorial_sim/share/tutorial_sim/package.ps1'
[20.792s] INFO:colcon.colcon_core.shell:Creating package descriptor '/convince_ws/install/tutorial_sim/share/tutorial_sim/package.dsv'
[20.792s] INFO:colcon.colcon_core.shell:Creating package script '/convince_ws/install/tutorial_sim/share/tutorial_sim/package.sh'
[20.792s] INFO:colcon.colcon_core.shell:Creating package script '/convince_ws/install/tutorial_sim/share/tutorial_sim/package.bash'
[20.792s] INFO:colcon.colcon_core.shell:Creating package script '/convince_ws/install/tutorial_sim/share/tutorial_sim/package.zsh'
[20.792s] Level 1:colcon.colcon_core.environment:create_file_with_runtime_dependencies(/convince_ws/install/tutorial_sim/share/colcon-core/packages/tutorial_sim)
[24.018s] DEBUG:colcon.colcon_core.event_handler.log_command:Invoked command in '/convince_ws/build/btcpp_ros2_samples' returned '0': AMENT_PREFIX_PATH=/convince_ws/install/behaviortree_ros2:/convince_ws/install/btcpp_ros2_interfaces:${AMENT_PREFIX_PATH} CMAKE_PREFIX_PATH=/convince_ws/install/behaviortree_ros2:/convince_ws/install/btcpp_ros2_interfaces:/opt/ros/jazzy LD_LIBRARY_PATH=/convince_ws/install/behaviortree_ros2/lib:/convince_ws/install/btcpp_ros2_interfaces/lib:${LD_LIBRARY_PATH} PYTHONPATH=/convince_ws/install/btcpp_ros2_interfaces/lib/python3.12/site-packages:${PYTHONPATH} /usr/bin/cmake --build /convince_ws/build/btcpp_ros2_samples -- -j20 -l20
[24.018s] DEBUG:colcon.colcon_core.event_handler.log_command:Invoking command in '/convince_ws/build/btcpp_ros2_samples': AMENT_PREFIX_PATH=/convince_ws/install/behaviortree_ros2:/convince_ws/install/btcpp_ros2_interfaces:${AMENT_PREFIX_PATH} CMAKE_PREFIX_PATH=/convince_ws/install/behaviortree_ros2:/convince_ws/install/btcpp_ros2_interfaces:/opt/ros/jazzy LD_LIBRARY_PATH=/convince_ws/install/behaviortree_ros2/lib:/convince_ws/install/btcpp_ros2_interfaces/lib:${LD_LIBRARY_PATH} PYTHONPATH=/convince_ws/install/btcpp_ros2_interfaces/lib/python3.12/site-packages:${PYTHONPATH} /usr/bin/cmake --install /convince_ws/build/btcpp_ros2_samples
[24.172s] Level 1:colcon.colcon_core.environment:create_environment_scripts_only(btcpp_ros2_samples)
[24.172s] Level 1:colcon.colcon_core.environment:checking '/convince_ws/install/btcpp_ros2_samples' for CMake module files
[24.172s] DEBUG:colcon.colcon_core.event_handler.log_command:Invoked command in '/convince_ws/build/btcpp_ros2_samples' returned '0': AMENT_PREFIX_PATH=/convince_ws/install/behaviortree_ros2:/convince_ws/install/btcpp_ros2_interfaces:${AMENT_PREFIX_PATH} CMAKE_PREFIX_PATH=/convince_ws/install/behaviortree_ros2:/convince_ws/install/btcpp_ros2_interfaces:/opt/ros/jazzy LD_LIBRARY_PATH=/convince_ws/install/behaviortree_ros2/lib:/convince_ws/install/btcpp_ros2_interfaces/lib:${LD_LIBRARY_PATH} PYTHONPATH=/convince_ws/install/btcpp_ros2_interfaces/lib/python3.12/site-packages:${PYTHONPATH} /usr/bin/cmake --install /convince_ws/build/btcpp_ros2_samples
[24.172s] Level 1:colcon.colcon_core.environment:checking '/convince_ws/install/btcpp_ros2_samples' for CMake config files
[24.172s] Level 1:colcon.colcon_core.shell:create_environment_hook('btcpp_ros2_samples', 'cmake_prefix_path')
[24.173s] INFO:colcon.colcon_core.shell:Creating environment hook '/convince_ws/install/btcpp_ros2_samples/share/btcpp_ros2_samples/hook/cmake_prefix_path.ps1'
[24.173s] INFO:colcon.colcon_core.shell:Creating environment descriptor '/convince_ws/install/btcpp_ros2_samples/share/btcpp_ros2_samples/hook/cmake_prefix_path.dsv'
[24.173s] INFO:colcon.colcon_core.shell:Creating environment hook '/convince_ws/install/btcpp_ros2_samples/share/btcpp_ros2_samples/hook/cmake_prefix_path.sh'
[24.173s] Level 1:colcon.colcon_core.environment:checking '/convince_ws/install/btcpp_ros2_samples/lib'
[24.173s] Level 1:colcon.colcon_core.environment:checking '/convince_ws/install/btcpp_ros2_samples/bin'
[24.173s] Level 1:colcon.colcon_core.environment:checking '/convince_ws/install/btcpp_ros2_samples/lib/pkgconfig/btcpp_ros2_samples.pc'
[24.173s] Level 1:colcon.colcon_core.environment:checking '/convince_ws/install/btcpp_ros2_samples/lib/python3.12/site-packages'
[24.174s] Level 1:colcon.colcon_core.environment:checking '/convince_ws/install/btcpp_ros2_samples/bin'
[24.174s] INFO:colcon.colcon_core.shell:Creating package script '/convince_ws/install/btcpp_ros2_samples/share/btcpp_ros2_samples/package.ps1'
[24.174s] INFO:colcon.colcon_core.shell:Creating package descriptor '/convince_ws/install/btcpp_ros2_samples/share/btcpp_ros2_samples/package.dsv'
[24.174s] INFO:colcon.colcon_core.shell:Creating package script '/convince_ws/install/btcpp_ros2_samples/share/btcpp_ros2_samples/package.sh'
[24.174s] INFO:colcon.colcon_core.shell:Creating package script '/convince_ws/install/btcpp_ros2_samples/share/btcpp_ros2_samples/package.bash'
[24.174s] INFO:colcon.colcon_core.shell:Creating package script '/convince_ws/install/btcpp_ros2_samples/share/btcpp_ros2_samples/package.zsh'
[24.174s] Level 1:colcon.colcon_core.environment:create_file_with_runtime_dependencies(/convince_ws/install/btcpp_ros2_samples/share/colcon-core/packages/btcpp_ros2_samples)
[24.175s] Level 1:colcon.colcon_core.environment:create_environment_scripts_only(btcpp_ros2_samples)
[24.175s] Level 1:colcon.colcon_core.environment:checking '/convince_ws/install/btcpp_ros2_samples' for CMake module files
[24.175s] Level 1:colcon.colcon_core.environment:checking '/convince_ws/install/btcpp_ros2_samples' for CMake config files
[24.175s] Level 1:colcon.colcon_core.shell:create_environment_hook('btcpp_ros2_samples', 'cmake_prefix_path')
[24.175s] INFO:colcon.colcon_core.shell:Creating environment hook '/convince_ws/install/btcpp_ros2_samples/share/btcpp_ros2_samples/hook/cmake_prefix_path.ps1'
[24.175s] INFO:colcon.colcon_core.shell:Creating environment descriptor '/convince_ws/install/btcpp_ros2_samples/share/btcpp_ros2_samples/hook/cmake_prefix_path.dsv'
[24.176s] INFO:colcon.colcon_core.shell:Creating environment hook '/convince_ws/install/btcpp_ros2_samples/share/btcpp_ros2_samples/hook/cmake_prefix_path.sh'
[24.176s] Level 1:colcon.colcon_core.environment:checking '/convince_ws/install/btcpp_ros2_samples/lib'
[24.176s] Level 1:colcon.colcon_core.environment:checking '/convince_ws/install/btcpp_ros2_samples/bin'
[24.176s] Level 1:colcon.colcon_core.environment:checking '/convince_ws/install/btcpp_ros2_samples/lib/pkgconfig/btcpp_ros2_samples.pc'
[24.176s] Level 1:colcon.colcon_core.environment:checking '/convince_ws/install/btcpp_ros2_samples/lib/python3.12/site-packages'
[24.176s] Level 1:colcon.colcon_core.environment:checking '/convince_ws/install/btcpp_ros2_samples/bin'
[24.176s] INFO:colcon.colcon_core.shell:Creating package script '/convince_ws/install/btcpp_ros2_samples/share/btcpp_ros2_samples/package.ps1'
[24.176s] INFO:colcon.colcon_core.shell:Creating package descriptor '/convince_ws/install/btcpp_ros2_samples/share/btcpp_ros2_samples/package.dsv'
[24.177s] INFO:colcon.colcon_core.shell:Creating package script '/convince_ws/install/btcpp_ros2_samples/share/btcpp_ros2_samples/package.sh'
[24.177s] INFO:colcon.colcon_core.shell:Creating package script '/convince_ws/install/btcpp_ros2_samples/share/btcpp_ros2_samples/package.bash'
[24.177s] INFO:colcon.colcon_core.shell:Creating package script '/convince_ws/install/btcpp_ros2_samples/share/btcpp_ros2_samples/package.zsh'
[24.177s] Level 1:colcon.colcon_core.environment:create_file_with_runtime_dependencies(/convince_ws/install/btcpp_ros2_samples/share/colcon-core/packages/btcpp_ros2_samples)
[24.177s] DEBUG:colcon.colcon_parallel_executor.executor.parallel:closing loop
[24.177s] DEBUG:colcon.colcon_parallel_executor.executor.parallel:loop closed
[24.177s] DEBUG:colcon.colcon_parallel_executor.executor.parallel:run_until_complete finished with '0'
[24.177s] DEBUG:colcon.colcon_core.event_reactor:joining thread
[24.181s] INFO:colcon.colcon_core.plugin_system:Skipping extension 'colcon_notification.desktop_notification.notify_send': Could not find 'notify-send'
[24.181s] INFO:colcon.colcon_core.plugin_system:Skipping extension 'colcon_notification.desktop_notification.terminal_notifier': Not used on non-Darwin systems
[24.181s] INFO:colcon.colcon_core.plugin_system:Skipping extension 'colcon_notification.desktop_notification.win32': Not used on non-Windows systems
[24.181s] INFO:colcon.colcon_notification.desktop_notification:Sending desktop notification using 'notify2'
[24.188s] DEBUG:colcon.colcon_notification.desktop_notification.notify2:Failed to initialize notify2: org.freedesktop.DBus.Error.ServiceUnknown: The name org.freedesktop.Notifications was not provided by any .service files
[24.188s] DEBUG:colcon.colcon_core.event_reactor:joined thread
[24.188s] INFO:colcon.colcon_core.shell:Creating prefix script '/convince_ws/install/local_setup.ps1'
[24.189s] INFO:colcon.colcon_core.shell:Creating prefix util module '/convince_ws/install/_local_setup_util_ps1.py'
[24.189s] INFO:colcon.colcon_core.shell:Creating prefix chain script '/convince_ws/install/setup.ps1'
[24.189s] INFO:colcon.colcon_core.shell:Creating prefix script '/convince_ws/install/local_setup.sh'
[24.190s] INFO:colcon.colcon_core.shell:Creating prefix util module '/convince_ws/install/_local_setup_util_sh.py'
[24.190s] INFO:colcon.colcon_core.shell:Creating prefix chain script '/convince_ws/install/setup.sh'
[24.190s] INFO:colcon.colcon_core.shell:Creating prefix script '/convince_ws/install/local_setup.bash'
[24.191s] INFO:colcon.colcon_core.shell:Creating prefix chain script '/convince_ws/install/setup.bash'
[24.191s] INFO:colcon.colcon_core.shell:Creating prefix script '/convince_ws/install/local_setup.zsh'
[24.191s] INFO:colcon.colcon_core.shell:Creating prefix chain script '/convince_ws/install/setup.zsh'
