[0.000000] (-) TimerEvent: {}
[0.000160] (behaviortree_cpp_v3) JobQueued: {'identifier': 'behaviortree_cpp_v3', 'dependencies': OrderedDict()}
[0.000213] (bt_interfaces_dummy) JobQueued: {'identifier': 'bt_interfaces_dummy', 'dependencies': OrderedDict()}
[0.000227] (btcpp_ros2_interfaces) JobQueued: {'identifier': 'btcpp_ros2_interfaces', 'dependencies': OrderedDict()}
[0.000235] (overarching_msgs) JobQueued: {'identifier': 'overarching_msgs', 'dependencies': OrderedDict()}
[0.000241] (pyrobosim) JobQueued: {'identifier': 'pyrobosim', 'dependencies': OrderedDict()}
[0.000247] (pyrobosim_msgs) JobQueued: {'identifier': 'pyrobosim_msgs', 'dependencies': OrderedDict()}
[0.000252] (behaviortree_ros2) JobQueued: {'identifier': 'behaviortree_ros2', 'dependencies': OrderedDict({'btcpp_ros2_interfaces': '/convince_ws/install/btcpp_ros2_interfaces'})}
[0.000259] (bt_nodes) JobQueued: {'identifier': 'bt_nodes', 'dependencies': OrderedDict({'bt_interfaces_dummy': '/convince_ws/install/bt_interfaces_dummy'})}
[0.000265] (place_object_skill) JobQueued: {'identifier': 'place_object_skill', 'dependencies': OrderedDict({'bt_interfaces_dummy': '/convince_ws/install/bt_interfaces_dummy', 'overarching_msgs': '/convince_ws/install/overarching_msgs'})}
[0.000272] (pyrobosim_ros) JobQueued: {'identifier': 'pyrobosim_ros', 'dependencies': OrderedDict({'pyrobosim_msgs': '/convince_ws/install/pyrobosim_msgs'})}
[0.000278] (bt_executor) JobQueued: {'identifier': 'bt_executor', 'dependencies': OrderedDict({'bt_interfaces_dummy': '/convince_ws/install/bt_interfaces_dummy', 'btcpp_ros2_interfaces': '/convince_ws/install/btcpp_ros2_interfaces', 'overarching_msgs': '/convince_ws/install/overarching_msgs', 'pyrobosim_msgs': '/convince_ws/install/pyrobosim_msgs', 'behaviortree_ros2': '/convince_ws/install/behaviortree_ros2', 'bt_nodes': '/convince_ws/install/bt_nodes'})}
[0.000289] (btcpp_ros2_samples) JobQueued: {'identifier': 'btcpp_ros2_samples', 'dependencies': OrderedDict({'btcpp_ros2_interfaces': '/convince_ws/install/btcpp_ros2_interfaces', 'behaviortree_ros2': '/convince_ws/install/behaviortree_ros2'})}
[0.000295] (tutorial_sim) JobQueued: {'identifier': 'tutorial_sim', 'dependencies': OrderedDict({'overarching_msgs': '/convince_ws/install/overarching_msgs', 'pyrobosim_msgs': '/convince_ws/install/pyrobosim_msgs', 'pyrobosim_ros': '/convince_ws/install/pyrobosim_ros'})}
[0.000567] (bt_interfaces_dummy) JobStarted: {'identifier': 'bt_interfaces_dummy'}
[0.003681] (btcpp_ros2_interfaces) JobStarted: {'identifier': 'btcpp_ros2_interfaces'}
[0.004985] (overarching_msgs) JobStarted: {'identifier': 'overarching_msgs'}
[0.006243] (pyrobosim_msgs) JobStarted: {'identifier': 'pyrobosim_msgs'}
[0.007457] (behaviortree_cpp_v3) JobStarted: {'identifier': 'behaviortree_cpp_v3'}
[0.008904] (pyrobosim) JobStarted: {'identifier': 'pyrobosim'}
[0.010667] (bt_interfaces_dummy) JobProgress: {'identifier': 'bt_interfaces_dummy', 'progress': 'cmake'}
[0.010929] (bt_interfaces_dummy) JobProgress: {'identifier': 'bt_interfaces_dummy', 'progress': 'build'}
[0.011231] (bt_interfaces_dummy) Command: {'cmd': ['/usr/bin/cmake', '--build', '/convince_ws/build/bt_interfaces_dummy', '--', '-j20', '-l20'], 'cwd': '/convince_ws/build/bt_interfaces_dummy', 'env': OrderedDict({'PYTHONWARNINGS': 'ignore:setup.py install is deprecated,ignore:easy_install command is deprecated', 'HOSTNAME': '4451cd8a7c13', 'SHLVL': '1', 'LD_LIBRARY_PATH': '/opt/ros/jazzy/opt/zmqpp_vendor/lib:/opt/ros/jazzy/lib/x86_64-linux-gnu:/opt/ros/jazzy/lib', 'HOME': '/root', 'OLDPWD': '/convince_ws', 'ROS_PYTHON_VERSION': '3', 'ROS_DISTRO': 'jazzy', '_': '/usr/bin/colcon', 'ROS_VERSION': '2', 'TERM': 'xterm', 'QT_X11_NO_MITSHM': '1', 'PATH': '/opt/ros/jazzy/bin:/usr/local/sbin:/usr/local/bin:/usr/sbin:/usr/bin:/sbin:/bin', 'DISPLAY': ':1', 'LANG': 'C.UTF-8', 'AMENT_PREFIX_PATH': '/opt/ros/jazzy', 'ROS_WS': '/convince_ws', 'ROS_AUTOMATIC_DISCOVERY_RANGE': 'SUBNET', 'PWD': '/convince_ws/build/bt_interfaces_dummy', 'LC_ALL': 'C.UTF-8', 'PYTHONPATH': '/opt/ros/jazzy/lib/python3.12/site-packages', 'COLCON': '1', 'CMAKE_PREFIX_PATH': '/opt/ros/jazzy'}), 'shell': False}
[0.012364] (btcpp_ros2_interfaces) JobProgress: {'identifier': 'btcpp_ros2_interfaces', 'progress': 'cmake'}
[0.012617] (btcpp_ros2_interfaces) JobProgress: {'identifier': 'btcpp_ros2_interfaces', 'progress': 'build'}
[0.012787] (btcpp_ros2_interfaces) Command: {'cmd': ['/usr/bin/cmake', '--build', '/convince_ws/build/btcpp_ros2_interfaces', '--', '-j20', '-l20'], 'cwd': '/convince_ws/build/btcpp_ros2_interfaces', 'env': OrderedDict({'PYTHONWARNINGS': 'ignore:setup.py install is deprecated,ignore:easy_install command is deprecated', 'HOSTNAME': '4451cd8a7c13', 'SHLVL': '1', 'LD_LIBRARY_PATH': '/opt/ros/jazzy/opt/zmqpp_vendor/lib:/opt/ros/jazzy/lib/x86_64-linux-gnu:/opt/ros/jazzy/lib', 'HOME': '/root', 'OLDPWD': '/convince_ws', 'ROS_PYTHON_VERSION': '3', 'ROS_DISTRO': 'jazzy', '_': '/usr/bin/colcon', 'ROS_VERSION': '2', 'TERM': 'xterm', 'QT_X11_NO_MITSHM': '1', 'PATH': '/opt/ros/jazzy/bin:/usr/local/sbin:/usr/local/bin:/usr/sbin:/usr/bin:/sbin:/bin', 'DISPLAY': ':1', 'LANG': 'C.UTF-8', 'AMENT_PREFIX_PATH': '/opt/ros/jazzy', 'ROS_WS': '/convince_ws', 'ROS_AUTOMATIC_DISCOVERY_RANGE': 'SUBNET', 'PWD': '/convince_ws/build/btcpp_ros2_interfaces', 'LC_ALL': 'C.UTF-8', 'PYTHONPATH': '/opt/ros/jazzy/lib/python3.12/site-packages', 'COLCON': '1', 'CMAKE_PREFIX_PATH': '/opt/ros/jazzy'}), 'shell': False}
[0.013277] (overarching_msgs) JobProgress: {'identifier': 'overarching_msgs', 'progress': 'cmake'}
[0.013423] (overarching_msgs) JobProgress: {'identifier': 'overarching_msgs', 'progress': 'build'}
[0.013586] (overarching_msgs) Command: {'cmd': ['/usr/bin/cmake', '--build', '/convince_ws/build/overarching_msgs', '--', '-j20', '-l20'], 'cwd': '/convince_ws/build/overarching_msgs', 'env': OrderedDict({'PYTHONWARNINGS': 'ignore:setup.py install is deprecated,ignore:easy_install command is deprecated', 'HOSTNAME': '4451cd8a7c13', 'SHLVL': '1', 'LD_LIBRARY_PATH': '/opt/ros/jazzy/opt/zmqpp_vendor/lib:/opt/ros/jazzy/lib/x86_64-linux-gnu:/opt/ros/jazzy/lib', 'HOME': '/root', 'OLDPWD': '/convince_ws', 'ROS_PYTHON_VERSION': '3', 'ROS_DISTRO': 'jazzy', '_': '/usr/bin/colcon', 'ROS_VERSION': '2', 'TERM': 'xterm', 'QT_X11_NO_MITSHM': '1', 'PATH': '/opt/ros/jazzy/bin:/usr/local/sbin:/usr/local/bin:/usr/sbin:/usr/bin:/sbin:/bin', 'DISPLAY': ':1', 'LANG': 'C.UTF-8', 'AMENT_PREFIX_PATH': '/opt/ros/jazzy', 'ROS_WS': '/convince_ws', 'ROS_AUTOMATIC_DISCOVERY_RANGE': 'SUBNET', 'PWD': '/convince_ws/build/overarching_msgs', 'LC_ALL': 'C.UTF-8', 'PYTHONPATH': '/opt/ros/jazzy/lib/python3.12/site-packages', 'COLCON': '1', 'CMAKE_PREFIX_PATH': '/opt/ros/jazzy'}), 'shell': False}
[0.013946] (pyrobosim_msgs) JobProgress: {'identifier': 'pyrobosim_msgs', 'progress': 'cmake'}
[0.014172] (pyrobosim_msgs) JobProgress: {'identifier': 'pyrobosim_msgs', 'progress': 'build'}
[0.014332] (pyrobosim_msgs) Command: {'cmd': ['/usr/bin/cmake', '--build', '/convince_ws/build/pyrobosim_msgs', '--', '-j20', '-l20'], 'cwd': '/convince_ws/build/pyrobosim_msgs', 'env': OrderedDict({'PYTHONWARNINGS': 'ignore:setup.py install is deprecated,ignore:easy_install command is deprecated', 'HOSTNAME': '4451cd8a7c13', 'SHLVL': '1', 'LD_LIBRARY_PATH': '/opt/ros/jazzy/opt/zmqpp_vendor/lib:/opt/ros/jazzy/lib/x86_64-linux-gnu:/opt/ros/jazzy/lib', 'HOME': '/root', 'OLDPWD': '/convince_ws', 'ROS_PYTHON_VERSION': '3', 'ROS_DISTRO': 'jazzy', '_': '/usr/bin/colcon', 'ROS_VERSION': '2', 'TERM': 'xterm', 'QT_X11_NO_MITSHM': '1', 'PATH': '/opt/ros/jazzy/bin:/usr/local/sbin:/usr/local/bin:/usr/sbin:/usr/bin:/sbin:/bin', 'DISPLAY': ':1', 'LANG': 'C.UTF-8', 'AMENT_PREFIX_PATH': '/opt/ros/jazzy', 'ROS_WS': '/convince_ws', 'ROS_AUTOMATIC_DISCOVERY_RANGE': 'SUBNET', 'PWD': '/convince_ws/build/pyrobosim_msgs', 'LC_ALL': 'C.UTF-8', 'PYTHONPATH': '/opt/ros/jazzy/lib/python3.12/site-packages', 'COLCON': '1', 'CMAKE_PREFIX_PATH': '/opt/ros/jazzy'}), 'shell': False}
[0.014696] (behaviortree_cpp_v3) JobProgress: {'identifier': 'behaviortree_cpp_v3', 'progress': 'cmake'}
[0.014906] (behaviortree_cpp_v3) JobProgress: {'identifier': 'behaviortree_cpp_v3', 'progress': 'build'}
[0.015065] (behaviortree_cpp_v3) Command: {'cmd': ['/usr/bin/cmake', '--build', '/convince_ws/build/behaviortree_cpp_v3', '--', '-j20', '-l20'], 'cwd': '/convince_ws/build/behaviortree_cpp_v3', 'env': OrderedDict({'PYTHONWARNINGS': 'ignore:setup.py install is deprecated,ignore:easy_install command is deprecated', 'HOSTNAME': '4451cd8a7c13', 'SHLVL': '1', 'LD_LIBRARY_PATH': '/opt/ros/jazzy/opt/zmqpp_vendor/lib:/opt/ros/jazzy/lib/x86_64-linux-gnu:/opt/ros/jazzy/lib', 'HOME': '/root', 'OLDPWD': '/convince_ws', 'ROS_PYTHON_VERSION': '3', 'ROS_DISTRO': 'jazzy', '_': '/usr/bin/colcon', 'ROS_VERSION': '2', 'TERM': 'xterm', 'QT_X11_NO_MITSHM': '1', 'PATH': '/opt/ros/jazzy/bin:/usr/local/sbin:/usr/local/bin:/usr/sbin:/usr/bin:/sbin:/bin', 'DISPLAY': ':1', 'LANG': 'C.UTF-8', 'AMENT_PREFIX_PATH': '/opt/ros/jazzy', 'ROS_WS': '/convince_ws', 'ROS_AUTOMATIC_DISCOVERY_RANGE': 'SUBNET', 'PWD': '/convince_ws/build/behaviortree_cpp_v3', 'LC_ALL': 'C.UTF-8', 'PYTHONPATH': '/opt/ros/jazzy/lib/python3.12/site-packages', 'COLCON': '1', 'CMAKE_PREFIX_PATH': '/opt/ros/jazzy'}), 'shell': False}
[0.042215] (btcpp_ros2_interfaces) StdoutLine: {'line': b'[  1%] Built target btcpp_ros2_interfaces__rosidl_generator_type_description\n'}
[0.042355] (bt_interfaces_dummy) StdoutLine: {'line': b'[  1%] Built target bt_interfaces_dummy__rosidl_generator_type_description\n'}
[0.046526] (pyrobosim_msgs) StdoutLine: {'line': b'[  0%] Built target pyrobosim_msgs__rosidl_generator_type_description\n'}
[0.046717] (behaviortree_cpp_v3) StdoutLine: {'line': b'[  2%] Built target gtest\n'}
[0.047841] (behaviortree_cpp_v3) StdoutLine: {'line': b'[  4%] Built target gtest_main\n'}
[0.048060] (overarching_msgs) StdoutLine: {'line': b'[  1%] Built target overarching_msgs__rosidl_generator_type_description\n'}
[0.051095] (pyrobosim_msgs) StdoutLine: {'line': b'[  0%] Built target ament_cmake_python_symlink_pyrobosim_msgs\n'}
[0.051807] (overarching_msgs) StdoutLine: {'line': b'[  1%] Built target ament_cmake_python_symlink_overarching_msgs\n'}
[0.052305] (btcpp_ros2_interfaces) StdoutLine: {'line': b'[  3%] Built target btcpp_ros2_interfaces__cpp\n'}
[0.052958] (btcpp_ros2_interfaces) StdoutLine: {'line': b'[  3%] Built target ament_cmake_python_symlink_btcpp_ros2_interfaces\n'}
[0.053432] (bt_interfaces_dummy) StdoutLine: {'line': b'[  1%] Built target ament_cmake_python_symlink_bt_interfaces_dummy\n'}
[0.053774] (bt_interfaces_dummy) StdoutLine: {'line': b'[  2%] Built target bt_interfaces_dummy__cpp\n'}
[0.054738] (behaviortree_cpp_v3) StdoutLine: {'line': b'[ 38%] Built target behaviortree_cpp_v3\n'}
[0.060168] (btcpp_ros2_interfaces) StdoutLine: {'line': b'[ 25%] Built target btcpp_ros2_interfaces__rosidl_generator_c\n'}
[0.060539] (pyrobosim_msgs) StdoutLine: {'line': b'[  0%] Built target pyrobosim_msgs__cpp\n'}
[0.061187] (overarching_msgs) StdoutLine: {'line': b'[  2%] Built target overarching_msgs__cpp\n'}
[0.061516] (bt_interfaces_dummy) StdoutLine: {'line': b'[ 26%] Built target bt_interfaces_dummy__rosidl_generator_c\n'}
[0.068728] (overarching_msgs) StdoutLine: {'line': b'[ 25%] Built target overarching_msgs__rosidl_generator_c\n'}
[0.081354] (behaviortree_cpp_v3) StdoutLine: {'line': b'[ 42%] Built target bt_sample_nodes\n'}
[0.081576] (behaviortree_cpp_v3) StdoutLine: {'line': b'[ 44%] Built target dummy_nodes_dyn\n'}
[0.081693] (behaviortree_cpp_v3) StdoutLine: {'line': b'[ 48%] Built target bt3_log_cat\n'}
[0.081778] (behaviortree_cpp_v3) StdoutLine: {'line': b'[ 48%] Built target t01_first_tree_dynamic\n'}
[0.081859] (behaviortree_cpp_v3) StdoutLine: {'line': b'[ 50%] Built target bt3_recorder\n'}
[0.081939] (behaviortree_cpp_v3) StdoutLine: {'line': b'[ 52%] Built target movebase_node_dyn\n'}
[0.085198] (btcpp_ros2_interfaces) StdoutLine: {'line': b'[ 34%] Built target btcpp_ros2_interfaces__rosidl_typesupport_introspection_cpp\n'}
[0.085431] (pyrobosim_msgs) StdoutLine: {'line': b'[ 28%] Built target pyrobosim_msgs__rosidl_generator_c\n'}
[0.085541] (bt_interfaces_dummy) StdoutLine: {'line': b'[ 35%] Built target bt_interfaces_dummy__rosidl_typesupport_cpp\n'}
[0.085907] (btcpp_ros2_interfaces) StdoutLine: {'line': b'[ 43%] Built target btcpp_ros2_interfaces__rosidl_typesupport_fastrtps_cpp\n'}
[0.087984] (btcpp_ros2_interfaces) StdoutLine: {'line': b'[ 53%] Built target btcpp_ros2_interfaces__rosidl_typesupport_c\n'}
[0.088151] (btcpp_ros2_interfaces) StdoutLine: {'line': b'[ 62%] Built target btcpp_ros2_interfaces__rosidl_typesupport_fastrtps_c\n'}
[0.088376] (btcpp_ros2_interfaces) StdoutLine: {'line': b'[ 71%] Built target btcpp_ros2_interfaces__rosidl_typesupport_cpp\n'}
[0.090115] (btcpp_ros2_interfaces) StdoutLine: {'line': b'[ 81%] Built target btcpp_ros2_interfaces__rosidl_typesupport_introspection_c\n'}
[0.090356] (behaviortree_cpp_v3) StdoutLine: {'line': b'[ 54%] Built target crossdoor_nodes_dyn\n'}
[0.090469] (behaviortree_cpp_v3) StdoutLine: {'line': b'[ 56%] Built target bt3_plugin_manifest\n'}
[0.092298] (bt_interfaces_dummy) StdoutLine: {'line': b'[ 52%] Built target bt_interfaces_dummy__rosidl_typesupport_fastrtps_c\n'}
[0.092474] (bt_interfaces_dummy) StdoutLine: {'line': b'[ 61%] Built target bt_interfaces_dummy__rosidl_typesupport_fastrtps_cpp\n'}
[0.092568] (bt_interfaces_dummy) StdoutLine: {'line': b'[ 64%] Built target bt_interfaces_dummy__rosidl_typesupport_introspection_c\n'}
[0.092652] (bt_interfaces_dummy) StdoutLine: {'line': b'[ 73%] Built target bt_interfaces_dummy__rosidl_typesupport_introspection_cpp\n'}
[0.093541] (bt_interfaces_dummy) StdoutLine: {'line': b'[ 83%] Built target bt_interfaces_dummy__rosidl_typesupport_c\n'}
[0.095951] (overarching_msgs) StdoutLine: {'line': b'[ 35%] Built target overarching_msgs__rosidl_typesupport_cpp\n'}
[0.098334] (overarching_msgs) StdoutLine: {'line': b'[ 44%] Built target overarching_msgs__rosidl_typesupport_fastrtps_c\n'}
[0.099758] (overarching_msgs) StdoutLine: {'line': b'[ 54%] Built target overarching_msgs__rosidl_typesupport_c\n'}
[0.099942] (-) TimerEvent: {}
[0.100552] (overarching_msgs) StdoutLine: {'line': b'[ 63%] Built target overarching_msgs__rosidl_typesupport_fastrtps_cpp\n'}
[0.103324] (overarching_msgs) StdoutLine: {'line': b'[ 72%] Built target overarching_msgs__rosidl_typesupport_introspection_cpp\n'}
[0.103990] (overarching_msgs) StdoutLine: {'line': b'[ 82%] Built target overarching_msgs__rosidl_typesupport_introspection_c\n'}
[0.106114] (btcpp_ros2_interfaces) StdoutLine: {'line': b'[ 81%] Built target btcpp_ros2_interfaces\n'}
[0.109011] (bt_interfaces_dummy) StdoutLine: {'line': b'[ 83%] Built target bt_interfaces_dummy\n'}
[0.109346] (pyrobosim_msgs) StdoutLine: {'line': b'[ 38%] Built target pyrobosim_msgs__rosidl_typesupport_cpp\n'}
[0.109879] (pyrobosim_msgs) StdoutLine: {'line': b'[ 48%] Built target pyrobosim_msgs__rosidl_typesupport_introspection_c\n'}
[0.111575] (pyrobosim_msgs) StdoutLine: {'line': b'[ 58%] Built target pyrobosim_msgs__rosidl_typesupport_c\n'}
[0.113866] (pyrobosim_msgs) StdoutLine: {'line': b'[ 67%] Built target pyrobosim_msgs__rosidl_typesupport_fastrtps_c\n'}
[0.114117] (pyrobosim_msgs) StdoutLine: {'line': b'[ 77%] Built target pyrobosim_msgs__rosidl_typesupport_fastrtps_cpp\n'}
[0.117056] (overarching_msgs) StdoutLine: {'line': b'[ 82%] Built target overarching_msgs\n'}
[0.122809] (btcpp_ros2_interfaces) StdoutLine: {'line': b'[ 82%] Built target btcpp_ros2_interfaces__py\n'}
[0.124196] (pyrobosim_msgs) StdoutLine: {'line': b'[ 87%] Built target pyrobosim_msgs__rosidl_typesupport_introspection_cpp\n'}
[0.129836] (bt_interfaces_dummy) StdoutLine: {'line': b'[ 84%] Built target bt_interfaces_dummy__py\n'}
[0.133560] (behaviortree_cpp_v3) StdoutLine: {'line': b'[ 58%] Built target t02_basic_ports\n'}
[0.133712] (behaviortree_cpp_v3) StdoutLine: {'line': b'[ 60%] Built target t04_reactive_sequence\n'}
[0.133791] (behaviortree_cpp_v3) StdoutLine: {'line': b'[ 62%] Built target t06_subtree_port_remapping\n'}
[0.134172] (behaviortree_cpp_v3) StdoutLine: {'line': b'[ 64%] Built target t03_generic_ports\n'}
[0.136352] (overarching_msgs) StdoutLine: {'line': b'[ 83%] Built target overarching_msgs__py\n'}
[0.136522] (behaviortree_cpp_v3) StdoutLine: {'line': b'[ 67%] Built target t07_load_multiple_xml\n'}
[0.136608] (behaviortree_cpp_v3) StdoutLine: {'line': b'[ 69%] Built target t01_first_tree_static\n'}
[0.136662] (behaviortree_cpp_v3) StdoutLine: {'line': b'[ 71%] Built target t05_crossdoor\n'}
[0.138023] (behaviortree_cpp_v3) StdoutLine: {'line': b'[ 75%] Built target t08_additional_node_args\n'}
[0.138139] (behaviortree_cpp_v3) StdoutLine: {'line': b'[ 75%] Built target ex01_wrap_legacy\n'}
[0.138606] (behaviortree_cpp_v3) StdoutLine: {'line': b'[ 77%] Built target ex03_ncurses_manual_selector\n'}
[0.138748] (behaviortree_cpp_v3) StdoutLine: {'line': b'[ 79%] Built target ex04_waypoints\n'}
[0.138862] (behaviortree_cpp_v3) StdoutLine: {'line': b'[ 81%] Built target ex02_runtime_ports\n'}
[0.140439] (pyrobosim_msgs) StdoutLine: {'line': b'[ 87%] Built target pyrobosim_msgs\n'}
[0.141766] (btcpp_ros2_interfaces) StdoutLine: {'line': b'[ 90%] Built target btcpp_ros2_interfaces__rosidl_generator_py\n'}
[0.143168] (behaviortree_cpp_v3) StdoutLine: {'line': b'[100%] Built target behaviortree_cpp_v3_test\n'}
[0.147236] (bt_interfaces_dummy) StdoutLine: {'line': b'[ 92%] Built target bt_interfaces_dummy__rosidl_generator_py\n'}
[0.152760] (overarching_msgs) StdoutLine: {'line': b'[ 91%] Built target overarching_msgs__rosidl_generator_py\n'}
[0.153919] (btcpp_ros2_interfaces) StdoutLine: {'line': b'[ 93%] Built target btcpp_ros2_interfaces_s__rosidl_typesupport_fastrtps_c\n'}
[0.158038] (btcpp_ros2_interfaces) StdoutLine: {'line': b'[ 96%] Built target btcpp_ros2_interfaces_s__rosidl_typesupport_c\n'}
[0.158578] (pyrobosim_msgs) StdoutLine: {'line': b'[ 87%] Built target pyrobosim_msgs__py\n'}
[0.159519] (behaviortree_cpp_v3) CommandEnded: {'returncode': 0}
[0.159800] (btcpp_ros2_interfaces) StdoutLine: {'line': b'[100%] Built target btcpp_ros2_interfaces_s__rosidl_typesupport_introspection_c\n'}
[0.160178] (behaviortree_cpp_v3) JobProgress: {'identifier': 'behaviortree_cpp_v3', 'progress': 'install'}
[0.162103] (bt_interfaces_dummy) StdoutLine: {'line': b'[ 95%] Built target bt_interfaces_dummy_s__rosidl_typesupport_introspection_c\n'}
[0.164347] (bt_interfaces_dummy) StdoutLine: {'line': b'[ 97%] Built target bt_interfaces_dummy_s__rosidl_typesupport_fastrtps_c\n'}
[0.164513] (bt_interfaces_dummy) StdoutLine: {'line': b'[100%] Built target bt_interfaces_dummy_s__rosidl_typesupport_c\n'}
[0.165078] (behaviortree_cpp_v3) Command: {'cmd': ['/usr/bin/cmake', '--install', '/convince_ws/build/behaviortree_cpp_v3'], 'cwd': '/convince_ws/build/behaviortree_cpp_v3', 'env': OrderedDict({'PYTHONWARNINGS': 'ignore:setup.py install is deprecated,ignore:easy_install command is deprecated', 'HOSTNAME': '4451cd8a7c13', 'SHLVL': '1', 'LD_LIBRARY_PATH': '/opt/ros/jazzy/opt/zmqpp_vendor/lib:/opt/ros/jazzy/lib/x86_64-linux-gnu:/opt/ros/jazzy/lib', 'HOME': '/root', 'OLDPWD': '/convince_ws', 'ROS_PYTHON_VERSION': '3', 'ROS_DISTRO': 'jazzy', '_': '/usr/bin/colcon', 'ROS_VERSION': '2', 'TERM': 'xterm', 'QT_X11_NO_MITSHM': '1', 'PATH': '/opt/ros/jazzy/bin:/usr/local/sbin:/usr/local/bin:/usr/sbin:/usr/bin:/sbin:/bin', 'DISPLAY': ':1', 'LANG': 'C.UTF-8', 'AMENT_PREFIX_PATH': '/opt/ros/jazzy', 'ROS_WS': '/convince_ws', 'ROS_AUTOMATIC_DISCOVERY_RANGE': 'SUBNET', 'PWD': '/convince_ws/build/behaviortree_cpp_v3', 'LC_ALL': 'C.UTF-8', 'PYTHONPATH': '/opt/ros/jazzy/lib/python3.12/site-packages', 'COLCON': '1', 'CMAKE_PREFIX_PATH': '/opt/ros/jazzy'}), 'shell': False}
[0.165537] (overarching_msgs) StdoutLine: {'line': b'[ 94%] Built target overarching_msgs_s__rosidl_typesupport_c\n'}
[0.165912] (overarching_msgs) StdoutLine: {'line': b'[ 97%] Built target overarching_msgs_s__rosidl_typesupport_introspection_c\n'}
[0.169290] (overarching_msgs) StdoutLine: {'line': b'[100%] Built target overarching_msgs_s__rosidl_typesupport_fastrtps_c\n'}
[0.170081] (behaviortree_cpp_v3) StdoutLine: {'line': b'-- Install configuration: ""\n'}
[0.170269] (behaviortree_cpp_v3) StdoutLine: {'line': b'-- Execute custom install script\n'}
[0.170345] (behaviortree_cpp_v3) StdoutLine: {'line': b'-- Up-to-date symlink: /convince_ws/install/behaviortree_cpp_v3/share/behaviortree_cpp_v3/environment/library_path.sh\n'}
[0.170394] (behaviortree_cpp_v3) StdoutLine: {'line': b'-- Up-to-date symlink: /convince_ws/install/behaviortree_cpp_v3/share/behaviortree_cpp_v3/environment/library_path.dsv\n'}
[0.170468] (behaviortree_cpp_v3) StdoutLine: {'line': b'-- Up-to-date symlink: /convince_ws/install/behaviortree_cpp_v3/share/ament_index/resource_index/package_run_dependencies/behaviortree_cpp_v3\n'}
[0.170537] (behaviortree_cpp_v3) StdoutLine: {'line': b'-- Up-to-date symlink: /convince_ws/install/behaviortree_cpp_v3/share/ament_index/resource_index/parent_prefix_path/behaviortree_cpp_v3\n'}
[0.170606] (behaviortree_cpp_v3) StdoutLine: {'line': b'-- Up-to-date symlink: /convince_ws/install/behaviortree_cpp_v3/share/behaviortree_cpp_v3/environment/ament_prefix_path.sh\n'}
[0.170671] (behaviortree_cpp_v3) StdoutLine: {'line': b'-- Up-to-date symlink: /convince_ws/install/behaviortree_cpp_v3/share/behaviortree_cpp_v3/environment/ament_prefix_path.dsv\n'}
[0.170733] (behaviortree_cpp_v3) StdoutLine: {'line': b'-- Up-to-date symlink: /convince_ws/install/behaviortree_cpp_v3/share/behaviortree_cpp_v3/environment/path.sh\n'}
[0.170793] (behaviortree_cpp_v3) StdoutLine: {'line': b'-- Up-to-date symlink: /convince_ws/install/behaviortree_cpp_v3/share/behaviortree_cpp_v3/environment/path.dsv\n'}
[0.170851] (behaviortree_cpp_v3) StdoutLine: {'line': b'-- Up-to-date symlink: /convince_ws/install/behaviortree_cpp_v3/share/behaviortree_cpp_v3/local_setup.bash\n'}
[0.170906] (behaviortree_cpp_v3) StdoutLine: {'line': b'-- Up-to-date symlink: /convince_ws/install/behaviortree_cpp_v3/share/behaviortree_cpp_v3/local_setup.sh\n'}
[0.170960] (behaviortree_cpp_v3) StdoutLine: {'line': b'-- Up-to-date symlink: /convince_ws/install/behaviortree_cpp_v3/share/behaviortree_cpp_v3/local_setup.zsh\n'}
[0.171013] (behaviortree_cpp_v3) StdoutLine: {'line': b'-- Up-to-date symlink: /convince_ws/install/behaviortree_cpp_v3/share/behaviortree_cpp_v3/local_setup.dsv\n'}
[0.171084] (behaviortree_cpp_v3) StdoutLine: {'line': b'-- Symlinking: /convince_ws/install/behaviortree_cpp_v3/share/behaviortree_cpp_v3/package.dsv\n'}
[0.175888] (behaviortree_cpp_v3) StdoutLine: {'line': b'-- Up-to-date symlink: /convince_ws/install/behaviortree_cpp_v3/share/ament_index/resource_index/packages/behaviortree_cpp_v3\n'}
[0.176011] (behaviortree_cpp_v3) StdoutLine: {'line': b'-- Up-to-date symlink: /convince_ws/install/behaviortree_cpp_v3/share/behaviortree_cpp_v3/cmake/ament_cmake_export_dependencies-extras.cmake\n'}
[0.176146] (behaviortree_cpp_v3) StdoutLine: {'line': b'-- Up-to-date symlink: /convince_ws/install/behaviortree_cpp_v3/share/behaviortree_cpp_v3/cmake/ament_cmake_export_include_directories-extras.cmake\n'}
[0.176315] (behaviortree_cpp_v3) StdoutLine: {'line': b'-- Up-to-date symlink: /convince_ws/install/behaviortree_cpp_v3/share/behaviortree_cpp_v3/cmake/ament_cmake_export_libraries-extras.cmake\n'}
[0.176449] (behaviortree_cpp_v3) StdoutLine: {'line': b'-- Up-to-date symlink: /convince_ws/install/behaviortree_cpp_v3/share/behaviortree_cpp_v3/cmake/ament_cmake_export_targets-extras.cmake\n'}
[0.176567] (behaviortree_cpp_v3) StdoutLine: {'line': b'-- Up-to-date symlink: /convince_ws/install/behaviortree_cpp_v3/share/behaviortree_cpp_v3/cmake/behaviortree_cpp_v3Config.cmake\n'}
[0.176660] (behaviortree_cpp_v3) StdoutLine: {'line': b'-- Up-to-date symlink: /convince_ws/install/behaviortree_cpp_v3/share/behaviortree_cpp_v3/cmake/behaviortree_cpp_v3Config-version.cmake\n'}
[0.176783] (behaviortree_cpp_v3) StdoutLine: {'line': b'-- Up-to-date symlink: /convince_ws/install/behaviortree_cpp_v3/share/behaviortree_cpp_v3/package.xml\n'}
[0.176909] (behaviortree_cpp_v3) StdoutLine: {'line': b'-- Up-to-date symlink: /convince_ws/install/behaviortree_cpp_v3/lib/cmake/behaviortree_cpp_v3/behaviortree_cpp_v3Config.cmake\n'}
[0.177135] (behaviortree_cpp_v3) StdoutLine: {'line': b'-- Up-to-date symlink: /convince_ws/install/behaviortree_cpp_v3/bin/bt3_log_cat\n'}
[0.177349] (behaviortree_cpp_v3) StdoutLine: {'line': b'-- Up-to-date symlink: /convince_ws/install/behaviortree_cpp_v3/bin/bt3_recorder\n'}
[0.177554] (behaviortree_cpp_v3) StdoutLine: {'line': b'-- Up-to-date symlink: /convince_ws/install/behaviortree_cpp_v3/bin/bt3_plugin_manifest\n'}
[0.177694] (behaviortree_cpp_v3) StdoutLine: {'line': b'-- Up-to-date: /convince_ws/install/behaviortree_cpp_v3/share/behaviortree_cpp_v3/cmake/behaviortree_cpp_v3TargetsExport.cmake\n'}
[0.177785] (behaviortree_cpp_v3) StdoutLine: {'line': b'-- Up-to-date: /convince_ws/install/behaviortree_cpp_v3/share/behaviortree_cpp_v3/cmake/behaviortree_cpp_v3TargetsExport-noconfig.cmake\n'}
[0.177874] (behaviortree_cpp_v3) StdoutLine: {'line': b'-- Up-to-date: /convince_ws/install/behaviortree_cpp_v3/include\n'}
[0.177952] (behaviortree_cpp_v3) StdoutLine: {'line': b'-- Up-to-date: /convince_ws/install/behaviortree_cpp_v3/include/behaviortree_cpp_v3\n'}
[0.178021] (behaviortree_cpp_v3) StdoutLine: {'line': b'-- Up-to-date: /convince_ws/install/behaviortree_cpp_v3/include/behaviortree_cpp_v3/actions\n'}
[0.178104] (behaviortree_cpp_v3) StdoutLine: {'line': b'-- Up-to-date: /convince_ws/install/behaviortree_cpp_v3/include/behaviortree_cpp_v3/actions/always_failure_node.h\n'}
[0.178220] (behaviortree_cpp_v3) StdoutLine: {'line': b'-- Up-to-date: /convince_ws/install/behaviortree_cpp_v3/include/behaviortree_cpp_v3/actions/pop_from_queue.hpp\n'}
[0.178326] (behaviortree_cpp_v3) StdoutLine: {'line': b'-- Up-to-date: /convince_ws/install/behaviortree_cpp_v3/include/behaviortree_cpp_v3/actions/always_success_node.h\n'}
[0.178423] (behaviortree_cpp_v3) StdoutLine: {'line': b'-- Up-to-date: /convince_ws/install/behaviortree_cpp_v3/include/behaviortree_cpp_v3/actions/set_blackboard_node.h\n'}
[0.178516] (behaviortree_cpp_v3) StdoutLine: {'line': b'-- Up-to-date: /convince_ws/install/behaviortree_cpp_v3/include/behaviortree_cpp_v3/action_node.h\n'}
[0.178586] (behaviortree_cpp_v3) StdoutLine: {'line': b'-- Up-to-date: /convince_ws/install/behaviortree_cpp_v3/include/behaviortree_cpp_v3/controls\n'}
[0.178655] (behaviortree_cpp_v3) StdoutLine: {'line': b'-- Up-to-date: /convince_ws/install/behaviortree_cpp_v3/include/behaviortree_cpp_v3/controls/parallel_node.h\n'}
[0.178723] (behaviortree_cpp_v3) StdoutLine: {'line': b'-- Up-to-date: /convince_ws/install/behaviortree_cpp_v3/include/behaviortree_cpp_v3/controls/reactive_fallback.h\n'}
[0.178827] (behaviortree_cpp_v3) StdoutLine: {'line': b'-- Up-to-date: /convince_ws/install/behaviortree_cpp_v3/include/behaviortree_cpp_v3/controls/sequence_star_node.h\n'}
[0.178923] (behaviortree_cpp_v3) StdoutLine: {'line': b'-- Up-to-date: /convince_ws/install/behaviortree_cpp_v3/include/behaviortree_cpp_v3/controls/if_then_else_node.h\n'}
[0.179022] (behaviortree_cpp_v3) StdoutLine: {'line': b'-- Up-to-date: /convince_ws/install/behaviortree_cpp_v3/include/behaviortree_cpp_v3/controls/reactive_sequence.h\n'}
[0.179108] (behaviortree_cpp_v3) StdoutLine: {'line': b'-- Up-to-date: /convince_ws/install/behaviortree_cpp_v3/include/behaviortree_cpp_v3/controls/sequence_node.h\n'}
[0.179215] (behaviortree_cpp_v3) StdoutLine: {'line': b'-- Up-to-date: /convince_ws/install/behaviortree_cpp_v3/include/behaviortree_cpp_v3/controls/while_do_else_node.h\n'}
[0.179313] (behaviortree_cpp_v3) StdoutLine: {'line': b'-- Up-to-date: /convince_ws/install/behaviortree_cpp_v3/include/behaviortree_cpp_v3/controls/switch_node.h\n'}
[0.179415] (behaviortree_cpp_v3) StdoutLine: {'line': b'-- Up-to-date: /convince_ws/install/behaviortree_cpp_v3/include/behaviortree_cpp_v3/controls/fallback_node.h\n'}
[0.179483] (behaviortree_cpp_v3) StdoutLine: {'line': b'-- Up-to-date: /convince_ws/install/behaviortree_cpp_v3/include/behaviortree_cpp_v3/controls/manual_node.h\n'}
[0.179553] (behaviortree_cpp_v3) StdoutLine: {'line': b'-- Up-to-date: /convince_ws/install/behaviortree_cpp_v3/include/behaviortree_cpp_v3/basic_types.h\n'}
[0.179639] (behaviortree_cpp_v3) StdoutLine: {'line': b'-- Up-to-date: /convince_ws/install/behaviortree_cpp_v3/include/behaviortree_cpp_v3/control_node.h\n'}
[0.179706] (behaviortree_cpp_v3) StdoutLine: {'line': b'-- Up-to-date: /convince_ws/install/behaviortree_cpp_v3/include/behaviortree_cpp_v3/leaf_node.h\n'}
[0.179783] (behaviortree_cpp_v3) StdoutLine: {'line': b'-- Up-to-date: /convince_ws/install/behaviortree_cpp_v3/include/behaviortree_cpp_v3/decorator_node.h\n'}
[0.179847] (behaviortree_cpp_v3) StdoutLine: {'line': b'-- Up-to-date: /convince_ws/install/behaviortree_cpp_v3/include/behaviortree_cpp_v3/utils\n'}
[0.179921] (behaviortree_cpp_v3) StdoutLine: {'line': b'-- Up-to-date: /convince_ws/install/behaviortree_cpp_v3/include/behaviortree_cpp_v3/utils/make_unique.hpp\n'}
[0.179988] (behaviortree_cpp_v3) StdoutLine: {'line': b'-- Up-to-date: /convince_ws/install/behaviortree_cpp_v3/include/behaviortree_cpp_v3/utils/shared_library.h\n'}
[0.180071] (behaviortree_cpp_v3) StdoutLine: {'line': b'-- Up-to-date: /convince_ws/install/behaviortree_cpp_v3/include/behaviortree_cpp_v3/utils/expected.hpp\n'}
[0.180140] (behaviortree_cpp_v3) StdoutLine: {'line': b'-- Up-to-date: /convince_ws/install/behaviortree_cpp_v3/include/behaviortree_cpp_v3/utils/simple_string.hpp\n'}
[0.180270] (behaviortree_cpp_v3) StdoutLine: {'line': b'-- Up-to-date: /convince_ws/install/behaviortree_cpp_v3/include/behaviortree_cpp_v3/utils/strcat.hpp\n'}
[0.180327] (behaviortree_cpp_v3) StdoutLine: {'line': b'-- Up-to-date: /convince_ws/install/behaviortree_cpp_v3/include/behaviortree_cpp_v3/utils/any.hpp\n'}
[0.180360] (behaviortree_cpp_v3) StdoutLine: {'line': b'-- Up-to-date: /convince_ws/install/behaviortree_cpp_v3/include/behaviortree_cpp_v3/utils/string_view.hpp\n'}
[0.180388] (behaviortree_cpp_v3) StdoutLine: {'line': b'-- Up-to-date: /convince_ws/install/behaviortree_cpp_v3/include/behaviortree_cpp_v3/utils/platform.hpp\n'}
[0.180417] (behaviortree_cpp_v3) StdoutLine: {'line': b'-- Up-to-date: /convince_ws/install/behaviortree_cpp_v3/include/behaviortree_cpp_v3/utils/signal.h\n'}
[0.180445] (behaviortree_cpp_v3) StdoutLine: {'line': b'-- Up-to-date: /convince_ws/install/behaviortree_cpp_v3/include/behaviortree_cpp_v3/utils/safe_any.hpp\n'}
[0.180472] (behaviortree_cpp_v3) StdoutLine: {'line': b'-- Up-to-date: /convince_ws/install/behaviortree_cpp_v3/include/behaviortree_cpp_v3/utils/wakeup_signal.hpp\n'}
[0.180499] (behaviortree_cpp_v3) StdoutLine: {'line': b'-- Up-to-date: /convince_ws/install/behaviortree_cpp_v3/include/behaviortree_cpp_v3/utils/demangle_util.h\n'}
[0.180524] (behaviortree_cpp_v3) StdoutLine: {'line': b'-- Up-to-date: /convince_ws/install/behaviortree_cpp_v3/include/behaviortree_cpp_v3/utils/convert_impl.hpp\n'}
[0.180549] (behaviortree_cpp_v3) StdoutLine: {'line': b'-- Up-to-date: /convince_ws/install/behaviortree_cpp_v3/include/behaviortree_cpp_v3/xml_parsing.h\n'}
[0.180575] (behaviortree_cpp_v3) StdoutLine: {'line': b'-- Up-to-date: /convince_ws/install/behaviortree_cpp_v3/include/behaviortree_cpp_v3/bt_parser.h\n'}
[0.180607] (behaviortree_cpp_v3) StdoutLine: {'line': b'-- Up-to-date: /convince_ws/install/behaviortree_cpp_v3/include/behaviortree_cpp_v3/flatbuffers\n'}
[0.180632] (behaviortree_cpp_v3) StdoutLine: {'line': b'-- Up-to-date: /convince_ws/install/behaviortree_cpp_v3/include/behaviortree_cpp_v3/flatbuffers/stl_emulation.h\n'}
[0.180659] (behaviortree_cpp_v3) StdoutLine: {'line': b'-- Up-to-date: /convince_ws/install/behaviortree_cpp_v3/include/behaviortree_cpp_v3/flatbuffers/flatbuffers.h\n'}
[0.180685] (behaviortree_cpp_v3) StdoutLine: {'line': b'-- Up-to-date: /convince_ws/install/behaviortree_cpp_v3/include/behaviortree_cpp_v3/flatbuffers/base.h\n'}
[0.180712] (behaviortree_cpp_v3) StdoutLine: {'line': b'-- Up-to-date: /convince_ws/install/behaviortree_cpp_v3/include/behaviortree_cpp_v3/flatbuffers/BT_logger_generated.h\n'}
[0.180738] (behaviortree_cpp_v3) StdoutLine: {'line': b'-- Up-to-date: /convince_ws/install/behaviortree_cpp_v3/include/behaviortree_cpp_v3/flatbuffers/bt_flatbuffer_helper.h\n'}
[0.180763] (behaviortree_cpp_v3) StdoutLine: {'line': b'-- Up-to-date: /convince_ws/install/behaviortree_cpp_v3/include/behaviortree_cpp_v3/tree_node.h\n'}
[0.180789] (behaviortree_cpp_v3) StdoutLine: {'line': b'-- Up-to-date: /convince_ws/install/behaviortree_cpp_v3/include/behaviortree_cpp_v3/blackboard.h\n'}
[0.180816] (behaviortree_cpp_v3) StdoutLine: {'line': b'-- Up-to-date: /convince_ws/install/behaviortree_cpp_v3/include/behaviortree_cpp_v3/bt_factory.h\n'}
[0.180841] (behaviortree_cpp_v3) StdoutLine: {'line': b'-- Up-to-date: /convince_ws/install/behaviortree_cpp_v3/include/behaviortree_cpp_v3/behavior_tree.h\n'}
[0.180868] (behaviortree_cpp_v3) StdoutLine: {'line': b'-- Up-to-date: /convince_ws/install/behaviortree_cpp_v3/include/behaviortree_cpp_v3/loggers\n'}
[0.180893] (behaviortree_cpp_v3) StdoutLine: {'line': b'-- Up-to-date: /convince_ws/install/behaviortree_cpp_v3/include/behaviortree_cpp_v3/loggers/abstract_logger.h\n'}
[0.180918] (behaviortree_cpp_v3) StdoutLine: {'line': b'-- Up-to-date: /convince_ws/install/behaviortree_cpp_v3/include/behaviortree_cpp_v3/loggers/bt_file_logger.h\n'}
[0.180943] (behaviortree_cpp_v3) StdoutLine: {'line': b'-- Up-to-date: /convince_ws/install/behaviortree_cpp_v3/include/behaviortree_cpp_v3/loggers/bt_minitrace_logger.h\n'}
[0.180969] (behaviortree_cpp_v3) StdoutLine: {'line': b'-- Up-to-date: /convince_ws/install/behaviortree_cpp_v3/include/behaviortree_cpp_v3/loggers/bt_cout_logger.h\n'}
[0.180995] (behaviortree_cpp_v3) StdoutLine: {'line': b'-- Up-to-date: /convince_ws/install/behaviortree_cpp_v3/include/behaviortree_cpp_v3/loggers/bt_zmq_publisher.h\n'}
[0.181020] (behaviortree_cpp_v3) StdoutLine: {'line': b'-- Up-to-date: /convince_ws/install/behaviortree_cpp_v3/include/behaviortree_cpp_v3/decorators\n'}
[0.181045] (behaviortree_cpp_v3) StdoutLine: {'line': b'-- Up-to-date: /convince_ws/install/behaviortree_cpp_v3/include/behaviortree_cpp_v3/decorators/repeat_node.h\n'}
[0.181071] (behaviortree_cpp_v3) StdoutLine: {'line': b'-- Up-to-date: /convince_ws/install/behaviortree_cpp_v3/include/behaviortree_cpp_v3/decorators/retry_node.h\n'}
[0.181097] (behaviortree_cpp_v3) StdoutLine: {'line': b'-- Up-to-date: /convince_ws/install/behaviortree_cpp_v3/include/behaviortree_cpp_v3/decorators/inverter_node.h\n'}
[0.181122] (behaviortree_cpp_v3) StdoutLine: {'line': b'-- Up-to-date: /convince_ws/install/behaviortree_cpp_v3/include/behaviortree_cpp_v3/decorators/blackboard_precondition.h\n'}
[0.181147] (behaviortree_cpp_v3) StdoutLine: {'line': b'-- Up-to-date: /convince_ws/install/behaviortree_cpp_v3/include/behaviortree_cpp_v3/decorators/timeout_node.h\n'}
[0.181178] (behaviortree_cpp_v3) StdoutLine: {'line': b'-- Up-to-date: /convince_ws/install/behaviortree_cpp_v3/include/behaviortree_cpp_v3/decorators/subtree_node.h\n'}
[0.181203] (behaviortree_cpp_v3) StdoutLine: {'line': b'-- Up-to-date: /convince_ws/install/behaviortree_cpp_v3/include/behaviortree_cpp_v3/decorators/consume_queue.h\n'}
[0.181230] (behaviortree_cpp_v3) StdoutLine: {'line': b'-- Up-to-date: /convince_ws/install/behaviortree_cpp_v3/include/behaviortree_cpp_v3/decorators/keep_running_until_failure_node.h\n'}
[0.181255] (behaviortree_cpp_v3) StdoutLine: {'line': b'-- Up-to-date: /convince_ws/install/behaviortree_cpp_v3/include/behaviortree_cpp_v3/decorators/timer_queue.h\n'}
[0.181280] (behaviortree_cpp_v3) StdoutLine: {'line': b'-- Up-to-date: /convince_ws/install/behaviortree_cpp_v3/include/behaviortree_cpp_v3/decorators/force_failure_node.h\n'}
[0.181306] (behaviortree_cpp_v3) StdoutLine: {'line': b'-- Up-to-date: /convince_ws/install/behaviortree_cpp_v3/include/behaviortree_cpp_v3/decorators/force_success_node.h\n'}
[0.181334] (behaviortree_cpp_v3) StdoutLine: {'line': b'-- Up-to-date: /convince_ws/install/behaviortree_cpp_v3/include/behaviortree_cpp_v3/decorators/delay_node.h\n'}
[0.181362] (behaviortree_cpp_v3) StdoutLine: {'line': b'-- Up-to-date: /convince_ws/install/behaviortree_cpp_v3/include/behaviortree_cpp_v3/exceptions.h\n'}
[0.181389] (behaviortree_cpp_v3) StdoutLine: {'line': b'-- Up-to-date: /convince_ws/install/behaviortree_cpp_v3/include/behaviortree_cpp_v3/condition_node.h\n'}
[0.181415] (behaviortree_cpp_v3) StdoutLine: {'line': b'-- Up-to-date: /convince_ws/install/behaviortree_cpp_v3/lib/libbehaviortree_cpp_v3.so\n'}
[0.181473] (behaviortree_cpp_v3) StdoutLine: {'line': b'-- Up-to-date: /convince_ws/install/behaviortree_cpp_v3/lib/cmake/behaviortree_cpp_v3/behaviortree_cpp_v3Targets.cmake\n'}
[0.181502] (behaviortree_cpp_v3) StdoutLine: {'line': b'-- Up-to-date: /convince_ws/install/behaviortree_cpp_v3/lib/cmake/behaviortree_cpp_v3/behaviortree_cpp_v3Targets-noconfig.cmake\n'}
[0.181550] (pyrobosim_msgs) StdoutLine: {'line': b'[ 97%] Built target pyrobosim_msgs__rosidl_generator_py\n'}
[0.181938] (behaviortree_cpp_v3) CommandEnded: {'returncode': 0}
[0.183755] (overarching_msgs) StdoutLine: {'line': b'running egg_info\n'}
[0.187598] (btcpp_ros2_interfaces) StdoutLine: {'line': b'running egg_info\n'}
[0.190886] (overarching_msgs) StdoutLine: {'line': b'writing overarching_msgs.egg-info/PKG-INFO\n'}
[0.191067] (overarching_msgs) StdoutLine: {'line': b'writing dependency_links to overarching_msgs.egg-info/dependency_links.txt\n'}
[0.191256] (overarching_msgs) StdoutLine: {'line': b'writing top-level names to overarching_msgs.egg-info/top_level.txt\n'}
[0.193508] (pyrobosim_msgs) StdoutLine: {'line': b'[ 98%] Built target pyrobosim_msgs_s__rosidl_typesupport_fastrtps_c\n'}
[0.194580] (btcpp_ros2_interfaces) StdoutLine: {'line': b'writing btcpp_ros2_interfaces.egg-info/PKG-INFO\n'}
[0.194727] (btcpp_ros2_interfaces) StdoutLine: {'line': b'writing dependency_links to btcpp_ros2_interfaces.egg-info/dependency_links.txt\n'}
[0.194800] (btcpp_ros2_interfaces) StdoutLine: {'line': b'writing top-level names to btcpp_ros2_interfaces.egg-info/top_level.txt\n'}
[0.196174] (pyrobosim_msgs) StdoutLine: {'line': b'[ 99%] Built target pyrobosim_msgs_s__rosidl_typesupport_introspection_c\n'}
[0.198742] (pyrobosim_msgs) StdoutLine: {'line': b'[100%] Built target pyrobosim_msgs_s__rosidl_typesupport_c\n'}
[0.200058] (-) TimerEvent: {}
[0.203881] (bt_interfaces_dummy) StdoutLine: {'line': b'running egg_info\n'}
[0.204490] (behaviortree_cpp_v3) JobEnded: {'identifier': 'behaviortree_cpp_v3', 'rc': 0}
[0.210114] (overarching_msgs) StdoutLine: {'line': b"reading manifest file 'overarching_msgs.egg-info/SOURCES.txt'\n"}
[0.210532] (overarching_msgs) StdoutLine: {'line': b"writing manifest file 'overarching_msgs.egg-info/SOURCES.txt'\n"}
[0.210799] (bt_interfaces_dummy) StdoutLine: {'line': b'writing bt_interfaces_dummy.egg-info/PKG-INFO\n'}
[0.210910] (bt_interfaces_dummy) StdoutLine: {'line': b'writing dependency_links to bt_interfaces_dummy.egg-info/dependency_links.txt\n'}
[0.210999] (bt_interfaces_dummy) StdoutLine: {'line': b'writing top-level names to bt_interfaces_dummy.egg-info/top_level.txt\n'}
[0.213781] (btcpp_ros2_interfaces) StdoutLine: {'line': b"reading manifest file 'btcpp_ros2_interfaces.egg-info/SOURCES.txt'\n"}
[0.214102] (btcpp_ros2_interfaces) StdoutLine: {'line': b"writing manifest file 'btcpp_ros2_interfaces.egg-info/SOURCES.txt'\n"}
[0.219161] (pyrobosim_msgs) StdoutLine: {'line': b'running egg_info\n'}
[0.226132] (pyrobosim_msgs) StdoutLine: {'line': b'writing pyrobosim_msgs.egg-info/PKG-INFO\n'}
[0.226342] (pyrobosim_msgs) StdoutLine: {'line': b'writing dependency_links to pyrobosim_msgs.egg-info/dependency_links.txt\n'}
[0.226443] (pyrobosim_msgs) StdoutLine: {'line': b'writing top-level names to pyrobosim_msgs.egg-info/top_level.txt\n'}
[0.228948] (overarching_msgs) StdoutLine: {'line': b'[100%] Built target ament_cmake_python_build_overarching_msgs_egg\n'}
[0.229990] (btcpp_ros2_interfaces) StdoutLine: {'line': b'[100%] Built target ament_cmake_python_build_btcpp_ros2_interfaces_egg\n'}
[0.231262] (bt_interfaces_dummy) StdoutLine: {'line': b"reading manifest file 'bt_interfaces_dummy.egg-info/SOURCES.txt'\n"}
[0.231637] (bt_interfaces_dummy) StdoutLine: {'line': b"writing manifest file 'bt_interfaces_dummy.egg-info/SOURCES.txt'\n"}
[0.237299] (overarching_msgs) CommandEnded: {'returncode': 0}
[0.237768] (overarching_msgs) JobProgress: {'identifier': 'overarching_msgs', 'progress': 'install'}
[0.237931] (overarching_msgs) Command: {'cmd': ['/usr/bin/cmake', '--install', '/convince_ws/build/overarching_msgs'], 'cwd': '/convince_ws/build/overarching_msgs', 'env': OrderedDict({'PYTHONWARNINGS': 'ignore:setup.py install is deprecated,ignore:easy_install command is deprecated', 'HOSTNAME': '4451cd8a7c13', 'SHLVL': '1', 'LD_LIBRARY_PATH': '/opt/ros/jazzy/opt/zmqpp_vendor/lib:/opt/ros/jazzy/lib/x86_64-linux-gnu:/opt/ros/jazzy/lib', 'HOME': '/root', 'OLDPWD': '/convince_ws', 'ROS_PYTHON_VERSION': '3', 'ROS_DISTRO': 'jazzy', '_': '/usr/bin/colcon', 'ROS_VERSION': '2', 'TERM': 'xterm', 'QT_X11_NO_MITSHM': '1', 'PATH': '/opt/ros/jazzy/bin:/usr/local/sbin:/usr/local/bin:/usr/sbin:/usr/bin:/sbin:/bin', 'DISPLAY': ':1', 'LANG': 'C.UTF-8', 'AMENT_PREFIX_PATH': '/opt/ros/jazzy', 'ROS_WS': '/convince_ws', 'ROS_AUTOMATIC_DISCOVERY_RANGE': 'SUBNET', 'PWD': '/convince_ws/build/overarching_msgs', 'LC_ALL': 'C.UTF-8', 'PYTHONPATH': '/opt/ros/jazzy/lib/python3.12/site-packages', 'COLCON': '1', 'CMAKE_PREFIX_PATH': '/opt/ros/jazzy'}), 'shell': False}
[0.238955] (btcpp_ros2_interfaces) CommandEnded: {'returncode': 0}
[0.239366] (btcpp_ros2_interfaces) JobProgress: {'identifier': 'btcpp_ros2_interfaces', 'progress': 'install'}
[0.239641] (btcpp_ros2_interfaces) Command: {'cmd': ['/usr/bin/cmake', '--install', '/convince_ws/build/btcpp_ros2_interfaces'], 'cwd': '/convince_ws/build/btcpp_ros2_interfaces', 'env': OrderedDict({'PYTHONWARNINGS': 'ignore:setup.py install is deprecated,ignore:easy_install command is deprecated', 'HOSTNAME': '4451cd8a7c13', 'SHLVL': '1', 'LD_LIBRARY_PATH': '/opt/ros/jazzy/opt/zmqpp_vendor/lib:/opt/ros/jazzy/lib/x86_64-linux-gnu:/opt/ros/jazzy/lib', 'HOME': '/root', 'OLDPWD': '/convince_ws', 'ROS_PYTHON_VERSION': '3', 'ROS_DISTRO': 'jazzy', '_': '/usr/bin/colcon', 'ROS_VERSION': '2', 'TERM': 'xterm', 'QT_X11_NO_MITSHM': '1', 'PATH': '/opt/ros/jazzy/bin:/usr/local/sbin:/usr/local/bin:/usr/sbin:/usr/bin:/sbin:/bin', 'DISPLAY': ':1', 'LANG': 'C.UTF-8', 'AMENT_PREFIX_PATH': '/opt/ros/jazzy', 'ROS_WS': '/convince_ws', 'ROS_AUTOMATIC_DISCOVERY_RANGE': 'SUBNET', 'PWD': '/convince_ws/build/btcpp_ros2_interfaces', 'LC_ALL': 'C.UTF-8', 'PYTHONPATH': '/opt/ros/jazzy/lib/python3.12/site-packages', 'COLCON': '1', 'CMAKE_PREFIX_PATH': '/opt/ros/jazzy'}), 'shell': False}
[0.244225] (overarching_msgs) StdoutLine: {'line': b'-- Install configuration: ""\n'}
[0.244549] (overarching_msgs) StdoutLine: {'line': b'-- Execute custom install script\n'}
[0.244664] (overarching_msgs) StdoutLine: {'line': b'-- Up-to-date symlink: /convince_ws/install/overarching_msgs/share/ament_index/resource_index/rosidl_interfaces/overarching_msgs\n'}
[0.244780] (overarching_msgs) StdoutLine: {'line': b'-- Up-to-date symlink: /convince_ws/install/overarching_msgs/share/overarching_msgs/msg/Location.json\n'}
[0.244881] (overarching_msgs) StdoutLine: {'line': b'-- Up-to-date symlink: /convince_ws/install/overarching_msgs/share/overarching_msgs/action/Navigate.json\n'}
[0.244976] (overarching_msgs) StdoutLine: {'line': b'-- Up-to-date symlink: /convince_ws/install/overarching_msgs/share/overarching_msgs/action/Pick.json\n'}
[0.245068] (overarching_msgs) StdoutLine: {'line': b'-- Up-to-date symlink: /convince_ws/install/overarching_msgs/share/overarching_msgs/action/Place.json\n'}
[0.245138] (overarching_msgs) StdoutLine: {'line': b'-- Up-to-date symlink: /convince_ws/install/overarching_msgs/share/overarching_msgs/action/Detect.json\n'}
[0.245358] (overarching_msgs) StdoutLine: {'line': b'-- Up-to-date symlink: /convince_ws/install/overarching_msgs/include/overarching_msgs/overarching_msgs/action/detail/detect__functions.h\n'}
[0.245444] (overarching_msgs) StdoutLine: {'line': b'-- Up-to-date symlink: /convince_ws/install/overarching_msgs/include/overarching_msgs/overarching_msgs/action/detail/detect__struct.h\n'}
[0.245528] (overarching_msgs) StdoutLine: {'line': b'-- Up-to-date symlink: /convince_ws/install/overarching_msgs/include/overarching_msgs/overarching_msgs/action/detail/detect__type_support.h\n'}
[0.245626] (overarching_msgs) StdoutLine: {'line': b'-- Up-to-date symlink: /convince_ws/install/overarching_msgs/include/overarching_msgs/overarching_msgs/action/detail/navigate__functions.h\n'}
[0.245706] (overarching_msgs) StdoutLine: {'line': b'-- Up-to-date symlink: /convince_ws/install/overarching_msgs/include/overarching_msgs/overarching_msgs/action/detail/navigate__struct.h\n'}
[0.245775] (overarching_msgs) StdoutLine: {'line': b'-- Up-to-date symlink: /convince_ws/install/overarching_msgs/include/overarching_msgs/overarching_msgs/action/detail/navigate__type_support.h\n'}
[0.245842] (overarching_msgs) StdoutLine: {'line': b'-- Up-to-date symlink: /convince_ws/install/overarching_msgs/include/overarching_msgs/overarching_msgs/action/detail/pick__functions.h\n'}
[0.246004] (btcpp_ros2_interfaces) StdoutLine: {'line': b'-- Install configuration: ""\n'}
[0.246177] (overarching_msgs) StdoutLine: {'line': b'-- Up-to-date symlink: /convince_ws/install/overarching_msgs/include/overarching_msgs/overarching_msgs/action/detail/pick__struct.h\n'}
[0.246288] (overarching_msgs) StdoutLine: {'line': b'-- Up-to-date symlink: /convince_ws/install/overarching_msgs/include/overarching_msgs/overarching_msgs/action/detail/pick__type_support.h\n'}
[0.246379] (overarching_msgs) StdoutLine: {'line': b'-- Up-to-date symlink: /convince_ws/install/overarching_msgs/include/overarching_msgs/overarching_msgs/action/detail/place__functions.h\n'}
[0.246447] (overarching_msgs) StdoutLine: {'line': b'-- Up-to-date symlink: /convince_ws/install/overarching_msgs/include/overarching_msgs/overarching_msgs/action/detail/place__struct.h\n'}
[0.246535] (overarching_msgs) StdoutLine: {'line': b'-- Up-to-date symlink: /convince_ws/install/overarching_msgs/include/overarching_msgs/overarching_msgs/action/detail/place__type_support.h\n'}
[0.246606] (overarching_msgs) StdoutLine: {'line': b'-- Up-to-date symlink: /convince_ws/install/overarching_msgs/include/overarching_msgs/overarching_msgs/action/detect.h\n'}
[0.246709] (overarching_msgs) StdoutLine: {'line': b'-- Up-to-date symlink: /convince_ws/install/overarching_msgs/include/overarching_msgs/overarching_msgs/action/navigate.h\n'}
[0.246777] (overarching_msgs) StdoutLine: {'line': b'-- Up-to-date symlink: /convince_ws/install/overarching_msgs/include/overarching_msgs/overarching_msgs/action/pick.h\n'}
[0.246845] (overarching_msgs) StdoutLine: {'line': b'-- Up-to-date symlink: /convince_ws/install/overarching_msgs/include/overarching_msgs/overarching_msgs/action/place.h\n'}
[0.246968] (pyrobosim_msgs) StdoutLine: {'line': b"reading manifest file 'pyrobosim_msgs.egg-info/SOURCES.txt'\n"}
[0.247043] (overarching_msgs) StdoutLine: {'line': b'-- Up-to-date symlink: /convince_ws/install/overarching_msgs/include/overarching_msgs/overarching_msgs/msg/detail/location__functions.h\n'}
[0.247146] (overarching_msgs) StdoutLine: {'line': b'-- Up-to-date symlink: /convince_ws/install/overarching_msgs/include/overarching_msgs/overarching_msgs/msg/detail/location__struct.h\n'}
[0.247288] (overarching_msgs) StdoutLine: {'line': b'-- Up-to-date symlink: /convince_ws/install/overarching_msgs/include/overarching_msgs/overarching_msgs/msg/detail/location__type_support.h\n'}
[0.247371] (overarching_msgs) StdoutLine: {'line': b'-- Up-to-date symlink: /convince_ws/install/overarching_msgs/include/overarching_msgs/overarching_msgs/msg/location.h\n'}
[0.247445] (overarching_msgs) StdoutLine: {'line': b'-- Up-to-date symlink: /convince_ws/install/overarching_msgs/include/overarching_msgs/overarching_msgs/msg/rosidl_generator_c__visibility_control.h\n'}
[0.247525] (bt_interfaces_dummy) StdoutLine: {'line': b'[100%] Built target ament_cmake_python_build_bt_interfaces_dummy_egg\n'}
[0.247641] (overarching_msgs) StdoutLine: {'line': b'-- Up-to-date symlink: /convince_ws/install/overarching_msgs/share/overarching_msgs/environment/library_path.sh\n'}
[0.247755] (btcpp_ros2_interfaces) StdoutLine: {'line': b'-- Execute custom install script\n'}
[0.247861] (overarching_msgs) StdoutLine: {'line': b'-- Up-to-date symlink: /convince_ws/install/overarching_msgs/share/overarching_msgs/environment/library_path.dsv\n'}
[0.247960] (pyrobosim_msgs) StdoutLine: {'line': b"writing manifest file 'pyrobosim_msgs.egg-info/SOURCES.txt'\n"}
[0.248100] (btcpp_ros2_interfaces) StdoutLine: {'line': b'-- Up-to-date symlink: /convince_ws/install/btcpp_ros2_interfaces/share/ament_index/resource_index/rosidl_interfaces/btcpp_ros2_interfaces\n'}
[0.248240] (btcpp_ros2_interfaces) StdoutLine: {'line': b'-- Up-to-date symlink: /convince_ws/install/btcpp_ros2_interfaces/share/btcpp_ros2_interfaces/msg/NodeStatus.json\n'}
[0.248382] (btcpp_ros2_interfaces) StdoutLine: {'line': b'-- Up-to-date symlink: /convince_ws/install/btcpp_ros2_interfaces/share/btcpp_ros2_interfaces/srv/GetTrees.json\n'}
[0.248521] (overarching_msgs) StdoutLine: {'line': b'-- Up-to-date symlink: /convince_ws/install/overarching_msgs/include/overarching_msgs/overarching_msgs/action/detail/detect__rosidl_typesupport_fastrtps_c.h\n'}
[0.248634] (overarching_msgs) StdoutLine: {'line': b'-- Up-to-date symlink: /convince_ws/install/overarching_msgs/include/overarching_msgs/overarching_msgs/action/detail/navigate__rosidl_typesupport_fastrtps_c.h\n'}
[0.248728] (overarching_msgs) StdoutLine: {'line': b'-- Up-to-date symlink: /convince_ws/install/overarching_msgs/include/overarching_msgs/overarching_msgs/action/detail/pick__rosidl_typesupport_fastrtps_c.h\n'}
[0.248801] (overarching_msgs) StdoutLine: {'line': b'-- Up-to-date symlink: /convince_ws/install/overarching_msgs/include/overarching_msgs/overarching_msgs/action/detail/place__rosidl_typesupport_fastrtps_c.h\n'}
[0.248876] (overarching_msgs) StdoutLine: {'line': b'-- Up-to-date symlink: /convince_ws/install/overarching_msgs/include/overarching_msgs/overarching_msgs/msg/detail/location__rosidl_typesupport_fastrtps_c.h\n'}
[0.248979] (overarching_msgs) StdoutLine: {'line': b'-- Up-to-date symlink: /convince_ws/install/overarching_msgs/include/overarching_msgs/overarching_msgs/msg/rosidl_typesupport_fastrtps_c__visibility_control.h\n'}
[0.249076] (btcpp_ros2_interfaces) StdoutLine: {'line': b'-- Up-to-date symlink: /convince_ws/install/btcpp_ros2_interfaces/share/btcpp_ros2_interfaces/action/ExecuteTree.json\n'}
[0.249174] (btcpp_ros2_interfaces) StdoutLine: {'line': b'-- Up-to-date symlink: /convince_ws/install/btcpp_ros2_interfaces/share/btcpp_ros2_interfaces/action/Sleep.json\n'}
[0.249266] (btcpp_ros2_interfaces) StdoutLine: {'line': b'-- Up-to-date symlink: /convince_ws/install/btcpp_ros2_interfaces/include/btcpp_ros2_interfaces/btcpp_ros2_interfaces/action/detail/execute_tree__functions.h\n'}
[0.249367] (overarching_msgs) StdoutLine: {'line': b'-- Up-to-date symlink: /convince_ws/install/overarching_msgs/include/overarching_msgs/overarching_msgs/action/detail/detect__rosidl_typesupport_introspection_c.h\n'}
[0.249473] (overarching_msgs) StdoutLine: {'line': b'-- Up-to-date symlink: /convince_ws/install/overarching_msgs/include/overarching_msgs/overarching_msgs/action/detail/navigate__rosidl_typesupport_introspection_c.h\n'}
[0.249554] (overarching_msgs) StdoutLine: {'line': b'-- Up-to-date symlink: /convince_ws/install/overarching_msgs/include/overarching_msgs/overarching_msgs/action/detail/pick__rosidl_typesupport_introspection_c.h\n'}
[0.249639] (btcpp_ros2_interfaces) StdoutLine: {'line': b'-- Up-to-date symlink: /convince_ws/install/btcpp_ros2_interfaces/include/btcpp_ros2_interfaces/btcpp_ros2_interfaces/action/detail/execute_tree__struct.h\n'}
[0.249725] (overarching_msgs) StdoutLine: {'line': b'-- Up-to-date symlink: /convince_ws/install/overarching_msgs/include/overarching_msgs/overarching_msgs/action/detail/place__rosidl_typesupport_introspection_c.h\n'}
[0.249819] (btcpp_ros2_interfaces) StdoutLine: {'line': b'-- Up-to-date symlink: /convince_ws/install/btcpp_ros2_interfaces/include/btcpp_ros2_interfaces/btcpp_ros2_interfaces/action/detail/execute_tree__type_support.h\n'}
[0.249902] (overarching_msgs) StdoutLine: {'line': b'-- Up-to-date symlink: /convince_ws/install/overarching_msgs/include/overarching_msgs/overarching_msgs/msg/detail/location__rosidl_typesupport_introspection_c.h\n'}
[0.249984] (btcpp_ros2_interfaces) StdoutLine: {'line': b'-- Up-to-date symlink: /convince_ws/install/btcpp_ros2_interfaces/include/btcpp_ros2_interfaces/btcpp_ros2_interfaces/action/detail/sleep__functions.h\n'}
[0.250075] (overarching_msgs) StdoutLine: {'line': b'-- Up-to-date symlink: /convince_ws/install/overarching_msgs/include/overarching_msgs/overarching_msgs/msg/rosidl_typesupport_introspection_c__visibility_control.h\n'}
[0.250172] (btcpp_ros2_interfaces) StdoutLine: {'line': b'-- Up-to-date symlink: /convince_ws/install/btcpp_ros2_interfaces/include/btcpp_ros2_interfaces/btcpp_ros2_interfaces/action/detail/sleep__struct.h\n'}
[0.250271] (btcpp_ros2_interfaces) StdoutLine: {'line': b'-- Up-to-date symlink: /convince_ws/install/btcpp_ros2_interfaces/include/btcpp_ros2_interfaces/btcpp_ros2_interfaces/action/detail/sleep__type_support.h\n'}
[0.250348] (btcpp_ros2_interfaces) StdoutLine: {'line': b'-- Up-to-date symlink: /convince_ws/install/btcpp_ros2_interfaces/include/btcpp_ros2_interfaces/btcpp_ros2_interfaces/action/execute_tree.h\n'}
[0.250414] (btcpp_ros2_interfaces) StdoutLine: {'line': b'-- Up-to-date symlink: /convince_ws/install/btcpp_ros2_interfaces/include/btcpp_ros2_interfaces/btcpp_ros2_interfaces/action/sleep.h\n'}
[0.250498] (btcpp_ros2_interfaces) StdoutLine: {'line': b'-- Up-to-date symlink: /convince_ws/install/btcpp_ros2_interfaces/include/btcpp_ros2_interfaces/btcpp_ros2_interfaces/msg/detail/node_status__functions.h\n'}
[0.250680] (btcpp_ros2_interfaces) StdoutLine: {'line': b'-- Up-to-date symlink: /convince_ws/install/btcpp_ros2_interfaces/include/btcpp_ros2_interfaces/btcpp_ros2_interfaces/msg/detail/node_status__struct.h\n'}
[0.250809] (btcpp_ros2_interfaces) StdoutLine: {'line': b'-- Up-to-date symlink: /convince_ws/install/btcpp_ros2_interfaces/include/btcpp_ros2_interfaces/btcpp_ros2_interfaces/msg/detail/node_status__type_support.h\n'}
[0.250922] (overarching_msgs) StdoutLine: {'line': b'-- Up-to-date symlink: /convince_ws/install/overarching_msgs/include/overarching_msgs/overarching_msgs/action/detail/detect__builder.hpp\n'}
[0.251039] (btcpp_ros2_interfaces) StdoutLine: {'line': b'-- Up-to-date symlink: /convince_ws/install/btcpp_ros2_interfaces/include/btcpp_ros2_interfaces/btcpp_ros2_interfaces/msg/node_status.h\n'}
[0.251184] (btcpp_ros2_interfaces) StdoutLine: {'line': b'-- Up-to-date symlink: /convince_ws/install/btcpp_ros2_interfaces/include/btcpp_ros2_interfaces/btcpp_ros2_interfaces/msg/rosidl_generator_c__visibility_control.h\n'}
[0.251324] (overarching_msgs) StdoutLine: {'line': b'-- Up-to-date symlink: /convince_ws/install/overarching_msgs/include/overarching_msgs/overarching_msgs/action/detail/detect__struct.hpp\n'}
[0.251428] (btcpp_ros2_interfaces) StdoutLine: {'line': b'-- Up-to-date symlink: /convince_ws/install/btcpp_ros2_interfaces/include/btcpp_ros2_interfaces/btcpp_ros2_interfaces/srv/detail/get_trees__functions.h\n'}
[0.251515] (overarching_msgs) StdoutLine: {'line': b'-- Up-to-date symlink: /convince_ws/install/overarching_msgs/include/overarching_msgs/overarching_msgs/action/detail/detect__traits.hpp\n'}
[0.251596] (overarching_msgs) StdoutLine: {'line': b'-- Up-to-date symlink: /convince_ws/install/overarching_msgs/include/overarching_msgs/overarching_msgs/action/detail/detect__type_support.hpp\n'}
[0.251666] (btcpp_ros2_interfaces) StdoutLine: {'line': b'-- Up-to-date symlink: /convince_ws/install/btcpp_ros2_interfaces/include/btcpp_ros2_interfaces/btcpp_ros2_interfaces/srv/detail/get_trees__struct.h\n'}
[0.251745] (btcpp_ros2_interfaces) StdoutLine: {'line': b'-- Up-to-date symlink: /convince_ws/install/btcpp_ros2_interfaces/include/btcpp_ros2_interfaces/btcpp_ros2_interfaces/srv/detail/get_trees__type_support.h\n'}
[0.251825] (overarching_msgs) StdoutLine: {'line': b'-- Up-to-date symlink: /convince_ws/install/overarching_msgs/include/overarching_msgs/overarching_msgs/action/detail/navigate__builder.hpp\n'}
[0.251907] (overarching_msgs) StdoutLine: {'line': b'-- Up-to-date symlink: /convince_ws/install/overarching_msgs/include/overarching_msgs/overarching_msgs/action/detail/navigate__struct.hpp\n'}
[0.251983] (btcpp_ros2_interfaces) StdoutLine: {'line': b'-- Up-to-date symlink: /convince_ws/install/btcpp_ros2_interfaces/include/btcpp_ros2_interfaces/btcpp_ros2_interfaces/srv/get_trees.h\n'}
[0.252086] (overarching_msgs) StdoutLine: {'line': b'-- Up-to-date symlink: /convince_ws/install/overarching_msgs/include/overarching_msgs/overarching_msgs/action/detail/navigate__traits.hpp\n'}
[0.252175] (overarching_msgs) StdoutLine: {'line': b'-- Up-to-date symlink: /convince_ws/install/overarching_msgs/include/overarching_msgs/overarching_msgs/action/detail/navigate__type_support.hpp\n'}
[0.252265] (btcpp_ros2_interfaces) StdoutLine: {'line': b'-- Up-to-date symlink: /convince_ws/install/btcpp_ros2_interfaces/share/btcpp_ros2_interfaces/environment/library_path.sh\n'}
[0.252350] (overarching_msgs) StdoutLine: {'line': b'-- Up-to-date symlink: /convince_ws/install/overarching_msgs/include/overarching_msgs/overarching_msgs/action/detail/pick__builder.hpp\n'}
[0.252430] (overarching_msgs) StdoutLine: {'line': b'-- Up-to-date symlink: /convince_ws/install/overarching_msgs/include/overarching_msgs/overarching_msgs/action/detail/pick__struct.hpp\n'}
[0.252507] (btcpp_ros2_interfaces) StdoutLine: {'line': b'-- Up-to-date symlink: /convince_ws/install/btcpp_ros2_interfaces/share/btcpp_ros2_interfaces/environment/library_path.dsv\n'}
[0.252581] (overarching_msgs) StdoutLine: {'line': b'-- Up-to-date symlink: /convince_ws/install/overarching_msgs/include/overarching_msgs/overarching_msgs/action/detail/pick__traits.hpp\n'}
[0.252660] (overarching_msgs) StdoutLine: {'line': b'-- Up-to-date symlink: /convince_ws/install/overarching_msgs/include/overarching_msgs/overarching_msgs/action/detail/pick__type_support.hpp\n'}
[0.252735] (overarching_msgs) StdoutLine: {'line': b'-- Up-to-date symlink: /convince_ws/install/overarching_msgs/include/overarching_msgs/overarching_msgs/action/detail/place__builder.hpp\n'}
[0.252818] (overarching_msgs) StdoutLine: {'line': b'-- Up-to-date symlink: /convince_ws/install/overarching_msgs/include/overarching_msgs/overarching_msgs/action/detail/place__struct.hpp\n'}
[0.252907] (overarching_msgs) StdoutLine: {'line': b'-- Up-to-date symlink: /convince_ws/install/overarching_msgs/include/overarching_msgs/overarching_msgs/action/detail/place__traits.hpp\n'}
[0.252994] (overarching_msgs) StdoutLine: {'line': b'-- Up-to-date symlink: /convince_ws/install/overarching_msgs/include/overarching_msgs/overarching_msgs/action/detail/place__type_support.hpp\n'}
[0.253063] (overarching_msgs) StdoutLine: {'line': b'-- Up-to-date symlink: /convince_ws/install/overarching_msgs/include/overarching_msgs/overarching_msgs/action/detect.hpp\n'}
[0.253144] (overarching_msgs) StdoutLine: {'line': b'-- Up-to-date symlink: /convince_ws/install/overarching_msgs/include/overarching_msgs/overarching_msgs/action/navigate.hpp\n'}
[0.253232] (btcpp_ros2_interfaces) StdoutLine: {'line': b'-- Up-to-date symlink: /convince_ws/install/btcpp_ros2_interfaces/include/btcpp_ros2_interfaces/btcpp_ros2_interfaces/action/detail/execute_tree__rosidl_typesupport_fastrtps_c.h\n'}
[0.253306] (overarching_msgs) StdoutLine: {'line': b'-- Up-to-date symlink: /convince_ws/install/overarching_msgs/include/overarching_msgs/overarching_msgs/action/pick.hpp\n'}
[0.253380] (overarching_msgs) StdoutLine: {'line': b'-- Up-to-date symlink: /convince_ws/install/overarching_msgs/include/overarching_msgs/overarching_msgs/action/place.hpp\n'}
[0.253448] (btcpp_ros2_interfaces) StdoutLine: {'line': b'-- Up-to-date symlink: /convince_ws/install/btcpp_ros2_interfaces/include/btcpp_ros2_interfaces/btcpp_ros2_interfaces/action/detail/sleep__rosidl_typesupport_fastrtps_c.h\n'}
[0.253514] (btcpp_ros2_interfaces) StdoutLine: {'line': b'-- Up-to-date symlink: /convince_ws/install/btcpp_ros2_interfaces/include/btcpp_ros2_interfaces/btcpp_ros2_interfaces/msg/detail/node_status__rosidl_typesupport_fastrtps_c.h\n'}
[0.253582] (overarching_msgs) StdoutLine: {'line': b'-- Up-to-date symlink: /convince_ws/install/overarching_msgs/include/overarching_msgs/overarching_msgs/msg/detail/location__builder.hpp\n'}
[0.253656] (btcpp_ros2_interfaces) StdoutLine: {'line': b'-- Up-to-date symlink: /convince_ws/install/btcpp_ros2_interfaces/include/btcpp_ros2_interfaces/btcpp_ros2_interfaces/msg/rosidl_typesupport_fastrtps_c__visibility_control.h\n'}
[0.253737] (overarching_msgs) StdoutLine: {'line': b'-- Up-to-date symlink: /convince_ws/install/overarching_msgs/include/overarching_msgs/overarching_msgs/msg/detail/location__struct.hpp\n'}
[0.253803] (overarching_msgs) StdoutLine: {'line': b'-- Up-to-date symlink: /convince_ws/install/overarching_msgs/include/overarching_msgs/overarching_msgs/msg/detail/location__traits.hpp\n'}
[0.253916] (btcpp_ros2_interfaces) StdoutLine: {'line': b'-- Up-to-date symlink: /convince_ws/install/btcpp_ros2_interfaces/include/btcpp_ros2_interfaces/btcpp_ros2_interfaces/srv/detail/get_trees__rosidl_typesupport_fastrtps_c.h\n'}
[0.254071] (overarching_msgs) StdoutLine: {'line': b'-- Up-to-date symlink: /convince_ws/install/overarching_msgs/include/overarching_msgs/overarching_msgs/msg/detail/location__type_support.hpp\n'}
[0.254161] (overarching_msgs) StdoutLine: {'line': b'-- Up-to-date symlink: /convince_ws/install/overarching_msgs/include/overarching_msgs/overarching_msgs/msg/location.hpp\n'}
[0.254331] (overarching_msgs) StdoutLine: {'line': b'-- Up-to-date symlink: /convince_ws/install/overarching_msgs/include/overarching_msgs/overarching_msgs/msg/rosidl_generator_cpp__visibility_control.hpp\n'}
[0.254538] (btcpp_ros2_interfaces) StdoutLine: {'line': b'-- Up-to-date symlink: /convince_ws/install/btcpp_ros2_interfaces/include/btcpp_ros2_interfaces/btcpp_ros2_interfaces/action/detail/execute_tree__rosidl_typesupport_introspection_c.h\n'}
[0.254643] (btcpp_ros2_interfaces) StdoutLine: {'line': b'-- Up-to-date symlink: /convince_ws/install/btcpp_ros2_interfaces/include/btcpp_ros2_interfaces/btcpp_ros2_interfaces/action/detail/sleep__rosidl_typesupport_introspection_c.h\n'}
[0.254719] (btcpp_ros2_interfaces) StdoutLine: {'line': b'-- Up-to-date symlink: /convince_ws/install/btcpp_ros2_interfaces/include/btcpp_ros2_interfaces/btcpp_ros2_interfaces/msg/detail/node_status__rosidl_typesupport_introspection_c.h\n'}
[0.254809] (btcpp_ros2_interfaces) StdoutLine: {'line': b'-- Up-to-date symlink: /convince_ws/install/btcpp_ros2_interfaces/include/btcpp_ros2_interfaces/btcpp_ros2_interfaces/msg/rosidl_typesupport_introspection_c__visibility_control.h\n'}
[0.254915] (btcpp_ros2_interfaces) StdoutLine: {'line': b'-- Up-to-date symlink: /convince_ws/install/btcpp_ros2_interfaces/include/btcpp_ros2_interfaces/btcpp_ros2_interfaces/srv/detail/get_trees__rosidl_typesupport_introspection_c.h\n'}
[0.255028] (overarching_msgs) StdoutLine: {'line': b'-- Up-to-date symlink: /convince_ws/install/overarching_msgs/include/overarching_msgs/overarching_msgs/action/detail/detect__rosidl_typesupport_fastrtps_cpp.hpp\n'}
[0.255172] (overarching_msgs) StdoutLine: {'line': b'-- Up-to-date symlink: /convince_ws/install/overarching_msgs/include/overarching_msgs/overarching_msgs/action/detail/navigate__rosidl_typesupport_fastrtps_cpp.hpp\n'}
[0.255379] (overarching_msgs) StdoutLine: {'line': b'-- Up-to-date symlink: /convince_ws/install/overarching_msgs/include/overarching_msgs/overarching_msgs/action/detail/pick__rosidl_typesupport_fastrtps_cpp.hpp\n'}
[0.255778] (overarching_msgs) StdoutLine: {'line': b'-- Up-to-date symlink: /convince_ws/install/overarching_msgs/include/overarching_msgs/overarching_msgs/action/detail/place__rosidl_typesupport_fastrtps_cpp.hpp\n'}
[0.255857] (overarching_msgs) StdoutLine: {'line': b'-- Up-to-date symlink: /convince_ws/install/overarching_msgs/include/overarching_msgs/overarching_msgs/msg/detail/location__rosidl_typesupport_fastrtps_cpp.hpp\n'}
[0.256099] (overarching_msgs) StdoutLine: {'line': b'-- Up-to-date symlink: /convince_ws/install/overarching_msgs/include/overarching_msgs/overarching_msgs/msg/rosidl_typesupport_fastrtps_cpp__visibility_control.h\n'}
[0.256267] (btcpp_ros2_interfaces) StdoutLine: {'line': b'-- Up-to-date symlink: /convince_ws/install/btcpp_ros2_interfaces/include/btcpp_ros2_interfaces/btcpp_ros2_interfaces/action/detail/execute_tree__builder.hpp\n'}
[0.256346] (btcpp_ros2_interfaces) StdoutLine: {'line': b'-- Up-to-date symlink: /convince_ws/install/btcpp_ros2_interfaces/include/btcpp_ros2_interfaces/btcpp_ros2_interfaces/action/detail/execute_tree__struct.hpp\n'}
[0.256426] (overarching_msgs) StdoutLine: {'line': b'-- Up-to-date symlink: /convince_ws/install/overarching_msgs/include/overarching_msgs/overarching_msgs/action/detail/detect__rosidl_typesupport_introspection_cpp.hpp\n'}
[0.256499] (btcpp_ros2_interfaces) StdoutLine: {'line': b'-- Up-to-date symlink: /convince_ws/install/btcpp_ros2_interfaces/include/btcpp_ros2_interfaces/btcpp_ros2_interfaces/action/detail/execute_tree__traits.hpp\n'}
[0.256570] (overarching_msgs) StdoutLine: {'line': b'-- Up-to-date symlink: /convince_ws/install/overarching_msgs/include/overarching_msgs/overarching_msgs/action/detail/navigate__rosidl_typesupport_introspection_cpp.hpp\n'}
[0.256673] (overarching_msgs) StdoutLine: {'line': b'-- Up-to-date symlink: /convince_ws/install/overarching_msgs/include/overarching_msgs/overarching_msgs/action/detail/pick__rosidl_typesupport_introspection_cpp.hpp\n'}
[0.256739] (btcpp_ros2_interfaces) StdoutLine: {'line': b'-- Up-to-date symlink: /convince_ws/install/btcpp_ros2_interfaces/include/btcpp_ros2_interfaces/btcpp_ros2_interfaces/action/detail/execute_tree__type_support.hpp\n'}
[0.256812] (overarching_msgs) StdoutLine: {'line': b'-- Up-to-date symlink: /convince_ws/install/overarching_msgs/include/overarching_msgs/overarching_msgs/action/detail/place__rosidl_typesupport_introspection_cpp.hpp\n'}
[0.256879] (overarching_msgs) StdoutLine: {'line': b'-- Up-to-date symlink: /convince_ws/install/overarching_msgs/include/overarching_msgs/overarching_msgs/msg/detail/location__rosidl_typesupport_introspection_cpp.hpp\n'}
[0.256967] (btcpp_ros2_interfaces) StdoutLine: {'line': b'-- Up-to-date symlink: /convince_ws/install/btcpp_ros2_interfaces/include/btcpp_ros2_interfaces/btcpp_ros2_interfaces/action/detail/sleep__builder.hpp\n'}
[0.257033] (overarching_msgs) StdoutLine: {'line': b'-- Up-to-date symlink: /convince_ws/install/overarching_msgs/share/overarching_msgs/environment/pythonpath.sh\n'}
[0.257105] (btcpp_ros2_interfaces) StdoutLine: {'line': b'-- Up-to-date symlink: /convince_ws/install/btcpp_ros2_interfaces/include/btcpp_ros2_interfaces/btcpp_ros2_interfaces/action/detail/sleep__struct.hpp\n'}
[0.257178] (overarching_msgs) StdoutLine: {'line': b'-- Up-to-date symlink: /convince_ws/install/overarching_msgs/share/overarching_msgs/environment/pythonpath.dsv\n'}
[0.257247] (btcpp_ros2_interfaces) StdoutLine: {'line': b'-- Up-to-date symlink: /convince_ws/install/btcpp_ros2_interfaces/include/btcpp_ros2_interfaces/btcpp_ros2_interfaces/action/detail/sleep__traits.hpp\n'}
[0.257316] (btcpp_ros2_interfaces) StdoutLine: {'line': b'-- Up-to-date symlink: /convince_ws/install/btcpp_ros2_interfaces/include/btcpp_ros2_interfaces/btcpp_ros2_interfaces/action/detail/sleep__type_support.hpp\n'}
[0.257395] (overarching_msgs) StdoutLine: {'line': b'-- Up-to-date symlink: /convince_ws/install/overarching_msgs/lib/python3.12/site-packages/overarching_msgs-0.0.0-py3.12.egg-info/PKG-INFO\n'}
[0.257474] (btcpp_ros2_interfaces) StdoutLine: {'line': b'-- Up-to-date symlink: /convince_ws/install/btcpp_ros2_interfaces/include/btcpp_ros2_interfaces/btcpp_ros2_interfaces/action/execute_tree.hpp\n'}
[0.257547] (overarching_msgs) StdoutLine: {'line': b'-- Up-to-date symlink: /convince_ws/install/overarching_msgs/lib/python3.12/site-packages/overarching_msgs-0.0.0-py3.12.egg-info/SOURCES.txt\n'}
[0.257622] (btcpp_ros2_interfaces) StdoutLine: {'line': b'-- Up-to-date symlink: /convince_ws/install/btcpp_ros2_interfaces/include/btcpp_ros2_interfaces/btcpp_ros2_interfaces/action/sleep.hpp\n'}
[0.257755] (overarching_msgs) StdoutLine: {'line': b'-- Up-to-date symlink: /convince_ws/install/overarching_msgs/lib/python3.12/site-packages/overarching_msgs-0.0.0-py3.12.egg-info/dependency_links.txt\n'}
[0.257855] (overarching_msgs) StdoutLine: {'line': b'-- Up-to-date symlink: /convince_ws/install/overarching_msgs/lib/python3.12/site-packages/overarching_msgs-0.0.0-py3.12.egg-info/top_level.txt\n'}
[0.257940] (btcpp_ros2_interfaces) StdoutLine: {'line': b'-- Up-to-date symlink: /convince_ws/install/btcpp_ros2_interfaces/include/btcpp_ros2_interfaces/btcpp_ros2_interfaces/msg/detail/node_status__builder.hpp\n'}
[0.258035] (btcpp_ros2_interfaces) StdoutLine: {'line': b'-- Up-to-date symlink: /convince_ws/install/btcpp_ros2_interfaces/include/btcpp_ros2_interfaces/btcpp_ros2_interfaces/msg/detail/node_status__struct.hpp\n'}
[0.258122] (btcpp_ros2_interfaces) StdoutLine: {'line': b'-- Up-to-date symlink: /convince_ws/install/btcpp_ros2_interfaces/include/btcpp_ros2_interfaces/btcpp_ros2_interfaces/msg/detail/node_status__traits.hpp\n'}
[0.258216] (overarching_msgs) StdoutLine: {'line': b'-- Up-to-date symlink: /convince_ws/install/overarching_msgs/lib/python3.12/site-packages/overarching_msgs/__init__.py\n'}
[0.258302] (overarching_msgs) StdoutLine: {'line': b'-- Up-to-date symlink: /convince_ws/install/overarching_msgs/lib/python3.12/site-packages/overarching_msgs/_overarching_msgs_s.ep.rosidl_typesupport_c.c\n'}
[0.258388] (btcpp_ros2_interfaces) StdoutLine: {'line': b'-- Up-to-date symlink: /convince_ws/install/btcpp_ros2_interfaces/include/btcpp_ros2_interfaces/btcpp_ros2_interfaces/msg/detail/node_status__type_support.hpp\n'}
[0.258469] (overarching_msgs) StdoutLine: {'line': b'-- Up-to-date symlink: /convince_ws/install/overarching_msgs/lib/python3.12/site-packages/overarching_msgs/_overarching_msgs_s.ep.rosidl_typesupport_fastrtps_c.c\n'}
[0.258546] (overarching_msgs) StdoutLine: {'line': b'-- Up-to-date symlink: /convince_ws/install/overarching_msgs/lib/python3.12/site-packages/overarching_msgs/_overarching_msgs_s.ep.rosidl_typesupport_introspection_c.c\n'}
[0.258614] (btcpp_ros2_interfaces) StdoutLine: {'line': b'-- Up-to-date symlink: /convince_ws/install/btcpp_ros2_interfaces/include/btcpp_ros2_interfaces/btcpp_ros2_interfaces/msg/node_status.hpp\n'}
[0.258691] (overarching_msgs) StdoutLine: {'line': b'-- Up-to-date symlink: /convince_ws/install/overarching_msgs/lib/python3.12/site-packages/overarching_msgs/action/__init__.py\n'}
[0.258760] (overarching_msgs) StdoutLine: {'line': b'-- Up-to-date symlink: /convince_ws/install/overarching_msgs/lib/python3.12/site-packages/overarching_msgs/action/_detect.py\n'}
[0.258849] (overarching_msgs) StdoutLine: {'line': b'-- Up-to-date symlink: /convince_ws/install/overarching_msgs/lib/python3.12/site-packages/overarching_msgs/action/_detect_s.c\n'}
[0.258925] (btcpp_ros2_interfaces) StdoutLine: {'line': b'-- Up-to-date symlink: /convince_ws/install/btcpp_ros2_interfaces/include/btcpp_ros2_interfaces/btcpp_ros2_interfaces/msg/rosidl_generator_cpp__visibility_control.hpp\n'}
[0.258995] (overarching_msgs) StdoutLine: {'line': b'-- Up-to-date symlink: /convince_ws/install/overarching_msgs/lib/python3.12/site-packages/overarching_msgs/action/_navigate.py\n'}
[0.259072] (overarching_msgs) StdoutLine: {'line': b'-- Up-to-date symlink: /convince_ws/install/overarching_msgs/lib/python3.12/site-packages/overarching_msgs/action/_navigate_s.c\n'}
[0.259139] (btcpp_ros2_interfaces) StdoutLine: {'line': b'-- Up-to-date symlink: /convince_ws/install/btcpp_ros2_interfaces/include/btcpp_ros2_interfaces/btcpp_ros2_interfaces/srv/detail/get_trees__builder.hpp\n'}
[0.259214] (overarching_msgs) StdoutLine: {'line': b'-- Up-to-date symlink: /convince_ws/install/overarching_msgs/lib/python3.12/site-packages/overarching_msgs/action/_pick.py\n'}
[0.259296] (overarching_msgs) StdoutLine: {'line': b'-- Up-to-date symlink: /convince_ws/install/overarching_msgs/lib/python3.12/site-packages/overarching_msgs/action/_pick_s.c\n'}
[0.259365] (overarching_msgs) StdoutLine: {'line': b'-- Up-to-date symlink: /convince_ws/install/overarching_msgs/lib/python3.12/site-packages/overarching_msgs/action/_place.py\n'}
[0.259431] (btcpp_ros2_interfaces) StdoutLine: {'line': b'-- Up-to-date symlink: /convince_ws/install/btcpp_ros2_interfaces/include/btcpp_ros2_interfaces/btcpp_ros2_interfaces/srv/detail/get_trees__struct.hpp\n'}
[0.259504] (overarching_msgs) StdoutLine: {'line': b'-- Up-to-date symlink: /convince_ws/install/overarching_msgs/lib/python3.12/site-packages/overarching_msgs/action/_place_s.c\n'}
[0.259605] (overarching_msgs) StdoutLine: {'line': b'-- Up-to-date symlink: /convince_ws/install/overarching_msgs/lib/python3.12/site-packages/overarching_msgs/msg/__init__.py\n'}
[0.259641] (btcpp_ros2_interfaces) StdoutLine: {'line': b'-- Up-to-date symlink: /convince_ws/install/btcpp_ros2_interfaces/include/btcpp_ros2_interfaces/btcpp_ros2_interfaces/srv/detail/get_trees__traits.hpp\n'}
[0.259672] (overarching_msgs) StdoutLine: {'line': b'-- Up-to-date symlink: /convince_ws/install/overarching_msgs/lib/python3.12/site-packages/overarching_msgs/msg/_location.py\n'}
[0.259699] (overarching_msgs) StdoutLine: {'line': b'-- Up-to-date symlink: /convince_ws/install/overarching_msgs/lib/python3.12/site-packages/overarching_msgs/msg/_location_s.c\n'}
[0.259727] (btcpp_ros2_interfaces) StdoutLine: {'line': b'-- Up-to-date symlink: /convince_ws/install/btcpp_ros2_interfaces/include/btcpp_ros2_interfaces/btcpp_ros2_interfaces/srv/detail/get_trees__type_support.hpp\n'}
[0.259754] (overarching_msgs) StdoutLine: {'line': b'-- Up-to-date symlink: /convince_ws/install/overarching_msgs/lib/python3.12/site-packages/overarching_msgs/overarching_msgs_s__rosidl_typesupport_c.so\n'}
[0.259782] (overarching_msgs) StdoutLine: {'line': b'-- Up-to-date symlink: /convince_ws/install/overarching_msgs/lib/python3.12/site-packages/overarching_msgs/overarching_msgs_s__rosidl_typesupport_fastrtps_c.so\n'}
[0.259812] (overarching_msgs) StdoutLine: {'line': b'-- Up-to-date symlink: /convince_ws/install/overarching_msgs/lib/python3.12/site-packages/overarching_msgs/overarching_msgs_s__rosidl_typesupport_introspection_c.so\n'}
[0.259841] (btcpp_ros2_interfaces) StdoutLine: {'line': b'-- Up-to-date symlink: /convince_ws/install/btcpp_ros2_interfaces/include/btcpp_ros2_interfaces/btcpp_ros2_interfaces/srv/get_trees.hpp\n'}
[0.259869] (overarching_msgs) StdoutLine: {'line': b'-- Up-to-date symlink: /convince_ws/install/overarching_msgs/lib/python3.12/site-packages/overarching_msgs/overarching_msgs_s__rosidl_typesupport_fastrtps_c.so\n'}
[0.259898] (overarching_msgs) StdoutLine: {'line': b'-- Up-to-date symlink: /convince_ws/install/overarching_msgs/lib/python3.12/site-packages/overarching_msgs/overarching_msgs_s__rosidl_typesupport_introspection_c.so\n'}
[0.259927] (overarching_msgs) StdoutLine: {'line': b'-- Up-to-date symlink: /convince_ws/install/overarching_msgs/lib/python3.12/site-packages/overarching_msgs/overarching_msgs_s__rosidl_typesupport_c.so\n'}
[0.259954] (overarching_msgs) StdoutLine: {'line': b'-- Up-to-date symlink: /convince_ws/install/overarching_msgs/share/overarching_msgs/msg/Location.idl\n'}
[0.259982] (overarching_msgs) StdoutLine: {'line': b'-- Up-to-date symlink: /convince_ws/install/overarching_msgs/share/overarching_msgs/action/Navigate.idl\n'}
[0.260010] (overarching_msgs) StdoutLine: {'line': b'-- Up-to-date symlink: /convince_ws/install/overarching_msgs/share/overarching_msgs/action/Pick.idl\n'}
[0.260070] (overarching_msgs) StdoutLine: {'line': b'-- Up-to-date symlink: /convince_ws/install/overarching_msgs/share/overarching_msgs/action/Place.idl\n'}
[0.260097] (overarching_msgs) StdoutLine: {'line': b'-- Up-to-date symlink: /convince_ws/install/overarching_msgs/share/overarching_msgs/action/Detect.idl\n'}
[0.260123] (btcpp_ros2_interfaces) StdoutLine: {'line': b'-- Up-to-date symlink: /convince_ws/install/btcpp_ros2_interfaces/include/btcpp_ros2_interfaces/btcpp_ros2_interfaces/action/detail/execute_tree__rosidl_typesupport_fastrtps_cpp.hpp\n'}
[0.260148] (overarching_msgs) StdoutLine: {'line': b'-- Up-to-date symlink: /convince_ws/install/overarching_msgs/share/overarching_msgs/msg/Location.msg\n'}
[0.260183] (btcpp_ros2_interfaces) StdoutLine: {'line': b'-- Up-to-date symlink: /convince_ws/install/btcpp_ros2_interfaces/include/btcpp_ros2_interfaces/btcpp_ros2_interfaces/action/detail/sleep__rosidl_typesupport_fastrtps_cpp.hpp\n'}
[0.260213] (overarching_msgs) StdoutLine: {'line': b'-- Up-to-date symlink: /convince_ws/install/overarching_msgs/share/overarching_msgs/action/Navigate.action\n'}
[0.260241] (btcpp_ros2_interfaces) StdoutLine: {'line': b'-- Up-to-date symlink: /convince_ws/install/btcpp_ros2_interfaces/include/btcpp_ros2_interfaces/btcpp_ros2_interfaces/msg/detail/node_status__rosidl_typesupport_fastrtps_cpp.hpp\n'}
[0.260268] (overarching_msgs) StdoutLine: {'line': b'-- Up-to-date symlink: /convince_ws/install/overarching_msgs/share/overarching_msgs/action/Pick.action\n'}
[0.260296] (overarching_msgs) StdoutLine: {'line': b'-- Up-to-date symlink: /convince_ws/install/overarching_msgs/share/overarching_msgs/action/Place.action\n'}
[0.260326] (btcpp_ros2_interfaces) StdoutLine: {'line': b'-- Up-to-date symlink: /convince_ws/install/btcpp_ros2_interfaces/include/btcpp_ros2_interfaces/btcpp_ros2_interfaces/msg/rosidl_typesupport_fastrtps_cpp__visibility_control.h\n'}
[0.260355] (overarching_msgs) StdoutLine: {'line': b'-- Up-to-date symlink: /convince_ws/install/overarching_msgs/share/overarching_msgs/action/Detect.action\n'}
[0.260383] (overarching_msgs) StdoutLine: {'line': b'-- Up-to-date symlink: /convince_ws/install/overarching_msgs/share/ament_index/resource_index/package_run_dependencies/overarching_msgs\n'}
[0.260411] (btcpp_ros2_interfaces) StdoutLine: {'line': b'-- Up-to-date symlink: /convince_ws/install/btcpp_ros2_interfaces/include/btcpp_ros2_interfaces/btcpp_ros2_interfaces/srv/detail/get_trees__rosidl_typesupport_fastrtps_cpp.hpp\n'}
[0.260438] (overarching_msgs) StdoutLine: {'line': b'-- Up-to-date symlink: /convince_ws/install/overarching_msgs/share/ament_index/resource_index/parent_prefix_path/overarching_msgs\n'}
[0.260466] (overarching_msgs) StdoutLine: {'line': b'-- Up-to-date symlink: /convince_ws/install/overarching_msgs/share/overarching_msgs/environment/ament_prefix_path.sh\n'}
[0.260494] (overarching_msgs) StdoutLine: {'line': b'-- Up-to-date symlink: /convince_ws/install/overarching_msgs/share/overarching_msgs/environment/ament_prefix_path.dsv\n'}
[0.260522] (overarching_msgs) StdoutLine: {'line': b'-- Up-to-date symlink: /convince_ws/install/overarching_msgs/share/overarching_msgs/environment/path.sh\n'}
[0.260551] (overarching_msgs) StdoutLine: {'line': b'-- Up-to-date symlink: /convince_ws/install/overarching_msgs/share/overarching_msgs/environment/path.dsv\n'}
[0.260580] (overarching_msgs) StdoutLine: {'line': b'-- Up-to-date symlink: /convince_ws/install/overarching_msgs/share/overarching_msgs/local_setup.bash\n'}
[0.260608] (btcpp_ros2_interfaces) StdoutLine: {'line': b'-- Up-to-date symlink: /convince_ws/install/btcpp_ros2_interfaces/include/btcpp_ros2_interfaces/btcpp_ros2_interfaces/action/detail/execute_tree__rosidl_typesupport_introspection_cpp.hpp\n'}
[0.260673] (overarching_msgs) StdoutLine: {'line': b'-- Up-to-date symlink: /convince_ws/install/overarching_msgs/share/overarching_msgs/local_setup.sh\n'}
[0.260761] (btcpp_ros2_interfaces) StdoutLine: {'line': b'-- Up-to-date symlink: /convince_ws/install/btcpp_ros2_interfaces/include/btcpp_ros2_interfaces/btcpp_ros2_interfaces/action/detail/sleep__rosidl_typesupport_introspection_cpp.hpp\n'}
[0.260847] (overarching_msgs) StdoutLine: {'line': b'-- Up-to-date symlink: /convince_ws/install/overarching_msgs/share/overarching_msgs/local_setup.zsh\n'}
[0.260926] (overarching_msgs) StdoutLine: {'line': b'-- Up-to-date symlink: /convince_ws/install/overarching_msgs/share/overarching_msgs/local_setup.dsv\n'}
[0.260990] (btcpp_ros2_interfaces) StdoutLine: {'line': b'-- Up-to-date symlink: /convince_ws/install/btcpp_ros2_interfaces/include/btcpp_ros2_interfaces/btcpp_ros2_interfaces/msg/detail/node_status__rosidl_typesupport_introspection_cpp.hpp\n'}
[0.261055] (overarching_msgs) StdoutLine: {'line': b'-- Symlinking: /convince_ws/install/overarching_msgs/share/overarching_msgs/package.dsv\n'}
[0.261119] (btcpp_ros2_interfaces) StdoutLine: {'line': b'-- Up-to-date symlink: /convince_ws/install/btcpp_ros2_interfaces/include/btcpp_ros2_interfaces/btcpp_ros2_interfaces/srv/detail/get_trees__rosidl_typesupport_introspection_cpp.hpp\n'}
[0.261200] (btcpp_ros2_interfaces) StdoutLine: {'line': b'-- Up-to-date symlink: /convince_ws/install/btcpp_ros2_interfaces/share/btcpp_ros2_interfaces/environment/pythonpath.sh\n'}
[0.261266] (btcpp_ros2_interfaces) StdoutLine: {'line': b'-- Up-to-date symlink: /convince_ws/install/btcpp_ros2_interfaces/share/btcpp_ros2_interfaces/environment/pythonpath.dsv\n'}
[0.261330] (btcpp_ros2_interfaces) StdoutLine: {'line': b'-- Up-to-date symlink: /convince_ws/install/btcpp_ros2_interfaces/lib/python3.12/site-packages/btcpp_ros2_interfaces-0.3.0-py3.12.egg-info/PKG-INFO\n'}
[0.261396] (btcpp_ros2_interfaces) StdoutLine: {'line': b'-- Up-to-date symlink: /convince_ws/install/btcpp_ros2_interfaces/lib/python3.12/site-packages/btcpp_ros2_interfaces-0.3.0-py3.12.egg-info/SOURCES.txt\n'}
[0.261460] (btcpp_ros2_interfaces) StdoutLine: {'line': b'-- Up-to-date symlink: /convince_ws/install/btcpp_ros2_interfaces/lib/python3.12/site-packages/btcpp_ros2_interfaces-0.3.0-py3.12.egg-info/dependency_links.txt\n'}
[0.261527] (btcpp_ros2_interfaces) StdoutLine: {'line': b'-- Up-to-date symlink: /convince_ws/install/btcpp_ros2_interfaces/lib/python3.12/site-packages/btcpp_ros2_interfaces-0.3.0-py3.12.egg-info/top_level.txt\n'}
[0.261603] (bt_interfaces_dummy) CommandEnded: {'returncode': 0}
[0.261772] (btcpp_ros2_interfaces) StdoutLine: {'line': b'-- Up-to-date symlink: /convince_ws/install/btcpp_ros2_interfaces/lib/python3.12/site-packages/btcpp_ros2_interfaces/__init__.py\n'}
[0.261845] (btcpp_ros2_interfaces) StdoutLine: {'line': b'-- Up-to-date symlink: /convince_ws/install/btcpp_ros2_interfaces/lib/python3.12/site-packages/btcpp_ros2_interfaces/_btcpp_ros2_interfaces_s.ep.rosidl_typesupport_c.c\n'}
[0.261911] (btcpp_ros2_interfaces) StdoutLine: {'line': b'-- Up-to-date symlink: /convince_ws/install/btcpp_ros2_interfaces/lib/python3.12/site-packages/btcpp_ros2_interfaces/_btcpp_ros2_interfaces_s.ep.rosidl_typesupport_fastrtps_c.c\n'}
[0.261979] (btcpp_ros2_interfaces) StdoutLine: {'line': b'-- Up-to-date symlink: /convince_ws/install/btcpp_ros2_interfaces/lib/python3.12/site-packages/btcpp_ros2_interfaces/_btcpp_ros2_interfaces_s.ep.rosidl_typesupport_introspection_c.c\n'}
[0.262045] (btcpp_ros2_interfaces) StdoutLine: {'line': b'-- Up-to-date symlink: /convince_ws/install/btcpp_ros2_interfaces/lib/python3.12/site-packages/btcpp_ros2_interfaces/action/__init__.py\n'}
[0.262144] (btcpp_ros2_interfaces) StdoutLine: {'line': b'-- Up-to-date symlink: /convince_ws/install/btcpp_ros2_interfaces/lib/python3.12/site-packages/btcpp_ros2_interfaces/action/_execute_tree.py\n'}
[0.262224] (btcpp_ros2_interfaces) StdoutLine: {'line': b'-- Up-to-date symlink: /convince_ws/install/btcpp_ros2_interfaces/lib/python3.12/site-packages/btcpp_ros2_interfaces/action/_execute_tree_s.c\n'}
[0.262293] (bt_interfaces_dummy) JobProgress: {'identifier': 'bt_interfaces_dummy', 'progress': 'install'}
[0.262309] (btcpp_ros2_interfaces) StdoutLine: {'line': b'-- Up-to-date symlink: /convince_ws/install/btcpp_ros2_interfaces/lib/python3.12/site-packages/btcpp_ros2_interfaces/action/_sleep.py\n'}
[0.262376] (btcpp_ros2_interfaces) StdoutLine: {'line': b'-- Up-to-date symlink: /convince_ws/install/btcpp_ros2_interfaces/lib/python3.12/site-packages/btcpp_ros2_interfaces/action/_sleep_s.c\n'}
[0.262443] (btcpp_ros2_interfaces) StdoutLine: {'line': b'-- Up-to-date symlink: /convince_ws/install/btcpp_ros2_interfaces/lib/python3.12/site-packages/btcpp_ros2_interfaces/btcpp_ros2_interfaces_s__rosidl_typesupport_c.so\n'}
[0.262513] (bt_interfaces_dummy) Command: {'cmd': ['/usr/bin/cmake', '--install', '/convince_ws/build/bt_interfaces_dummy'], 'cwd': '/convince_ws/build/bt_interfaces_dummy', 'env': OrderedDict({'PYTHONWARNINGS': 'ignore:setup.py install is deprecated,ignore:easy_install command is deprecated', 'HOSTNAME': '4451cd8a7c13', 'SHLVL': '1', 'LD_LIBRARY_PATH': '/opt/ros/jazzy/opt/zmqpp_vendor/lib:/opt/ros/jazzy/lib/x86_64-linux-gnu:/opt/ros/jazzy/lib', 'HOME': '/root', 'OLDPWD': '/convince_ws', 'ROS_PYTHON_VERSION': '3', 'ROS_DISTRO': 'jazzy', '_': '/usr/bin/colcon', 'ROS_VERSION': '2', 'TERM': 'xterm', 'QT_X11_NO_MITSHM': '1', 'PATH': '/opt/ros/jazzy/bin:/usr/local/sbin:/usr/local/bin:/usr/sbin:/usr/bin:/sbin:/bin', 'DISPLAY': ':1', 'LANG': 'C.UTF-8', 'AMENT_PREFIX_PATH': '/opt/ros/jazzy', 'ROS_WS': '/convince_ws', 'ROS_AUTOMATIC_DISCOVERY_RANGE': 'SUBNET', 'PWD': '/convince_ws/build/bt_interfaces_dummy', 'LC_ALL': 'C.UTF-8', 'PYTHONPATH': '/opt/ros/jazzy/lib/python3.12/site-packages', 'COLCON': '1', 'CMAKE_PREFIX_PATH': '/opt/ros/jazzy'}), 'shell': False}
[0.262692] (btcpp_ros2_interfaces) StdoutLine: {'line': b'-- Up-to-date symlink: /convince_ws/install/btcpp_ros2_interfaces/lib/python3.12/site-packages/btcpp_ros2_interfaces/btcpp_ros2_interfaces_s__rosidl_typesupport_fastrtps_c.so\n'}
[0.262771] (btcpp_ros2_interfaces) StdoutLine: {'line': b'-- Up-to-date symlink: /convince_ws/install/btcpp_ros2_interfaces/lib/python3.12/site-packages/btcpp_ros2_interfaces/btcpp_ros2_interfaces_s__rosidl_typesupport_introspection_c.so\n'}
[0.262851] (btcpp_ros2_interfaces) StdoutLine: {'line': b'-- Up-to-date symlink: /convince_ws/install/btcpp_ros2_interfaces/lib/python3.12/site-packages/btcpp_ros2_interfaces/msg/__init__.py\n'}
[0.262921] (btcpp_ros2_interfaces) StdoutLine: {'line': b'-- Up-to-date symlink: /convince_ws/install/btcpp_ros2_interfaces/lib/python3.12/site-packages/btcpp_ros2_interfaces/msg/_node_status.py\n'}
[0.262989] (btcpp_ros2_interfaces) StdoutLine: {'line': b'-- Up-to-date symlink: /convince_ws/install/btcpp_ros2_interfaces/lib/python3.12/site-packages/btcpp_ros2_interfaces/msg/_node_status_s.c\n'}
[0.263070] (btcpp_ros2_interfaces) StdoutLine: {'line': b'-- Up-to-date symlink: /convince_ws/install/btcpp_ros2_interfaces/lib/python3.12/site-packages/btcpp_ros2_interfaces/srv/__init__.py\n'}
[0.263137] (btcpp_ros2_interfaces) StdoutLine: {'line': b'-- Up-to-date symlink: /convince_ws/install/btcpp_ros2_interfaces/lib/python3.12/site-packages/btcpp_ros2_interfaces/srv/_get_trees.py\n'}
[0.263231] (btcpp_ros2_interfaces) StdoutLine: {'line': b'-- Up-to-date symlink: /convince_ws/install/btcpp_ros2_interfaces/lib/python3.12/site-packages/btcpp_ros2_interfaces/srv/_get_trees_s.c\n'}
[0.263321] (btcpp_ros2_interfaces) StdoutLine: {'line': b'-- Up-to-date symlink: /convince_ws/install/btcpp_ros2_interfaces/lib/python3.12/site-packages/btcpp_ros2_interfaces/btcpp_ros2_interfaces_s__rosidl_typesupport_fastrtps_c.so\n'}
[0.263391] (btcpp_ros2_interfaces) StdoutLine: {'line': b'-- Up-to-date symlink: /convince_ws/install/btcpp_ros2_interfaces/lib/python3.12/site-packages/btcpp_ros2_interfaces/btcpp_ros2_interfaces_s__rosidl_typesupport_introspection_c.so\n'}
[0.263467] (btcpp_ros2_interfaces) StdoutLine: {'line': b'-- Up-to-date symlink: /convince_ws/install/btcpp_ros2_interfaces/lib/python3.12/site-packages/btcpp_ros2_interfaces/btcpp_ros2_interfaces_s__rosidl_typesupport_c.so\n'}
[0.263533] (btcpp_ros2_interfaces) StdoutLine: {'line': b'-- Up-to-date symlink: /convince_ws/install/btcpp_ros2_interfaces/share/btcpp_ros2_interfaces/msg/NodeStatus.idl\n'}
[0.263623] (btcpp_ros2_interfaces) StdoutLine: {'line': b'-- Up-to-date symlink: /convince_ws/install/btcpp_ros2_interfaces/share/btcpp_ros2_interfaces/srv/GetTrees.idl\n'}
[0.263691] (btcpp_ros2_interfaces) StdoutLine: {'line': b'-- Up-to-date symlink: /convince_ws/install/btcpp_ros2_interfaces/share/btcpp_ros2_interfaces/action/ExecuteTree.idl\n'}
[0.263801] (btcpp_ros2_interfaces) StdoutLine: {'line': b'-- Up-to-date symlink: /convince_ws/install/btcpp_ros2_interfaces/share/btcpp_ros2_interfaces/action/Sleep.idl\n'}
[0.263875] (btcpp_ros2_interfaces) StdoutLine: {'line': b'-- Up-to-date symlink: /convince_ws/install/btcpp_ros2_interfaces/share/btcpp_ros2_interfaces/msg/NodeStatus.msg\n'}
[0.263940] (btcpp_ros2_interfaces) StdoutLine: {'line': b'-- Up-to-date symlink: /convince_ws/install/btcpp_ros2_interfaces/share/btcpp_ros2_interfaces/srv/GetTrees.srv\n'}
[0.264010] (btcpp_ros2_interfaces) StdoutLine: {'line': b'-- Up-to-date symlink: /convince_ws/install/btcpp_ros2_interfaces/share/btcpp_ros2_interfaces/action/ExecuteTree.action\n'}
[0.264080] (overarching_msgs) StdoutLine: {'line': b'-- Up-to-date symlink: /convince_ws/install/overarching_msgs/share/ament_index/resource_index/packages/overarching_msgs\n'}
[0.264152] (btcpp_ros2_interfaces) StdoutLine: {'line': b'-- Up-to-date symlink: /convince_ws/install/btcpp_ros2_interfaces/share/btcpp_ros2_interfaces/action/Sleep.action\n'}
[0.264243] (btcpp_ros2_interfaces) StdoutLine: {'line': b'-- Up-to-date symlink: /convince_ws/install/btcpp_ros2_interfaces/share/ament_index/resource_index/package_run_dependencies/btcpp_ros2_interfaces\n'}
[0.264319] (overarching_msgs) StdoutLine: {'line': b'-- Up-to-date symlink: /convince_ws/install/overarching_msgs/share/overarching_msgs/cmake/rosidl_cmake-extras.cmake\n'}
[0.264409] (btcpp_ros2_interfaces) StdoutLine: {'line': b'-- Up-to-date symlink: /convince_ws/install/btcpp_ros2_interfaces/share/ament_index/resource_index/parent_prefix_path/btcpp_ros2_interfaces\n'}
[0.264484] (overarching_msgs) StdoutLine: {'line': b'-- Up-to-date symlink: /convince_ws/install/overarching_msgs/share/overarching_msgs/cmake/ament_cmake_export_dependencies-extras.cmake\n'}
[0.264587] (btcpp_ros2_interfaces) StdoutLine: {'line': b'-- Up-to-date symlink: /convince_ws/install/btcpp_ros2_interfaces/share/btcpp_ros2_interfaces/environment/ament_prefix_path.sh\n'}
[0.264665] (btcpp_ros2_interfaces) StdoutLine: {'line': b'-- Up-to-date symlink: /convince_ws/install/btcpp_ros2_interfaces/share/btcpp_ros2_interfaces/environment/ament_prefix_path.dsv\n'}
[0.264733] (btcpp_ros2_interfaces) StdoutLine: {'line': b'-- Up-to-date symlink: /convince_ws/install/btcpp_ros2_interfaces/share/btcpp_ros2_interfaces/environment/path.sh\n'}
[0.264818] (overarching_msgs) StdoutLine: {'line': b'-- Up-to-date symlink: /convince_ws/install/overarching_msgs/share/overarching_msgs/cmake/ament_cmake_export_include_directories-extras.cmake\n'}
[0.264904] (btcpp_ros2_interfaces) StdoutLine: {'line': b'-- Up-to-date symlink: /convince_ws/install/btcpp_ros2_interfaces/share/btcpp_ros2_interfaces/environment/path.dsv\n'}
[0.264981] (btcpp_ros2_interfaces) StdoutLine: {'line': b'-- Up-to-date symlink: /convince_ws/install/btcpp_ros2_interfaces/share/btcpp_ros2_interfaces/local_setup.bash\n'}
[0.265055] (overarching_msgs) StdoutLine: {'line': b'-- Up-to-date symlink: /convince_ws/install/overarching_msgs/share/overarching_msgs/cmake/ament_cmake_export_libraries-extras.cmake\n'}
[0.265137] (btcpp_ros2_interfaces) StdoutLine: {'line': b'-- Up-to-date symlink: /convince_ws/install/btcpp_ros2_interfaces/share/btcpp_ros2_interfaces/local_setup.sh\n'}
[0.265226] (btcpp_ros2_interfaces) StdoutLine: {'line': b'-- Up-to-date symlink: /convince_ws/install/btcpp_ros2_interfaces/share/btcpp_ros2_interfaces/local_setup.zsh\n'}
[0.265293] (btcpp_ros2_interfaces) StdoutLine: {'line': b'-- Up-to-date symlink: /convince_ws/install/btcpp_ros2_interfaces/share/btcpp_ros2_interfaces/local_setup.dsv\n'}
[0.265375] (overarching_msgs) StdoutLine: {'line': b'-- Up-to-date symlink: /convince_ws/install/overarching_msgs/share/overarching_msgs/cmake/ament_cmake_export_targets-extras.cmake\n'}
[0.265452] (btcpp_ros2_interfaces) StdoutLine: {'line': b'-- Symlinking: /convince_ws/install/btcpp_ros2_interfaces/share/btcpp_ros2_interfaces/package.dsv\n'}
[0.265529] (overarching_msgs) StdoutLine: {'line': b'-- Up-to-date symlink: /convince_ws/install/overarching_msgs/share/overarching_msgs/cmake/rosidl_cmake_export_typesupport_targets-extras.cmake\n'}
[0.265610] (overarching_msgs) StdoutLine: {'line': b'-- Up-to-date symlink: /convince_ws/install/overarching_msgs/share/overarching_msgs/cmake/rosidl_cmake_export_typesupport_libraries-extras.cmake\n'}
[0.265687] (overarching_msgs) StdoutLine: {'line': b'-- Up-to-date symlink: /convince_ws/install/overarching_msgs/share/overarching_msgs/cmake/overarching_msgsConfig.cmake\n'}
[0.265762] (overarching_msgs) StdoutLine: {'line': b'-- Up-to-date symlink: /convince_ws/install/overarching_msgs/share/overarching_msgs/cmake/overarching_msgsConfig-version.cmake\n'}
[0.265849] (overarching_msgs) StdoutLine: {'line': b'-- Up-to-date symlink: /convince_ws/install/overarching_msgs/share/overarching_msgs/package.xml\n'}
[0.265922] (overarching_msgs) StdoutLine: {'line': b'-- Up-to-date: /convince_ws/install/overarching_msgs/lib/liboverarching_msgs__rosidl_generator_c.so\n'}
[0.265987] (overarching_msgs) StdoutLine: {'line': b'-- Up-to-date: /convince_ws/install/overarching_msgs/lib/liboverarching_msgs__rosidl_typesupport_fastrtps_c.so\n'}
[0.266065] (overarching_msgs) StdoutLine: {'line': b'-- Up-to-date: /convince_ws/install/overarching_msgs/lib/liboverarching_msgs__rosidl_typesupport_introspection_c.so\n'}
[0.266137] (overarching_msgs) StdoutLine: {'line': b'-- Up-to-date: /convince_ws/install/overarching_msgs/lib/liboverarching_msgs__rosidl_typesupport_c.so\n'}
[0.266223] (overarching_msgs) StdoutLine: {'line': b'-- Up-to-date: /convince_ws/install/overarching_msgs/lib/liboverarching_msgs__rosidl_typesupport_fastrtps_cpp.so\n'}
[0.266298] (overarching_msgs) StdoutLine: {'line': b'-- Up-to-date: /convince_ws/install/overarching_msgs/lib/liboverarching_msgs__rosidl_typesupport_introspection_cpp.so\n'}
[0.266397] (overarching_msgs) StdoutLine: {'line': b'-- Up-to-date: /convince_ws/install/overarching_msgs/lib/liboverarching_msgs__rosidl_typesupport_cpp.so\n'}
[0.266482] (pyrobosim_msgs) StdoutLine: {'line': b'[100%] Built target ament_cmake_python_build_pyrobosim_msgs_egg\n'}
[0.266575] (bt_interfaces_dummy) StdoutLine: {'line': b'-- Install configuration: ""\n'}
[0.266649] (bt_interfaces_dummy) StdoutLine: {'line': b'-- Execute custom install script\n'}
[0.266720] (bt_interfaces_dummy) StdoutLine: {'line': b'-- Up-to-date symlink: /convince_ws/install/bt_interfaces_dummy/share/ament_index/resource_index/rosidl_interfaces/bt_interfaces_dummy\n'}
[0.266799] (bt_interfaces_dummy) StdoutLine: {'line': b'-- Up-to-date symlink: /convince_ws/install/bt_interfaces_dummy/share/bt_interfaces_dummy/srv/TickAction.json\n'}
[0.266880] (bt_interfaces_dummy) StdoutLine: {'line': b'-- Up-to-date symlink: /convince_ws/install/bt_interfaces_dummy/share/bt_interfaces_dummy/msg/ActionResponse.json\n'}
[0.266949] (bt_interfaces_dummy) StdoutLine: {'line': b'-- Up-to-date symlink: /convince_ws/install/bt_interfaces_dummy/share/bt_interfaces_dummy/msg/ConditionResponse.json\n'}
[0.267015] (bt_interfaces_dummy) StdoutLine: {'line': b'-- Up-to-date symlink: /convince_ws/install/bt_interfaces_dummy/share/bt_interfaces_dummy/srv/HaltAction.json\n'}
[0.267080] (btcpp_ros2_interfaces) StdoutLine: {'line': b'-- Up-to-date symlink: /convince_ws/install/btcpp_ros2_interfaces/share/ament_index/resource_index/packages/btcpp_ros2_interfaces\n'}
[0.267150] (bt_interfaces_dummy) StdoutLine: {'line': b'-- Up-to-date symlink: /convince_ws/install/bt_interfaces_dummy/share/bt_interfaces_dummy/srv/TickCondition.json\n'}
[0.267225] (bt_interfaces_dummy) StdoutLine: {'line': b'-- Up-to-date symlink: /convince_ws/install/bt_interfaces_dummy/share/bt_interfaces_dummy/srv/ReloadTree.json\n'}
[0.267291] (btcpp_ros2_interfaces) StdoutLine: {'line': b'-- Up-to-date symlink: /convince_ws/install/btcpp_ros2_interfaces/share/btcpp_ros2_interfaces/cmake/rosidl_cmake-extras.cmake\n'}
[0.267360] (btcpp_ros2_interfaces) StdoutLine: {'line': b'-- Up-to-date symlink: /convince_ws/install/btcpp_ros2_interfaces/share/btcpp_ros2_interfaces/cmake/ament_cmake_export_dependencies-extras.cmake\n'}
[0.267440] (btcpp_ros2_interfaces) StdoutLine: {'line': b'-- Up-to-date symlink: /convince_ws/install/btcpp_ros2_interfaces/share/btcpp_ros2_interfaces/cmake/ament_cmake_export_include_directories-extras.cmake\n'}
[0.267515] (btcpp_ros2_interfaces) StdoutLine: {'line': b'-- Up-to-date symlink: /convince_ws/install/btcpp_ros2_interfaces/share/btcpp_ros2_interfaces/cmake/ament_cmake_export_libraries-extras.cmake\n'}
[0.267579] (btcpp_ros2_interfaces) StdoutLine: {'line': b'-- Up-to-date symlink: /convince_ws/install/btcpp_ros2_interfaces/share/btcpp_ros2_interfaces/cmake/ament_cmake_export_targets-extras.cmake\n'}
[0.267655] (bt_interfaces_dummy) StdoutLine: {'line': b'-- Up-to-date symlink: /convince_ws/install/bt_interfaces_dummy/include/bt_interfaces_dummy/bt_interfaces_dummy/msg/action_response.h\n'}
[0.267728] (btcpp_ros2_interfaces) StdoutLine: {'line': b'-- Up-to-date symlink: /convince_ws/install/btcpp_ros2_interfaces/share/btcpp_ros2_interfaces/cmake/rosidl_cmake_export_typesupport_targets-extras.cmake\n'}
[0.267807] (bt_interfaces_dummy) StdoutLine: {'line': b'-- Up-to-date symlink: /convince_ws/install/bt_interfaces_dummy/include/bt_interfaces_dummy/bt_interfaces_dummy/msg/condition_response.h\n'}
[0.267875] (btcpp_ros2_interfaces) StdoutLine: {'line': b'-- Up-to-date symlink: /convince_ws/install/btcpp_ros2_interfaces/share/btcpp_ros2_interfaces/cmake/rosidl_cmake_export_typesupport_libraries-extras.cmake\n'}
[0.267952] (bt_interfaces_dummy) StdoutLine: {'line': b'-- Up-to-date symlink: /convince_ws/install/bt_interfaces_dummy/include/bt_interfaces_dummy/bt_interfaces_dummy/msg/detail/action_response__functions.h\n'}
[0.268027] (bt_interfaces_dummy) StdoutLine: {'line': b'-- Up-to-date symlink: /convince_ws/install/bt_interfaces_dummy/include/bt_interfaces_dummy/bt_interfaces_dummy/msg/detail/action_response__struct.h\n'}
[0.268090] (btcpp_ros2_interfaces) StdoutLine: {'line': b'-- Up-to-date symlink: /convince_ws/install/btcpp_ros2_interfaces/share/btcpp_ros2_interfaces/cmake/btcpp_ros2_interfacesConfig.cmake\n'}
[0.268154] (btcpp_ros2_interfaces) StdoutLine: {'line': b'-- Up-to-date symlink: /convince_ws/install/btcpp_ros2_interfaces/share/btcpp_ros2_interfaces/cmake/btcpp_ros2_interfacesConfig-version.cmake\n'}
[0.268229] (bt_interfaces_dummy) StdoutLine: {'line': b'-- Up-to-date symlink: /convince_ws/install/bt_interfaces_dummy/include/bt_interfaces_dummy/bt_interfaces_dummy/msg/detail/action_response__type_support.h\n'}
[0.268297] (btcpp_ros2_interfaces) StdoutLine: {'line': b'-- Up-to-date symlink: /convince_ws/install/btcpp_ros2_interfaces/share/btcpp_ros2_interfaces/package.xml\n'}
[0.268371] (bt_interfaces_dummy) StdoutLine: {'line': b'-- Up-to-date symlink: /convince_ws/install/bt_interfaces_dummy/include/bt_interfaces_dummy/bt_interfaces_dummy/msg/detail/condition_response__functions.h\n'}
[0.268457] (bt_interfaces_dummy) StdoutLine: {'line': b'-- Up-to-date symlink: /convince_ws/install/bt_interfaces_dummy/include/bt_interfaces_dummy/bt_interfaces_dummy/msg/detail/condition_response__struct.h\n'}
[0.268541] (bt_interfaces_dummy) StdoutLine: {'line': b'-- Up-to-date symlink: /convince_ws/install/bt_interfaces_dummy/include/bt_interfaces_dummy/bt_interfaces_dummy/msg/detail/condition_response__type_support.h\n'}
[0.268607] (btcpp_ros2_interfaces) StdoutLine: {'line': b'-- Up-to-date: /convince_ws/install/btcpp_ros2_interfaces/lib/libbtcpp_ros2_interfaces__rosidl_generator_c.so\n'}
[0.268685] (bt_interfaces_dummy) StdoutLine: {'line': b'-- Up-to-date symlink: /convince_ws/install/bt_interfaces_dummy/include/bt_interfaces_dummy/bt_interfaces_dummy/msg/rosidl_generator_c__visibility_control.h\n'}
[0.268752] (bt_interfaces_dummy) StdoutLine: {'line': b'-- Up-to-date symlink: /convince_ws/install/bt_interfaces_dummy/include/bt_interfaces_dummy/bt_interfaces_dummy/srv/detail/halt_action__functions.h\n'}
[0.268820] (btcpp_ros2_interfaces) StdoutLine: {'line': b'-- Up-to-date: /convince_ws/install/btcpp_ros2_interfaces/lib/libbtcpp_ros2_interfaces__rosidl_typesupport_fastrtps_c.so\n'}
[0.268913] (bt_interfaces_dummy) StdoutLine: {'line': b'-- Up-to-date symlink: /convince_ws/install/bt_interfaces_dummy/include/bt_interfaces_dummy/bt_interfaces_dummy/srv/detail/halt_action__struct.h\n'}
[0.268977] (bt_interfaces_dummy) StdoutLine: {'line': b'-- Up-to-date symlink: /convince_ws/install/bt_interfaces_dummy/include/bt_interfaces_dummy/bt_interfaces_dummy/srv/detail/halt_action__type_support.h\n'}
[0.269051] (bt_interfaces_dummy) StdoutLine: {'line': b'-- Up-to-date symlink: /convince_ws/install/bt_interfaces_dummy/include/bt_interfaces_dummy/bt_interfaces_dummy/srv/detail/reload_tree__functions.h\n'}
[0.269115] (bt_interfaces_dummy) StdoutLine: {'line': b'-- Up-to-date symlink: /convince_ws/install/bt_interfaces_dummy/include/bt_interfaces_dummy/bt_interfaces_dummy/srv/detail/reload_tree__struct.h\n'}
[0.269197] (btcpp_ros2_interfaces) StdoutLine: {'line': b'-- Up-to-date: /convince_ws/install/btcpp_ros2_interfaces/lib/libbtcpp_ros2_interfaces__rosidl_typesupport_introspection_c.so\n'}
[0.269266] (bt_interfaces_dummy) StdoutLine: {'line': b'-- Up-to-date symlink: /convince_ws/install/bt_interfaces_dummy/include/bt_interfaces_dummy/bt_interfaces_dummy/srv/detail/reload_tree__type_support.h\n'}
[0.269331] (bt_interfaces_dummy) StdoutLine: {'line': b'-- Up-to-date symlink: /convince_ws/install/bt_interfaces_dummy/include/bt_interfaces_dummy/bt_interfaces_dummy/srv/detail/tick_action__functions.h\n'}
[0.269395] (btcpp_ros2_interfaces) StdoutLine: {'line': b'-- Up-to-date: /convince_ws/install/btcpp_ros2_interfaces/lib/libbtcpp_ros2_interfaces__rosidl_typesupport_c.so\n'}
[0.269460] (bt_interfaces_dummy) StdoutLine: {'line': b'-- Up-to-date symlink: /convince_ws/install/bt_interfaces_dummy/include/bt_interfaces_dummy/bt_interfaces_dummy/srv/detail/tick_action__struct.h\n'}
[0.269537] (bt_interfaces_dummy) StdoutLine: {'line': b'-- Up-to-date symlink: /convince_ws/install/bt_interfaces_dummy/include/bt_interfaces_dummy/bt_interfaces_dummy/srv/detail/tick_action__type_support.h\n'}
[0.269615] (bt_interfaces_dummy) StdoutLine: {'line': b'-- Up-to-date symlink: /convince_ws/install/bt_interfaces_dummy/include/bt_interfaces_dummy/bt_interfaces_dummy/srv/detail/tick_condition__functions.h\n'}
[0.269690] (btcpp_ros2_interfaces) StdoutLine: {'line': b'-- Up-to-date: /convince_ws/install/btcpp_ros2_interfaces/lib/libbtcpp_ros2_interfaces__rosidl_typesupport_fastrtps_cpp.so\n'}
[0.269758] (bt_interfaces_dummy) StdoutLine: {'line': b'-- Up-to-date symlink: /convince_ws/install/bt_interfaces_dummy/include/bt_interfaces_dummy/bt_interfaces_dummy/srv/detail/tick_condition__struct.h\n'}
[0.269832] (bt_interfaces_dummy) StdoutLine: {'line': b'-- Up-to-date symlink: /convince_ws/install/bt_interfaces_dummy/include/bt_interfaces_dummy/bt_interfaces_dummy/srv/detail/tick_condition__type_support.h\n'}
[0.269905] (btcpp_ros2_interfaces) StdoutLine: {'line': b'-- Up-to-date: /convince_ws/install/btcpp_ros2_interfaces/lib/libbtcpp_ros2_interfaces__rosidl_typesupport_introspection_cpp.so\n'}
[0.269974] (bt_interfaces_dummy) StdoutLine: {'line': b'-- Up-to-date symlink: /convince_ws/install/bt_interfaces_dummy/include/bt_interfaces_dummy/bt_interfaces_dummy/srv/halt_action.h\n'}
[0.270095] (bt_interfaces_dummy) StdoutLine: {'line': b'-- Up-to-date symlink: /convince_ws/install/bt_interfaces_dummy/include/bt_interfaces_dummy/bt_interfaces_dummy/srv/reload_tree.h\n'}
[0.270169] (bt_interfaces_dummy) StdoutLine: {'line': b'-- Up-to-date symlink: /convince_ws/install/bt_interfaces_dummy/include/bt_interfaces_dummy/bt_interfaces_dummy/srv/tick_action.h\n'}
[0.270300] (btcpp_ros2_interfaces) StdoutLine: {'line': b'-- Up-to-date: /convince_ws/install/btcpp_ros2_interfaces/lib/libbtcpp_ros2_interfaces__rosidl_typesupport_cpp.so\n'}
[0.270448] (bt_interfaces_dummy) StdoutLine: {'line': b'-- Up-to-date symlink: /convince_ws/install/bt_interfaces_dummy/include/bt_interfaces_dummy/bt_interfaces_dummy/srv/tick_condition.h\n'}
[0.270518] (bt_interfaces_dummy) StdoutLine: {'line': b'-- Up-to-date symlink: /convince_ws/install/bt_interfaces_dummy/share/bt_interfaces_dummy/environment/library_path.sh\n'}
[0.270586] (bt_interfaces_dummy) StdoutLine: {'line': b'-- Up-to-date symlink: /convince_ws/install/bt_interfaces_dummy/share/bt_interfaces_dummy/environment/library_path.dsv\n'}
[0.270655] (bt_interfaces_dummy) StdoutLine: {'line': b'-- Up-to-date symlink: /convince_ws/install/bt_interfaces_dummy/include/bt_interfaces_dummy/bt_interfaces_dummy/msg/detail/action_response__rosidl_typesupport_fastrtps_c.h\n'}
[0.270723] (bt_interfaces_dummy) StdoutLine: {'line': b'-- Up-to-date symlink: /convince_ws/install/bt_interfaces_dummy/include/bt_interfaces_dummy/bt_interfaces_dummy/msg/detail/condition_response__rosidl_typesupport_fastrtps_c.h\n'}
[0.270976] (bt_interfaces_dummy) StdoutLine: {'line': b'-- Up-to-date symlink: /convince_ws/install/bt_interfaces_dummy/include/bt_interfaces_dummy/bt_interfaces_dummy/msg/rosidl_typesupport_fastrtps_c__visibility_control.h\n'}
[0.271047] (bt_interfaces_dummy) StdoutLine: {'line': b'-- Up-to-date symlink: /convince_ws/install/bt_interfaces_dummy/include/bt_interfaces_dummy/bt_interfaces_dummy/srv/detail/halt_action__rosidl_typesupport_fastrtps_c.h\n'}
[0.271116] (bt_interfaces_dummy) StdoutLine: {'line': b'-- Up-to-date symlink: /convince_ws/install/bt_interfaces_dummy/include/bt_interfaces_dummy/bt_interfaces_dummy/srv/detail/reload_tree__rosidl_typesupport_fastrtps_c.h\n'}
[0.271415] (bt_interfaces_dummy) StdoutLine: {'line': b'-- Up-to-date symlink: /convince_ws/install/bt_interfaces_dummy/include/bt_interfaces_dummy/bt_interfaces_dummy/srv/detail/tick_action__rosidl_typesupport_fastrtps_c.h\n'}
[0.271569] (bt_interfaces_dummy) StdoutLine: {'line': b'-- Up-to-date symlink: /convince_ws/install/bt_interfaces_dummy/include/bt_interfaces_dummy/bt_interfaces_dummy/srv/detail/tick_condition__rosidl_typesupport_fastrtps_c.h\n'}
[0.271661] (bt_interfaces_dummy) StdoutLine: {'line': b'-- Up-to-date symlink: /convince_ws/install/bt_interfaces_dummy/include/bt_interfaces_dummy/bt_interfaces_dummy/msg/detail/action_response__rosidl_typesupport_introspection_c.h\n'}
[0.271737] (bt_interfaces_dummy) StdoutLine: {'line': b'-- Up-to-date symlink: /convince_ws/install/bt_interfaces_dummy/include/bt_interfaces_dummy/bt_interfaces_dummy/msg/detail/condition_response__rosidl_typesupport_introspection_c.h\n'}
[0.271810] (bt_interfaces_dummy) StdoutLine: {'line': b'-- Up-to-date symlink: /convince_ws/install/bt_interfaces_dummy/include/bt_interfaces_dummy/bt_interfaces_dummy/msg/rosidl_typesupport_introspection_c__visibility_control.h\n'}
[0.271885] (bt_interfaces_dummy) StdoutLine: {'line': b'-- Up-to-date symlink: /convince_ws/install/bt_interfaces_dummy/include/bt_interfaces_dummy/bt_interfaces_dummy/srv/detail/halt_action__rosidl_typesupport_introspection_c.h\n'}
[0.271958] (bt_interfaces_dummy) StdoutLine: {'line': b'-- Up-to-date symlink: /convince_ws/install/bt_interfaces_dummy/include/bt_interfaces_dummy/bt_interfaces_dummy/srv/detail/reload_tree__rosidl_typesupport_introspection_c.h\n'}
[0.272089] (bt_interfaces_dummy) StdoutLine: {'line': b'-- Up-to-date symlink: /convince_ws/install/bt_interfaces_dummy/include/bt_interfaces_dummy/bt_interfaces_dummy/srv/detail/tick_action__rosidl_typesupport_introspection_c.h\n'}
[0.272300] (bt_interfaces_dummy) StdoutLine: {'line': b'-- Up-to-date symlink: /convince_ws/install/bt_interfaces_dummy/include/bt_interfaces_dummy/bt_interfaces_dummy/srv/detail/tick_condition__rosidl_typesupport_introspection_c.h\n'}
[0.272411] (bt_interfaces_dummy) StdoutLine: {'line': b'-- Up-to-date symlink: /convince_ws/install/bt_interfaces_dummy/include/bt_interfaces_dummy/bt_interfaces_dummy/msg/action_response.hpp\n'}
[0.272482] (bt_interfaces_dummy) StdoutLine: {'line': b'-- Up-to-date symlink: /convince_ws/install/bt_interfaces_dummy/include/bt_interfaces_dummy/bt_interfaces_dummy/msg/condition_response.hpp\n'}
[0.272551] (bt_interfaces_dummy) StdoutLine: {'line': b'-- Up-to-date symlink: /convince_ws/install/bt_interfaces_dummy/include/bt_interfaces_dummy/bt_interfaces_dummy/msg/detail/action_response__builder.hpp\n'}
[0.272620] (bt_interfaces_dummy) StdoutLine: {'line': b'-- Up-to-date symlink: /convince_ws/install/bt_interfaces_dummy/include/bt_interfaces_dummy/bt_interfaces_dummy/msg/detail/action_response__struct.hpp\n'}
[0.272687] (bt_interfaces_dummy) StdoutLine: {'line': b'-- Up-to-date symlink: /convince_ws/install/bt_interfaces_dummy/include/bt_interfaces_dummy/bt_interfaces_dummy/msg/detail/action_response__traits.hpp\n'}
[0.272755] (bt_interfaces_dummy) StdoutLine: {'line': b'-- Up-to-date symlink: /convince_ws/install/bt_interfaces_dummy/include/bt_interfaces_dummy/bt_interfaces_dummy/msg/detail/action_response__type_support.hpp\n'}
[0.272893] (bt_interfaces_dummy) StdoutLine: {'line': b'-- Up-to-date symlink: /convince_ws/install/bt_interfaces_dummy/include/bt_interfaces_dummy/bt_interfaces_dummy/msg/detail/condition_response__builder.hpp\n'}
[0.272964] (bt_interfaces_dummy) StdoutLine: {'line': b'-- Up-to-date symlink: /convince_ws/install/bt_interfaces_dummy/include/bt_interfaces_dummy/bt_interfaces_dummy/msg/detail/condition_response__struct.hpp\n'}
[0.273033] (bt_interfaces_dummy) StdoutLine: {'line': b'-- Up-to-date symlink: /convince_ws/install/bt_interfaces_dummy/include/bt_interfaces_dummy/bt_interfaces_dummy/msg/detail/condition_response__traits.hpp\n'}
[0.273101] (bt_interfaces_dummy) StdoutLine: {'line': b'-- Up-to-date symlink: /convince_ws/install/bt_interfaces_dummy/include/bt_interfaces_dummy/bt_interfaces_dummy/msg/detail/condition_response__type_support.hpp\n'}
[0.273209] (bt_interfaces_dummy) StdoutLine: {'line': b'-- Up-to-date symlink: /convince_ws/install/bt_interfaces_dummy/include/bt_interfaces_dummy/bt_interfaces_dummy/msg/rosidl_generator_cpp__visibility_control.hpp\n'}
[0.273430] (bt_interfaces_dummy) StdoutLine: {'line': b'-- Up-to-date symlink: /convince_ws/install/bt_interfaces_dummy/include/bt_interfaces_dummy/bt_interfaces_dummy/srv/detail/halt_action__builder.hpp\n'}
[0.273514] (bt_interfaces_dummy) StdoutLine: {'line': b'-- Up-to-date symlink: /convince_ws/install/bt_interfaces_dummy/include/bt_interfaces_dummy/bt_interfaces_dummy/srv/detail/halt_action__struct.hpp\n'}
[0.273664] (bt_interfaces_dummy) StdoutLine: {'line': b'-- Up-to-date symlink: /convince_ws/install/bt_interfaces_dummy/include/bt_interfaces_dummy/bt_interfaces_dummy/srv/detail/halt_action__traits.hpp\n'}
[0.274124] (bt_interfaces_dummy) StdoutLine: {'line': b'-- Up-to-date symlink: /convince_ws/install/bt_interfaces_dummy/include/bt_interfaces_dummy/bt_interfaces_dummy/srv/detail/halt_action__type_support.hpp\n'}
[0.274561] (bt_interfaces_dummy) StdoutLine: {'line': b'-- Up-to-date symlink: /convince_ws/install/bt_interfaces_dummy/include/bt_interfaces_dummy/bt_interfaces_dummy/srv/detail/reload_tree__builder.hpp\n'}
[0.274662] (bt_interfaces_dummy) StdoutLine: {'line': b'-- Up-to-date symlink: /convince_ws/install/bt_interfaces_dummy/include/bt_interfaces_dummy/bt_interfaces_dummy/srv/detail/reload_tree__struct.hpp\n'}
[0.274742] (pyrobosim_msgs) CommandEnded: {'returncode': 0}
[0.274900] (bt_interfaces_dummy) StdoutLine: {'line': b'-- Up-to-date symlink: /convince_ws/install/bt_interfaces_dummy/include/bt_interfaces_dummy/bt_interfaces_dummy/srv/detail/reload_tree__traits.hpp\n'}
[0.274987] (bt_interfaces_dummy) StdoutLine: {'line': b'-- Up-to-date symlink: /convince_ws/install/bt_interfaces_dummy/include/bt_interfaces_dummy/bt_interfaces_dummy/srv/detail/reload_tree__type_support.hpp\n'}
[0.275056] (bt_interfaces_dummy) StdoutLine: {'line': b'-- Up-to-date symlink: /convince_ws/install/bt_interfaces_dummy/include/bt_interfaces_dummy/bt_interfaces_dummy/srv/detail/tick_action__builder.hpp\n'}
[0.275139] (bt_interfaces_dummy) StdoutLine: {'line': b'-- Up-to-date symlink: /convince_ws/install/bt_interfaces_dummy/include/bt_interfaces_dummy/bt_interfaces_dummy/srv/detail/tick_action__struct.hpp\n'}
[0.275236] (bt_interfaces_dummy) StdoutLine: {'line': b'-- Up-to-date symlink: /convince_ws/install/bt_interfaces_dummy/include/bt_interfaces_dummy/bt_interfaces_dummy/srv/detail/tick_action__traits.hpp\n'}
[0.275302] (bt_interfaces_dummy) StdoutLine: {'line': b'-- Up-to-date symlink: /convince_ws/install/bt_interfaces_dummy/include/bt_interfaces_dummy/bt_interfaces_dummy/srv/detail/tick_action__type_support.hpp\n'}
[0.275366] (bt_interfaces_dummy) StdoutLine: {'line': b'-- Up-to-date symlink: /convince_ws/install/bt_interfaces_dummy/include/bt_interfaces_dummy/bt_interfaces_dummy/srv/detail/tick_condition__builder.hpp\n'}
[0.275429] (bt_interfaces_dummy) StdoutLine: {'line': b'-- Up-to-date symlink: /convince_ws/install/bt_interfaces_dummy/include/bt_interfaces_dummy/bt_interfaces_dummy/srv/detail/tick_condition__struct.hpp\n'}
[0.275501] (bt_interfaces_dummy) StdoutLine: {'line': b'-- Up-to-date symlink: /convince_ws/install/bt_interfaces_dummy/include/bt_interfaces_dummy/bt_interfaces_dummy/srv/detail/tick_condition__traits.hpp\n'}
[0.275568] (bt_interfaces_dummy) StdoutLine: {'line': b'-- Up-to-date symlink: /convince_ws/install/bt_interfaces_dummy/include/bt_interfaces_dummy/bt_interfaces_dummy/srv/detail/tick_condition__type_support.hpp\n'}
[0.275631] (bt_interfaces_dummy) StdoutLine: {'line': b'-- Up-to-date symlink: /convince_ws/install/bt_interfaces_dummy/include/bt_interfaces_dummy/bt_interfaces_dummy/srv/halt_action.hpp\n'}
[0.275694] (bt_interfaces_dummy) StdoutLine: {'line': b'-- Up-to-date symlink: /convince_ws/install/bt_interfaces_dummy/include/bt_interfaces_dummy/bt_interfaces_dummy/srv/reload_tree.hpp\n'}
[0.275756] (bt_interfaces_dummy) StdoutLine: {'line': b'-- Up-to-date symlink: /convince_ws/install/bt_interfaces_dummy/include/bt_interfaces_dummy/bt_interfaces_dummy/srv/tick_action.hpp\n'}
[0.275819] (bt_interfaces_dummy) StdoutLine: {'line': b'-- Up-to-date symlink: /convince_ws/install/bt_interfaces_dummy/include/bt_interfaces_dummy/bt_interfaces_dummy/srv/tick_condition.hpp\n'}
[0.275882] (bt_interfaces_dummy) StdoutLine: {'line': b'-- Up-to-date symlink: /convince_ws/install/bt_interfaces_dummy/include/bt_interfaces_dummy/bt_interfaces_dummy/msg/detail/action_response__rosidl_typesupport_fastrtps_cpp.hpp\n'}
[0.275991] (bt_interfaces_dummy) StdoutLine: {'line': b'-- Up-to-date symlink: /convince_ws/install/bt_interfaces_dummy/include/bt_interfaces_dummy/bt_interfaces_dummy/msg/detail/condition_response__rosidl_typesupport_fastrtps_cpp.hpp\n'}
[0.276058] (bt_interfaces_dummy) StdoutLine: {'line': b'-- Up-to-date symlink: /convince_ws/install/bt_interfaces_dummy/include/bt_interfaces_dummy/bt_interfaces_dummy/msg/rosidl_typesupport_fastrtps_cpp__visibility_control.h\n'}
[0.276124] (bt_interfaces_dummy) StdoutLine: {'line': b'-- Up-to-date symlink: /convince_ws/install/bt_interfaces_dummy/include/bt_interfaces_dummy/bt_interfaces_dummy/srv/detail/halt_action__rosidl_typesupport_fastrtps_cpp.hpp\n'}
[0.276219] (pyrobosim_msgs) JobProgress: {'identifier': 'pyrobosim_msgs', 'progress': 'install'}
[0.276236] (bt_interfaces_dummy) StdoutLine: {'line': b'-- Up-to-date symlink: /convince_ws/install/bt_interfaces_dummy/include/bt_interfaces_dummy/bt_interfaces_dummy/srv/detail/reload_tree__rosidl_typesupport_fastrtps_cpp.hpp\n'}
[0.276312] (bt_interfaces_dummy) StdoutLine: {'line': b'-- Up-to-date symlink: /convince_ws/install/bt_interfaces_dummy/include/bt_interfaces_dummy/bt_interfaces_dummy/srv/detail/tick_action__rosidl_typesupport_fastrtps_cpp.hpp\n'}
[0.276378] (bt_interfaces_dummy) StdoutLine: {'line': b'-- Up-to-date symlink: /convince_ws/install/bt_interfaces_dummy/include/bt_interfaces_dummy/bt_interfaces_dummy/srv/detail/tick_condition__rosidl_typesupport_fastrtps_cpp.hpp\n'}
[0.276448] (pyrobosim_msgs) Command: {'cmd': ['/usr/bin/cmake', '--install', '/convince_ws/build/pyrobosim_msgs'], 'cwd': '/convince_ws/build/pyrobosim_msgs', 'env': OrderedDict({'PYTHONWARNINGS': 'ignore:setup.py install is deprecated,ignore:easy_install command is deprecated', 'HOSTNAME': '4451cd8a7c13', 'SHLVL': '1', 'LD_LIBRARY_PATH': '/opt/ros/jazzy/opt/zmqpp_vendor/lib:/opt/ros/jazzy/lib/x86_64-linux-gnu:/opt/ros/jazzy/lib', 'HOME': '/root', 'OLDPWD': '/convince_ws', 'ROS_PYTHON_VERSION': '3', 'ROS_DISTRO': 'jazzy', '_': '/usr/bin/colcon', 'ROS_VERSION': '2', 'TERM': 'xterm', 'QT_X11_NO_MITSHM': '1', 'PATH': '/opt/ros/jazzy/bin:/usr/local/sbin:/usr/local/bin:/usr/sbin:/usr/bin:/sbin:/bin', 'DISPLAY': ':1', 'LANG': 'C.UTF-8', 'AMENT_PREFIX_PATH': '/opt/ros/jazzy', 'ROS_WS': '/convince_ws', 'ROS_AUTOMATIC_DISCOVERY_RANGE': 'SUBNET', 'PWD': '/convince_ws/build/pyrobosim_msgs', 'LC_ALL': 'C.UTF-8', 'PYTHONPATH': '/opt/ros/jazzy/lib/python3.12/site-packages', 'COLCON': '1', 'CMAKE_PREFIX_PATH': '/opt/ros/jazzy'}), 'shell': False}
[0.276618] (bt_interfaces_dummy) StdoutLine: {'line': b'-- Up-to-date symlink: /convince_ws/install/bt_interfaces_dummy/include/bt_interfaces_dummy/bt_interfaces_dummy/msg/detail/action_response__rosidl_typesupport_introspection_cpp.hpp\n'}
[0.276701] (bt_interfaces_dummy) StdoutLine: {'line': b'-- Up-to-date symlink: /convince_ws/install/bt_interfaces_dummy/include/bt_interfaces_dummy/bt_interfaces_dummy/msg/detail/condition_response__rosidl_typesupport_introspection_cpp.hpp\n'}
[0.276771] (bt_interfaces_dummy) StdoutLine: {'line': b'-- Up-to-date symlink: /convince_ws/install/bt_interfaces_dummy/include/bt_interfaces_dummy/bt_interfaces_dummy/srv/detail/halt_action__rosidl_typesupport_introspection_cpp.hpp\n'}
[0.276853] (bt_interfaces_dummy) StdoutLine: {'line': b'-- Up-to-date symlink: /convince_ws/install/bt_interfaces_dummy/include/bt_interfaces_dummy/bt_interfaces_dummy/srv/detail/reload_tree__rosidl_typesupport_introspection_cpp.hpp\n'}
[0.276932] (bt_interfaces_dummy) StdoutLine: {'line': b'-- Up-to-date symlink: /convince_ws/install/bt_interfaces_dummy/include/bt_interfaces_dummy/bt_interfaces_dummy/srv/detail/tick_action__rosidl_typesupport_introspection_cpp.hpp\n'}
[0.276998] (bt_interfaces_dummy) StdoutLine: {'line': b'-- Up-to-date symlink: /convince_ws/install/bt_interfaces_dummy/include/bt_interfaces_dummy/bt_interfaces_dummy/srv/detail/tick_condition__rosidl_typesupport_introspection_cpp.hpp\n'}
[0.277064] (bt_interfaces_dummy) StdoutLine: {'line': b'-- Up-to-date symlink: /convince_ws/install/bt_interfaces_dummy/share/bt_interfaces_dummy/environment/pythonpath.sh\n'}
[0.277148] (bt_interfaces_dummy) StdoutLine: {'line': b'-- Up-to-date symlink: /convince_ws/install/bt_interfaces_dummy/share/bt_interfaces_dummy/environment/pythonpath.dsv\n'}
[0.277226] (bt_interfaces_dummy) StdoutLine: {'line': b'-- Up-to-date symlink: /convince_ws/install/bt_interfaces_dummy/lib/python3.12/site-packages/bt_interfaces_dummy-0.0.0-py3.12.egg-info/PKG-INFO\n'}
[0.277292] (bt_interfaces_dummy) StdoutLine: {'line': b'-- Up-to-date symlink: /convince_ws/install/bt_interfaces_dummy/lib/python3.12/site-packages/bt_interfaces_dummy-0.0.0-py3.12.egg-info/SOURCES.txt\n'}
[0.277356] (bt_interfaces_dummy) StdoutLine: {'line': b'-- Up-to-date symlink: /convince_ws/install/bt_interfaces_dummy/lib/python3.12/site-packages/bt_interfaces_dummy-0.0.0-py3.12.egg-info/dependency_links.txt\n'}
[0.277443] (bt_interfaces_dummy) StdoutLine: {'line': b'-- Up-to-date symlink: /convince_ws/install/bt_interfaces_dummy/lib/python3.12/site-packages/bt_interfaces_dummy-0.0.0-py3.12.egg-info/top_level.txt\n'}
[0.277510] (bt_interfaces_dummy) StdoutLine: {'line': b'-- Up-to-date symlink: /convince_ws/install/bt_interfaces_dummy/lib/python3.12/site-packages/bt_interfaces_dummy/__init__.py\n'}
[0.277595] (bt_interfaces_dummy) StdoutLine: {'line': b'-- Up-to-date symlink: /convince_ws/install/bt_interfaces_dummy/lib/python3.12/site-packages/bt_interfaces_dummy/_bt_interfaces_dummy_s.ep.rosidl_typesupport_c.c\n'}
[0.277661] (bt_interfaces_dummy) StdoutLine: {'line': b'-- Up-to-date symlink: /convince_ws/install/bt_interfaces_dummy/lib/python3.12/site-packages/bt_interfaces_dummy/_bt_interfaces_dummy_s.ep.rosidl_typesupport_fastrtps_c.c\n'}
[0.277729] (bt_interfaces_dummy) StdoutLine: {'line': b'-- Up-to-date symlink: /convince_ws/install/bt_interfaces_dummy/lib/python3.12/site-packages/bt_interfaces_dummy/_bt_interfaces_dummy_s.ep.rosidl_typesupport_introspection_c.c\n'}
[0.277796] (bt_interfaces_dummy) StdoutLine: {'line': b'-- Up-to-date symlink: /convince_ws/install/bt_interfaces_dummy/lib/python3.12/site-packages/bt_interfaces_dummy/bt_interfaces_dummy_s__rosidl_typesupport_c.so\n'}
[0.277863] (bt_interfaces_dummy) StdoutLine: {'line': b'-- Up-to-date symlink: /convince_ws/install/bt_interfaces_dummy/lib/python3.12/site-packages/bt_interfaces_dummy/bt_interfaces_dummy_s__rosidl_typesupport_fastrtps_c.so\n'}
[0.277930] (bt_interfaces_dummy) StdoutLine: {'line': b'-- Up-to-date symlink: /convince_ws/install/bt_interfaces_dummy/lib/python3.12/site-packages/bt_interfaces_dummy/bt_interfaces_dummy_s__rosidl_typesupport_introspection_c.so\n'}
[0.277997] (bt_interfaces_dummy) StdoutLine: {'line': b'-- Up-to-date symlink: /convince_ws/install/bt_interfaces_dummy/lib/python3.12/site-packages/bt_interfaces_dummy/msg/__init__.py\n'}
[0.278072] (bt_interfaces_dummy) StdoutLine: {'line': b'-- Up-to-date symlink: /convince_ws/install/bt_interfaces_dummy/lib/python3.12/site-packages/bt_interfaces_dummy/msg/_action_response.py\n'}
[0.278139] (bt_interfaces_dummy) StdoutLine: {'line': b'-- Up-to-date symlink: /convince_ws/install/bt_interfaces_dummy/lib/python3.12/site-packages/bt_interfaces_dummy/msg/_action_response_s.c\n'}
[0.278261] (bt_interfaces_dummy) StdoutLine: {'line': b'-- Up-to-date symlink: /convince_ws/install/bt_interfaces_dummy/lib/python3.12/site-packages/bt_interfaces_dummy/msg/_condition_response.py\n'}
[0.278327] (bt_interfaces_dummy) StdoutLine: {'line': b'-- Up-to-date symlink: /convince_ws/install/bt_interfaces_dummy/lib/python3.12/site-packages/bt_interfaces_dummy/msg/_condition_response_s.c\n'}
[0.278402] (bt_interfaces_dummy) StdoutLine: {'line': b'-- Up-to-date symlink: /convince_ws/install/bt_interfaces_dummy/lib/python3.12/site-packages/bt_interfaces_dummy/srv/__init__.py\n'}
[0.278466] (bt_interfaces_dummy) StdoutLine: {'line': b'-- Up-to-date symlink: /convince_ws/install/bt_interfaces_dummy/lib/python3.12/site-packages/bt_interfaces_dummy/srv/_halt_action.py\n'}
[0.278531] (bt_interfaces_dummy) StdoutLine: {'line': b'-- Up-to-date symlink: /convince_ws/install/bt_interfaces_dummy/lib/python3.12/site-packages/bt_interfaces_dummy/srv/_halt_action_s.c\n'}
[0.278598] (bt_interfaces_dummy) StdoutLine: {'line': b'-- Up-to-date symlink: /convince_ws/install/bt_interfaces_dummy/lib/python3.12/site-packages/bt_interfaces_dummy/srv/_reload_tree.py\n'}
[0.278666] (bt_interfaces_dummy) StdoutLine: {'line': b'-- Up-to-date symlink: /convince_ws/install/bt_interfaces_dummy/lib/python3.12/site-packages/bt_interfaces_dummy/srv/_reload_tree_s.c\n'}
[0.278749] (bt_interfaces_dummy) StdoutLine: {'line': b'-- Up-to-date symlink: /convince_ws/install/bt_interfaces_dummy/lib/python3.12/site-packages/bt_interfaces_dummy/srv/_tick_action.py\n'}
[0.278851] (bt_interfaces_dummy) StdoutLine: {'line': b'-- Up-to-date symlink: /convince_ws/install/bt_interfaces_dummy/lib/python3.12/site-packages/bt_interfaces_dummy/srv/_tick_action_s.c\n'}
[0.278918] (bt_interfaces_dummy) StdoutLine: {'line': b'-- Up-to-date symlink: /convince_ws/install/bt_interfaces_dummy/lib/python3.12/site-packages/bt_interfaces_dummy/srv/_tick_condition.py\n'}
[0.278984] (pyrobosim_msgs) StdoutLine: {'line': b'-- Install configuration: ""\n'}
[0.279089] (bt_interfaces_dummy) StdoutLine: {'line': b'-- Up-to-date symlink: /convince_ws/install/bt_interfaces_dummy/lib/python3.12/site-packages/bt_interfaces_dummy/srv/_tick_condition_s.c\n'}
[0.279190] (bt_interfaces_dummy) StdoutLine: {'line': b'-- Up-to-date symlink: /convince_ws/install/bt_interfaces_dummy/lib/python3.12/site-packages/bt_interfaces_dummy/bt_interfaces_dummy_s__rosidl_typesupport_fastrtps_c.so\n'}
[0.279270] (bt_interfaces_dummy) StdoutLine: {'line': b'-- Up-to-date symlink: /convince_ws/install/bt_interfaces_dummy/lib/python3.12/site-packages/bt_interfaces_dummy/bt_interfaces_dummy_s__rosidl_typesupport_introspection_c.so\n'}
[0.279362] (bt_interfaces_dummy) StdoutLine: {'line': b'-- Up-to-date symlink: /convince_ws/install/bt_interfaces_dummy/lib/python3.12/site-packages/bt_interfaces_dummy/bt_interfaces_dummy_s__rosidl_typesupport_c.so\n'}
[0.279429] (bt_interfaces_dummy) StdoutLine: {'line': b'-- Up-to-date symlink: /convince_ws/install/bt_interfaces_dummy/share/bt_interfaces_dummy/srv/TickAction.idl\n'}
[0.279494] (bt_interfaces_dummy) StdoutLine: {'line': b'-- Up-to-date symlink: /convince_ws/install/bt_interfaces_dummy/share/bt_interfaces_dummy/msg/ActionResponse.idl\n'}
[0.279561] (bt_interfaces_dummy) StdoutLine: {'line': b'-- Up-to-date symlink: /convince_ws/install/bt_interfaces_dummy/share/bt_interfaces_dummy/msg/ConditionResponse.idl\n'}
[0.279626] (pyrobosim_msgs) StdoutLine: {'line': b'-- Execute custom install script\n'}
[0.279758] (pyrobosim_msgs) StdoutLine: {'line': b'-- Up-to-date symlink: /convince_ws/install/pyrobosim_msgs/share/ament_index/resource_index/rosidl_interfaces/pyrobosim_msgs\n'}
[0.279859] (bt_interfaces_dummy) StdoutLine: {'line': b'-- Up-to-date symlink: /convince_ws/install/bt_interfaces_dummy/share/bt_interfaces_dummy/srv/HaltAction.idl\n'}
[0.279946] (pyrobosim_msgs) StdoutLine: {'line': b'-- Up-to-date symlink: /convince_ws/install/pyrobosim_msgs/share/pyrobosim_msgs/msg/ExecutionResult.json\n'}
[0.280023] (pyrobosim_msgs) StdoutLine: {'line': b'-- Up-to-date symlink: /convince_ws/install/pyrobosim_msgs/share/pyrobosim_msgs/msg/GoalPredicate.json\n'}
[0.280090] (pyrobosim_msgs) StdoutLine: {'line': b'-- Up-to-date symlink: /convince_ws/install/pyrobosim_msgs/share/pyrobosim_msgs/msg/GoalSpecification.json\n'}
[0.280161] (pyrobosim_msgs) StdoutLine: {'line': b'-- Up-to-date symlink: /convince_ws/install/pyrobosim_msgs/share/pyrobosim_msgs/msg/HallwayState.json\n'}
[0.280258] (pyrobosim_msgs) StdoutLine: {'line': b'-- Up-to-date symlink: /convince_ws/install/pyrobosim_msgs/share/pyrobosim_msgs/msg/LocationState.json\n'}
[0.280326] (bt_interfaces_dummy) StdoutLine: {'line': b'-- Up-to-date symlink: /convince_ws/install/bt_interfaces_dummy/share/bt_interfaces_dummy/srv/TickCondition.idl\n'}
[0.280404] (bt_interfaces_dummy) StdoutLine: {'line': b'-- Up-to-date symlink: /convince_ws/install/bt_interfaces_dummy/share/bt_interfaces_dummy/srv/ReloadTree.idl\n'}
[0.280478] (pyrobosim_msgs) StdoutLine: {'line': b'-- Up-to-date symlink: /convince_ws/install/pyrobosim_msgs/share/pyrobosim_msgs/msg/ObjectState.json\n'}
[0.280541] (bt_interfaces_dummy) StdoutLine: {'line': b'-- Up-to-date symlink: /convince_ws/install/bt_interfaces_dummy/share/bt_interfaces_dummy/srv/TickAction.srv\n'}
[0.280605] (pyrobosim_msgs) StdoutLine: {'line': b'-- Up-to-date symlink: /convince_ws/install/pyrobosim_msgs/share/pyrobosim_msgs/msg/Path.json\n'}
[0.280667] (pyrobosim_msgs) StdoutLine: {'line': b'-- Up-to-date symlink: /convince_ws/install/pyrobosim_msgs/share/pyrobosim_msgs/msg/RobotState.json\n'}
[0.280730] (bt_interfaces_dummy) StdoutLine: {'line': b'-- Up-to-date symlink: /convince_ws/install/bt_interfaces_dummy/share/bt_interfaces_dummy/msg/ActionResponse.msg\n'}
[0.280793] (pyrobosim_msgs) StdoutLine: {'line': b'-- Up-to-date symlink: /convince_ws/install/pyrobosim_msgs/share/pyrobosim_msgs/msg/TaskAction.json\n'}
[0.280861] (pyrobosim_msgs) StdoutLine: {'line': b'-- Up-to-date symlink: /convince_ws/install/pyrobosim_msgs/share/pyrobosim_msgs/msg/TaskPlan.json\n'}
[0.280929] (bt_interfaces_dummy) StdoutLine: {'line': b'-- Up-to-date symlink: /convince_ws/install/bt_interfaces_dummy/share/bt_interfaces_dummy/msg/ConditionResponse.msg\n'}
[0.280996] (bt_interfaces_dummy) StdoutLine: {'line': b'-- Up-to-date symlink: /convince_ws/install/bt_interfaces_dummy/share/bt_interfaces_dummy/srv/HaltAction.srv\n'}
[0.281063] (bt_interfaces_dummy) StdoutLine: {'line': b'-- Up-to-date symlink: /convince_ws/install/bt_interfaces_dummy/share/bt_interfaces_dummy/srv/TickCondition.srv\n'}
[0.281131] (bt_interfaces_dummy) StdoutLine: {'line': b'-- Up-to-date symlink: /convince_ws/install/bt_interfaces_dummy/share/bt_interfaces_dummy/srv/ReloadTree.srv\n'}
[0.281280] (bt_interfaces_dummy) StdoutLine: {'line': b'-- Up-to-date symlink: /convince_ws/install/bt_interfaces_dummy/share/ament_index/resource_index/package_run_dependencies/bt_interfaces_dummy\n'}
[0.281529] (pyrobosim_msgs) StdoutLine: {'line': b'-- Up-to-date symlink: /convince_ws/install/pyrobosim_msgs/share/pyrobosim_msgs/msg/WorldInfo.json\n'}
[0.281639] (pyrobosim_msgs) StdoutLine: {'line': b'-- Up-to-date symlink: /convince_ws/install/pyrobosim_msgs/share/pyrobosim_msgs/msg/WorldState.json\n'}
[0.281706] (pyrobosim_msgs) StdoutLine: {'line': b'-- Up-to-date symlink: /convince_ws/install/pyrobosim_msgs/share/pyrobosim_msgs/srv/RequestWorldInfo.json\n'}
[0.281773] (pyrobosim_msgs) StdoutLine: {'line': b'-- Up-to-date symlink: /convince_ws/install/pyrobosim_msgs/share/pyrobosim_msgs/srv/RequestWorldState.json\n'}
[0.281861] (pyrobosim_msgs) StdoutLine: {'line': b'-- Up-to-date symlink: /convince_ws/install/pyrobosim_msgs/share/pyrobosim_msgs/srv/ResetWorld.json\n'}
[0.281951] (pyrobosim_msgs) StdoutLine: {'line': b'-- Up-to-date symlink: /convince_ws/install/pyrobosim_msgs/share/pyrobosim_msgs/srv/SetLocationState.json\n'}
[0.282036] (bt_interfaces_dummy) StdoutLine: {'line': b'-- Up-to-date symlink: /convince_ws/install/bt_interfaces_dummy/share/ament_index/resource_index/parent_prefix_path/bt_interfaces_dummy\n'}
[0.282105] (pyrobosim_msgs) StdoutLine: {'line': b'-- Up-to-date symlink: /convince_ws/install/pyrobosim_msgs/share/pyrobosim_msgs/action/DetectObjects.json\n'}
[0.282184] (pyrobosim_msgs) StdoutLine: {'line': b'-- Up-to-date symlink: /convince_ws/install/pyrobosim_msgs/share/pyrobosim_msgs/action/ExecuteTaskAction.json\n'}
[0.282278] (bt_interfaces_dummy) StdoutLine: {'line': b'-- Up-to-date symlink: /convince_ws/install/bt_interfaces_dummy/share/bt_interfaces_dummy/environment/ament_prefix_path.sh\n'}
[0.282371] (pyrobosim_msgs) StdoutLine: {'line': b'-- Up-to-date symlink: /convince_ws/install/pyrobosim_msgs/share/pyrobosim_msgs/action/ExecuteTaskPlan.json\n'}
[0.282438] (bt_interfaces_dummy) StdoutLine: {'line': b'-- Up-to-date symlink: /convince_ws/install/bt_interfaces_dummy/share/bt_interfaces_dummy/environment/ament_prefix_path.dsv\n'}
[0.282506] (pyrobosim_msgs) StdoutLine: {'line': b'-- Up-to-date symlink: /convince_ws/install/pyrobosim_msgs/share/pyrobosim_msgs/action/FollowPath.json\n'}
[0.282574] (pyrobosim_msgs) StdoutLine: {'line': b'-- Up-to-date symlink: /convince_ws/install/pyrobosim_msgs/share/pyrobosim_msgs/action/PlanPath.json\n'}
[0.282641] (bt_interfaces_dummy) StdoutLine: {'line': b'-- Up-to-date symlink: /convince_ws/install/bt_interfaces_dummy/share/bt_interfaces_dummy/environment/path.sh\n'}
[0.282709] (bt_interfaces_dummy) StdoutLine: {'line': b'-- Up-to-date symlink: /convince_ws/install/bt_interfaces_dummy/share/bt_interfaces_dummy/environment/path.dsv\n'}
[0.282777] (bt_interfaces_dummy) StdoutLine: {'line': b'-- Up-to-date symlink: /convince_ws/install/bt_interfaces_dummy/share/bt_interfaces_dummy/local_setup.bash\n'}
[0.282845] (bt_interfaces_dummy) StdoutLine: {'line': b'-- Up-to-date symlink: /convince_ws/install/bt_interfaces_dummy/share/bt_interfaces_dummy/local_setup.sh\n'}
[0.282912] (bt_interfaces_dummy) StdoutLine: {'line': b'-- Up-to-date symlink: /convince_ws/install/bt_interfaces_dummy/share/bt_interfaces_dummy/local_setup.zsh\n'}
[0.283024] (bt_interfaces_dummy) StdoutLine: {'line': b'-- Up-to-date symlink: /convince_ws/install/bt_interfaces_dummy/share/bt_interfaces_dummy/local_setup.dsv\n'}
[0.283116] (bt_interfaces_dummy) StdoutLine: {'line': b'-- Symlinking: /convince_ws/install/bt_interfaces_dummy/share/bt_interfaces_dummy/package.dsv\n'}
[0.283212] (pyrobosim_msgs) StdoutLine: {'line': b'-- Up-to-date symlink: /convince_ws/install/pyrobosim_msgs/include/pyrobosim_msgs/pyrobosim_msgs/action/detail/detect_objects__functions.h\n'}
[0.283314] (pyrobosim_msgs) StdoutLine: {'line': b'-- Up-to-date symlink: /convince_ws/install/pyrobosim_msgs/include/pyrobosim_msgs/pyrobosim_msgs/action/detail/detect_objects__struct.h\n'}
[0.283390] (pyrobosim_msgs) StdoutLine: {'line': b'-- Up-to-date symlink: /convince_ws/install/pyrobosim_msgs/include/pyrobosim_msgs/pyrobosim_msgs/action/detail/detect_objects__type_support.h\n'}
[0.283458] (pyrobosim_msgs) StdoutLine: {'line': b'-- Up-to-date symlink: /convince_ws/install/pyrobosim_msgs/include/pyrobosim_msgs/pyrobosim_msgs/action/detail/execute_task_action__functions.h\n'}
[0.283564] (pyrobosim_msgs) StdoutLine: {'line': b'-- Up-to-date symlink: /convince_ws/install/pyrobosim_msgs/include/pyrobosim_msgs/pyrobosim_msgs/action/detail/execute_task_action__struct.h\n'}
[0.283647] (pyrobosim_msgs) StdoutLine: {'line': b'-- Up-to-date symlink: /convince_ws/install/pyrobosim_msgs/include/pyrobosim_msgs/pyrobosim_msgs/action/detail/execute_task_action__type_support.h\n'}
[0.283716] (pyrobosim_msgs) StdoutLine: {'line': b'-- Up-to-date symlink: /convince_ws/install/pyrobosim_msgs/include/pyrobosim_msgs/pyrobosim_msgs/action/detail/execute_task_plan__functions.h\n'}
[0.283803] (pyrobosim_msgs) StdoutLine: {'line': b'-- Up-to-date symlink: /convince_ws/install/pyrobosim_msgs/include/pyrobosim_msgs/pyrobosim_msgs/action/detail/execute_task_plan__struct.h\n'}
[0.283870] (pyrobosim_msgs) StdoutLine: {'line': b'-- Up-to-date symlink: /convince_ws/install/pyrobosim_msgs/include/pyrobosim_msgs/pyrobosim_msgs/action/detail/execute_task_plan__type_support.h\n'}
[0.283937] (pyrobosim_msgs) StdoutLine: {'line': b'-- Up-to-date symlink: /convince_ws/install/pyrobosim_msgs/include/pyrobosim_msgs/pyrobosim_msgs/action/detail/follow_path__functions.h\n'}
[0.284035] (pyrobosim_msgs) StdoutLine: {'line': b'-- Up-to-date symlink: /convince_ws/install/pyrobosim_msgs/include/pyrobosim_msgs/pyrobosim_msgs/action/detail/follow_path__struct.h\n'}
[0.284103] (pyrobosim_msgs) StdoutLine: {'line': b'-- Up-to-date symlink: /convince_ws/install/pyrobosim_msgs/include/pyrobosim_msgs/pyrobosim_msgs/action/detail/follow_path__type_support.h\n'}
[0.284178] (pyrobosim_msgs) StdoutLine: {'line': b'-- Up-to-date symlink: /convince_ws/install/pyrobosim_msgs/include/pyrobosim_msgs/pyrobosim_msgs/action/detail/plan_path__functions.h\n'}
[0.284314] (pyrobosim_msgs) StdoutLine: {'line': b'-- Up-to-date symlink: /convince_ws/install/pyrobosim_msgs/include/pyrobosim_msgs/pyrobosim_msgs/action/detail/plan_path__struct.h\n'}
[0.284404] (pyrobosim_msgs) StdoutLine: {'line': b'-- Up-to-date symlink: /convince_ws/install/pyrobosim_msgs/include/pyrobosim_msgs/pyrobosim_msgs/action/detail/plan_path__type_support.h\n'}
[0.284472] (pyrobosim_msgs) StdoutLine: {'line': b'-- Up-to-date symlink: /convince_ws/install/pyrobosim_msgs/include/pyrobosim_msgs/pyrobosim_msgs/action/detect_objects.h\n'}
[0.284539] (pyrobosim_msgs) StdoutLine: {'line': b'-- Up-to-date symlink: /convince_ws/install/pyrobosim_msgs/include/pyrobosim_msgs/pyrobosim_msgs/action/execute_task_action.h\n'}
[0.284606] (pyrobosim_msgs) StdoutLine: {'line': b'-- Up-to-date symlink: /convince_ws/install/pyrobosim_msgs/include/pyrobosim_msgs/pyrobosim_msgs/action/execute_task_plan.h\n'}
[0.284673] (overarching_msgs) StdoutLine: {'line': b"Listing '/convince_ws/install/overarching_msgs/lib/python3.12/site-packages/overarching_msgs'...\n"}
[0.284801] (overarching_msgs) StdoutLine: {'line': b"Listing '/convince_ws/install/overarching_msgs/lib/python3.12/site-packages/overarching_msgs/action'...\n"}
[0.284865] (overarching_msgs) StdoutLine: {'line': b"Listing '/convince_ws/install/overarching_msgs/lib/python3.12/site-packages/overarching_msgs/msg'...\n"}
[0.284928] (pyrobosim_msgs) StdoutLine: {'line': b'-- Up-to-date symlink: /convince_ws/install/pyrobosim_msgs/include/pyrobosim_msgs/pyrobosim_msgs/action/follow_path.h\n'}
[0.284991] (pyrobosim_msgs) StdoutLine: {'line': b'-- Up-to-date symlink: /convince_ws/install/pyrobosim_msgs/include/pyrobosim_msgs/pyrobosim_msgs/action/plan_path.h\n'}
[0.285063] (pyrobosim_msgs) StdoutLine: {'line': b'-- Up-to-date symlink: /convince_ws/install/pyrobosim_msgs/include/pyrobosim_msgs/pyrobosim_msgs/msg/detail/execution_result__functions.h\n'}
[0.285129] (pyrobosim_msgs) StdoutLine: {'line': b'-- Up-to-date symlink: /convince_ws/install/pyrobosim_msgs/include/pyrobosim_msgs/pyrobosim_msgs/msg/detail/execution_result__struct.h\n'}
[0.285225] (pyrobosim_msgs) StdoutLine: {'line': b'-- Up-to-date symlink: /convince_ws/install/pyrobosim_msgs/include/pyrobosim_msgs/pyrobosim_msgs/msg/detail/execution_result__type_support.h\n'}
[0.285294] (pyrobosim_msgs) StdoutLine: {'line': b'-- Up-to-date symlink: /convince_ws/install/pyrobosim_msgs/include/pyrobosim_msgs/pyrobosim_msgs/msg/detail/goal_predicate__functions.h\n'}
[0.285361] (pyrobosim_msgs) StdoutLine: {'line': b'-- Up-to-date symlink: /convince_ws/install/pyrobosim_msgs/include/pyrobosim_msgs/pyrobosim_msgs/msg/detail/goal_predicate__struct.h\n'}
[0.285458] (pyrobosim_msgs) StdoutLine: {'line': b'-- Up-to-date symlink: /convince_ws/install/pyrobosim_msgs/include/pyrobosim_msgs/pyrobosim_msgs/msg/detail/goal_predicate__type_support.h\n'}
[0.285530] (pyrobosim_msgs) StdoutLine: {'line': b'-- Up-to-date symlink: /convince_ws/install/pyrobosim_msgs/include/pyrobosim_msgs/pyrobosim_msgs/msg/detail/goal_specification__functions.h\n'}
[0.285649] (pyrobosim_msgs) StdoutLine: {'line': b'-- Up-to-date symlink: /convince_ws/install/pyrobosim_msgs/include/pyrobosim_msgs/pyrobosim_msgs/msg/detail/goal_specification__struct.h\n'}
[0.285746] (pyrobosim_msgs) StdoutLine: {'line': b'-- Up-to-date symlink: /convince_ws/install/pyrobosim_msgs/include/pyrobosim_msgs/pyrobosim_msgs/msg/detail/goal_specification__type_support.h\n'}
[0.285815] (pyrobosim_msgs) StdoutLine: {'line': b'-- Up-to-date symlink: /convince_ws/install/pyrobosim_msgs/include/pyrobosim_msgs/pyrobosim_msgs/msg/detail/hallway_state__functions.h\n'}
[0.285882] (pyrobosim_msgs) StdoutLine: {'line': b'-- Up-to-date symlink: /convince_ws/install/pyrobosim_msgs/include/pyrobosim_msgs/pyrobosim_msgs/msg/detail/hallway_state__struct.h\n'}
[0.285950] (pyrobosim_msgs) StdoutLine: {'line': b'-- Up-to-date symlink: /convince_ws/install/pyrobosim_msgs/include/pyrobosim_msgs/pyrobosim_msgs/msg/detail/hallway_state__type_support.h\n'}
[0.286017] (pyrobosim_msgs) StdoutLine: {'line': b'-- Up-to-date symlink: /convince_ws/install/pyrobosim_msgs/include/pyrobosim_msgs/pyrobosim_msgs/msg/detail/location_state__functions.h\n'}
[0.286112] (pyrobosim_msgs) StdoutLine: {'line': b'-- Up-to-date symlink: /convince_ws/install/pyrobosim_msgs/include/pyrobosim_msgs/pyrobosim_msgs/msg/detail/location_state__struct.h\n'}
[0.286290] (pyrobosim_msgs) StdoutLine: {'line': b'-- Up-to-date symlink: /convince_ws/install/pyrobosim_msgs/include/pyrobosim_msgs/pyrobosim_msgs/msg/detail/location_state__type_support.h\n'}
[0.286596] (pyrobosim_msgs) StdoutLine: {'line': b'-- Up-to-date symlink: /convince_ws/install/pyrobosim_msgs/include/pyrobosim_msgs/pyrobosim_msgs/msg/detail/object_state__functions.h\n'}
[0.286831] (pyrobosim_msgs) StdoutLine: {'line': b'-- Up-to-date symlink: /convince_ws/install/pyrobosim_msgs/include/pyrobosim_msgs/pyrobosim_msgs/msg/detail/object_state__struct.h\n'}
[0.287012] (pyrobosim_msgs) StdoutLine: {'line': b'-- Up-to-date symlink: /convince_ws/install/pyrobosim_msgs/include/pyrobosim_msgs/pyrobosim_msgs/msg/detail/object_state__type_support.h\n'}
[0.287083] (pyrobosim_msgs) StdoutLine: {'line': b'-- Up-to-date symlink: /convince_ws/install/pyrobosim_msgs/include/pyrobosim_msgs/pyrobosim_msgs/msg/detail/path__functions.h\n'}
[0.287422] (pyrobosim_msgs) StdoutLine: {'line': b'-- Up-to-date symlink: /convince_ws/install/pyrobosim_msgs/include/pyrobosim_msgs/pyrobosim_msgs/msg/detail/path__struct.h\n'}
[0.287588] (pyrobosim_msgs) StdoutLine: {'line': b'-- Up-to-date symlink: /convince_ws/install/pyrobosim_msgs/include/pyrobosim_msgs/pyrobosim_msgs/msg/detail/path__type_support.h\n'}
[0.287697] (pyrobosim_msgs) StdoutLine: {'line': b'-- Up-to-date symlink: /convince_ws/install/pyrobosim_msgs/include/pyrobosim_msgs/pyrobosim_msgs/msg/detail/robot_state__functions.h\n'}
[0.287767] (pyrobosim_msgs) StdoutLine: {'line': b'-- Up-to-date symlink: /convince_ws/install/pyrobosim_msgs/include/pyrobosim_msgs/pyrobosim_msgs/msg/detail/robot_state__struct.h\n'}
[0.287835] (pyrobosim_msgs) StdoutLine: {'line': b'-- Up-to-date symlink: /convince_ws/install/pyrobosim_msgs/include/pyrobosim_msgs/pyrobosim_msgs/msg/detail/robot_state__type_support.h\n'}
[0.287904] (pyrobosim_msgs) StdoutLine: {'line': b'-- Up-to-date symlink: /convince_ws/install/pyrobosim_msgs/include/pyrobosim_msgs/pyrobosim_msgs/msg/detail/task_action__functions.h\n'}
[0.287971] (pyrobosim_msgs) StdoutLine: {'line': b'-- Up-to-date symlink: /convince_ws/install/pyrobosim_msgs/include/pyrobosim_msgs/pyrobosim_msgs/msg/detail/task_action__struct.h\n'}
[0.288038] (pyrobosim_msgs) StdoutLine: {'line': b'-- Up-to-date symlink: /convince_ws/install/pyrobosim_msgs/include/pyrobosim_msgs/pyrobosim_msgs/msg/detail/task_action__type_support.h\n'}
[0.288105] (pyrobosim_msgs) StdoutLine: {'line': b'-- Up-to-date symlink: /convince_ws/install/pyrobosim_msgs/include/pyrobosim_msgs/pyrobosim_msgs/msg/detail/task_plan__functions.h\n'}
[0.288245] (pyrobosim_msgs) StdoutLine: {'line': b'-- Up-to-date symlink: /convince_ws/install/pyrobosim_msgs/include/pyrobosim_msgs/pyrobosim_msgs/msg/detail/task_plan__struct.h\n'}
[0.288405] (pyrobosim_msgs) StdoutLine: {'line': b'-- Up-to-date symlink: /convince_ws/install/pyrobosim_msgs/include/pyrobosim_msgs/pyrobosim_msgs/msg/detail/task_plan__type_support.h\n'}
[0.288522] (pyrobosim_msgs) StdoutLine: {'line': b'-- Up-to-date symlink: /convince_ws/install/pyrobosim_msgs/include/pyrobosim_msgs/pyrobosim_msgs/msg/detail/world_info__functions.h\n'}
[0.288624] (pyrobosim_msgs) StdoutLine: {'line': b'-- Up-to-date symlink: /convince_ws/install/pyrobosim_msgs/include/pyrobosim_msgs/pyrobosim_msgs/msg/detail/world_info__struct.h\n'}
[0.288692] (pyrobosim_msgs) StdoutLine: {'line': b'-- Up-to-date symlink: /convince_ws/install/pyrobosim_msgs/include/pyrobosim_msgs/pyrobosim_msgs/msg/detail/world_info__type_support.h\n'}
[0.288760] (pyrobosim_msgs) StdoutLine: {'line': b'-- Up-to-date symlink: /convince_ws/install/pyrobosim_msgs/include/pyrobosim_msgs/pyrobosim_msgs/msg/detail/world_state__functions.h\n'}
[0.288871] (pyrobosim_msgs) StdoutLine: {'line': b'-- Up-to-date symlink: /convince_ws/install/pyrobosim_msgs/include/pyrobosim_msgs/pyrobosim_msgs/msg/detail/world_state__struct.h\n'}
[0.288942] (pyrobosim_msgs) StdoutLine: {'line': b'-- Up-to-date symlink: /convince_ws/install/pyrobosim_msgs/include/pyrobosim_msgs/pyrobosim_msgs/msg/detail/world_state__type_support.h\n'}
[0.289008] (pyrobosim_msgs) StdoutLine: {'line': b'-- Up-to-date symlink: /convince_ws/install/pyrobosim_msgs/include/pyrobosim_msgs/pyrobosim_msgs/msg/execution_result.h\n'}
[0.289074] (pyrobosim_msgs) StdoutLine: {'line': b'-- Up-to-date symlink: /convince_ws/install/pyrobosim_msgs/include/pyrobosim_msgs/pyrobosim_msgs/msg/goal_predicate.h\n'}
[0.289141] (pyrobosim_msgs) StdoutLine: {'line': b'-- Up-to-date symlink: /convince_ws/install/pyrobosim_msgs/include/pyrobosim_msgs/pyrobosim_msgs/msg/goal_specification.h\n'}
[0.289323] (pyrobosim_msgs) StdoutLine: {'line': b'-- Up-to-date symlink: /convince_ws/install/pyrobosim_msgs/include/pyrobosim_msgs/pyrobosim_msgs/msg/hallway_state.h\n'}
[0.289410] (pyrobosim_msgs) StdoutLine: {'line': b'-- Up-to-date symlink: /convince_ws/install/pyrobosim_msgs/include/pyrobosim_msgs/pyrobosim_msgs/msg/location_state.h\n'}
[0.289477] (pyrobosim_msgs) StdoutLine: {'line': b'-- Up-to-date symlink: /convince_ws/install/pyrobosim_msgs/include/pyrobosim_msgs/pyrobosim_msgs/msg/object_state.h\n'}
[0.289544] (pyrobosim_msgs) StdoutLine: {'line': b'-- Up-to-date symlink: /convince_ws/install/pyrobosim_msgs/include/pyrobosim_msgs/pyrobosim_msgs/msg/path.h\n'}
[0.289610] (pyrobosim_msgs) StdoutLine: {'line': b'-- Up-to-date symlink: /convince_ws/install/pyrobosim_msgs/include/pyrobosim_msgs/pyrobosim_msgs/msg/robot_state.h\n'}
[0.289677] (pyrobosim_msgs) StdoutLine: {'line': b'-- Up-to-date symlink: /convince_ws/install/pyrobosim_msgs/include/pyrobosim_msgs/pyrobosim_msgs/msg/rosidl_generator_c__visibility_control.h\n'}
[0.289791] (pyrobosim_msgs) StdoutLine: {'line': b'-- Up-to-date symlink: /convince_ws/install/pyrobosim_msgs/include/pyrobosim_msgs/pyrobosim_msgs/msg/task_action.h\n'}
[0.290059] (pyrobosim_msgs) StdoutLine: {'line': b'-- Up-to-date symlink: /convince_ws/install/pyrobosim_msgs/include/pyrobosim_msgs/pyrobosim_msgs/msg/task_plan.h\n'}
[0.290192] (pyrobosim_msgs) StdoutLine: {'line': b'-- Up-to-date symlink: /convince_ws/install/pyrobosim_msgs/include/pyrobosim_msgs/pyrobosim_msgs/msg/world_info.h\n'}
[0.290331] (pyrobosim_msgs) StdoutLine: {'line': b'-- Up-to-date symlink: /convince_ws/install/pyrobosim_msgs/include/pyrobosim_msgs/pyrobosim_msgs/msg/world_state.h\n'}
[0.290440] (pyrobosim_msgs) StdoutLine: {'line': b'-- Up-to-date symlink: /convince_ws/install/pyrobosim_msgs/include/pyrobosim_msgs/pyrobosim_msgs/srv/detail/request_world_info__functions.h\n'}
[0.290529] (pyrobosim_msgs) StdoutLine: {'line': b'-- Up-to-date symlink: /convince_ws/install/pyrobosim_msgs/include/pyrobosim_msgs/pyrobosim_msgs/srv/detail/request_world_info__struct.h\n'}
[0.290666] (pyrobosim_msgs) StdoutLine: {'line': b'-- Up-to-date symlink: /convince_ws/install/pyrobosim_msgs/include/pyrobosim_msgs/pyrobosim_msgs/srv/detail/request_world_info__type_support.h\n'}
[0.290735] (pyrobosim_msgs) StdoutLine: {'line': b'-- Up-to-date symlink: /convince_ws/install/pyrobosim_msgs/include/pyrobosim_msgs/pyrobosim_msgs/srv/detail/request_world_state__functions.h\n'}
[0.290887] (pyrobosim_msgs) StdoutLine: {'line': b'-- Up-to-date symlink: /convince_ws/install/pyrobosim_msgs/include/pyrobosim_msgs/pyrobosim_msgs/srv/detail/request_world_state__struct.h\n'}
[0.290993] (pyrobosim_msgs) StdoutLine: {'line': b'-- Up-to-date symlink: /convince_ws/install/pyrobosim_msgs/include/pyrobosim_msgs/pyrobosim_msgs/srv/detail/request_world_state__type_support.h\n'}
[0.291085] (pyrobosim_msgs) StdoutLine: {'line': b'-- Up-to-date symlink: /convince_ws/install/pyrobosim_msgs/include/pyrobosim_msgs/pyrobosim_msgs/srv/detail/reset_world__functions.h\n'}
[0.291154] (pyrobosim_msgs) StdoutLine: {'line': b'-- Up-to-date symlink: /convince_ws/install/pyrobosim_msgs/include/pyrobosim_msgs/pyrobosim_msgs/srv/detail/reset_world__struct.h\n'}
[0.291295] (pyrobosim_msgs) StdoutLine: {'line': b'-- Up-to-date symlink: /convince_ws/install/pyrobosim_msgs/include/pyrobosim_msgs/pyrobosim_msgs/srv/detail/reset_world__type_support.h\n'}
[0.291382] (overarching_msgs) StdoutLine: {'line': b'-- Up-to-date: /convince_ws/install/overarching_msgs/lib/liboverarching_msgs__rosidl_generator_py.so\n'}
[0.291488] (pyrobosim_msgs) StdoutLine: {'line': b'-- Up-to-date symlink: /convince_ws/install/pyrobosim_msgs/include/pyrobosim_msgs/pyrobosim_msgs/srv/detail/set_location_state__functions.h\n'}
[0.291557] (pyrobosim_msgs) StdoutLine: {'line': b'-- Up-to-date symlink: /convince_ws/install/pyrobosim_msgs/include/pyrobosim_msgs/pyrobosim_msgs/srv/detail/set_location_state__struct.h\n'}
[0.291636] (pyrobosim_msgs) StdoutLine: {'line': b'-- Up-to-date symlink: /convince_ws/install/pyrobosim_msgs/include/pyrobosim_msgs/pyrobosim_msgs/srv/detail/set_location_state__type_support.h\n'}
[0.291716] (pyrobosim_msgs) StdoutLine: {'line': b'-- Up-to-date symlink: /convince_ws/install/pyrobosim_msgs/include/pyrobosim_msgs/pyrobosim_msgs/srv/request_world_info.h\n'}
[0.291783] (pyrobosim_msgs) StdoutLine: {'line': b'-- Up-to-date symlink: /convince_ws/install/pyrobosim_msgs/include/pyrobosim_msgs/pyrobosim_msgs/srv/request_world_state.h\n'}
[0.291850] (pyrobosim_msgs) StdoutLine: {'line': b'-- Up-to-date symlink: /convince_ws/install/pyrobosim_msgs/include/pyrobosim_msgs/pyrobosim_msgs/srv/reset_world.h\n'}
[0.291937] (overarching_msgs) StdoutLine: {'line': b'-- Up-to-date: /convince_ws/install/overarching_msgs/share/overarching_msgs/cmake/export_overarching_msgs__rosidl_generator_cExport.cmake\n'}
[0.292008] (pyrobosim_msgs) StdoutLine: {'line': b'-- Up-to-date symlink: /convince_ws/install/pyrobosim_msgs/include/pyrobosim_msgs/pyrobosim_msgs/srv/set_location_state.h\n'}
[0.292075] (overarching_msgs) StdoutLine: {'line': b'-- Up-to-date: /convince_ws/install/overarching_msgs/share/overarching_msgs/cmake/export_overarching_msgs__rosidl_generator_cExport-noconfig.cmake\n'}
[0.292144] (overarching_msgs) StdoutLine: {'line': b'-- Up-to-date: /convince_ws/install/overarching_msgs/share/overarching_msgs/cmake/export_overarching_msgs__rosidl_typesupport_fastrtps_cExport.cmake\n'}
[0.292316] (overarching_msgs) StdoutLine: {'line': b'-- Up-to-date: /convince_ws/install/overarching_msgs/share/overarching_msgs/cmake/export_overarching_msgs__rosidl_typesupport_fastrtps_cExport-noconfig.cmake\n'}
[0.292366] (pyrobosim_msgs) StdoutLine: {'line': b'-- Up-to-date symlink: /convince_ws/install/pyrobosim_msgs/share/pyrobosim_msgs/environment/library_path.sh\n'}
[0.292401] (overarching_msgs) StdoutLine: {'line': b'-- Up-to-date: /convince_ws/install/overarching_msgs/share/overarching_msgs/cmake/overarching_msgs__rosidl_typesupport_introspection_cExport.cmake\n'}
[0.292474] (pyrobosim_msgs) StdoutLine: {'line': b'-- Up-to-date symlink: /convince_ws/install/pyrobosim_msgs/share/pyrobosim_msgs/environment/library_path.dsv\n'}
[0.292504] (overarching_msgs) StdoutLine: {'line': b'-- Up-to-date: /convince_ws/install/overarching_msgs/share/overarching_msgs/cmake/overarching_msgs__rosidl_typesupport_introspection_cExport-noconfig.cmake\n'}
[0.292534] (overarching_msgs) StdoutLine: {'line': b'-- Up-to-date: /convince_ws/install/overarching_msgs/share/overarching_msgs/cmake/overarching_msgs__rosidl_typesupport_cExport.cmake\n'}
[0.292563] (overarching_msgs) StdoutLine: {'line': b'-- Up-to-date: /convince_ws/install/overarching_msgs/share/overarching_msgs/cmake/overarching_msgs__rosidl_typesupport_cExport-noconfig.cmake\n'}
[0.292592] (overarching_msgs) StdoutLine: {'line': b'-- Up-to-date: /convince_ws/install/overarching_msgs/share/overarching_msgs/cmake/export_overarching_msgs__rosidl_generator_cppExport.cmake\n'}
[0.292621] (overarching_msgs) StdoutLine: {'line': b'-- Up-to-date: /convince_ws/install/overarching_msgs/share/overarching_msgs/cmake/export_overarching_msgs__rosidl_typesupport_fastrtps_cppExport.cmake\n'}
[0.292724] (overarching_msgs) StdoutLine: {'line': b'-- Up-to-date: /convince_ws/install/overarching_msgs/share/overarching_msgs/cmake/export_overarching_msgs__rosidl_typesupport_fastrtps_cppExport-noconfig.cmake\n'}
[0.292758] (overarching_msgs) StdoutLine: {'line': b'-- Up-to-date: /convince_ws/install/overarching_msgs/share/overarching_msgs/cmake/overarching_msgs__rosidl_typesupport_introspection_cppExport.cmake\n'}
[0.292787] (overarching_msgs) StdoutLine: {'line': b'-- Up-to-date: /convince_ws/install/overarching_msgs/share/overarching_msgs/cmake/overarching_msgs__rosidl_typesupport_introspection_cppExport-noconfig.cmake\n'}
[0.292816] (overarching_msgs) StdoutLine: {'line': b'-- Up-to-date: /convince_ws/install/overarching_msgs/share/overarching_msgs/cmake/overarching_msgs__rosidl_typesupport_cppExport.cmake\n'}
[0.292845] (overarching_msgs) StdoutLine: {'line': b'-- Up-to-date: /convince_ws/install/overarching_msgs/share/overarching_msgs/cmake/overarching_msgs__rosidl_typesupport_cppExport-noconfig.cmake\n'}
[0.292873] (overarching_msgs) StdoutLine: {'line': b'-- Up-to-date: /convince_ws/install/overarching_msgs/share/overarching_msgs/cmake/export_overarching_msgs__rosidl_generator_pyExport.cmake\n'}
[0.292901] (overarching_msgs) StdoutLine: {'line': b'-- Up-to-date: /convince_ws/install/overarching_msgs/share/overarching_msgs/cmake/export_overarching_msgs__rosidl_generator_pyExport-noconfig.cmake\n'}
[0.292964] (pyrobosim_msgs) StdoutLine: {'line': b'-- Up-to-date symlink: /convince_ws/install/pyrobosim_msgs/include/pyrobosim_msgs/pyrobosim_msgs/action/detail/detect_objects__rosidl_typesupport_fastrtps_c.h\n'}
[0.292995] (pyrobosim_msgs) StdoutLine: {'line': b'-- Up-to-date symlink: /convince_ws/install/pyrobosim_msgs/include/pyrobosim_msgs/pyrobosim_msgs/action/detail/execute_task_action__rosidl_typesupport_fastrtps_c.h\n'}
[0.293024] (pyrobosim_msgs) StdoutLine: {'line': b'-- Up-to-date symlink: /convince_ws/install/pyrobosim_msgs/include/pyrobosim_msgs/pyrobosim_msgs/action/detail/execute_task_plan__rosidl_typesupport_fastrtps_c.h\n'}
[0.293053] (pyrobosim_msgs) StdoutLine: {'line': b'-- Up-to-date symlink: /convince_ws/install/pyrobosim_msgs/include/pyrobosim_msgs/pyrobosim_msgs/action/detail/follow_path__rosidl_typesupport_fastrtps_c.h\n'}
[0.293080] (pyrobosim_msgs) StdoutLine: {'line': b'-- Up-to-date symlink: /convince_ws/install/pyrobosim_msgs/include/pyrobosim_msgs/pyrobosim_msgs/action/detail/plan_path__rosidl_typesupport_fastrtps_c.h\n'}
[0.293107] (pyrobosim_msgs) StdoutLine: {'line': b'-- Up-to-date symlink: /convince_ws/install/pyrobosim_msgs/include/pyrobosim_msgs/pyrobosim_msgs/msg/detail/execution_result__rosidl_typesupport_fastrtps_c.h\n'}
[0.293135] (pyrobosim_msgs) StdoutLine: {'line': b'-- Up-to-date symlink: /convince_ws/install/pyrobosim_msgs/include/pyrobosim_msgs/pyrobosim_msgs/msg/detail/goal_predicate__rosidl_typesupport_fastrtps_c.h\n'}
[0.293185] (pyrobosim_msgs) StdoutLine: {'line': b'-- Up-to-date symlink: /convince_ws/install/pyrobosim_msgs/include/pyrobosim_msgs/pyrobosim_msgs/msg/detail/goal_specification__rosidl_typesupport_fastrtps_c.h\n'}
[0.293215] (pyrobosim_msgs) StdoutLine: {'line': b'-- Up-to-date symlink: /convince_ws/install/pyrobosim_msgs/include/pyrobosim_msgs/pyrobosim_msgs/msg/detail/hallway_state__rosidl_typesupport_fastrtps_c.h\n'}
[0.293258] (pyrobosim_msgs) StdoutLine: {'line': b'-- Up-to-date symlink: /convince_ws/install/pyrobosim_msgs/include/pyrobosim_msgs/pyrobosim_msgs/msg/detail/location_state__rosidl_typesupport_fastrtps_c.h\n'}
[0.293287] (pyrobosim_msgs) StdoutLine: {'line': b'-- Up-to-date symlink: /convince_ws/install/pyrobosim_msgs/include/pyrobosim_msgs/pyrobosim_msgs/msg/detail/object_state__rosidl_typesupport_fastrtps_c.h\n'}
[0.293314] (pyrobosim_msgs) StdoutLine: {'line': b'-- Up-to-date symlink: /convince_ws/install/pyrobosim_msgs/include/pyrobosim_msgs/pyrobosim_msgs/msg/detail/path__rosidl_typesupport_fastrtps_c.h\n'}
[0.293343] (pyrobosim_msgs) StdoutLine: {'line': b'-- Up-to-date symlink: /convince_ws/install/pyrobosim_msgs/include/pyrobosim_msgs/pyrobosim_msgs/msg/detail/robot_state__rosidl_typesupport_fastrtps_c.h\n'}
[0.293371] (pyrobosim_msgs) StdoutLine: {'line': b'-- Up-to-date symlink: /convince_ws/install/pyrobosim_msgs/include/pyrobosim_msgs/pyrobosim_msgs/msg/detail/task_action__rosidl_typesupport_fastrtps_c.h\n'}
[0.293399] (pyrobosim_msgs) StdoutLine: {'line': b'-- Up-to-date symlink: /convince_ws/install/pyrobosim_msgs/include/pyrobosim_msgs/pyrobosim_msgs/msg/detail/task_plan__rosidl_typesupport_fastrtps_c.h\n'}
[0.293427] (pyrobosim_msgs) StdoutLine: {'line': b'-- Up-to-date symlink: /convince_ws/install/pyrobosim_msgs/include/pyrobosim_msgs/pyrobosim_msgs/msg/detail/world_info__rosidl_typesupport_fastrtps_c.h\n'}
[0.293457] (pyrobosim_msgs) StdoutLine: {'line': b'-- Up-to-date symlink: /convince_ws/install/pyrobosim_msgs/include/pyrobosim_msgs/pyrobosim_msgs/msg/detail/world_state__rosidl_typesupport_fastrtps_c.h\n'}
[0.293486] (pyrobosim_msgs) StdoutLine: {'line': b'-- Up-to-date symlink: /convince_ws/install/pyrobosim_msgs/include/pyrobosim_msgs/pyrobosim_msgs/msg/rosidl_typesupport_fastrtps_c__visibility_control.h\n'}
[0.293515] (pyrobosim_msgs) StdoutLine: {'line': b'-- Up-to-date symlink: /convince_ws/install/pyrobosim_msgs/include/pyrobosim_msgs/pyrobosim_msgs/srv/detail/request_world_info__rosidl_typesupport_fastrtps_c.h\n'}
[0.293544] (pyrobosim_msgs) StdoutLine: {'line': b'-- Up-to-date symlink: /convince_ws/install/pyrobosim_msgs/include/pyrobosim_msgs/pyrobosim_msgs/srv/detail/request_world_state__rosidl_typesupport_fastrtps_c.h\n'}
[0.293572] (pyrobosim_msgs) StdoutLine: {'line': b'-- Up-to-date symlink: /convince_ws/install/pyrobosim_msgs/include/pyrobosim_msgs/pyrobosim_msgs/srv/detail/reset_world__rosidl_typesupport_fastrtps_c.h\n'}
[0.293600] (pyrobosim_msgs) StdoutLine: {'line': b'-- Up-to-date symlink: /convince_ws/install/pyrobosim_msgs/include/pyrobosim_msgs/pyrobosim_msgs/srv/detail/set_location_state__rosidl_typesupport_fastrtps_c.h\n'}
[0.293629] (overarching_msgs) CommandEnded: {'returncode': 0}
[0.293716] (pyrobosim_msgs) StdoutLine: {'line': b'-- Up-to-date symlink: /convince_ws/install/pyrobosim_msgs/include/pyrobosim_msgs/pyrobosim_msgs/action/detail/detect_objects__builder.hpp\n'}
[0.293794] (btcpp_ros2_interfaces) StdoutLine: {'line': b"Listing '/convince_ws/install/btcpp_ros2_interfaces/lib/python3.12/site-packages/btcpp_ros2_interfaces'...\n"}
[0.293833] (btcpp_ros2_interfaces) StdoutLine: {'line': b"Listing '/convince_ws/install/btcpp_ros2_interfaces/lib/python3.12/site-packages/btcpp_ros2_interfaces/action'...\n"}
[0.293864] (btcpp_ros2_interfaces) StdoutLine: {'line': b"Listing '/convince_ws/install/btcpp_ros2_interfaces/lib/python3.12/site-packages/btcpp_ros2_interfaces/msg'...\n"}
[0.293894] (btcpp_ros2_interfaces) StdoutLine: {'line': b"Listing '/convince_ws/install/btcpp_ros2_interfaces/lib/python3.12/site-packages/btcpp_ros2_interfaces/srv'...\n"}
[0.293994] (bt_interfaces_dummy) StdoutLine: {'line': b'-- Up-to-date symlink: /convince_ws/install/bt_interfaces_dummy/share/ament_index/resource_index/packages/bt_interfaces_dummy\n'}
[0.294034] (bt_interfaces_dummy) StdoutLine: {'line': b'-- Up-to-date symlink: /convince_ws/install/bt_interfaces_dummy/share/bt_interfaces_dummy/cmake/rosidl_cmake-extras.cmake\n'}
[0.294064] (bt_interfaces_dummy) StdoutLine: {'line': b'-- Up-to-date symlink: /convince_ws/install/bt_interfaces_dummy/share/bt_interfaces_dummy/cmake/ament_cmake_export_dependencies-extras.cmake\n'}
[0.294092] (pyrobosim_msgs) StdoutLine: {'line': b'-- Up-to-date symlink: /convince_ws/install/pyrobosim_msgs/include/pyrobosim_msgs/pyrobosim_msgs/action/detail/detect_objects__struct.hpp\n'}
[0.294121] (pyrobosim_msgs) StdoutLine: {'line': b'-- Up-to-date symlink: /convince_ws/install/pyrobosim_msgs/include/pyrobosim_msgs/pyrobosim_msgs/action/detail/detect_objects__traits.hpp\n'}
[0.294146] (pyrobosim_msgs) StdoutLine: {'line': b'-- Up-to-date symlink: /convince_ws/install/pyrobosim_msgs/include/pyrobosim_msgs/pyrobosim_msgs/action/detail/detect_objects__type_support.hpp\n'}
[0.294178] (pyrobosim_msgs) StdoutLine: {'line': b'-- Up-to-date symlink: /convince_ws/install/pyrobosim_msgs/include/pyrobosim_msgs/pyrobosim_msgs/action/detail/execute_task_action__builder.hpp\n'}
[0.294205] (pyrobosim_msgs) StdoutLine: {'line': b'-- Up-to-date symlink: /convince_ws/install/pyrobosim_msgs/include/pyrobosim_msgs/pyrobosim_msgs/action/detail/execute_task_action__struct.hpp\n'}
[0.294232] (pyrobosim_msgs) StdoutLine: {'line': b'-- Up-to-date symlink: /convince_ws/install/pyrobosim_msgs/include/pyrobosim_msgs/pyrobosim_msgs/action/detail/execute_task_action__traits.hpp\n'}
[0.294260] (pyrobosim_msgs) StdoutLine: {'line': b'-- Up-to-date symlink: /convince_ws/install/pyrobosim_msgs/include/pyrobosim_msgs/pyrobosim_msgs/action/detail/execute_task_action__type_support.hpp\n'}
[0.294287] (pyrobosim_msgs) StdoutLine: {'line': b'-- Up-to-date symlink: /convince_ws/install/pyrobosim_msgs/include/pyrobosim_msgs/pyrobosim_msgs/action/detail/execute_task_plan__builder.hpp\n'}
[0.294315] (pyrobosim_msgs) StdoutLine: {'line': b'-- Up-to-date symlink: /convince_ws/install/pyrobosim_msgs/include/pyrobosim_msgs/pyrobosim_msgs/action/detail/execute_task_plan__struct.hpp\n'}
[0.294341] (pyrobosim_msgs) StdoutLine: {'line': b'-- Up-to-date symlink: /convince_ws/install/pyrobosim_msgs/include/pyrobosim_msgs/pyrobosim_msgs/action/detail/execute_task_plan__traits.hpp\n'}
[0.294368] (pyrobosim_msgs) StdoutLine: {'line': b'-- Up-to-date symlink: /convince_ws/install/pyrobosim_msgs/include/pyrobosim_msgs/pyrobosim_msgs/action/detail/execute_task_plan__type_support.hpp\n'}
[0.294395] (pyrobosim_msgs) StdoutLine: {'line': b'-- Up-to-date symlink: /convince_ws/install/pyrobosim_msgs/include/pyrobosim_msgs/pyrobosim_msgs/action/detail/follow_path__builder.hpp\n'}
[0.294422] (pyrobosim_msgs) StdoutLine: {'line': b'-- Up-to-date symlink: /convince_ws/install/pyrobosim_msgs/include/pyrobosim_msgs/pyrobosim_msgs/action/detail/follow_path__struct.hpp\n'}
[0.294556] (bt_interfaces_dummy) StdoutLine: {'line': b'-- Up-to-date symlink: /convince_ws/install/bt_interfaces_dummy/share/bt_interfaces_dummy/cmake/ament_cmake_export_include_directories-extras.cmake\n'}
[0.294694] (bt_interfaces_dummy) StdoutLine: {'line': b'-- Up-to-date symlink: /convince_ws/install/bt_interfaces_dummy/share/bt_interfaces_dummy/cmake/ament_cmake_export_libraries-extras.cmake\n'}
[0.294812] (bt_interfaces_dummy) StdoutLine: {'line': b'-- Up-to-date symlink: /convince_ws/install/bt_interfaces_dummy/share/bt_interfaces_dummy/cmake/ament_cmake_export_targets-extras.cmake\n'}
[0.294913] (bt_interfaces_dummy) StdoutLine: {'line': b'-- Up-to-date symlink: /convince_ws/install/bt_interfaces_dummy/share/bt_interfaces_dummy/cmake/rosidl_cmake_export_typesupport_targets-extras.cmake\n'}
[0.295025] (bt_interfaces_dummy) StdoutLine: {'line': b'-- Up-to-date symlink: /convince_ws/install/bt_interfaces_dummy/share/bt_interfaces_dummy/cmake/rosidl_cmake_export_typesupport_libraries-extras.cmake\n'}
[0.295114] (pyrobosim_msgs) StdoutLine: {'line': b'-- Up-to-date symlink: /convince_ws/install/pyrobosim_msgs/include/pyrobosim_msgs/pyrobosim_msgs/action/detail/follow_path__traits.hpp\n'}
[0.295212] (bt_interfaces_dummy) StdoutLine: {'line': b'-- Up-to-date symlink: /convince_ws/install/bt_interfaces_dummy/share/bt_interfaces_dummy/cmake/bt_interfaces_dummyConfig.cmake\n'}
[0.295299] (bt_interfaces_dummy) StdoutLine: {'line': b'-- Up-to-date symlink: /convince_ws/install/bt_interfaces_dummy/share/bt_interfaces_dummy/cmake/bt_interfaces_dummyConfig-version.cmake\n'}
[0.295414] (pyrobosim_msgs) StdoutLine: {'line': b'-- Up-to-date symlink: /convince_ws/install/pyrobosim_msgs/include/pyrobosim_msgs/pyrobosim_msgs/action/detail/follow_path__type_support.hpp\n'}
[0.295517] (pyrobosim_msgs) StdoutLine: {'line': b'-- Up-to-date symlink: /convince_ws/install/pyrobosim_msgs/include/pyrobosim_msgs/pyrobosim_msgs/action/detail/plan_path__builder.hpp\n'}
[0.295599] (pyrobosim_msgs) StdoutLine: {'line': b'-- Up-to-date symlink: /convince_ws/install/pyrobosim_msgs/include/pyrobosim_msgs/pyrobosim_msgs/action/detail/plan_path__struct.hpp\n'}
[0.295681] (pyrobosim_msgs) StdoutLine: {'line': b'-- Up-to-date symlink: /convince_ws/install/pyrobosim_msgs/include/pyrobosim_msgs/pyrobosim_msgs/action/detail/plan_path__traits.hpp\n'}
[0.295754] (pyrobosim_msgs) StdoutLine: {'line': b'-- Up-to-date symlink: /convince_ws/install/pyrobosim_msgs/include/pyrobosim_msgs/pyrobosim_msgs/action/detail/plan_path__type_support.hpp\n'}
[0.295834] (pyrobosim_msgs) StdoutLine: {'line': b'-- Up-to-date symlink: /convince_ws/install/pyrobosim_msgs/include/pyrobosim_msgs/pyrobosim_msgs/action/detect_objects.hpp\n'}
[0.295915] (pyrobosim_msgs) StdoutLine: {'line': b'-- Up-to-date symlink: /convince_ws/install/pyrobosim_msgs/include/pyrobosim_msgs/pyrobosim_msgs/action/execute_task_action.hpp\n'}
[0.295992] (pyrobosim_msgs) StdoutLine: {'line': b'-- Up-to-date symlink: /convince_ws/install/pyrobosim_msgs/include/pyrobosim_msgs/pyrobosim_msgs/action/execute_task_plan.hpp\n'}
[0.296072] (bt_interfaces_dummy) StdoutLine: {'line': b'-- Up-to-date symlink: /convince_ws/install/bt_interfaces_dummy/share/bt_interfaces_dummy/package.xml\n'}
[0.296162] (pyrobosim_msgs) StdoutLine: {'line': b'-- Up-to-date symlink: /convince_ws/install/pyrobosim_msgs/include/pyrobosim_msgs/pyrobosim_msgs/action/follow_path.hpp\n'}
[0.296271] (pyrobosim_msgs) StdoutLine: {'line': b'-- Up-to-date symlink: /convince_ws/install/pyrobosim_msgs/include/pyrobosim_msgs/pyrobosim_msgs/action/plan_path.hpp\n'}
[0.296382] (bt_interfaces_dummy) StdoutLine: {'line': b'-- Up-to-date: /convince_ws/install/bt_interfaces_dummy/lib/libbt_interfaces_dummy__rosidl_generator_c.so\n'}
[0.296489] (pyrobosim_msgs) StdoutLine: {'line': b'-- Up-to-date symlink: /convince_ws/install/pyrobosim_msgs/include/pyrobosim_msgs/pyrobosim_msgs/msg/detail/execution_result__builder.hpp\n'}
[0.296778] (bt_interfaces_dummy) StdoutLine: {'line': b'-- Up-to-date: /convince_ws/install/bt_interfaces_dummy/lib/libbt_interfaces_dummy__rosidl_typesupport_fastrtps_c.so\n'}
[0.296981] (bt_interfaces_dummy) StdoutLine: {'line': b'-- Up-to-date: /convince_ws/install/bt_interfaces_dummy/lib/libbt_interfaces_dummy__rosidl_typesupport_introspection_c.so\n'}
[0.297132] (bt_interfaces_dummy) StdoutLine: {'line': b'-- Up-to-date: /convince_ws/install/bt_interfaces_dummy/lib/libbt_interfaces_dummy__rosidl_typesupport_c.so\n'}
[0.297370] (bt_interfaces_dummy) StdoutLine: {'line': b'-- Up-to-date: /convince_ws/install/bt_interfaces_dummy/lib/libbt_interfaces_dummy__rosidl_typesupport_fastrtps_cpp.so\n'}
[0.297547] (pyrobosim_msgs) StdoutLine: {'line': b'-- Up-to-date symlink: /convince_ws/install/pyrobosim_msgs/include/pyrobosim_msgs/pyrobosim_msgs/msg/detail/execution_result__struct.hpp\n'}
[0.297754] (pyrobosim_msgs) StdoutLine: {'line': b'-- Up-to-date symlink: /convince_ws/install/pyrobosim_msgs/include/pyrobosim_msgs/pyrobosim_msgs/msg/detail/execution_result__traits.hpp\n'}
[0.297971] (pyrobosim_msgs) StdoutLine: {'line': b'-- Up-to-date symlink: /convince_ws/install/pyrobosim_msgs/include/pyrobosim_msgs/pyrobosim_msgs/msg/detail/execution_result__type_support.hpp\n'}
[0.298195] (pyrobosim_msgs) StdoutLine: {'line': b'-- Up-to-date symlink: /convince_ws/install/pyrobosim_msgs/include/pyrobosim_msgs/pyrobosim_msgs/msg/detail/goal_predicate__builder.hpp\n'}
[0.298498] (pyrobosim_msgs) StdoutLine: {'line': b'-- Up-to-date symlink: /convince_ws/install/pyrobosim_msgs/include/pyrobosim_msgs/pyrobosim_msgs/msg/detail/goal_predicate__struct.hpp\n'}
[0.298618] (pyrobosim_msgs) StdoutLine: {'line': b'-- Up-to-date symlink: /convince_ws/install/pyrobosim_msgs/include/pyrobosim_msgs/pyrobosim_msgs/msg/detail/goal_predicate__traits.hpp\n'}
[0.298778] (pyrobosim_msgs) StdoutLine: {'line': b'-- Up-to-date symlink: /convince_ws/install/pyrobosim_msgs/include/pyrobosim_msgs/pyrobosim_msgs/msg/detail/goal_predicate__type_support.hpp\n'}
[0.298946] (pyrobosim_msgs) StdoutLine: {'line': b'-- Up-to-date symlink: /convince_ws/install/pyrobosim_msgs/include/pyrobosim_msgs/pyrobosim_msgs/msg/detail/goal_specification__builder.hpp\n'}
[0.299108] (pyrobosim_msgs) StdoutLine: {'line': b'-- Up-to-date symlink: /convince_ws/install/pyrobosim_msgs/include/pyrobosim_msgs/pyrobosim_msgs/msg/detail/goal_specification__struct.hpp\n'}
[0.299317] (pyrobosim_msgs) StdoutLine: {'line': b'-- Up-to-date symlink: /convince_ws/install/pyrobosim_msgs/include/pyrobosim_msgs/pyrobosim_msgs/msg/detail/goal_specification__traits.hpp\n'}
[0.299773] (pyrobosim_msgs) StdoutLine: {'line': b'-- Up-to-date symlink: /convince_ws/install/pyrobosim_msgs/include/pyrobosim_msgs/pyrobosim_msgs/msg/detail/goal_specification__type_support.hpp\n'}
[0.299971] (pyrobosim_msgs) StdoutLine: {'line': b'-- Up-to-date symlink: /convince_ws/install/pyrobosim_msgs/include/pyrobosim_msgs/pyrobosim_msgs/msg/detail/hallway_state__builder.hpp\n'}
[0.300143] (-) TimerEvent: {}
[0.300326] (pyrobosim_msgs) StdoutLine: {'line': b'-- Up-to-date symlink: /convince_ws/install/pyrobosim_msgs/include/pyrobosim_msgs/pyrobosim_msgs/msg/detail/hallway_state__struct.hpp\n'}
[0.300503] (pyrobosim_msgs) StdoutLine: {'line': b'-- Up-to-date symlink: /convince_ws/install/pyrobosim_msgs/include/pyrobosim_msgs/pyrobosim_msgs/msg/detail/hallway_state__traits.hpp\n'}
[0.300915] (pyrobosim_msgs) StdoutLine: {'line': b'-- Up-to-date symlink: /convince_ws/install/pyrobosim_msgs/include/pyrobosim_msgs/pyrobosim_msgs/msg/detail/hallway_state__type_support.hpp\n'}
[0.301324] (bt_interfaces_dummy) StdoutLine: {'line': b'-- Up-to-date: /convince_ws/install/bt_interfaces_dummy/lib/libbt_interfaces_dummy__rosidl_typesupport_introspection_cpp.so\n'}
[0.301455] (pyrobosim_msgs) StdoutLine: {'line': b'-- Up-to-date symlink: /convince_ws/install/pyrobosim_msgs/include/pyrobosim_msgs/pyrobosim_msgs/msg/detail/location_state__builder.hpp\n'}
[0.301626] (pyrobosim_msgs) StdoutLine: {'line': b'-- Up-to-date symlink: /convince_ws/install/pyrobosim_msgs/include/pyrobosim_msgs/pyrobosim_msgs/msg/detail/location_state__struct.hpp\n'}
[0.301829] (bt_interfaces_dummy) StdoutLine: {'line': b'-- Up-to-date: /convince_ws/install/bt_interfaces_dummy/lib/libbt_interfaces_dummy__rosidl_typesupport_cpp.so\n'}
[0.301981] (pyrobosim_msgs) StdoutLine: {'line': b'-- Up-to-date symlink: /convince_ws/install/pyrobosim_msgs/include/pyrobosim_msgs/pyrobosim_msgs/msg/detail/location_state__traits.hpp\n'}
[0.302154] (pyrobosim_msgs) StdoutLine: {'line': b'-- Up-to-date symlink: /convince_ws/install/pyrobosim_msgs/include/pyrobosim_msgs/pyrobosim_msgs/msg/detail/location_state__type_support.hpp\n'}
[0.302297] (pyrobosim_msgs) StdoutLine: {'line': b'-- Up-to-date symlink: /convince_ws/install/pyrobosim_msgs/include/pyrobosim_msgs/pyrobosim_msgs/msg/detail/object_state__builder.hpp\n'}
[0.302401] (pyrobosim_msgs) StdoutLine: {'line': b'-- Up-to-date symlink: /convince_ws/install/pyrobosim_msgs/include/pyrobosim_msgs/pyrobosim_msgs/msg/detail/object_state__struct.hpp\n'}
[0.302552] (pyrobosim_msgs) StdoutLine: {'line': b'-- Up-to-date symlink: /convince_ws/install/pyrobosim_msgs/include/pyrobosim_msgs/pyrobosim_msgs/msg/detail/object_state__traits.hpp\n'}
[0.302699] (pyrobosim_msgs) StdoutLine: {'line': b'-- Up-to-date symlink: /convince_ws/install/pyrobosim_msgs/include/pyrobosim_msgs/pyrobosim_msgs/msg/detail/object_state__type_support.hpp\n'}
[0.303032] (pyrobosim_msgs) StdoutLine: {'line': b'-- Up-to-date symlink: /convince_ws/install/pyrobosim_msgs/include/pyrobosim_msgs/pyrobosim_msgs/msg/detail/path__builder.hpp\n'}
[0.303174] (pyrobosim_msgs) StdoutLine: {'line': b'-- Up-to-date symlink: /convince_ws/install/pyrobosim_msgs/include/pyrobosim_msgs/pyrobosim_msgs/msg/detail/path__struct.hpp\n'}
[0.303297] (pyrobosim_msgs) StdoutLine: {'line': b'-- Up-to-date symlink: /convince_ws/install/pyrobosim_msgs/include/pyrobosim_msgs/pyrobosim_msgs/msg/detail/path__traits.hpp\n'}
[0.303374] (pyrobosim_msgs) StdoutLine: {'line': b'-- Up-to-date symlink: /convince_ws/install/pyrobosim_msgs/include/pyrobosim_msgs/pyrobosim_msgs/msg/detail/path__type_support.hpp\n'}
[0.303448] (pyrobosim_msgs) StdoutLine: {'line': b'-- Up-to-date symlink: /convince_ws/install/pyrobosim_msgs/include/pyrobosim_msgs/pyrobosim_msgs/msg/detail/robot_state__builder.hpp\n'}
[0.303573] (pyrobosim_msgs) StdoutLine: {'line': b'-- Up-to-date symlink: /convince_ws/install/pyrobosim_msgs/include/pyrobosim_msgs/pyrobosim_msgs/msg/detail/robot_state__struct.hpp\n'}
[0.303906] (pyrobosim_msgs) StdoutLine: {'line': b'-- Up-to-date symlink: /convince_ws/install/pyrobosim_msgs/include/pyrobosim_msgs/pyrobosim_msgs/msg/detail/robot_state__traits.hpp\n'}
[0.303992] (pyrobosim_msgs) StdoutLine: {'line': b'-- Up-to-date symlink: /convince_ws/install/pyrobosim_msgs/include/pyrobosim_msgs/pyrobosim_msgs/msg/detail/robot_state__type_support.hpp\n'}
[0.304124] (pyrobosim_msgs) StdoutLine: {'line': b'-- Up-to-date symlink: /convince_ws/install/pyrobosim_msgs/include/pyrobosim_msgs/pyrobosim_msgs/msg/detail/task_action__builder.hpp\n'}
[0.304255] (pyrobosim_msgs) StdoutLine: {'line': b'-- Up-to-date symlink: /convince_ws/install/pyrobosim_msgs/include/pyrobosim_msgs/pyrobosim_msgs/msg/detail/task_action__struct.hpp\n'}
[0.304362] (pyrobosim_msgs) StdoutLine: {'line': b'-- Up-to-date symlink: /convince_ws/install/pyrobosim_msgs/include/pyrobosim_msgs/pyrobosim_msgs/msg/detail/task_action__traits.hpp\n'}
[0.304494] (pyrobosim_msgs) StdoutLine: {'line': b'-- Up-to-date symlink: /convince_ws/install/pyrobosim_msgs/include/pyrobosim_msgs/pyrobosim_msgs/msg/detail/task_action__type_support.hpp\n'}
[0.304620] (pyrobosim_msgs) StdoutLine: {'line': b'-- Up-to-date symlink: /convince_ws/install/pyrobosim_msgs/include/pyrobosim_msgs/pyrobosim_msgs/msg/detail/task_plan__builder.hpp\n'}
[0.304713] (pyrobosim_msgs) StdoutLine: {'line': b'-- Up-to-date symlink: /convince_ws/install/pyrobosim_msgs/include/pyrobosim_msgs/pyrobosim_msgs/msg/detail/task_plan__struct.hpp\n'}
[0.304787] (pyrobosim_msgs) StdoutLine: {'line': b'-- Up-to-date symlink: /convince_ws/install/pyrobosim_msgs/include/pyrobosim_msgs/pyrobosim_msgs/msg/detail/task_plan__traits.hpp\n'}
[0.304863] (pyrobosim_msgs) StdoutLine: {'line': b'-- Up-to-date symlink: /convince_ws/install/pyrobosim_msgs/include/pyrobosim_msgs/pyrobosim_msgs/msg/detail/task_plan__type_support.hpp\n'}
[0.304938] (pyrobosim_msgs) StdoutLine: {'line': b'-- Up-to-date symlink: /convince_ws/install/pyrobosim_msgs/include/pyrobosim_msgs/pyrobosim_msgs/msg/detail/world_info__builder.hpp\n'}
[0.305014] (pyrobosim_msgs) StdoutLine: {'line': b'-- Up-to-date symlink: /convince_ws/install/pyrobosim_msgs/include/pyrobosim_msgs/pyrobosim_msgs/msg/detail/world_info__struct.hpp\n'}
[0.305087] (pyrobosim_msgs) StdoutLine: {'line': b'-- Up-to-date symlink: /convince_ws/install/pyrobosim_msgs/include/pyrobosim_msgs/pyrobosim_msgs/msg/detail/world_info__traits.hpp\n'}
[0.305159] (pyrobosim_msgs) StdoutLine: {'line': b'-- Up-to-date symlink: /convince_ws/install/pyrobosim_msgs/include/pyrobosim_msgs/pyrobosim_msgs/msg/detail/world_info__type_support.hpp\n'}
[0.305237] (pyrobosim_msgs) StdoutLine: {'line': b'-- Up-to-date symlink: /convince_ws/install/pyrobosim_msgs/include/pyrobosim_msgs/pyrobosim_msgs/msg/detail/world_state__builder.hpp\n'}
[0.305327] (pyrobosim_msgs) StdoutLine: {'line': b'-- Up-to-date symlink: /convince_ws/install/pyrobosim_msgs/include/pyrobosim_msgs/pyrobosim_msgs/msg/detail/world_state__struct.hpp\n'}
[0.305400] (pyrobosim_msgs) StdoutLine: {'line': b'-- Up-to-date symlink: /convince_ws/install/pyrobosim_msgs/include/pyrobosim_msgs/pyrobosim_msgs/msg/detail/world_state__traits.hpp\n'}
[0.305473] (pyrobosim_msgs) StdoutLine: {'line': b'-- Up-to-date symlink: /convince_ws/install/pyrobosim_msgs/include/pyrobosim_msgs/pyrobosim_msgs/msg/detail/world_state__type_support.hpp\n'}
[0.305544] (pyrobosim_msgs) StdoutLine: {'line': b'-- Up-to-date symlink: /convince_ws/install/pyrobosim_msgs/include/pyrobosim_msgs/pyrobosim_msgs/msg/execution_result.hpp\n'}
[0.305698] (pyrobosim_msgs) StdoutLine: {'line': b'-- Up-to-date symlink: /convince_ws/install/pyrobosim_msgs/include/pyrobosim_msgs/pyrobosim_msgs/msg/goal_predicate.hpp\n'}
[0.305781] (pyrobosim_msgs) StdoutLine: {'line': b'-- Up-to-date symlink: /convince_ws/install/pyrobosim_msgs/include/pyrobosim_msgs/pyrobosim_msgs/msg/goal_specification.hpp\n'}
[0.305875] (pyrobosim_msgs) StdoutLine: {'line': b'-- Up-to-date symlink: /convince_ws/install/pyrobosim_msgs/include/pyrobosim_msgs/pyrobosim_msgs/msg/hallway_state.hpp\n'}
[0.305956] (pyrobosim_msgs) StdoutLine: {'line': b'-- Up-to-date symlink: /convince_ws/install/pyrobosim_msgs/include/pyrobosim_msgs/pyrobosim_msgs/msg/location_state.hpp\n'}
[0.306046] (pyrobosim_msgs) StdoutLine: {'line': b'-- Up-to-date symlink: /convince_ws/install/pyrobosim_msgs/include/pyrobosim_msgs/pyrobosim_msgs/msg/object_state.hpp\n'}
[0.306126] (pyrobosim_msgs) StdoutLine: {'line': b'-- Up-to-date symlink: /convince_ws/install/pyrobosim_msgs/include/pyrobosim_msgs/pyrobosim_msgs/msg/path.hpp\n'}
[0.306210] (pyrobosim_msgs) StdoutLine: {'line': b'-- Up-to-date symlink: /convince_ws/install/pyrobosim_msgs/include/pyrobosim_msgs/pyrobosim_msgs/msg/robot_state.hpp\n'}
[0.306304] (pyrobosim_msgs) StdoutLine: {'line': b'-- Up-to-date symlink: /convince_ws/install/pyrobosim_msgs/include/pyrobosim_msgs/pyrobosim_msgs/msg/rosidl_generator_cpp__visibility_control.hpp\n'}
[0.306389] (pyrobosim_msgs) StdoutLine: {'line': b'-- Up-to-date symlink: /convince_ws/install/pyrobosim_msgs/include/pyrobosim_msgs/pyrobosim_msgs/msg/task_action.hpp\n'}
[0.306464] (pyrobosim_msgs) StdoutLine: {'line': b'-- Up-to-date symlink: /convince_ws/install/pyrobosim_msgs/include/pyrobosim_msgs/pyrobosim_msgs/msg/task_plan.hpp\n'}
[0.306542] (btcpp_ros2_interfaces) StdoutLine: {'line': b'-- Up-to-date: /convince_ws/install/btcpp_ros2_interfaces/lib/libbtcpp_ros2_interfaces__rosidl_generator_py.so\n'}
[0.306634] (pyrobosim_msgs) StdoutLine: {'line': b'-- Up-to-date symlink: /convince_ws/install/pyrobosim_msgs/include/pyrobosim_msgs/pyrobosim_msgs/msg/world_info.hpp\n'}
[0.306712] (pyrobosim_msgs) StdoutLine: {'line': b'-- Up-to-date symlink: /convince_ws/install/pyrobosim_msgs/include/pyrobosim_msgs/pyrobosim_msgs/msg/world_state.hpp\n'}
[0.306786] (pyrobosim_msgs) StdoutLine: {'line': b'-- Up-to-date symlink: /convince_ws/install/pyrobosim_msgs/include/pyrobosim_msgs/pyrobosim_msgs/srv/detail/request_world_info__builder.hpp\n'}
[0.306870] (pyrobosim_msgs) StdoutLine: {'line': b'-- Up-to-date symlink: /convince_ws/install/pyrobosim_msgs/include/pyrobosim_msgs/pyrobosim_msgs/srv/detail/request_world_info__struct.hpp\n'}
[0.306947] (pyrobosim_msgs) StdoutLine: {'line': b'-- Up-to-date symlink: /convince_ws/install/pyrobosim_msgs/include/pyrobosim_msgs/pyrobosim_msgs/srv/detail/request_world_info__traits.hpp\n'}
[0.307018] (pyrobosim_msgs) StdoutLine: {'line': b'-- Up-to-date symlink: /convince_ws/install/pyrobosim_msgs/include/pyrobosim_msgs/pyrobosim_msgs/srv/detail/request_world_info__type_support.hpp\n'}
[0.307303] (pyrobosim_msgs) StdoutLine: {'line': b'-- Up-to-date symlink: /convince_ws/install/pyrobosim_msgs/include/pyrobosim_msgs/pyrobosim_msgs/srv/detail/request_world_state__builder.hpp\n'}
[0.307482] (btcpp_ros2_interfaces) StdoutLine: {'line': b'-- Up-to-date: /convince_ws/install/btcpp_ros2_interfaces/share/btcpp_ros2_interfaces/cmake/export_btcpp_ros2_interfaces__rosidl_generator_cExport.cmake\n'}
[0.307709] (btcpp_ros2_interfaces) StdoutLine: {'line': b'-- Up-to-date: /convince_ws/install/btcpp_ros2_interfaces/share/btcpp_ros2_interfaces/cmake/export_btcpp_ros2_interfaces__rosidl_generator_cExport-noconfig.cmake\n'}
[0.307836] (pyrobosim_msgs) StdoutLine: {'line': b'-- Up-to-date symlink: /convince_ws/install/pyrobosim_msgs/include/pyrobosim_msgs/pyrobosim_msgs/srv/detail/request_world_state__struct.hpp\n'}
[0.307913] (btcpp_ros2_interfaces) StdoutLine: {'line': b'-- Up-to-date: /convince_ws/install/btcpp_ros2_interfaces/share/btcpp_ros2_interfaces/cmake/export_btcpp_ros2_interfaces__rosidl_typesupport_fastrtps_cExport.cmake\n'}
[0.307981] (btcpp_ros2_interfaces) StdoutLine: {'line': b'-- Up-to-date: /convince_ws/install/btcpp_ros2_interfaces/share/btcpp_ros2_interfaces/cmake/export_btcpp_ros2_interfaces__rosidl_typesupport_fastrtps_cExport-noconfig.cmake\n'}
[0.308054] (pyrobosim_msgs) StdoutLine: {'line': b'-- Up-to-date symlink: /convince_ws/install/pyrobosim_msgs/include/pyrobosim_msgs/pyrobosim_msgs/srv/detail/request_world_state__traits.hpp\n'}
[0.308149] (pyrobosim_msgs) StdoutLine: {'line': b'-- Up-to-date symlink: /convince_ws/install/pyrobosim_msgs/include/pyrobosim_msgs/pyrobosim_msgs/srv/detail/request_world_state__type_support.hpp\n'}
[0.308298] (pyrobosim_msgs) StdoutLine: {'line': b'-- Up-to-date symlink: /convince_ws/install/pyrobosim_msgs/include/pyrobosim_msgs/pyrobosim_msgs/srv/detail/reset_world__builder.hpp\n'}
[0.308367] (pyrobosim_msgs) StdoutLine: {'line': b'-- Up-to-date symlink: /convince_ws/install/pyrobosim_msgs/include/pyrobosim_msgs/pyrobosim_msgs/srv/detail/reset_world__struct.hpp\n'}
[0.308434] (pyrobosim_msgs) StdoutLine: {'line': b'-- Up-to-date symlink: /convince_ws/install/pyrobosim_msgs/include/pyrobosim_msgs/pyrobosim_msgs/srv/detail/reset_world__traits.hpp\n'}
[0.308500] (btcpp_ros2_interfaces) StdoutLine: {'line': b'-- Up-to-date: /convince_ws/install/btcpp_ros2_interfaces/share/btcpp_ros2_interfaces/cmake/btcpp_ros2_interfaces__rosidl_typesupport_introspection_cExport.cmake\n'}
[0.308645] (btcpp_ros2_interfaces) StdoutLine: {'line': b'-- Up-to-date: /convince_ws/install/btcpp_ros2_interfaces/share/btcpp_ros2_interfaces/cmake/btcpp_ros2_interfaces__rosidl_typesupport_introspection_cExport-noconfig.cmake\n'}
[0.308756] (pyrobosim_msgs) StdoutLine: {'line': b'-- Up-to-date symlink: /convince_ws/install/pyrobosim_msgs/include/pyrobosim_msgs/pyrobosim_msgs/srv/detail/reset_world__type_support.hpp\n'}
[0.308937] (btcpp_ros2_interfaces) StdoutLine: {'line': b'-- Up-to-date: /convince_ws/install/btcpp_ros2_interfaces/share/btcpp_ros2_interfaces/cmake/btcpp_ros2_interfaces__rosidl_typesupport_cExport.cmake\n'}
[0.309005] (btcpp_ros2_interfaces) StdoutLine: {'line': b'-- Up-to-date: /convince_ws/install/btcpp_ros2_interfaces/share/btcpp_ros2_interfaces/cmake/btcpp_ros2_interfaces__rosidl_typesupport_cExport-noconfig.cmake\n'}
[0.309119] (pyrobosim_msgs) StdoutLine: {'line': b'-- Up-to-date symlink: /convince_ws/install/pyrobosim_msgs/include/pyrobosim_msgs/pyrobosim_msgs/srv/detail/set_location_state__builder.hpp\n'}
[0.309210] (pyrobosim_msgs) StdoutLine: {'line': b'-- Up-to-date symlink: /convince_ws/install/pyrobosim_msgs/include/pyrobosim_msgs/pyrobosim_msgs/srv/detail/set_location_state__struct.hpp\n'}
[0.309291] (pyrobosim_msgs) StdoutLine: {'line': b'-- Up-to-date symlink: /convince_ws/install/pyrobosim_msgs/include/pyrobosim_msgs/pyrobosim_msgs/srv/detail/set_location_state__traits.hpp\n'}
[0.309371] (pyrobosim_msgs) StdoutLine: {'line': b'-- Up-to-date symlink: /convince_ws/install/pyrobosim_msgs/include/pyrobosim_msgs/pyrobosim_msgs/srv/detail/set_location_state__type_support.hpp\n'}
[0.309454] (btcpp_ros2_interfaces) StdoutLine: {'line': b'-- Up-to-date: /convince_ws/install/btcpp_ros2_interfaces/share/btcpp_ros2_interfaces/cmake/export_btcpp_ros2_interfaces__rosidl_generator_cppExport.cmake\n'}
[0.309599] (pyrobosim_msgs) StdoutLine: {'line': b'-- Up-to-date symlink: /convince_ws/install/pyrobosim_msgs/include/pyrobosim_msgs/pyrobosim_msgs/srv/request_world_info.hpp\n'}
[0.309672] (pyrobosim_msgs) StdoutLine: {'line': b'-- Up-to-date symlink: /convince_ws/install/pyrobosim_msgs/include/pyrobosim_msgs/pyrobosim_msgs/srv/request_world_state.hpp\n'}
[0.309819] (btcpp_ros2_interfaces) StdoutLine: {'line': b'-- Up-to-date: /convince_ws/install/btcpp_ros2_interfaces/share/btcpp_ros2_interfaces/cmake/export_btcpp_ros2_interfaces__rosidl_typesupport_fastrtps_cppExport.cmake\n'}
[0.309889] (btcpp_ros2_interfaces) StdoutLine: {'line': b'-- Up-to-date: /convince_ws/install/btcpp_ros2_interfaces/share/btcpp_ros2_interfaces/cmake/export_btcpp_ros2_interfaces__rosidl_typesupport_fastrtps_cppExport-noconfig.cmake\n'}
[0.309988] (pyrobosim_msgs) StdoutLine: {'line': b'-- Up-to-date symlink: /convince_ws/install/pyrobosim_msgs/include/pyrobosim_msgs/pyrobosim_msgs/srv/reset_world.hpp\n'}
[0.310088] (pyrobosim_msgs) StdoutLine: {'line': b'-- Up-to-date symlink: /convince_ws/install/pyrobosim_msgs/include/pyrobosim_msgs/pyrobosim_msgs/srv/set_location_state.hpp\n'}
[0.310175] (btcpp_ros2_interfaces) StdoutLine: {'line': b'-- Up-to-date: /convince_ws/install/btcpp_ros2_interfaces/share/btcpp_ros2_interfaces/cmake/btcpp_ros2_interfaces__rosidl_typesupport_introspection_cppExport.cmake\n'}
[0.310277] (btcpp_ros2_interfaces) StdoutLine: {'line': b'-- Up-to-date: /convince_ws/install/btcpp_ros2_interfaces/share/btcpp_ros2_interfaces/cmake/btcpp_ros2_interfaces__rosidl_typesupport_introspection_cppExport-noconfig.cmake\n'}
[0.310549] (btcpp_ros2_interfaces) StdoutLine: {'line': b'-- Up-to-date: /convince_ws/install/btcpp_ros2_interfaces/share/btcpp_ros2_interfaces/cmake/btcpp_ros2_interfaces__rosidl_typesupport_cppExport.cmake\n'}
[0.310635] (btcpp_ros2_interfaces) StdoutLine: {'line': b'-- Up-to-date: /convince_ws/install/btcpp_ros2_interfaces/share/btcpp_ros2_interfaces/cmake/btcpp_ros2_interfaces__rosidl_typesupport_cppExport-noconfig.cmake\n'}
[0.310705] (btcpp_ros2_interfaces) StdoutLine: {'line': b'-- Up-to-date: /convince_ws/install/btcpp_ros2_interfaces/share/btcpp_ros2_interfaces/cmake/export_btcpp_ros2_interfaces__rosidl_generator_pyExport.cmake\n'}
[0.310789] (btcpp_ros2_interfaces) StdoutLine: {'line': b'-- Up-to-date: /convince_ws/install/btcpp_ros2_interfaces/share/btcpp_ros2_interfaces/cmake/export_btcpp_ros2_interfaces__rosidl_generator_pyExport-noconfig.cmake\n'}
[0.310857] (pyrobosim_msgs) StdoutLine: {'line': b'-- Up-to-date symlink: /convince_ws/install/pyrobosim_msgs/include/pyrobosim_msgs/pyrobosim_msgs/action/detail/detect_objects__rosidl_typesupport_fastrtps_cpp.hpp\n'}
[0.310981] (pyrobosim_msgs) StdoutLine: {'line': b'-- Up-to-date symlink: /convince_ws/install/pyrobosim_msgs/include/pyrobosim_msgs/pyrobosim_msgs/action/detail/execute_task_action__rosidl_typesupport_fastrtps_cpp.hpp\n'}
[0.311050] (pyrobosim_msgs) StdoutLine: {'line': b'-- Up-to-date symlink: /convince_ws/install/pyrobosim_msgs/include/pyrobosim_msgs/pyrobosim_msgs/action/detail/execute_task_plan__rosidl_typesupport_fastrtps_cpp.hpp\n'}
[0.311117] (pyrobosim_msgs) StdoutLine: {'line': b'-- Up-to-date symlink: /convince_ws/install/pyrobosim_msgs/include/pyrobosim_msgs/pyrobosim_msgs/action/detail/follow_path__rosidl_typesupport_fastrtps_cpp.hpp\n'}
[0.312041] (pyrobosim_msgs) StdoutLine: {'line': b'-- Up-to-date symlink: /convince_ws/install/pyrobosim_msgs/include/pyrobosim_msgs/pyrobosim_msgs/action/detail/plan_path__rosidl_typesupport_fastrtps_cpp.hpp\n'}
[0.312457] (pyrobosim_msgs) StdoutLine: {'line': b'-- Up-to-date symlink: /convince_ws/install/pyrobosim_msgs/include/pyrobosim_msgs/pyrobosim_msgs/msg/detail/execution_result__rosidl_typesupport_fastrtps_cpp.hpp\n'}
[0.312567] (pyrobosim_msgs) StdoutLine: {'line': b'-- Up-to-date symlink: /convince_ws/install/pyrobosim_msgs/include/pyrobosim_msgs/pyrobosim_msgs/msg/detail/goal_predicate__rosidl_typesupport_fastrtps_cpp.hpp\n'}
[0.312922] (pyrobosim_msgs) StdoutLine: {'line': b'-- Up-to-date symlink: /convince_ws/install/pyrobosim_msgs/include/pyrobosim_msgs/pyrobosim_msgs/msg/detail/goal_specification__rosidl_typesupport_fastrtps_cpp.hpp\n'}
[0.313031] (pyrobosim_msgs) StdoutLine: {'line': b'-- Up-to-date symlink: /convince_ws/install/pyrobosim_msgs/include/pyrobosim_msgs/pyrobosim_msgs/msg/detail/hallway_state__rosidl_typesupport_fastrtps_cpp.hpp\n'}
[0.313277] (pyrobosim_msgs) StdoutLine: {'line': b'-- Up-to-date symlink: /convince_ws/install/pyrobosim_msgs/include/pyrobosim_msgs/pyrobosim_msgs/msg/detail/location_state__rosidl_typesupport_fastrtps_cpp.hpp\n'}
[0.313363] (pyrobosim_msgs) StdoutLine: {'line': b'-- Up-to-date symlink: /convince_ws/install/pyrobosim_msgs/include/pyrobosim_msgs/pyrobosim_msgs/msg/detail/object_state__rosidl_typesupport_fastrtps_cpp.hpp\n'}
[0.313501] (pyrobosim_msgs) StdoutLine: {'line': b'-- Up-to-date symlink: /convince_ws/install/pyrobosim_msgs/include/pyrobosim_msgs/pyrobosim_msgs/msg/detail/path__rosidl_typesupport_fastrtps_cpp.hpp\n'}
[0.313689] (pyrobosim_msgs) StdoutLine: {'line': b'-- Up-to-date symlink: /convince_ws/install/pyrobosim_msgs/include/pyrobosim_msgs/pyrobosim_msgs/msg/detail/robot_state__rosidl_typesupport_fastrtps_cpp.hpp\n'}
[0.314114] (pyrobosim_msgs) StdoutLine: {'line': b'-- Up-to-date symlink: /convince_ws/install/pyrobosim_msgs/include/pyrobosim_msgs/pyrobosim_msgs/msg/detail/task_action__rosidl_typesupport_fastrtps_cpp.hpp\n'}
[0.314311] (pyrobosim_msgs) StdoutLine: {'line': b'-- Up-to-date symlink: /convince_ws/install/pyrobosim_msgs/include/pyrobosim_msgs/pyrobosim_msgs/msg/detail/task_plan__rosidl_typesupport_fastrtps_cpp.hpp\n'}
[0.314450] (pyrobosim_msgs) StdoutLine: {'line': b'-- Up-to-date symlink: /convince_ws/install/pyrobosim_msgs/include/pyrobosim_msgs/pyrobosim_msgs/msg/detail/world_info__rosidl_typesupport_fastrtps_cpp.hpp\n'}
[0.314627] (pyrobosim_msgs) StdoutLine: {'line': b'-- Up-to-date symlink: /convince_ws/install/pyrobosim_msgs/include/pyrobosim_msgs/pyrobosim_msgs/msg/detail/world_state__rosidl_typesupport_fastrtps_cpp.hpp\n'}
[0.314768] (pyrobosim_msgs) StdoutLine: {'line': b'-- Up-to-date symlink: /convince_ws/install/pyrobosim_msgs/include/pyrobosim_msgs/pyrobosim_msgs/msg/rosidl_typesupport_fastrtps_cpp__visibility_control.h\n'}
[0.314939] (pyrobosim_msgs) StdoutLine: {'line': b'-- Up-to-date symlink: /convince_ws/install/pyrobosim_msgs/include/pyrobosim_msgs/pyrobosim_msgs/srv/detail/request_world_info__rosidl_typesupport_fastrtps_cpp.hpp\n'}
[0.315021] (pyrobosim_msgs) StdoutLine: {'line': b'-- Up-to-date symlink: /convince_ws/install/pyrobosim_msgs/include/pyrobosim_msgs/pyrobosim_msgs/srv/detail/request_world_state__rosidl_typesupport_fastrtps_cpp.hpp\n'}
[0.315453] (pyrobosim_msgs) StdoutLine: {'line': b'-- Up-to-date symlink: /convince_ws/install/pyrobosim_msgs/include/pyrobosim_msgs/pyrobosim_msgs/srv/detail/reset_world__rosidl_typesupport_fastrtps_cpp.hpp\n'}
[0.315707] (pyrobosim_msgs) StdoutLine: {'line': b'-- Up-to-date symlink: /convince_ws/install/pyrobosim_msgs/include/pyrobosim_msgs/pyrobosim_msgs/srv/detail/set_location_state__rosidl_typesupport_fastrtps_cpp.hpp\n'}
[0.315795] (pyrobosim_msgs) StdoutLine: {'line': b'-- Up-to-date symlink: /convince_ws/install/pyrobosim_msgs/include/pyrobosim_msgs/pyrobosim_msgs/action/detail/detect_objects__rosidl_typesupport_introspection_c.h\n'}
[0.316089] (pyrobosim_msgs) StdoutLine: {'line': b'-- Up-to-date symlink: /convince_ws/install/pyrobosim_msgs/include/pyrobosim_msgs/pyrobosim_msgs/action/detail/execute_task_action__rosidl_typesupport_introspection_c.h\n'}
[0.316227] (pyrobosim_msgs) StdoutLine: {'line': b'-- Up-to-date symlink: /convince_ws/install/pyrobosim_msgs/include/pyrobosim_msgs/pyrobosim_msgs/action/detail/execute_task_plan__rosidl_typesupport_introspection_c.h\n'}
[0.316457] (pyrobosim_msgs) StdoutLine: {'line': b'-- Up-to-date symlink: /convince_ws/install/pyrobosim_msgs/include/pyrobosim_msgs/pyrobosim_msgs/action/detail/follow_path__rosidl_typesupport_introspection_c.h\n'}
[0.316556] (pyrobosim_msgs) StdoutLine: {'line': b'-- Up-to-date symlink: /convince_ws/install/pyrobosim_msgs/include/pyrobosim_msgs/pyrobosim_msgs/action/detail/plan_path__rosidl_typesupport_introspection_c.h\n'}
[0.316811] (pyrobosim_msgs) StdoutLine: {'line': b'-- Up-to-date symlink: /convince_ws/install/pyrobosim_msgs/include/pyrobosim_msgs/pyrobosim_msgs/msg/detail/execution_result__rosidl_typesupport_introspection_c.h\n'}
[0.316975] (pyrobosim_msgs) StdoutLine: {'line': b'-- Up-to-date symlink: /convince_ws/install/pyrobosim_msgs/include/pyrobosim_msgs/pyrobosim_msgs/msg/detail/goal_predicate__rosidl_typesupport_introspection_c.h\n'}
[0.317141] (pyrobosim_msgs) StdoutLine: {'line': b'-- Up-to-date symlink: /convince_ws/install/pyrobosim_msgs/include/pyrobosim_msgs/pyrobosim_msgs/msg/detail/goal_specification__rosidl_typesupport_introspection_c.h\n'}
[0.317268] (pyrobosim_msgs) StdoutLine: {'line': b'-- Up-to-date symlink: /convince_ws/install/pyrobosim_msgs/include/pyrobosim_msgs/pyrobosim_msgs/msg/detail/hallway_state__rosidl_typesupport_introspection_c.h\n'}
[0.317366] (pyrobosim_msgs) StdoutLine: {'line': b'-- Up-to-date symlink: /convince_ws/install/pyrobosim_msgs/include/pyrobosim_msgs/pyrobosim_msgs/msg/detail/location_state__rosidl_typesupport_introspection_c.h\n'}
[0.317493] (pyrobosim_msgs) StdoutLine: {'line': b'-- Up-to-date symlink: /convince_ws/install/pyrobosim_msgs/include/pyrobosim_msgs/pyrobosim_msgs/msg/detail/object_state__rosidl_typesupport_introspection_c.h\n'}
[0.317583] (pyrobosim_msgs) StdoutLine: {'line': b'-- Up-to-date symlink: /convince_ws/install/pyrobosim_msgs/include/pyrobosim_msgs/pyrobosim_msgs/msg/detail/path__rosidl_typesupport_introspection_c.h\n'}
[0.317746] (pyrobosim_msgs) StdoutLine: {'line': b'-- Up-to-date symlink: /convince_ws/install/pyrobosim_msgs/include/pyrobosim_msgs/pyrobosim_msgs/msg/detail/robot_state__rosidl_typesupport_introspection_c.h\n'}
[0.317848] (pyrobosim_msgs) StdoutLine: {'line': b'-- Up-to-date symlink: /convince_ws/install/pyrobosim_msgs/include/pyrobosim_msgs/pyrobosim_msgs/msg/detail/task_action__rosidl_typesupport_introspection_c.h\n'}
[0.318117] (pyrobosim_msgs) StdoutLine: {'line': b'-- Up-to-date symlink: /convince_ws/install/pyrobosim_msgs/include/pyrobosim_msgs/pyrobosim_msgs/msg/detail/task_plan__rosidl_typesupport_introspection_c.h\n'}
[0.318479] (pyrobosim_msgs) StdoutLine: {'line': b'-- Up-to-date symlink: /convince_ws/install/pyrobosim_msgs/include/pyrobosim_msgs/pyrobosim_msgs/msg/detail/world_info__rosidl_typesupport_introspection_c.h\n'}
[0.318658] (pyrobosim_msgs) StdoutLine: {'line': b'-- Up-to-date symlink: /convince_ws/install/pyrobosim_msgs/include/pyrobosim_msgs/pyrobosim_msgs/msg/detail/world_state__rosidl_typesupport_introspection_c.h\n'}
[0.318774] (pyrobosim_msgs) StdoutLine: {'line': b'-- Up-to-date symlink: /convince_ws/install/pyrobosim_msgs/include/pyrobosim_msgs/pyrobosim_msgs/msg/rosidl_typesupport_introspection_c__visibility_control.h\n'}
[0.318844] (pyrobosim_msgs) StdoutLine: {'line': b'-- Up-to-date symlink: /convince_ws/install/pyrobosim_msgs/include/pyrobosim_msgs/pyrobosim_msgs/srv/detail/request_world_info__rosidl_typesupport_introspection_c.h\n'}
[0.318912] (pyrobosim_msgs) StdoutLine: {'line': b'-- Up-to-date symlink: /convince_ws/install/pyrobosim_msgs/include/pyrobosim_msgs/pyrobosim_msgs/srv/detail/request_world_state__rosidl_typesupport_introspection_c.h\n'}
[0.318980] (pyrobosim_msgs) StdoutLine: {'line': b'-- Up-to-date symlink: /convince_ws/install/pyrobosim_msgs/include/pyrobosim_msgs/pyrobosim_msgs/srv/detail/reset_world__rosidl_typesupport_introspection_c.h\n'}
[0.319047] (pyrobosim_msgs) StdoutLine: {'line': b'-- Up-to-date symlink: /convince_ws/install/pyrobosim_msgs/include/pyrobosim_msgs/pyrobosim_msgs/srv/detail/set_location_state__rosidl_typesupport_introspection_c.h\n'}
[0.319114] (pyrobosim_msgs) StdoutLine: {'line': b'-- Up-to-date symlink: /convince_ws/install/pyrobosim_msgs/include/pyrobosim_msgs/pyrobosim_msgs/action/detail/detect_objects__rosidl_typesupport_introspection_cpp.hpp\n'}
[0.319280] (pyrobosim_msgs) StdoutLine: {'line': b'-- Up-to-date symlink: /convince_ws/install/pyrobosim_msgs/include/pyrobosim_msgs/pyrobosim_msgs/action/detail/execute_task_action__rosidl_typesupport_introspection_cpp.hpp\n'}
[0.319357] (pyrobosim_msgs) StdoutLine: {'line': b'-- Up-to-date symlink: /convince_ws/install/pyrobosim_msgs/include/pyrobosim_msgs/pyrobosim_msgs/action/detail/execute_task_plan__rosidl_typesupport_introspection_cpp.hpp\n'}
[0.319425] (pyrobosim_msgs) StdoutLine: {'line': b'-- Up-to-date symlink: /convince_ws/install/pyrobosim_msgs/include/pyrobosim_msgs/pyrobosim_msgs/action/detail/follow_path__rosidl_typesupport_introspection_cpp.hpp\n'}
[0.319492] (pyrobosim_msgs) StdoutLine: {'line': b'-- Up-to-date symlink: /convince_ws/install/pyrobosim_msgs/include/pyrobosim_msgs/pyrobosim_msgs/action/detail/plan_path__rosidl_typesupport_introspection_cpp.hpp\n'}
[0.319559] (pyrobosim_msgs) StdoutLine: {'line': b'-- Up-to-date symlink: /convince_ws/install/pyrobosim_msgs/include/pyrobosim_msgs/pyrobosim_msgs/msg/detail/execution_result__rosidl_typesupport_introspection_cpp.hpp\n'}
[0.319625] (pyrobosim_msgs) StdoutLine: {'line': b'-- Up-to-date symlink: /convince_ws/install/pyrobosim_msgs/include/pyrobosim_msgs/pyrobosim_msgs/msg/detail/goal_predicate__rosidl_typesupport_introspection_cpp.hpp\n'}
[0.319693] (pyrobosim_msgs) StdoutLine: {'line': b'-- Up-to-date symlink: /convince_ws/install/pyrobosim_msgs/include/pyrobosim_msgs/pyrobosim_msgs/msg/detail/goal_specification__rosidl_typesupport_introspection_cpp.hpp\n'}
[0.319794] (pyrobosim_msgs) StdoutLine: {'line': b'-- Up-to-date symlink: /convince_ws/install/pyrobosim_msgs/include/pyrobosim_msgs/pyrobosim_msgs/msg/detail/hallway_state__rosidl_typesupport_introspection_cpp.hpp\n'}
[0.319862] (pyrobosim_msgs) StdoutLine: {'line': b'-- Up-to-date symlink: /convince_ws/install/pyrobosim_msgs/include/pyrobosim_msgs/pyrobosim_msgs/msg/detail/location_state__rosidl_typesupport_introspection_cpp.hpp\n'}
[0.319929] (pyrobosim_msgs) StdoutLine: {'line': b'-- Up-to-date symlink: /convince_ws/install/pyrobosim_msgs/include/pyrobosim_msgs/pyrobosim_msgs/msg/detail/object_state__rosidl_typesupport_introspection_cpp.hpp\n'}
[0.319996] (pyrobosim_msgs) StdoutLine: {'line': b'-- Up-to-date symlink: /convince_ws/install/pyrobosim_msgs/include/pyrobosim_msgs/pyrobosim_msgs/msg/detail/path__rosidl_typesupport_introspection_cpp.hpp\n'}
[0.320076] (pyrobosim_msgs) StdoutLine: {'line': b'-- Up-to-date symlink: /convince_ws/install/pyrobosim_msgs/include/pyrobosim_msgs/pyrobosim_msgs/msg/detail/robot_state__rosidl_typesupport_introspection_cpp.hpp\n'}
[0.320147] (pyrobosim_msgs) StdoutLine: {'line': b'-- Up-to-date symlink: /convince_ws/install/pyrobosim_msgs/include/pyrobosim_msgs/pyrobosim_msgs/msg/detail/task_action__rosidl_typesupport_introspection_cpp.hpp\n'}
[0.320272] (pyrobosim_msgs) StdoutLine: {'line': b'-- Up-to-date symlink: /convince_ws/install/pyrobosim_msgs/include/pyrobosim_msgs/pyrobosim_msgs/msg/detail/task_plan__rosidl_typesupport_introspection_cpp.hpp\n'}
[0.320352] (pyrobosim_msgs) StdoutLine: {'line': b'-- Up-to-date symlink: /convince_ws/install/pyrobosim_msgs/include/pyrobosim_msgs/pyrobosim_msgs/msg/detail/world_info__rosidl_typesupport_introspection_cpp.hpp\n'}
[0.320419] (pyrobosim_msgs) StdoutLine: {'line': b'-- Up-to-date symlink: /convince_ws/install/pyrobosim_msgs/include/pyrobosim_msgs/pyrobosim_msgs/msg/detail/world_state__rosidl_typesupport_introspection_cpp.hpp\n'}
[0.320485] (pyrobosim_msgs) StdoutLine: {'line': b'-- Up-to-date symlink: /convince_ws/install/pyrobosim_msgs/include/pyrobosim_msgs/pyrobosim_msgs/srv/detail/request_world_info__rosidl_typesupport_introspection_cpp.hpp\n'}
[0.320564] (pyrobosim_msgs) StdoutLine: {'line': b'-- Up-to-date symlink: /convince_ws/install/pyrobosim_msgs/include/pyrobosim_msgs/pyrobosim_msgs/srv/detail/request_world_state__rosidl_typesupport_introspection_cpp.hpp\n'}
[0.320644] (pyrobosim_msgs) StdoutLine: {'line': b'-- Up-to-date symlink: /convince_ws/install/pyrobosim_msgs/include/pyrobosim_msgs/pyrobosim_msgs/srv/detail/reset_world__rosidl_typesupport_introspection_cpp.hpp\n'}
[0.320737] (pyrobosim_msgs) StdoutLine: {'line': b'-- Up-to-date symlink: /convince_ws/install/pyrobosim_msgs/include/pyrobosim_msgs/pyrobosim_msgs/srv/detail/set_location_state__rosidl_typesupport_introspection_cpp.hpp\n'}
[0.320805] (pyrobosim_msgs) StdoutLine: {'line': b'-- Up-to-date symlink: /convince_ws/install/pyrobosim_msgs/share/pyrobosim_msgs/environment/pythonpath.sh\n'}
[0.320872] (pyrobosim_msgs) StdoutLine: {'line': b'-- Up-to-date symlink: /convince_ws/install/pyrobosim_msgs/share/pyrobosim_msgs/environment/pythonpath.dsv\n'}
[0.320939] (pyrobosim_msgs) StdoutLine: {'line': b'-- Up-to-date symlink: /convince_ws/install/pyrobosim_msgs/lib/python3.12/site-packages/pyrobosim_msgs-4.3.3-py3.12.egg-info/PKG-INFO\n'}
[0.321007] (pyrobosim_msgs) StdoutLine: {'line': b'-- Up-to-date symlink: /convince_ws/install/pyrobosim_msgs/lib/python3.12/site-packages/pyrobosim_msgs-4.3.3-py3.12.egg-info/SOURCES.txt\n'}
[0.321075] (pyrobosim_msgs) StdoutLine: {'line': b'-- Up-to-date symlink: /convince_ws/install/pyrobosim_msgs/lib/python3.12/site-packages/pyrobosim_msgs-4.3.3-py3.12.egg-info/dependency_links.txt\n'}
[0.321141] (pyrobosim_msgs) StdoutLine: {'line': b'-- Up-to-date symlink: /convince_ws/install/pyrobosim_msgs/lib/python3.12/site-packages/pyrobosim_msgs-4.3.3-py3.12.egg-info/top_level.txt\n'}
[0.321254] (pyrobosim_msgs) StdoutLine: {'line': b'-- Up-to-date symlink: /convince_ws/install/pyrobosim_msgs/lib/python3.12/site-packages/pyrobosim_msgs/__init__.py\n'}
[0.321424] (pyrobosim_msgs) StdoutLine: {'line': b'-- Up-to-date symlink: /convince_ws/install/pyrobosim_msgs/lib/python3.12/site-packages/pyrobosim_msgs/_pyrobosim_msgs_s.ep.rosidl_typesupport_c.c\n'}
[0.321491] (pyrobosim_msgs) StdoutLine: {'line': b'-- Up-to-date symlink: /convince_ws/install/pyrobosim_msgs/lib/python3.12/site-packages/pyrobosim_msgs/_pyrobosim_msgs_s.ep.rosidl_typesupport_fastrtps_c.c\n'}
[0.321568] (pyrobosim_msgs) StdoutLine: {'line': b'-- Up-to-date symlink: /convince_ws/install/pyrobosim_msgs/lib/python3.12/site-packages/pyrobosim_msgs/_pyrobosim_msgs_s.ep.rosidl_typesupport_introspection_c.c\n'}
[0.321634] (pyrobosim_msgs) StdoutLine: {'line': b'-- Up-to-date symlink: /convince_ws/install/pyrobosim_msgs/lib/python3.12/site-packages/pyrobosim_msgs/action/__init__.py\n'}
[0.321701] (pyrobosim_msgs) StdoutLine: {'line': b'-- Up-to-date symlink: /convince_ws/install/pyrobosim_msgs/lib/python3.12/site-packages/pyrobosim_msgs/action/_detect_objects.py\n'}
[0.321770] (pyrobosim_msgs) StdoutLine: {'line': b'-- Up-to-date symlink: /convince_ws/install/pyrobosim_msgs/lib/python3.12/site-packages/pyrobosim_msgs/action/_detect_objects_s.c\n'}
[0.321845] (pyrobosim_msgs) StdoutLine: {'line': b'-- Up-to-date symlink: /convince_ws/install/pyrobosim_msgs/lib/python3.12/site-packages/pyrobosim_msgs/action/_execute_task_action.py\n'}
[0.321912] (pyrobosim_msgs) StdoutLine: {'line': b'-- Up-to-date symlink: /convince_ws/install/pyrobosim_msgs/lib/python3.12/site-packages/pyrobosim_msgs/action/_execute_task_action_s.c\n'}
[0.321999] (pyrobosim_msgs) StdoutLine: {'line': b'-- Up-to-date symlink: /convince_ws/install/pyrobosim_msgs/lib/python3.12/site-packages/pyrobosim_msgs/action/_execute_task_plan.py\n'}
[0.322068] (pyrobosim_msgs) StdoutLine: {'line': b'-- Up-to-date symlink: /convince_ws/install/pyrobosim_msgs/lib/python3.12/site-packages/pyrobosim_msgs/action/_execute_task_plan_s.c\n'}
[0.322135] (pyrobosim_msgs) StdoutLine: {'line': b'-- Up-to-date symlink: /convince_ws/install/pyrobosim_msgs/lib/python3.12/site-packages/pyrobosim_msgs/action/_follow_path.py\n'}
[0.322248] (pyrobosim_msgs) StdoutLine: {'line': b'-- Up-to-date symlink: /convince_ws/install/pyrobosim_msgs/lib/python3.12/site-packages/pyrobosim_msgs/action/_follow_path_s.c\n'}
[0.322331] (pyrobosim_msgs) StdoutLine: {'line': b'-- Up-to-date symlink: /convince_ws/install/pyrobosim_msgs/lib/python3.12/site-packages/pyrobosim_msgs/action/_plan_path.py\n'}
[0.322400] (pyrobosim_msgs) StdoutLine: {'line': b'-- Up-to-date symlink: /convince_ws/install/pyrobosim_msgs/lib/python3.12/site-packages/pyrobosim_msgs/action/_plan_path_s.c\n'}
[0.322484] (pyrobosim_msgs) StdoutLine: {'line': b'-- Up-to-date symlink: /convince_ws/install/pyrobosim_msgs/lib/python3.12/site-packages/pyrobosim_msgs/msg/__init__.py\n'}
[0.322555] (pyrobosim_msgs) StdoutLine: {'line': b'-- Up-to-date symlink: /convince_ws/install/pyrobosim_msgs/lib/python3.12/site-packages/pyrobosim_msgs/msg/_execution_result.py\n'}
[0.322623] (pyrobosim_msgs) StdoutLine: {'line': b'-- Up-to-date symlink: /convince_ws/install/pyrobosim_msgs/lib/python3.12/site-packages/pyrobosim_msgs/msg/_execution_result_s.c\n'}
[0.322690] (pyrobosim_msgs) StdoutLine: {'line': b'-- Up-to-date symlink: /convince_ws/install/pyrobosim_msgs/lib/python3.12/site-packages/pyrobosim_msgs/msg/_goal_predicate.py\n'}
[0.322758] (pyrobosim_msgs) StdoutLine: {'line': b'-- Up-to-date symlink: /convince_ws/install/pyrobosim_msgs/lib/python3.12/site-packages/pyrobosim_msgs/msg/_goal_predicate_s.c\n'}
[0.322844] (pyrobosim_msgs) StdoutLine: {'line': b'-- Up-to-date symlink: /convince_ws/install/pyrobosim_msgs/lib/python3.12/site-packages/pyrobosim_msgs/msg/_goal_specification.py\n'}
[0.322928] (pyrobosim_msgs) StdoutLine: {'line': b'-- Up-to-date symlink: /convince_ws/install/pyrobosim_msgs/lib/python3.12/site-packages/pyrobosim_msgs/msg/_goal_specification_s.c\n'}
[0.322995] (pyrobosim_msgs) StdoutLine: {'line': b'-- Up-to-date symlink: /convince_ws/install/pyrobosim_msgs/lib/python3.12/site-packages/pyrobosim_msgs/msg/_hallway_state.py\n'}
[0.323061] (pyrobosim_msgs) StdoutLine: {'line': b'-- Up-to-date symlink: /convince_ws/install/pyrobosim_msgs/lib/python3.12/site-packages/pyrobosim_msgs/msg/_hallway_state_s.c\n'}
[0.323128] (pyrobosim_msgs) StdoutLine: {'line': b'-- Up-to-date symlink: /convince_ws/install/pyrobosim_msgs/lib/python3.12/site-packages/pyrobosim_msgs/msg/_location_state.py\n'}
[0.323228] (pyrobosim_msgs) StdoutLine: {'line': b'-- Up-to-date symlink: /convince_ws/install/pyrobosim_msgs/lib/python3.12/site-packages/pyrobosim_msgs/msg/_location_state_s.c\n'}
[0.323322] (pyrobosim_msgs) StdoutLine: {'line': b'-- Up-to-date symlink: /convince_ws/install/pyrobosim_msgs/lib/python3.12/site-packages/pyrobosim_msgs/msg/_object_state.py\n'}
[0.323388] (pyrobosim_msgs) StdoutLine: {'line': b'-- Up-to-date symlink: /convince_ws/install/pyrobosim_msgs/lib/python3.12/site-packages/pyrobosim_msgs/msg/_object_state_s.c\n'}
[0.323455] (pyrobosim_msgs) StdoutLine: {'line': b'-- Up-to-date symlink: /convince_ws/install/pyrobosim_msgs/lib/python3.12/site-packages/pyrobosim_msgs/msg/_path.py\n'}
[0.323534] (pyrobosim_msgs) StdoutLine: {'line': b'-- Up-to-date symlink: /convince_ws/install/pyrobosim_msgs/lib/python3.12/site-packages/pyrobosim_msgs/msg/_path_s.c\n'}
[0.323601] (pyrobosim_msgs) StdoutLine: {'line': b'-- Up-to-date symlink: /convince_ws/install/pyrobosim_msgs/lib/python3.12/site-packages/pyrobosim_msgs/msg/_robot_state.py\n'}
[0.323667] (pyrobosim_msgs) StdoutLine: {'line': b'-- Up-to-date symlink: /convince_ws/install/pyrobosim_msgs/lib/python3.12/site-packages/pyrobosim_msgs/msg/_robot_state_s.c\n'}
[0.323734] (pyrobosim_msgs) StdoutLine: {'line': b'-- Up-to-date symlink: /convince_ws/install/pyrobosim_msgs/lib/python3.12/site-packages/pyrobosim_msgs/msg/_task_action.py\n'}
[0.323800] (pyrobosim_msgs) StdoutLine: {'line': b'-- Up-to-date symlink: /convince_ws/install/pyrobosim_msgs/lib/python3.12/site-packages/pyrobosim_msgs/msg/_task_action_s.c\n'}
[0.323881] (pyrobosim_msgs) StdoutLine: {'line': b'-- Up-to-date symlink: /convince_ws/install/pyrobosim_msgs/lib/python3.12/site-packages/pyrobosim_msgs/msg/_task_plan.py\n'}
[0.323948] (pyrobosim_msgs) StdoutLine: {'line': b'-- Up-to-date symlink: /convince_ws/install/pyrobosim_msgs/lib/python3.12/site-packages/pyrobosim_msgs/msg/_task_plan_s.c\n'}
[0.324028] (pyrobosim_msgs) StdoutLine: {'line': b'-- Up-to-date symlink: /convince_ws/install/pyrobosim_msgs/lib/python3.12/site-packages/pyrobosim_msgs/msg/_world_info.py\n'}
[0.324095] (pyrobosim_msgs) StdoutLine: {'line': b'-- Up-to-date symlink: /convince_ws/install/pyrobosim_msgs/lib/python3.12/site-packages/pyrobosim_msgs/msg/_world_info_s.c\n'}
[0.324195] (pyrobosim_msgs) StdoutLine: {'line': b'-- Up-to-date symlink: /convince_ws/install/pyrobosim_msgs/lib/python3.12/site-packages/pyrobosim_msgs/msg/_world_state.py\n'}
[0.324311] (pyrobosim_msgs) StdoutLine: {'line': b'-- Up-to-date symlink: /convince_ws/install/pyrobosim_msgs/lib/python3.12/site-packages/pyrobosim_msgs/msg/_world_state_s.c\n'}
[0.324381] (pyrobosim_msgs) StdoutLine: {'line': b'-- Up-to-date symlink: /convince_ws/install/pyrobosim_msgs/lib/python3.12/site-packages/pyrobosim_msgs/pyrobosim_msgs_s__rosidl_typesupport_c.so\n'}
[0.324484] (pyrobosim_msgs) StdoutLine: {'line': b'-- Up-to-date symlink: /convince_ws/install/pyrobosim_msgs/lib/python3.12/site-packages/pyrobosim_msgs/pyrobosim_msgs_s__rosidl_typesupport_fastrtps_c.so\n'}
[0.324552] (pyrobosim_msgs) StdoutLine: {'line': b'-- Up-to-date symlink: /convince_ws/install/pyrobosim_msgs/lib/python3.12/site-packages/pyrobosim_msgs/pyrobosim_msgs_s__rosidl_typesupport_introspection_c.so\n'}
[0.324630] (pyrobosim_msgs) StdoutLine: {'line': b'-- Up-to-date symlink: /convince_ws/install/pyrobosim_msgs/lib/python3.12/site-packages/pyrobosim_msgs/srv/__init__.py\n'}
[0.324699] (pyrobosim_msgs) StdoutLine: {'line': b'-- Up-to-date symlink: /convince_ws/install/pyrobosim_msgs/lib/python3.12/site-packages/pyrobosim_msgs/srv/_request_world_info.py\n'}
[0.324766] (pyrobosim_msgs) StdoutLine: {'line': b'-- Up-to-date symlink: /convince_ws/install/pyrobosim_msgs/lib/python3.12/site-packages/pyrobosim_msgs/srv/_request_world_info_s.c\n'}
[0.324832] (pyrobosim_msgs) StdoutLine: {'line': b'-- Up-to-date symlink: /convince_ws/install/pyrobosim_msgs/lib/python3.12/site-packages/pyrobosim_msgs/srv/_request_world_state.py\n'}
[0.324898] (pyrobosim_msgs) StdoutLine: {'line': b'-- Up-to-date symlink: /convince_ws/install/pyrobosim_msgs/lib/python3.12/site-packages/pyrobosim_msgs/srv/_request_world_state_s.c\n'}
[0.324964] (pyrobosim_msgs) StdoutLine: {'line': b'-- Up-to-date symlink: /convince_ws/install/pyrobosim_msgs/lib/python3.12/site-packages/pyrobosim_msgs/srv/_reset_world.py\n'}
[0.325030] (pyrobosim_msgs) StdoutLine: {'line': b'-- Up-to-date symlink: /convince_ws/install/pyrobosim_msgs/lib/python3.12/site-packages/pyrobosim_msgs/srv/_reset_world_s.c\n'}
[0.325110] (pyrobosim_msgs) StdoutLine: {'line': b'-- Up-to-date symlink: /convince_ws/install/pyrobosim_msgs/lib/python3.12/site-packages/pyrobosim_msgs/srv/_set_location_state.py\n'}
[0.325255] (pyrobosim_msgs) StdoutLine: {'line': b'-- Up-to-date symlink: /convince_ws/install/pyrobosim_msgs/lib/python3.12/site-packages/pyrobosim_msgs/srv/_set_location_state_s.c\n'}
[0.325360] (pyrobosim_msgs) StdoutLine: {'line': b'-- Up-to-date symlink: /convince_ws/install/pyrobosim_msgs/lib/python3.12/site-packages/pyrobosim_msgs/pyrobosim_msgs_s__rosidl_typesupport_fastrtps_c.so\n'}
[0.325429] (pyrobosim_msgs) StdoutLine: {'line': b'-- Up-to-date symlink: /convince_ws/install/pyrobosim_msgs/lib/python3.12/site-packages/pyrobosim_msgs/pyrobosim_msgs_s__rosidl_typesupport_introspection_c.so\n'}
[0.325497] (pyrobosim_msgs) StdoutLine: {'line': b'-- Up-to-date symlink: /convince_ws/install/pyrobosim_msgs/lib/python3.12/site-packages/pyrobosim_msgs/pyrobosim_msgs_s__rosidl_typesupport_c.so\n'}
[0.325564] (pyrobosim_msgs) StdoutLine: {'line': b'-- Up-to-date symlink: /convince_ws/install/pyrobosim_msgs/share/pyrobosim_msgs/msg/ExecutionResult.idl\n'}
[0.325632] (pyrobosim_msgs) StdoutLine: {'line': b'-- Up-to-date symlink: /convince_ws/install/pyrobosim_msgs/share/pyrobosim_msgs/msg/GoalPredicate.idl\n'}
[0.325710] (pyrobosim_msgs) StdoutLine: {'line': b'-- Up-to-date symlink: /convince_ws/install/pyrobosim_msgs/share/pyrobosim_msgs/msg/GoalSpecification.idl\n'}
[0.325792] (pyrobosim_msgs) StdoutLine: {'line': b'-- Up-to-date symlink: /convince_ws/install/pyrobosim_msgs/share/pyrobosim_msgs/msg/HallwayState.idl\n'}
[0.325861] (pyrobosim_msgs) StdoutLine: {'line': b'-- Up-to-date symlink: /convince_ws/install/pyrobosim_msgs/share/pyrobosim_msgs/msg/LocationState.idl\n'}
[0.325934] (pyrobosim_msgs) StdoutLine: {'line': b'-- Up-to-date symlink: /convince_ws/install/pyrobosim_msgs/share/pyrobosim_msgs/msg/ObjectState.idl\n'}
[0.326001] (pyrobosim_msgs) StdoutLine: {'line': b'-- Up-to-date symlink: /convince_ws/install/pyrobosim_msgs/share/pyrobosim_msgs/msg/Path.idl\n'}
[0.326067] (pyrobosim_msgs) StdoutLine: {'line': b'-- Up-to-date symlink: /convince_ws/install/pyrobosim_msgs/share/pyrobosim_msgs/msg/RobotState.idl\n'}
[0.326134] (pyrobosim_msgs) StdoutLine: {'line': b'-- Up-to-date symlink: /convince_ws/install/pyrobosim_msgs/share/pyrobosim_msgs/msg/TaskAction.idl\n'}
[0.326224] (pyrobosim_msgs) StdoutLine: {'line': b'-- Up-to-date symlink: /convince_ws/install/pyrobosim_msgs/share/pyrobosim_msgs/msg/TaskPlan.idl\n'}
[0.326299] (pyrobosim_msgs) StdoutLine: {'line': b'-- Up-to-date symlink: /convince_ws/install/pyrobosim_msgs/share/pyrobosim_msgs/msg/WorldInfo.idl\n'}
[0.326365] (pyrobosim_msgs) StdoutLine: {'line': b'-- Up-to-date symlink: /convince_ws/install/pyrobosim_msgs/share/pyrobosim_msgs/msg/WorldState.idl\n'}
[0.326431] (pyrobosim_msgs) StdoutLine: {'line': b'-- Up-to-date symlink: /convince_ws/install/pyrobosim_msgs/share/pyrobosim_msgs/srv/RequestWorldInfo.idl\n'}
[0.326498] (pyrobosim_msgs) StdoutLine: {'line': b'-- Up-to-date symlink: /convince_ws/install/pyrobosim_msgs/share/pyrobosim_msgs/srv/RequestWorldState.idl\n'}
[0.326564] (pyrobosim_msgs) StdoutLine: {'line': b'-- Up-to-date symlink: /convince_ws/install/pyrobosim_msgs/share/pyrobosim_msgs/srv/ResetWorld.idl\n'}
[0.326630] (pyrobosim_msgs) StdoutLine: {'line': b'-- Up-to-date symlink: /convince_ws/install/pyrobosim_msgs/share/pyrobosim_msgs/srv/SetLocationState.idl\n'}
[0.326696] (pyrobosim_msgs) StdoutLine: {'line': b'-- Up-to-date symlink: /convince_ws/install/pyrobosim_msgs/share/pyrobosim_msgs/action/DetectObjects.idl\n'}
[0.326775] (pyrobosim_msgs) StdoutLine: {'line': b'-- Up-to-date symlink: /convince_ws/install/pyrobosim_msgs/share/pyrobosim_msgs/action/ExecuteTaskAction.idl\n'}
[0.326842] (pyrobosim_msgs) StdoutLine: {'line': b'-- Up-to-date symlink: /convince_ws/install/pyrobosim_msgs/share/pyrobosim_msgs/action/ExecuteTaskPlan.idl\n'}
[0.326908] (pyrobosim_msgs) StdoutLine: {'line': b'-- Up-to-date symlink: /convince_ws/install/pyrobosim_msgs/share/pyrobosim_msgs/action/FollowPath.idl\n'}
[0.326975] (pyrobosim_msgs) StdoutLine: {'line': b'-- Up-to-date symlink: /convince_ws/install/pyrobosim_msgs/share/pyrobosim_msgs/action/PlanPath.idl\n'}
[0.327055] (pyrobosim_msgs) StdoutLine: {'line': b'-- Up-to-date symlink: /convince_ws/install/pyrobosim_msgs/share/pyrobosim_msgs/msg/ExecutionResult.msg\n'}
[0.327124] (pyrobosim_msgs) StdoutLine: {'line': b'-- Up-to-date symlink: /convince_ws/install/pyrobosim_msgs/share/pyrobosim_msgs/msg/GoalPredicate.msg\n'}
[0.327200] (pyrobosim_msgs) StdoutLine: {'line': b'-- Up-to-date symlink: /convince_ws/install/pyrobosim_msgs/share/pyrobosim_msgs/msg/GoalSpecification.msg\n'}
[0.327288] (pyrobosim_msgs) StdoutLine: {'line': b'-- Up-to-date symlink: /convince_ws/install/pyrobosim_msgs/share/pyrobosim_msgs/msg/HallwayState.msg\n'}
[0.327363] (pyrobosim_msgs) StdoutLine: {'line': b'-- Up-to-date symlink: /convince_ws/install/pyrobosim_msgs/share/pyrobosim_msgs/msg/LocationState.msg\n'}
[0.327429] (pyrobosim_msgs) StdoutLine: {'line': b'-- Up-to-date symlink: /convince_ws/install/pyrobosim_msgs/share/pyrobosim_msgs/msg/ObjectState.msg\n'}
[0.327495] (pyrobosim_msgs) StdoutLine: {'line': b'-- Up-to-date symlink: /convince_ws/install/pyrobosim_msgs/share/pyrobosim_msgs/msg/Path.msg\n'}
[0.327563] (pyrobosim_msgs) StdoutLine: {'line': b'-- Up-to-date symlink: /convince_ws/install/pyrobosim_msgs/share/pyrobosim_msgs/msg/RobotState.msg\n'}
[0.327628] (pyrobosim_msgs) StdoutLine: {'line': b'-- Up-to-date symlink: /convince_ws/install/pyrobosim_msgs/share/pyrobosim_msgs/msg/TaskAction.msg\n'}
[0.327695] (pyrobosim_msgs) StdoutLine: {'line': b'-- Up-to-date symlink: /convince_ws/install/pyrobosim_msgs/share/pyrobosim_msgs/msg/TaskPlan.msg\n'}
[0.327767] (pyrobosim_msgs) StdoutLine: {'line': b'-- Up-to-date symlink: /convince_ws/install/pyrobosim_msgs/share/pyrobosim_msgs/msg/WorldInfo.msg\n'}
[0.327834] (pyrobosim_msgs) StdoutLine: {'line': b'-- Up-to-date symlink: /convince_ws/install/pyrobosim_msgs/share/pyrobosim_msgs/msg/WorldState.msg\n'}
[0.327911] (pyrobosim_msgs) StdoutLine: {'line': b'-- Up-to-date symlink: /convince_ws/install/pyrobosim_msgs/share/pyrobosim_msgs/srv/RequestWorldInfo.srv\n'}
[0.327987] (pyrobosim_msgs) StdoutLine: {'line': b'-- Up-to-date symlink: /convince_ws/install/pyrobosim_msgs/share/pyrobosim_msgs/srv/RequestWorldState.srv\n'}
[0.328054] (pyrobosim_msgs) StdoutLine: {'line': b'-- Up-to-date symlink: /convince_ws/install/pyrobosim_msgs/share/pyrobosim_msgs/srv/ResetWorld.srv\n'}
[0.328120] (pyrobosim_msgs) StdoutLine: {'line': b'-- Up-to-date symlink: /convince_ws/install/pyrobosim_msgs/share/pyrobosim_msgs/srv/SetLocationState.srv\n'}
[0.328235] (pyrobosim_msgs) StdoutLine: {'line': b'-- Up-to-date symlink: /convince_ws/install/pyrobosim_msgs/share/pyrobosim_msgs/action/DetectObjects.action\n'}
[0.328322] (pyrobosim_msgs) StdoutLine: {'line': b'-- Up-to-date symlink: /convince_ws/install/pyrobosim_msgs/share/pyrobosim_msgs/action/ExecuteTaskAction.action\n'}
[0.328363] (pyrobosim_msgs) StdoutLine: {'line': b'-- Up-to-date symlink: /convince_ws/install/pyrobosim_msgs/share/pyrobosim_msgs/action/ExecuteTaskPlan.action\n'}
[0.328400] (pyrobosim_msgs) StdoutLine: {'line': b'-- Up-to-date symlink: /convince_ws/install/pyrobosim_msgs/share/pyrobosim_msgs/action/FollowPath.action\n'}
[0.328436] (pyrobosim_msgs) StdoutLine: {'line': b'-- Up-to-date symlink: /convince_ws/install/pyrobosim_msgs/share/pyrobosim_msgs/action/PlanPath.action\n'}
[0.328472] (pyrobosim_msgs) StdoutLine: {'line': b'-- Up-to-date symlink: /convince_ws/install/pyrobosim_msgs/share/ament_index/resource_index/package_run_dependencies/pyrobosim_msgs\n'}
[0.328509] (pyrobosim_msgs) StdoutLine: {'line': b'-- Up-to-date symlink: /convince_ws/install/pyrobosim_msgs/share/ament_index/resource_index/parent_prefix_path/pyrobosim_msgs\n'}
[0.328542] (pyrobosim_msgs) StdoutLine: {'line': b'-- Up-to-date symlink: /convince_ws/install/pyrobosim_msgs/share/pyrobosim_msgs/environment/ament_prefix_path.sh\n'}
[0.328577] (pyrobosim_msgs) StdoutLine: {'line': b'-- Up-to-date symlink: /convince_ws/install/pyrobosim_msgs/share/pyrobosim_msgs/environment/ament_prefix_path.dsv\n'}
[0.328615] (pyrobosim_msgs) StdoutLine: {'line': b'-- Up-to-date symlink: /convince_ws/install/pyrobosim_msgs/share/pyrobosim_msgs/environment/path.sh\n'}
[0.328655] (pyrobosim_msgs) StdoutLine: {'line': b'-- Up-to-date symlink: /convince_ws/install/pyrobosim_msgs/share/pyrobosim_msgs/environment/path.dsv\n'}
[0.328707] (pyrobosim_msgs) StdoutLine: {'line': b'-- Up-to-date symlink: /convince_ws/install/pyrobosim_msgs/share/pyrobosim_msgs/local_setup.bash\n'}
[0.328745] (pyrobosim_msgs) StdoutLine: {'line': b'-- Up-to-date symlink: /convince_ws/install/pyrobosim_msgs/share/pyrobosim_msgs/local_setup.sh\n'}
[0.328781] (pyrobosim_msgs) StdoutLine: {'line': b'-- Up-to-date symlink: /convince_ws/install/pyrobosim_msgs/share/pyrobosim_msgs/local_setup.zsh\n'}
[0.328816] (pyrobosim_msgs) StdoutLine: {'line': b'-- Up-to-date symlink: /convince_ws/install/pyrobosim_msgs/share/pyrobosim_msgs/local_setup.dsv\n'}
[0.328856] (pyrobosim_msgs) StdoutLine: {'line': b'-- Symlinking: /convince_ws/install/pyrobosim_msgs/share/pyrobosim_msgs/package.dsv\n'}
[0.328892] (bt_interfaces_dummy) StdoutLine: {'line': b"Listing '/convince_ws/install/bt_interfaces_dummy/lib/python3.12/site-packages/bt_interfaces_dummy'...\n"}
[0.328951] (bt_interfaces_dummy) StdoutLine: {'line': b"Listing '/convince_ws/install/bt_interfaces_dummy/lib/python3.12/site-packages/bt_interfaces_dummy/msg'...\n"}
[0.328989] (bt_interfaces_dummy) StdoutLine: {'line': b"Listing '/convince_ws/install/bt_interfaces_dummy/lib/python3.12/site-packages/bt_interfaces_dummy/srv'...\n"}
[0.329026] (pyrobosim_msgs) StdoutLine: {'line': b'-- Up-to-date symlink: /convince_ws/install/pyrobosim_msgs/share/ament_index/resource_index/packages/pyrobosim_msgs\n'}
[0.329081] (pyrobosim_msgs) StdoutLine: {'line': b'-- Up-to-date symlink: /convince_ws/install/pyrobosim_msgs/share/pyrobosim_msgs/cmake/rosidl_cmake-extras.cmake\n'}
[0.329118] (pyrobosim_msgs) StdoutLine: {'line': b'-- Up-to-date symlink: /convince_ws/install/pyrobosim_msgs/share/pyrobosim_msgs/cmake/ament_cmake_export_dependencies-extras.cmake\n'}
[0.329152] (pyrobosim_msgs) StdoutLine: {'line': b'-- Up-to-date symlink: /convince_ws/install/pyrobosim_msgs/share/pyrobosim_msgs/cmake/ament_cmake_export_include_directories-extras.cmake\n'}
[0.329207] (pyrobosim_msgs) StdoutLine: {'line': b'-- Up-to-date symlink: /convince_ws/install/pyrobosim_msgs/share/pyrobosim_msgs/cmake/ament_cmake_export_libraries-extras.cmake\n'}
[0.329256] (pyrobosim_msgs) StdoutLine: {'line': b'-- Up-to-date symlink: /convince_ws/install/pyrobosim_msgs/share/pyrobosim_msgs/cmake/ament_cmake_export_targets-extras.cmake\n'}
[0.329292] (pyrobosim_msgs) StdoutLine: {'line': b'-- Up-to-date symlink: /convince_ws/install/pyrobosim_msgs/share/pyrobosim_msgs/cmake/rosidl_cmake_export_typesupport_targets-extras.cmake\n'}
[0.329335] (pyrobosim_msgs) StdoutLine: {'line': b'-- Up-to-date symlink: /convince_ws/install/pyrobosim_msgs/share/pyrobosim_msgs/cmake/rosidl_cmake_export_typesupport_libraries-extras.cmake\n'}
[0.329370] (pyrobosim_msgs) StdoutLine: {'line': b'-- Up-to-date symlink: /convince_ws/install/pyrobosim_msgs/share/pyrobosim_msgs/cmake/pyrobosim_msgsConfig.cmake\n'}
[0.329403] (pyrobosim_msgs) StdoutLine: {'line': b'-- Up-to-date symlink: /convince_ws/install/pyrobosim_msgs/share/pyrobosim_msgs/cmake/pyrobosim_msgsConfig-version.cmake\n'}
[0.329439] (pyrobosim_msgs) StdoutLine: {'line': b'-- Up-to-date symlink: /convince_ws/install/pyrobosim_msgs/share/pyrobosim_msgs/package.xml\n'}
[0.329473] (pyrobosim_msgs) StdoutLine: {'line': b'-- Up-to-date: /convince_ws/install/pyrobosim_msgs/lib/libpyrobosim_msgs__rosidl_generator_c.so\n'}
[0.329509] (pyrobosim_msgs) StdoutLine: {'line': b'-- Up-to-date: /convince_ws/install/pyrobosim_msgs/lib/libpyrobosim_msgs__rosidl_typesupport_fastrtps_c.so\n'}
[0.329559] (pyrobosim_msgs) StdoutLine: {'line': b'-- Up-to-date: /convince_ws/install/pyrobosim_msgs/lib/libpyrobosim_msgs__rosidl_typesupport_fastrtps_cpp.so\n'}
[0.329591] (pyrobosim_msgs) StdoutLine: {'line': b'-- Up-to-date: /convince_ws/install/pyrobosim_msgs/lib/libpyrobosim_msgs__rosidl_typesupport_introspection_c.so\n'}
[0.329623] (pyrobosim_msgs) StdoutLine: {'line': b'-- Up-to-date: /convince_ws/install/pyrobosim_msgs/lib/libpyrobosim_msgs__rosidl_typesupport_c.so\n'}
[0.329654] (pyrobosim_msgs) StdoutLine: {'line': b'-- Up-to-date: /convince_ws/install/pyrobosim_msgs/lib/libpyrobosim_msgs__rosidl_typesupport_introspection_cpp.so\n'}
[0.329685] (pyrobosim_msgs) StdoutLine: {'line': b'-- Up-to-date: /convince_ws/install/pyrobosim_msgs/lib/libpyrobosim_msgs__rosidl_typesupport_cpp.so\n'}
[0.329716] (bt_interfaces_dummy) StdoutLine: {'line': b'-- Up-to-date: /convince_ws/install/bt_interfaces_dummy/lib/libbt_interfaces_dummy__rosidl_generator_py.so\n'}
[0.329790] (bt_interfaces_dummy) StdoutLine: {'line': b'-- Up-to-date: /convince_ws/install/bt_interfaces_dummy/share/bt_interfaces_dummy/cmake/export_bt_interfaces_dummy__rosidl_generator_cExport.cmake\n'}
[0.329831] (bt_interfaces_dummy) StdoutLine: {'line': b'-- Up-to-date: /convince_ws/install/bt_interfaces_dummy/share/bt_interfaces_dummy/cmake/export_bt_interfaces_dummy__rosidl_generator_cExport-noconfig.cmake\n'}
[0.329865] (bt_interfaces_dummy) StdoutLine: {'line': b'-- Up-to-date: /convince_ws/install/bt_interfaces_dummy/share/bt_interfaces_dummy/cmake/export_bt_interfaces_dummy__rosidl_typesupport_fastrtps_cExport.cmake\n'}
[0.329898] (bt_interfaces_dummy) StdoutLine: {'line': b'-- Up-to-date: /convince_ws/install/bt_interfaces_dummy/share/bt_interfaces_dummy/cmake/export_bt_interfaces_dummy__rosidl_typesupport_fastrtps_cExport-noconfig.cmake\n'}
[0.329931] (bt_interfaces_dummy) StdoutLine: {'line': b'-- Up-to-date: /convince_ws/install/bt_interfaces_dummy/share/bt_interfaces_dummy/cmake/bt_interfaces_dummy__rosidl_typesupport_introspection_cExport.cmake\n'}
[0.329971] (bt_interfaces_dummy) StdoutLine: {'line': b'-- Up-to-date: /convince_ws/install/bt_interfaces_dummy/share/bt_interfaces_dummy/cmake/bt_interfaces_dummy__rosidl_typesupport_introspection_cExport-noconfig.cmake\n'}
[0.330003] (bt_interfaces_dummy) StdoutLine: {'line': b'-- Up-to-date: /convince_ws/install/bt_interfaces_dummy/share/bt_interfaces_dummy/cmake/bt_interfaces_dummy__rosidl_typesupport_cExport.cmake\n'}
[0.330035] (bt_interfaces_dummy) StdoutLine: {'line': b'-- Up-to-date: /convince_ws/install/bt_interfaces_dummy/share/bt_interfaces_dummy/cmake/bt_interfaces_dummy__rosidl_typesupport_cExport-noconfig.cmake\n'}
[0.330073] (bt_interfaces_dummy) StdoutLine: {'line': b'-- Up-to-date: /convince_ws/install/bt_interfaces_dummy/share/bt_interfaces_dummy/cmake/export_bt_interfaces_dummy__rosidl_generator_cppExport.cmake\n'}
[0.330109] (bt_interfaces_dummy) StdoutLine: {'line': b'-- Up-to-date: /convince_ws/install/bt_interfaces_dummy/share/bt_interfaces_dummy/cmake/export_bt_interfaces_dummy__rosidl_typesupport_fastrtps_cppExport.cmake\n'}
[0.330143] (bt_interfaces_dummy) StdoutLine: {'line': b'-- Up-to-date: /convince_ws/install/bt_interfaces_dummy/share/bt_interfaces_dummy/cmake/export_bt_interfaces_dummy__rosidl_typesupport_fastrtps_cppExport-noconfig.cmake\n'}
[0.330193] (bt_interfaces_dummy) StdoutLine: {'line': b'-- Up-to-date: /convince_ws/install/bt_interfaces_dummy/share/bt_interfaces_dummy/cmake/bt_interfaces_dummy__rosidl_typesupport_introspection_cppExport.cmake\n'}
[0.330242] (bt_interfaces_dummy) StdoutLine: {'line': b'-- Up-to-date: /convince_ws/install/bt_interfaces_dummy/share/bt_interfaces_dummy/cmake/bt_interfaces_dummy__rosidl_typesupport_introspection_cppExport-noconfig.cmake\n'}
[0.330277] (bt_interfaces_dummy) StdoutLine: {'line': b'-- Up-to-date: /convince_ws/install/bt_interfaces_dummy/share/bt_interfaces_dummy/cmake/bt_interfaces_dummy__rosidl_typesupport_cppExport.cmake\n'}
[0.330312] (bt_interfaces_dummy) StdoutLine: {'line': b'-- Up-to-date: /convince_ws/install/bt_interfaces_dummy/share/bt_interfaces_dummy/cmake/bt_interfaces_dummy__rosidl_typesupport_cppExport-noconfig.cmake\n'}
[0.330346] (bt_interfaces_dummy) StdoutLine: {'line': b'-- Up-to-date: /convince_ws/install/bt_interfaces_dummy/share/bt_interfaces_dummy/cmake/export_bt_interfaces_dummy__rosidl_generator_pyExport.cmake\n'}
[0.330386] (bt_interfaces_dummy) StdoutLine: {'line': b'-- Up-to-date: /convince_ws/install/bt_interfaces_dummy/share/bt_interfaces_dummy/cmake/export_bt_interfaces_dummy__rosidl_generator_pyExport-noconfig.cmake\n'}
[0.330427] (overarching_msgs) JobEnded: {'identifier': 'overarching_msgs', 'rc': 0}
[0.330665] (bt_interfaces_dummy) CommandEnded: {'returncode': 0}
[0.330779] (pyrobosim_msgs) StdoutLine: {'line': b"Listing '/convince_ws/install/pyrobosim_msgs/lib/python3.12/site-packages/pyrobosim_msgs'...\n"}
[0.330832] (pyrobosim_msgs) StdoutLine: {'line': b"Listing '/convince_ws/install/pyrobosim_msgs/lib/python3.12/site-packages/pyrobosim_msgs/action'...\n"}
[0.330870] (pyrobosim_msgs) StdoutLine: {'line': b"Listing '/convince_ws/install/pyrobosim_msgs/lib/python3.12/site-packages/pyrobosim_msgs/msg'...\n"}
[0.330906] (pyrobosim_msgs) StdoutLine: {'line': b"Listing '/convince_ws/install/pyrobosim_msgs/lib/python3.12/site-packages/pyrobosim_msgs/srv'...\n"}
[0.332544] (pyrobosim_msgs) StdoutLine: {'line': b'-- Up-to-date: /convince_ws/install/pyrobosim_msgs/lib/libpyrobosim_msgs__rosidl_generator_py.so\n'}
[0.332639] (pyrobosim_msgs) StdoutLine: {'line': b'-- Up-to-date: /convince_ws/install/pyrobosim_msgs/share/pyrobosim_msgs/cmake/export_pyrobosim_msgs__rosidl_generator_cExport.cmake\n'}
[0.332703] (pyrobosim_msgs) StdoutLine: {'line': b'-- Up-to-date: /convince_ws/install/pyrobosim_msgs/share/pyrobosim_msgs/cmake/export_pyrobosim_msgs__rosidl_generator_cExport-noconfig.cmake\n'}
[0.332737] (pyrobosim_msgs) StdoutLine: {'line': b'-- Up-to-date: /convince_ws/install/pyrobosim_msgs/share/pyrobosim_msgs/cmake/export_pyrobosim_msgs__rosidl_typesupport_fastrtps_cExport.cmake\n'}
[0.332785] (pyrobosim_msgs) StdoutLine: {'line': b'-- Up-to-date: /convince_ws/install/pyrobosim_msgs/share/pyrobosim_msgs/cmake/export_pyrobosim_msgs__rosidl_typesupport_fastrtps_cExport-noconfig.cmake\n'}
[0.332873] (pyrobosim_msgs) StdoutLine: {'line': b'-- Up-to-date: /convince_ws/install/pyrobosim_msgs/share/pyrobosim_msgs/cmake/export_pyrobosim_msgs__rosidl_generator_cppExport.cmake\n'}
[0.332941] (pyrobosim_msgs) StdoutLine: {'line': b'-- Up-to-date: /convince_ws/install/pyrobosim_msgs/share/pyrobosim_msgs/cmake/export_pyrobosim_msgs__rosidl_typesupport_fastrtps_cppExport.cmake\n'}
[0.333072] (pyrobosim_msgs) StdoutLine: {'line': b'-- Up-to-date: /convince_ws/install/pyrobosim_msgs/share/pyrobosim_msgs/cmake/export_pyrobosim_msgs__rosidl_typesupport_fastrtps_cppExport-noconfig.cmake\n'}
[0.333109] (pyrobosim_msgs) StdoutLine: {'line': b'-- Up-to-date: /convince_ws/install/pyrobosim_msgs/share/pyrobosim_msgs/cmake/pyrobosim_msgs__rosidl_typesupport_introspection_cExport.cmake\n'}
[0.333140] (pyrobosim_msgs) StdoutLine: {'line': b'-- Up-to-date: /convince_ws/install/pyrobosim_msgs/share/pyrobosim_msgs/cmake/pyrobosim_msgs__rosidl_typesupport_introspection_cExport-noconfig.cmake\n'}
[0.333244] (pyrobosim_msgs) StdoutLine: {'line': b'-- Up-to-date: /convince_ws/install/pyrobosim_msgs/share/pyrobosim_msgs/cmake/pyrobosim_msgs__rosidl_typesupport_cExport.cmake\n'}
[0.333615] (pyrobosim_msgs) StdoutLine: {'line': b'-- Up-to-date: /convince_ws/install/pyrobosim_msgs/share/pyrobosim_msgs/cmake/pyrobosim_msgs__rosidl_typesupport_cExport-noconfig.cmake\n'}
[0.333662] (pyrobosim_msgs) StdoutLine: {'line': b'-- Up-to-date: /convince_ws/install/pyrobosim_msgs/share/pyrobosim_msgs/cmake/pyrobosim_msgs__rosidl_typesupport_introspection_cppExport.cmake\n'}
[0.333702] (pyrobosim_msgs) StdoutLine: {'line': b'-- Up-to-date: /convince_ws/install/pyrobosim_msgs/share/pyrobosim_msgs/cmake/pyrobosim_msgs__rosidl_typesupport_introspection_cppExport-noconfig.cmake\n'}
[0.333737] (pyrobosim_msgs) StdoutLine: {'line': b'-- Up-to-date: /convince_ws/install/pyrobosim_msgs/share/pyrobosim_msgs/cmake/pyrobosim_msgs__rosidl_typesupport_cppExport.cmake\n'}
[0.333770] (pyrobosim_msgs) StdoutLine: {'line': b'-- Up-to-date: /convince_ws/install/pyrobosim_msgs/share/pyrobosim_msgs/cmake/pyrobosim_msgs__rosidl_typesupport_cppExport-noconfig.cmake\n'}
[0.333803] (pyrobosim_msgs) StdoutLine: {'line': b'-- Up-to-date: /convince_ws/install/pyrobosim_msgs/share/pyrobosim_msgs/cmake/export_pyrobosim_msgs__rosidl_generator_pyExport.cmake\n'}
[0.333837] (pyrobosim_msgs) StdoutLine: {'line': b'-- Up-to-date: /convince_ws/install/pyrobosim_msgs/share/pyrobosim_msgs/cmake/export_pyrobosim_msgs__rosidl_generator_pyExport-noconfig.cmake\n'}
[0.341192] (bt_interfaces_dummy) JobEnded: {'identifier': 'bt_interfaces_dummy', 'rc': 0}
[0.341612] (btcpp_ros2_interfaces) CommandEnded: {'returncode': 0}
[0.349783] (btcpp_ros2_interfaces) JobEnded: {'identifier': 'btcpp_ros2_interfaces', 'rc': 0}
[0.350312] (behaviortree_ros2) JobStarted: {'identifier': 'behaviortree_ros2'}
[0.351606] (bt_nodes) JobStarted: {'identifier': 'bt_nodes'}
[0.352905] (place_object_skill) JobStarted: {'identifier': 'place_object_skill'}
[0.354941] (pyrobosim_msgs) CommandEnded: {'returncode': 0}
[0.364104] (pyrobosim_msgs) JobEnded: {'identifier': 'pyrobosim_msgs', 'rc': 0}
[0.364502] (behaviortree_ros2) JobProgress: {'identifier': 'behaviortree_ros2', 'progress': 'cmake'}
[0.364748] (behaviortree_ros2) JobProgress: {'identifier': 'behaviortree_ros2', 'progress': 'build'}
[0.364844] (behaviortree_ros2) Command: {'cmd': ['/usr/bin/cmake', '--build', '/convince_ws/build/behaviortree_ros2', '--', '-j20', '-l20'], 'cwd': '/convince_ws/build/behaviortree_ros2', 'env': OrderedDict({'PYTHONWARNINGS': 'ignore:setup.py install is deprecated,ignore:easy_install command is deprecated', 'HOSTNAME': '4451cd8a7c13', 'SHLVL': '1', 'LD_LIBRARY_PATH': '/convince_ws/install/btcpp_ros2_interfaces/lib:/opt/ros/jazzy/opt/zmqpp_vendor/lib:/opt/ros/jazzy/lib/x86_64-linux-gnu:/opt/ros/jazzy/lib', 'HOME': '/root', 'OLDPWD': '/convince_ws', 'ROS_PYTHON_VERSION': '3', 'ROS_DISTRO': 'jazzy', '_': '/usr/bin/colcon', 'ROS_VERSION': '2', 'TERM': 'xterm', 'QT_X11_NO_MITSHM': '1', 'PATH': '/opt/ros/jazzy/bin:/usr/local/sbin:/usr/local/bin:/usr/sbin:/usr/bin:/sbin:/bin', 'DISPLAY': ':1', 'LANG': 'C.UTF-8', 'AMENT_PREFIX_PATH': '/convince_ws/install/btcpp_ros2_interfaces:/opt/ros/jazzy', 'ROS_WS': '/convince_ws', 'ROS_AUTOMATIC_DISCOVERY_RANGE': 'SUBNET', 'PWD': '/convince_ws/build/behaviortree_ros2', 'LC_ALL': 'C.UTF-8', 'PYTHONPATH': '/convince_ws/install/btcpp_ros2_interfaces/lib/python3.12/site-packages:/opt/ros/jazzy/lib/python3.12/site-packages', 'COLCON': '1', 'CMAKE_PREFIX_PATH': '/convince_ws/install/btcpp_ros2_interfaces:/opt/ros/jazzy'}), 'shell': False}
[0.365279] (pyrobosim_ros) JobStarted: {'identifier': 'pyrobosim_ros'}
[0.366969] (bt_nodes) JobProgress: {'identifier': 'bt_nodes', 'progress': 'cmake'}
[0.367198] (bt_nodes) Command: {'cmd': ['/usr/bin/cmake', '/convince_ws/src/bt_nodes', '-DCMAKE_EXPORT_COMPILE_COMMANDS=ON', '--no-warn-unused-cli', '-DAMENT_CMAKE_SYMLINK_INSTALL=1', '-DCMAKE_INSTALL_PREFIX=/convince_ws/install/bt_nodes'], 'cwd': '/convince_ws/build/bt_nodes', 'env': OrderedDict({'PYTHONWARNINGS': 'ignore:setup.py install is deprecated,ignore:easy_install command is deprecated', 'HOSTNAME': '4451cd8a7c13', 'SHLVL': '1', 'LD_LIBRARY_PATH': '/convince_ws/install/bt_interfaces_dummy/lib:/opt/ros/jazzy/opt/zmqpp_vendor/lib:/opt/ros/jazzy/lib/x86_64-linux-gnu:/opt/ros/jazzy/lib', 'HOME': '/root', 'OLDPWD': '/convince_ws', 'ROS_PYTHON_VERSION': '3', 'ROS_DISTRO': 'jazzy', '_': '/usr/bin/colcon', 'ROS_VERSION': '2', 'TERM': 'xterm', 'QT_X11_NO_MITSHM': '1', 'PATH': '/opt/ros/jazzy/bin:/usr/local/sbin:/usr/local/bin:/usr/sbin:/usr/bin:/sbin:/bin', 'DISPLAY': ':1', 'LANG': 'C.UTF-8', 'AMENT_PREFIX_PATH': '/convince_ws/install/bt_interfaces_dummy:/opt/ros/jazzy', 'ROS_WS': '/convince_ws', 'ROS_AUTOMATIC_DISCOVERY_RANGE': 'SUBNET', 'PWD': '/convince_ws/build/bt_nodes', 'LC_ALL': 'C.UTF-8', 'PYTHONPATH': '/convince_ws/install/bt_interfaces_dummy/lib/python3.12/site-packages:/opt/ros/jazzy/lib/python3.12/site-packages', 'COLCON': '1', 'CMAKE_PREFIX_PATH': '/convince_ws/install/bt_interfaces_dummy:/opt/ros/jazzy'}), 'shell': False}
[0.367545] (place_object_skill) JobProgress: {'identifier': 'place_object_skill', 'progress': 'cmake'}
[0.367757] (place_object_skill) Command: {'cmd': ['/usr/bin/cmake', '/convince_ws/src/generated_skill/place_object_skill', '-DCMAKE_EXPORT_COMPILE_COMMANDS=ON', '--no-warn-unused-cli', '-DAMENT_CMAKE_SYMLINK_INSTALL=1', '-DCMAKE_INSTALL_PREFIX=/convince_ws/install/place_object_skill'], 'cwd': '/convince_ws/build/place_object_skill', 'env': OrderedDict({'PYTHONWARNINGS': 'ignore:setup.py install is deprecated,ignore:easy_install command is deprecated', 'HOSTNAME': '4451cd8a7c13', 'SHLVL': '1', 'LD_LIBRARY_PATH': '/convince_ws/install/overarching_msgs/lib:/convince_ws/install/bt_interfaces_dummy/lib:/opt/ros/jazzy/opt/zmqpp_vendor/lib:/opt/ros/jazzy/lib/x86_64-linux-gnu:/opt/ros/jazzy/lib', 'HOME': '/root', 'OLDPWD': '/convince_ws', 'ROS_PYTHON_VERSION': '3', 'ROS_DISTRO': 'jazzy', '_': '/usr/bin/colcon', 'ROS_VERSION': '2', 'TERM': 'xterm', 'QT_X11_NO_MITSHM': '1', 'PATH': '/opt/ros/jazzy/bin:/usr/local/sbin:/usr/local/bin:/usr/sbin:/usr/bin:/sbin:/bin', 'DISPLAY': ':1', 'LANG': 'C.UTF-8', 'AMENT_PREFIX_PATH': '/convince_ws/install/overarching_msgs:/convince_ws/install/bt_interfaces_dummy:/opt/ros/jazzy', 'ROS_WS': '/convince_ws', 'ROS_AUTOMATIC_DISCOVERY_RANGE': 'SUBNET', 'PWD': '/convince_ws/build/place_object_skill', 'LC_ALL': 'C.UTF-8', 'PYTHONPATH': '/convince_ws/install/overarching_msgs/lib/python3.12/site-packages:/convince_ws/install/bt_interfaces_dummy/lib/python3.12/site-packages:/opt/ros/jazzy/lib/python3.12/site-packages', 'COLCON': '1', 'CMAKE_PREFIX_PATH': '/convince_ws/install/overarching_msgs:/convince_ws/install/bt_interfaces_dummy:/opt/ros/jazzy'}), 'shell': False}
[0.369647] (pyrobosim_ros) JobProgress: {'identifier': 'pyrobosim_ros', 'progress': 'cmake'}
[0.370128] (pyrobosim_ros) JobProgress: {'identifier': 'pyrobosim_ros', 'progress': 'build'}
[0.370278] (pyrobosim_ros) Command: {'cmd': ['/usr/bin/cmake', '--build', '/convince_ws/build/pyrobosim_ros', '--', '-j20', '-l20'], 'cwd': '/convince_ws/build/pyrobosim_ros', 'env': OrderedDict({'PYTHONWARNINGS': 'ignore:setup.py install is deprecated,ignore:easy_install command is deprecated', 'HOSTNAME': '4451cd8a7c13', 'SHLVL': '1', 'LD_LIBRARY_PATH': '/convince_ws/install/pyrobosim_msgs/lib:/opt/ros/jazzy/opt/zmqpp_vendor/lib:/opt/ros/jazzy/lib/x86_64-linux-gnu:/opt/ros/jazzy/lib', 'HOME': '/root', 'OLDPWD': '/convince_ws', 'ROS_PYTHON_VERSION': '3', 'ROS_DISTRO': 'jazzy', '_': '/usr/bin/colcon', 'ROS_VERSION': '2', 'TERM': 'xterm', 'QT_X11_NO_MITSHM': '1', 'PATH': '/opt/ros/jazzy/bin:/usr/local/sbin:/usr/local/bin:/usr/sbin:/usr/bin:/sbin:/bin', 'DISPLAY': ':1', 'LANG': 'C.UTF-8', 'AMENT_PREFIX_PATH': '/convince_ws/install/pyrobosim_msgs:/opt/ros/jazzy', 'ROS_WS': '/convince_ws', 'ROS_AUTOMATIC_DISCOVERY_RANGE': 'SUBNET', 'PWD': '/convince_ws/build/pyrobosim_ros', 'LC_ALL': 'C.UTF-8', 'PYTHONPATH': '/convince_ws/install/pyrobosim_msgs/lib/python3.12/site-packages:/opt/ros/jazzy/lib/python3.12/site-packages', 'COLCON': '1', 'CMAKE_PREFIX_PATH': '/convince_ws/install/pyrobosim_msgs:/opt/ros/jazzy'}), 'shell': False}
[0.372943] (bt_nodes) StdoutLine: {'line': b'Not searching for unused variables given on the command line.\n'}
[0.373134] (place_object_skill) StdoutLine: {'line': b'Not searching for unused variables given on the command line.\n'}
[0.400244] (-) TimerEvent: {}
[0.401417] (behaviortree_ros2) StdoutLine: {'line': b'[ 28%] Built target bt_executor_parameters\n'}
[0.403290] (bt_nodes) StdoutLine: {'line': b'-- The C compiler identification is GNU 13.3.0\n'}
[0.407427] (pyrobosim) Command: {'cmd': ['/usr/bin/python3', '-W', 'ignore:setup.py install is deprecated', '-W', 'ignore:easy_install command is deprecated', 'setup.py', 'develop', '--editable', '--build-directory', '/convince_ws/build/pyrobosim/build', '--no-deps'], 'cwd': '/convince_ws/build/pyrobosim', 'env': {'PYTHONWARNINGS': 'ignore:setup.py install is deprecated,ignore:easy_install command is deprecated', 'HOSTNAME': '4451cd8a7c13', 'SHLVL': '1', 'LD_LIBRARY_PATH': '/opt/ros/jazzy/opt/zmqpp_vendor/lib:/opt/ros/jazzy/lib/x86_64-linux-gnu:/opt/ros/jazzy/lib', 'HOME': '/root', 'OLDPWD': '/convince_ws', 'ROS_PYTHON_VERSION': '3', 'ROS_DISTRO': 'jazzy', '_': '/usr/bin/colcon', 'ROS_VERSION': '2', 'TERM': 'xterm', 'QT_X11_NO_MITSHM': '1', 'PATH': '/opt/ros/jazzy/bin:/usr/local/sbin:/usr/local/bin:/usr/sbin:/usr/bin:/sbin:/bin', 'DISPLAY': ':1', 'LANG': 'C.UTF-8', 'AMENT_PREFIX_PATH': '/opt/ros/jazzy', 'ROS_WS': '/convince_ws', 'ROS_AUTOMATIC_DISCOVERY_RANGE': 'SUBNET', 'PWD': '/convince_ws/build/pyrobosim', 'LC_ALL': 'C.UTF-8', 'PYTHONPATH': '/convince_ws/build/pyrobosim/prefix_override:/usr/lib/python3/dist-packages/colcon_core/task/python/colcon_distutils_commands:/convince_ws/install/pyrobosim/lib/python3.12/site-packages:/opt/ros/jazzy/lib/python3.12/site-packages', 'COLCON': '1'}, 'shell': False}
[0.409812] (place_object_skill) StdoutLine: {'line': b'-- The C compiler identification is GNU 13.3.0\n'}
[0.413610] (pyrobosim_ros) StdoutLine: {'line': b'Built target ament_cmake_python_symlink_pyrobosim_ros\n'}
[0.428308] (behaviortree_ros2) StdoutLine: {'line': b'[100%] Built target behaviortree_ros2\n'}
[0.435061] (behaviortree_ros2) CommandEnded: {'returncode': 0}
[0.435508] (behaviortree_ros2) JobProgress: {'identifier': 'behaviortree_ros2', 'progress': 'install'}
[0.435677] (behaviortree_ros2) Command: {'cmd': ['/usr/bin/cmake', '--install', '/convince_ws/build/behaviortree_ros2'], 'cwd': '/convince_ws/build/behaviortree_ros2', 'env': OrderedDict({'PYTHONWARNINGS': 'ignore:setup.py install is deprecated,ignore:easy_install command is deprecated', 'HOSTNAME': '4451cd8a7c13', 'SHLVL': '1', 'LD_LIBRARY_PATH': '/convince_ws/install/btcpp_ros2_interfaces/lib:/opt/ros/jazzy/opt/zmqpp_vendor/lib:/opt/ros/jazzy/lib/x86_64-linux-gnu:/opt/ros/jazzy/lib', 'HOME': '/root', 'OLDPWD': '/convince_ws', 'ROS_PYTHON_VERSION': '3', 'ROS_DISTRO': 'jazzy', '_': '/usr/bin/colcon', 'ROS_VERSION': '2', 'TERM': 'xterm', 'QT_X11_NO_MITSHM': '1', 'PATH': '/opt/ros/jazzy/bin:/usr/local/sbin:/usr/local/bin:/usr/sbin:/usr/bin:/sbin:/bin', 'DISPLAY': ':1', 'LANG': 'C.UTF-8', 'AMENT_PREFIX_PATH': '/convince_ws/install/btcpp_ros2_interfaces:/opt/ros/jazzy', 'ROS_WS': '/convince_ws', 'ROS_AUTOMATIC_DISCOVERY_RANGE': 'SUBNET', 'PWD': '/convince_ws/build/behaviortree_ros2', 'LC_ALL': 'C.UTF-8', 'PYTHONPATH': '/convince_ws/install/btcpp_ros2_interfaces/lib/python3.12/site-packages:/opt/ros/jazzy/lib/python3.12/site-packages', 'COLCON': '1', 'CMAKE_PREFIX_PATH': '/convince_ws/install/btcpp_ros2_interfaces:/opt/ros/jazzy'}), 'shell': False}
[0.440012] (behaviortree_ros2) StdoutLine: {'line': b'-- Install configuration: ""\n'}
[0.440280] (behaviortree_ros2) StdoutLine: {'line': b'-- Execute custom install script\n'}
[0.440487] (behaviortree_ros2) StdoutLine: {'line': b'-- Up-to-date symlink: /convince_ws/install/behaviortree_ros2/include/behaviortree_ros2/bt_executor_parameters.hpp\n'}
[0.440707] (behaviortree_ros2) StdoutLine: {'line': b'-- Up-to-date symlink: /convince_ws/install/behaviortree_ros2/include//behaviortree_ros2/bt_action_node.hpp\n'}
[0.440842] (behaviortree_ros2) StdoutLine: {'line': b'-- Up-to-date symlink: /convince_ws/install/behaviortree_ros2/include//behaviortree_ros2/bt_ros_logger.hpp\n'}
[0.440950] (behaviortree_ros2) StdoutLine: {'line': b'-- Up-to-date symlink: /convince_ws/install/behaviortree_ros2/include//behaviortree_ros2/bt_service_node.hpp\n'}
[0.441035] (behaviortree_ros2) StdoutLine: {'line': b'-- Up-to-date symlink: /convince_ws/install/behaviortree_ros2/include//behaviortree_ros2/bt_topic_pub_node.hpp\n'}
[0.441148] (behaviortree_ros2) StdoutLine: {'line': b'-- Up-to-date symlink: /convince_ws/install/behaviortree_ros2/include//behaviortree_ros2/bt_topic_sub_node.hpp\n'}
[0.441295] (behaviortree_ros2) StdoutLine: {'line': b'-- Up-to-date symlink: /convince_ws/install/behaviortree_ros2/include//behaviortree_ros2/bt_utils.hpp\n'}
[0.441368] (behaviortree_ros2) StdoutLine: {'line': b'-- Up-to-date symlink: /convince_ws/install/behaviortree_ros2/include//behaviortree_ros2/plugins.hpp\n'}
[0.441457] (behaviortree_ros2) StdoutLine: {'line': b'-- Up-to-date symlink: /convince_ws/install/behaviortree_ros2/include//behaviortree_ros2/ros_node_params.hpp\n'}
[0.441543] (behaviortree_ros2) StdoutLine: {'line': b'-- Up-to-date symlink: /convince_ws/install/behaviortree_ros2/include//behaviortree_ros2/tree_execution_server.hpp\n'}
[0.441623] (behaviortree_ros2) StdoutLine: {'line': b'-- Up-to-date symlink: /convince_ws/install/behaviortree_ros2/share/behaviortree_ros2/environment/library_path.sh\n'}
[0.441709] (behaviortree_ros2) StdoutLine: {'line': b'-- Up-to-date symlink: /convince_ws/install/behaviortree_ros2/share/behaviortree_ros2/environment/library_path.dsv\n'}
[0.441793] (behaviortree_ros2) StdoutLine: {'line': b'-- Up-to-date symlink: /convince_ws/install/behaviortree_ros2/share/ament_index/resource_index/package_run_dependencies/behaviortree_ros2\n'}
[0.441882] (behaviortree_ros2) StdoutLine: {'line': b'-- Up-to-date symlink: /convince_ws/install/behaviortree_ros2/share/ament_index/resource_index/parent_prefix_path/behaviortree_ros2\n'}
[0.441958] (behaviortree_ros2) StdoutLine: {'line': b'-- Up-to-date symlink: /convince_ws/install/behaviortree_ros2/share/behaviortree_ros2/environment/ament_prefix_path.sh\n'}
[0.442023] (behaviortree_ros2) StdoutLine: {'line': b'-- Up-to-date symlink: /convince_ws/install/behaviortree_ros2/share/behaviortree_ros2/environment/ament_prefix_path.dsv\n'}
[0.442085] (behaviortree_ros2) StdoutLine: {'line': b'-- Up-to-date symlink: /convince_ws/install/behaviortree_ros2/share/behaviortree_ros2/environment/path.sh\n'}
[0.442147] (behaviortree_ros2) StdoutLine: {'line': b'-- Up-to-date symlink: /convince_ws/install/behaviortree_ros2/share/behaviortree_ros2/environment/path.dsv\n'}
[0.442235] (behaviortree_ros2) StdoutLine: {'line': b'-- Up-to-date symlink: /convince_ws/install/behaviortree_ros2/share/behaviortree_ros2/local_setup.bash\n'}
[0.442301] (behaviortree_ros2) StdoutLine: {'line': b'-- Up-to-date symlink: /convince_ws/install/behaviortree_ros2/share/behaviortree_ros2/local_setup.sh\n'}
[0.442366] (behaviortree_ros2) StdoutLine: {'line': b'-- Up-to-date symlink: /convince_ws/install/behaviortree_ros2/share/behaviortree_ros2/local_setup.zsh\n'}
[0.442441] (behaviortree_ros2) StdoutLine: {'line': b'-- Up-to-date symlink: /convince_ws/install/behaviortree_ros2/share/behaviortree_ros2/local_setup.dsv\n'}
[0.442506] (behaviortree_ros2) StdoutLine: {'line': b'-- Symlinking: /convince_ws/install/behaviortree_ros2/share/behaviortree_ros2/package.dsv\n'}
[0.446316] (bt_nodes) StdoutLine: {'line': b'-- The CXX compiler identification is GNU 13.3.0\n'}
[0.446700] (behaviortree_ros2) StdoutLine: {'line': b'-- Up-to-date symlink: /convince_ws/install/behaviortree_ros2/share/ament_index/resource_index/packages/behaviortree_ros2\n'}
[0.446847] (behaviortree_ros2) StdoutLine: {'line': b'-- Up-to-date symlink: /convince_ws/install/behaviortree_ros2/share/behaviortree_ros2/cmake/ament_cmake_export_dependencies-extras.cmake\n'}
[0.446987] (behaviortree_ros2) StdoutLine: {'line': b'-- Up-to-date symlink: /convince_ws/install/behaviortree_ros2/share/behaviortree_ros2/cmake/ament_cmake_export_targets-extras.cmake\n'}
[0.447135] (behaviortree_ros2) StdoutLine: {'line': b'-- Up-to-date symlink: /convince_ws/install/behaviortree_ros2/share/behaviortree_ros2/cmake/ament_cmake_export_include_directories-extras.cmake\n'}
[0.447276] (behaviortree_ros2) StdoutLine: {'line': b'-- Up-to-date symlink: /convince_ws/install/behaviortree_ros2/share/behaviortree_ros2/cmake/ament_cmake_export_libraries-extras.cmake\n'}
[0.447422] (behaviortree_ros2) StdoutLine: {'line': b'-- Up-to-date symlink: /convince_ws/install/behaviortree_ros2/share/behaviortree_ros2/cmake/behaviortree_ros2Config.cmake\n'}
[0.447566] (behaviortree_ros2) StdoutLine: {'line': b'-- Up-to-date symlink: /convince_ws/install/behaviortree_ros2/share/behaviortree_ros2/cmake/behaviortree_ros2Config-version.cmake\n'}
[0.447667] (behaviortree_ros2) StdoutLine: {'line': b'-- Up-to-date symlink: /convince_ws/install/behaviortree_ros2/share/behaviortree_ros2/package.xml\n'}
[0.447759] (behaviortree_ros2) StdoutLine: {'line': b'-- Up-to-date: /convince_ws/install/behaviortree_ros2/lib/libbehaviortree_ros2.a\n'}
[0.447846] (behaviortree_ros2) StdoutLine: {'line': b'-- Up-to-date: /convince_ws/install/behaviortree_ros2/share/behaviortree_ros2/cmake/behaviortree_ros2TargetsExport.cmake\n'}
[0.447935] (behaviortree_ros2) StdoutLine: {'line': b'-- Up-to-date: /convince_ws/install/behaviortree_ros2/share/behaviortree_ros2/cmake/behaviortree_ros2TargetsExport-noconfig.cmake\n'}
[0.449397] (behaviortree_ros2) CommandEnded: {'returncode': 0}
[0.451269] (place_object_skill) StdoutLine: {'line': b'-- The CXX compiler identification is GNU 13.3.0\n'}
[0.457986] (bt_nodes) StdoutLine: {'line': b'-- Detecting C compiler ABI info\n'}
[0.460137] (behaviortree_ros2) JobEnded: {'identifier': 'behaviortree_ros2', 'rc': 0}
[0.460944] (btcpp_ros2_samples) JobStarted: {'identifier': 'btcpp_ros2_samples'}
[0.461616] (place_object_skill) StdoutLine: {'line': b'-- Detecting C compiler ABI info\n'}
[0.466456] (btcpp_ros2_samples) JobProgress: {'identifier': 'btcpp_ros2_samples', 'progress': 'cmake'}
[0.466965] (btcpp_ros2_samples) JobProgress: {'identifier': 'btcpp_ros2_samples', 'progress': 'build'}
[0.467347] (btcpp_ros2_samples) Command: {'cmd': ['/usr/bin/cmake', '--build', '/convince_ws/build/btcpp_ros2_samples', '--', '-j20', '-l20'], 'cwd': '/convince_ws/build/btcpp_ros2_samples', 'env': OrderedDict({'PYTHONWARNINGS': 'ignore:setup.py install is deprecated,ignore:easy_install command is deprecated', 'HOSTNAME': '4451cd8a7c13', 'SHLVL': '1', 'LD_LIBRARY_PATH': '/convince_ws/install/behaviortree_ros2/lib:/convince_ws/install/btcpp_ros2_interfaces/lib:/opt/ros/jazzy/opt/zmqpp_vendor/lib:/opt/ros/jazzy/lib/x86_64-linux-gnu:/opt/ros/jazzy/lib', 'HOME': '/root', 'OLDPWD': '/convince_ws', 'ROS_PYTHON_VERSION': '3', 'ROS_DISTRO': 'jazzy', '_': '/usr/bin/colcon', 'ROS_VERSION': '2', 'TERM': 'xterm', 'QT_X11_NO_MITSHM': '1', 'PATH': '/opt/ros/jazzy/bin:/usr/local/sbin:/usr/local/bin:/usr/sbin:/usr/bin:/sbin:/bin', 'DISPLAY': ':1', 'LANG': 'C.UTF-8', 'AMENT_PREFIX_PATH': '/convince_ws/install/behaviortree_ros2:/convince_ws/install/btcpp_ros2_interfaces:/opt/ros/jazzy', 'ROS_WS': '/convince_ws', 'ROS_AUTOMATIC_DISCOVERY_RANGE': 'SUBNET', 'PWD': '/convince_ws/build/btcpp_ros2_samples', 'LC_ALL': 'C.UTF-8', 'PYTHONPATH': '/convince_ws/install/btcpp_ros2_interfaces/lib/python3.12/site-packages:/opt/ros/jazzy/lib/python3.12/site-packages', 'COLCON': '1', 'CMAKE_PREFIX_PATH': '/convince_ws/install/behaviortree_ros2:/convince_ws/install/btcpp_ros2_interfaces:/opt/ros/jazzy'}), 'shell': False}
[0.500328] (-) TimerEvent: {}
[0.506054] (btcpp_ros2_samples) StdoutLine: {'line': b'[ 16%] Built target bool_client\n'}
[0.507514] (btcpp_ros2_samples) StdoutLine: {'line': b'[ 27%] Built target subscriber_test\n'}
[0.508530] (btcpp_ros2_samples) StdoutLine: {'line': b'[ 38%] Built target sleep_server\n'}
[0.510978] (bt_nodes) StdoutLine: {'line': b'-- Detecting C compiler ABI info - done\n'}
[0.511118] (btcpp_ros2_samples) StdoutLine: {'line': b'[ 50%] Built target sample_bt_executor\n'}
[0.511863] (btcpp_ros2_samples) StdoutLine: {'line': b'[ 66%] Built target sleep_client\n'}
[0.512519] (btcpp_ros2_samples) StdoutLine: {'line': b'[ 77%] Built target bool_server\n'}
[0.512693] (btcpp_ros2_samples) StdoutLine: {'line': b'[ 88%] Built target sleep_plugin\n'}
[0.516241] (pyrobosim_ros) StdoutLine: {'line': b'running egg_info\n'}
[0.517891] (place_object_skill) StdoutLine: {'line': b'-- Detecting C compiler ABI info - done\n'}
[0.518333] (bt_nodes) StdoutLine: {'line': b'-- Check for working C compiler: /usr/bin/cc - skipped\n'}
[0.518477] (bt_nodes) StdoutLine: {'line': b'-- Detecting C compile features\n'}
[0.518741] (bt_nodes) StdoutLine: {'line': b'-- Detecting C compile features - done\n'}
[0.524464] (bt_nodes) StdoutLine: {'line': b'-- Detecting CXX compiler ABI info\n'}
[0.525873] (place_object_skill) StdoutLine: {'line': b'-- Check for working C compiler: /usr/bin/cc - skipped\n'}
[0.525988] (place_object_skill) StdoutLine: {'line': b'-- Detecting C compile features\n'}
[0.526113] (pyrobosim_ros) StdoutLine: {'line': b'writing pyrobosim_ros.egg-info/PKG-INFO\n'}
[0.526192] (place_object_skill) StdoutLine: {'line': b'-- Detecting C compile features - done\n'}
[0.526278] (pyrobosim_ros) StdoutLine: {'line': b'writing dependency_links to pyrobosim_ros.egg-info/dependency_links.txt\n'}
[0.526351] (pyrobosim_ros) StdoutLine: {'line': b'writing top-level names to pyrobosim_ros.egg-info/top_level.txt\n'}
[0.532009] (btcpp_ros2_samples) StdoutLine: {'line': b'[100%] Built target sleep_client_dyn\n'}
[0.532178] (place_object_skill) StdoutLine: {'line': b'-- Detecting CXX compiler ABI info\n'}
[0.539927] (btcpp_ros2_samples) CommandEnded: {'returncode': 0}
[0.540256] (pyrobosim) StdoutLine: {'line': b'running develop\n'}
[0.540514] (btcpp_ros2_samples) JobProgress: {'identifier': 'btcpp_ros2_samples', 'progress': 'install'}
[0.540822] (btcpp_ros2_samples) Command: {'cmd': ['/usr/bin/cmake', '--install', '/convince_ws/build/btcpp_ros2_samples'], 'cwd': '/convince_ws/build/btcpp_ros2_samples', 'env': OrderedDict({'PYTHONWARNINGS': 'ignore:setup.py install is deprecated,ignore:easy_install command is deprecated', 'HOSTNAME': '4451cd8a7c13', 'SHLVL': '1', 'LD_LIBRARY_PATH': '/convince_ws/install/behaviortree_ros2/lib:/convince_ws/install/btcpp_ros2_interfaces/lib:/opt/ros/jazzy/opt/zmqpp_vendor/lib:/opt/ros/jazzy/lib/x86_64-linux-gnu:/opt/ros/jazzy/lib', 'HOME': '/root', 'OLDPWD': '/convince_ws', 'ROS_PYTHON_VERSION': '3', 'ROS_DISTRO': 'jazzy', '_': '/usr/bin/colcon', 'ROS_VERSION': '2', 'TERM': 'xterm', 'QT_X11_NO_MITSHM': '1', 'PATH': '/opt/ros/jazzy/bin:/usr/local/sbin:/usr/local/bin:/usr/sbin:/usr/bin:/sbin:/bin', 'DISPLAY': ':1', 'LANG': 'C.UTF-8', 'AMENT_PREFIX_PATH': '/convince_ws/install/behaviortree_ros2:/convince_ws/install/btcpp_ros2_interfaces:/opt/ros/jazzy', 'ROS_WS': '/convince_ws', 'ROS_AUTOMATIC_DISCOVERY_RANGE': 'SUBNET', 'PWD': '/convince_ws/build/btcpp_ros2_samples', 'LC_ALL': 'C.UTF-8', 'PYTHONPATH': '/convince_ws/install/btcpp_ros2_interfaces/lib/python3.12/site-packages:/opt/ros/jazzy/lib/python3.12/site-packages', 'COLCON': '1', 'CMAKE_PREFIX_PATH': '/convince_ws/install/behaviortree_ros2:/convince_ws/install/btcpp_ros2_interfaces:/opt/ros/jazzy'}), 'shell': False}
[0.545246] (btcpp_ros2_samples) StdoutLine: {'line': b'-- Install configuration: ""\n'}
[0.545446] (btcpp_ros2_samples) StdoutLine: {'line': b'-- Execute custom install script\n'}
[0.545555] (pyrobosim_ros) StdoutLine: {'line': b"reading manifest file 'pyrobosim_ros.egg-info/SOURCES.txt'\n"}
[0.545677] (btcpp_ros2_samples) StdoutLine: {'line': b'-- Up-to-date symlink: /convince_ws/install/btcpp_ros2_samples/lib/btcpp_ros2_samples/sleep_client\n'}
[0.545764] (btcpp_ros2_samples) StdoutLine: {'line': b'-- Up-to-date symlink: /convince_ws/install/btcpp_ros2_samples/lib/btcpp_ros2_samples/sleep_client_dyn\n'}
[0.545842] (btcpp_ros2_samples) StdoutLine: {'line': b'-- Up-to-date symlink: /convince_ws/install/btcpp_ros2_samples/lib/btcpp_ros2_samples/sleep_server\n'}
[0.545925] (btcpp_ros2_samples) StdoutLine: {'line': b'-- Up-to-date symlink: /convince_ws/install/btcpp_ros2_samples/lib/btcpp_ros2_samples/libsleep_plugin.so\n'}
[0.546004] (btcpp_ros2_samples) StdoutLine: {'line': b'-- Up-to-date symlink: /convince_ws/install/btcpp_ros2_samples/lib/btcpp_ros2_samples/subscriber_test\n'}
[0.546078] (pyrobosim_ros) StdoutLine: {'line': b"writing manifest file 'pyrobosim_ros.egg-info/SOURCES.txt'\n"}
[0.546142] (btcpp_ros2_samples) StdoutLine: {'line': b'-- Up-to-date symlink: /convince_ws/install/btcpp_ros2_samples/lib/btcpp_ros2_samples/sample_bt_executor\n'}
[0.546252] (btcpp_ros2_samples) StdoutLine: {'line': b'-- Up-to-date symlink: /convince_ws/install/btcpp_ros2_samples/lib/btcpp_ros2_samples/bool_client\n'}
[0.546318] (btcpp_ros2_samples) StdoutLine: {'line': b'-- Up-to-date symlink: /convince_ws/install/btcpp_ros2_samples/lib/btcpp_ros2_samples/bool_server\n'}
[0.546381] (btcpp_ros2_samples) StdoutLine: {'line': b'-- Up-to-date symlink: /convince_ws/install/btcpp_ros2_samples/share/btcpp_ros2_samples/bt_plugins/libsleep_plugin.so\n'}
[0.546462] (btcpp_ros2_samples) StdoutLine: {'line': b'-- Up-to-date symlink: /convince_ws/install/btcpp_ros2_samples/share/btcpp_ros2_samples//behavior_trees/cross_door.xml\n'}
[0.546534] (btcpp_ros2_samples) StdoutLine: {'line': b'-- Up-to-date symlink: /convince_ws/install/btcpp_ros2_samples/share/btcpp_ros2_samples//behavior_trees/door_closed.xml\n'}
[0.546607] (btcpp_ros2_samples) StdoutLine: {'line': b'-- Up-to-date symlink: /convince_ws/install/btcpp_ros2_samples/share/btcpp_ros2_samples//behavior_trees/sleep_action.xml\n'}
[0.546672] (btcpp_ros2_samples) StdoutLine: {'line': b'-- Up-to-date symlink: /convince_ws/install/btcpp_ros2_samples/share/btcpp_ros2_samples//config/sample_bt_executor.yaml\n'}
[0.546746] (btcpp_ros2_samples) StdoutLine: {'line': b'-- Up-to-date symlink: /convince_ws/install/btcpp_ros2_samples/share/btcpp_ros2_samples//launch/sample_bt_executor.launch.xml\n'}
[0.546818] (btcpp_ros2_samples) StdoutLine: {'line': b'-- Up-to-date symlink: /convince_ws/install/btcpp_ros2_samples/share/ament_index/resource_index/package_run_dependencies/btcpp_ros2_samples\n'}
[0.546891] (btcpp_ros2_samples) StdoutLine: {'line': b'-- Up-to-date symlink: /convince_ws/install/btcpp_ros2_samples/share/ament_index/resource_index/parent_prefix_path/btcpp_ros2_samples\n'}
[0.546973] (btcpp_ros2_samples) StdoutLine: {'line': b'-- Up-to-date symlink: /convince_ws/install/btcpp_ros2_samples/share/btcpp_ros2_samples/environment/ament_prefix_path.sh\n'}
[0.547047] (btcpp_ros2_samples) StdoutLine: {'line': b'-- Up-to-date symlink: /convince_ws/install/btcpp_ros2_samples/share/btcpp_ros2_samples/environment/ament_prefix_path.dsv\n'}
[0.547183] (btcpp_ros2_samples) StdoutLine: {'line': b'-- Up-to-date symlink: /convince_ws/install/btcpp_ros2_samples/share/btcpp_ros2_samples/environment/path.sh\n'}
[0.547274] (btcpp_ros2_samples) StdoutLine: {'line': b'-- Up-to-date symlink: /convince_ws/install/btcpp_ros2_samples/share/btcpp_ros2_samples/environment/path.dsv\n'}
[0.547350] (btcpp_ros2_samples) StdoutLine: {'line': b'-- Up-to-date symlink: /convince_ws/install/btcpp_ros2_samples/share/btcpp_ros2_samples/local_setup.bash\n'}
[0.547423] (btcpp_ros2_samples) StdoutLine: {'line': b'-- Up-to-date symlink: /convince_ws/install/btcpp_ros2_samples/share/btcpp_ros2_samples/local_setup.sh\n'}
[0.547519] (btcpp_ros2_samples) StdoutLine: {'line': b'-- Up-to-date symlink: /convince_ws/install/btcpp_ros2_samples/share/btcpp_ros2_samples/local_setup.zsh\n'}
[0.547587] (btcpp_ros2_samples) StdoutLine: {'line': b'-- Up-to-date symlink: /convince_ws/install/btcpp_ros2_samples/share/btcpp_ros2_samples/local_setup.dsv\n'}
[0.547654] (btcpp_ros2_samples) StdoutLine: {'line': b'-- Symlinking: /convince_ws/install/btcpp_ros2_samples/share/btcpp_ros2_samples/package.dsv\n'}
[0.551916] (btcpp_ros2_samples) StdoutLine: {'line': b'-- Up-to-date symlink: /convince_ws/install/btcpp_ros2_samples/share/ament_index/resource_index/packages/btcpp_ros2_samples\n'}
[0.552071] (btcpp_ros2_samples) StdoutLine: {'line': b'-- Up-to-date symlink: /convince_ws/install/btcpp_ros2_samples/share/btcpp_ros2_samples/cmake/ament_cmake_export_dependencies-extras.cmake\n'}
[0.552151] (btcpp_ros2_samples) StdoutLine: {'line': b'-- Up-to-date symlink: /convince_ws/install/btcpp_ros2_samples/share/btcpp_ros2_samples/cmake/btcpp_ros2_samplesConfig.cmake\n'}
[0.552225] (btcpp_ros2_samples) StdoutLine: {'line': b'-- Up-to-date symlink: /convince_ws/install/btcpp_ros2_samples/share/btcpp_ros2_samples/cmake/btcpp_ros2_samplesConfig-version.cmake\n'}
[0.552291] (btcpp_ros2_samples) StdoutLine: {'line': b'-- Up-to-date symlink: /convince_ws/install/btcpp_ros2_samples/share/btcpp_ros2_samples/package.xml\n'}
[0.553109] (btcpp_ros2_samples) CommandEnded: {'returncode': 0}
[0.562522] (pyrobosim_ros) StdoutLine: {'line': b'Built target ament_cmake_python_build_pyrobosim_ros_egg\n'}
[0.563984] (btcpp_ros2_samples) JobEnded: {'identifier': 'btcpp_ros2_samples', 'rc': 0}
[0.568545] (pyrobosim_ros) CommandEnded: {'returncode': 0}
[0.568977] (pyrobosim_ros) JobProgress: {'identifier': 'pyrobosim_ros', 'progress': 'install'}
[0.569164] (pyrobosim_ros) Command: {'cmd': ['/usr/bin/cmake', '--install', '/convince_ws/build/pyrobosim_ros'], 'cwd': '/convince_ws/build/pyrobosim_ros', 'env': OrderedDict({'PYTHONWARNINGS': 'ignore:setup.py install is deprecated,ignore:easy_install command is deprecated', 'HOSTNAME': '4451cd8a7c13', 'SHLVL': '1', 'LD_LIBRARY_PATH': '/convince_ws/install/pyrobosim_msgs/lib:/opt/ros/jazzy/opt/zmqpp_vendor/lib:/opt/ros/jazzy/lib/x86_64-linux-gnu:/opt/ros/jazzy/lib', 'HOME': '/root', 'OLDPWD': '/convince_ws', 'ROS_PYTHON_VERSION': '3', 'ROS_DISTRO': 'jazzy', '_': '/usr/bin/colcon', 'ROS_VERSION': '2', 'TERM': 'xterm', 'QT_X11_NO_MITSHM': '1', 'PATH': '/opt/ros/jazzy/bin:/usr/local/sbin:/usr/local/bin:/usr/sbin:/usr/bin:/sbin:/bin', 'DISPLAY': ':1', 'LANG': 'C.UTF-8', 'AMENT_PREFIX_PATH': '/convince_ws/install/pyrobosim_msgs:/opt/ros/jazzy', 'ROS_WS': '/convince_ws', 'ROS_AUTOMATIC_DISCOVERY_RANGE': 'SUBNET', 'PWD': '/convince_ws/build/pyrobosim_ros', 'LC_ALL': 'C.UTF-8', 'PYTHONPATH': '/convince_ws/install/pyrobosim_msgs/lib/python3.12/site-packages:/opt/ros/jazzy/lib/python3.12/site-packages', 'COLCON': '1', 'CMAKE_PREFIX_PATH': '/convince_ws/install/pyrobosim_msgs:/opt/ros/jazzy'}), 'shell': False}
[0.575023] (pyrobosim_ros) StdoutLine: {'line': b'-- Install configuration: ""\n'}
[0.575414] (pyrobosim_ros) StdoutLine: {'line': b'-- Execute custom install script\n'}
[0.575550] (pyrobosim_ros) StdoutLine: {'line': b'-- Up-to-date symlink: /convince_ws/install/pyrobosim_ros/lib/pyrobosim_ros/demo.py\n'}
[0.575637] (pyrobosim_ros) StdoutLine: {'line': b'-- Up-to-date symlink: /convince_ws/install/pyrobosim_ros/lib/pyrobosim_ros/demo_commands.py\n'}
[0.575726] (pyrobosim_ros) StdoutLine: {'line': b'-- Up-to-date symlink: /convince_ws/install/pyrobosim_ros/lib/pyrobosim_ros/demo_pddl_world.py\n'}
[0.575812] (pyrobosim_ros) StdoutLine: {'line': b'-- Up-to-date symlink: /convince_ws/install/pyrobosim_ros/lib/pyrobosim_ros/demo_pddl_planner.py\n'}
[0.575888] (pyrobosim_ros) StdoutLine: {'line': b'-- Up-to-date symlink: /convince_ws/install/pyrobosim_ros/lib/pyrobosim_ros/demo_pddl_goal_publisher.py\n'}
[0.575965] (pyrobosim_ros) StdoutLine: {'line': b'-- Up-to-date symlink: /convince_ws/install/pyrobosim_ros/lib/pyrobosim_ros/demo_velocity_publisher.py\n'}
[0.576030] (pyrobosim_ros) StdoutLine: {'line': b'-- Up-to-date symlink: /convince_ws/install/pyrobosim_ros/share/pyrobosim_ros/environment/pythonpath.sh\n'}
[0.576102] (pyrobosim_ros) StdoutLine: {'line': b'-- Up-to-date symlink: /convince_ws/install/pyrobosim_ros/share/pyrobosim_ros/environment/pythonpath.dsv\n'}
[0.576224] (pyrobosim_ros) StdoutLine: {'line': b'-- Up-to-date symlink: /convince_ws/install/pyrobosim_ros/lib/python3.12/site-packages/pyrobosim_ros-4.3.3-py3.12.egg-info/PKG-INFO\n'}
[0.576341] (pyrobosim_ros) StdoutLine: {'line': b'-- Up-to-date symlink: /convince_ws/install/pyrobosim_ros/lib/python3.12/site-packages/pyrobosim_ros-4.3.3-py3.12.egg-info/SOURCES.txt\n'}
[0.576452] (pyrobosim_ros) StdoutLine: {'line': b'-- Up-to-date symlink: /convince_ws/install/pyrobosim_ros/lib/python3.12/site-packages/pyrobosim_ros-4.3.3-py3.12.egg-info/dependency_links.txt\n'}
[0.576529] (pyrobosim_ros) StdoutLine: {'line': b'-- Up-to-date symlink: /convince_ws/install/pyrobosim_ros/lib/python3.12/site-packages/pyrobosim_ros-4.3.3-py3.12.egg-info/top_level.txt\n'}
[0.576596] (pyrobosim_ros) StdoutLine: {'line': b'-- Up-to-date symlink: /convince_ws/install/pyrobosim_ros/lib/python3.12/site-packages/pyrobosim_ros/__init__.py\n'}
[0.576685] (pyrobosim_ros) StdoutLine: {'line': b'-- Up-to-date symlink: /convince_ws/install/pyrobosim_ros/lib/python3.12/site-packages/pyrobosim_ros/ros_conversions.py\n'}
[0.576778] (pyrobosim_ros) StdoutLine: {'line': b'-- Up-to-date symlink: /convince_ws/install/pyrobosim_ros/lib/python3.12/site-packages/pyrobosim_ros/ros_interface.py\n'}
[0.576844] (pyrobosim_ros) StdoutLine: {'line': b'-- Up-to-date symlink: /convince_ws/install/pyrobosim_ros/share/pyrobosim_ros/launch/demo.launch.py\n'}
[0.576925] (pyrobosim_ros) StdoutLine: {'line': b'-- Up-to-date symlink: /convince_ws/install/pyrobosim_ros/share/pyrobosim_ros/launch/demo_commands.launch.py\n'}
[0.577001] (pyrobosim_ros) StdoutLine: {'line': b'-- Up-to-date symlink: /convince_ws/install/pyrobosim_ros/share/pyrobosim_ros/launch/demo_commands_multirobot.launch.py\n'}
[0.577077] (pyrobosim_ros) StdoutLine: {'line': b'-- Up-to-date symlink: /convince_ws/install/pyrobosim_ros/share/pyrobosim_ros/launch/demo_pddl.launch.py\n'}
[0.577168] (pyrobosim_ros) StdoutLine: {'line': b'-- Up-to-date symlink: /convince_ws/install/pyrobosim_ros/share/ament_index/resource_index/package_run_dependencies/pyrobosim_ros\n'}
[0.577258] (pyrobosim_ros) StdoutLine: {'line': b'-- Up-to-date symlink: /convince_ws/install/pyrobosim_ros/share/ament_index/resource_index/parent_prefix_path/pyrobosim_ros\n'}
[0.577334] (pyrobosim_ros) StdoutLine: {'line': b'-- Up-to-date symlink: /convince_ws/install/pyrobosim_ros/share/pyrobosim_ros/environment/ament_prefix_path.sh\n'}
[0.577411] (pyrobosim_ros) StdoutLine: {'line': b'-- Up-to-date symlink: /convince_ws/install/pyrobosim_ros/share/pyrobosim_ros/environment/ament_prefix_path.dsv\n'}
[0.577487] (pyrobosim_ros) StdoutLine: {'line': b'-- Up-to-date symlink: /convince_ws/install/pyrobosim_ros/share/pyrobosim_ros/environment/path.sh\n'}
[0.577552] (pyrobosim_ros) StdoutLine: {'line': b'-- Up-to-date symlink: /convince_ws/install/pyrobosim_ros/share/pyrobosim_ros/environment/path.dsv\n'}
[0.577615] (pyrobosim_ros) StdoutLine: {'line': b'-- Up-to-date symlink: /convince_ws/install/pyrobosim_ros/share/pyrobosim_ros/local_setup.bash\n'}
[0.577684] (pyrobosim_ros) StdoutLine: {'line': b'-- Up-to-date symlink: /convince_ws/install/pyrobosim_ros/share/pyrobosim_ros/local_setup.sh\n'}
[0.577749] (pyrobosim_ros) StdoutLine: {'line': b'-- Up-to-date symlink: /convince_ws/install/pyrobosim_ros/share/pyrobosim_ros/local_setup.zsh\n'}
[0.577813] (pyrobosim_ros) StdoutLine: {'line': b'-- Up-to-date symlink: /convince_ws/install/pyrobosim_ros/share/pyrobosim_ros/local_setup.dsv\n'}
[0.577876] (pyrobosim_ros) StdoutLine: {'line': b'-- Symlinking: /convince_ws/install/pyrobosim_ros/share/pyrobosim_ros/package.dsv\n'}
[0.584591] (pyrobosim_ros) StdoutLine: {'line': b'-- Up-to-date symlink: /convince_ws/install/pyrobosim_ros/share/ament_index/resource_index/packages/pyrobosim_ros\n'}
[0.584768] (pyrobosim_ros) StdoutLine: {'line': b'-- Up-to-date symlink: /convince_ws/install/pyrobosim_ros/share/pyrobosim_ros/cmake/pyrobosim_rosConfig.cmake\n'}
[0.584844] (pyrobosim_ros) StdoutLine: {'line': b'-- Up-to-date symlink: /convince_ws/install/pyrobosim_ros/share/pyrobosim_ros/cmake/pyrobosim_rosConfig-version.cmake\n'}
[0.584915] (pyrobosim_ros) StdoutLine: {'line': b'-- Up-to-date symlink: /convince_ws/install/pyrobosim_ros/share/pyrobosim_ros/package.xml\n'}
[0.593475] (place_object_skill) StdoutLine: {'line': b'-- Detecting CXX compiler ABI info - done\n'}
[0.593873] (bt_nodes) StdoutLine: {'line': b'-- Detecting CXX compiler ABI info - done\n'}
[0.598292] (place_object_skill) StdoutLine: {'line': b'-- Check for working CXX compiler: /usr/bin/c++ - skipped\n'}
[0.598461] (place_object_skill) StdoutLine: {'line': b'-- Detecting CXX compile features\n'}
[0.598727] (place_object_skill) StdoutLine: {'line': b'-- Detecting CXX compile features - done\n'}
[0.600414] (bt_nodes) StdoutLine: {'line': b'-- Check for working CXX compiler: /usr/bin/c++ - skipped\n'}
[0.600529] (-) TimerEvent: {}
[0.600641] (bt_nodes) StdoutLine: {'line': b'-- Detecting CXX compile features\n'}
[0.600719] (place_object_skill) StdoutLine: {'line': b'-- Found ament_cmake: 2.5.5 (/opt/ros/jazzy/share/ament_cmake/cmake)\n'}
[0.600826] (bt_nodes) StdoutLine: {'line': b'-- Detecting CXX compile features - done\n'}
[0.602028] (bt_nodes) StdoutLine: {'line': b'-- Found rclcpp: 28.1.16 (/opt/ros/jazzy/share/rclcpp/cmake)\n'}
[0.606219] (pyrobosim) StdoutLine: {'line': b'running egg_info\n'}
[0.606353] (pyrobosim_ros) StdoutLine: {'line': b"Listing '/convince_ws/install/pyrobosim_ros/lib/python3.12/site-packages/pyrobosim_ros'...\n"}
[0.610092] (pyrobosim_ros) CommandEnded: {'returncode': 0}
[0.612699] (pyrobosim) StdoutLine: {'line': b'writing pyrobosim.egg-info/PKG-INFO\n'}
[0.612981] (pyrobosim) StdoutLine: {'line': b'writing dependency_links to pyrobosim.egg-info/dependency_links.txt\n'}
[0.613143] (pyrobosim) StdoutLine: {'line': b'writing requirements to pyrobosim.egg-info/requires.txt\n'}
[0.613267] (pyrobosim) StdoutLine: {'line': b'writing top-level names to pyrobosim.egg-info/top_level.txt\n'}
[0.621718] (pyrobosim_ros) JobEnded: {'identifier': 'pyrobosim_ros', 'rc': 0}
[0.622408] (tutorial_sim) JobStarted: {'identifier': 'tutorial_sim'}
[0.626963] (pyrobosim) StdoutLine: {'line': b"reading manifest file 'pyrobosim.egg-info/SOURCES.txt'\n"}
[0.627923] (pyrobosim) StdoutLine: {'line': b"writing manifest file 'pyrobosim.egg-info/SOURCES.txt'\n"}
[0.635017] (pyrobosim) StdoutLine: {'line': b'running build_ext\n'}
[0.635197] (pyrobosim) StdoutLine: {'line': b'Creating /convince_ws/install/pyrobosim/lib/python3.12/site-packages/pyrobosim.egg-link (link to .)\n'}
[0.635391] (pyrobosim) StdoutLine: {'line': b'\n'}
[0.635492] (pyrobosim) StdoutLine: {'line': b'Installed /convince_ws/build/pyrobosim\n'}
[0.690353] (bt_nodes) StdoutLine: {'line': b'-- Found Python3: /usr/bin/python3 (found version "3.12.3") found components: Interpreter \n'}
[0.700642] (-) TimerEvent: {}
[0.701110] (place_object_skill) StdoutLine: {'line': b'-- Found Python3: /usr/bin/python3 (found version "3.12.3") found components: Interpreter \n'}
[0.728425] (pyrobosim) CommandEnded: {'returncode': 0}
[0.731789] (pyrobosim) JobEnded: {'identifier': 'pyrobosim', 'rc': 0}
[0.732564] (bt_nodes) StdoutLine: {'line': b'-- Override CMake install command with custom implementation using symlinks instead of copying resources\n'}
[0.746634] (place_object_skill) StdoutLine: {'line': b'-- Override CMake install command with custom implementation using symlinks instead of copying resources\n'}
[0.764970] (place_object_skill) StdoutLine: {'line': b'-- Found rclcpp: 28.1.16 (/opt/ros/jazzy/share/rclcpp/cmake)\n'}
[0.775438] (bt_nodes) StdoutLine: {'line': b'-- Found rosidl_generator_c: 4.6.7 (/opt/ros/jazzy/share/rosidl_generator_c/cmake)\n'}
[0.782581] (bt_nodes) StdoutLine: {'line': b'-- Found rosidl_generator_cpp: 4.6.7 (/opt/ros/jazzy/share/rosidl_generator_cpp/cmake)\n'}
[0.785104] (place_object_skill) StdoutLine: {'line': b'-- Found rosidl_generator_c: 4.6.7 (/opt/ros/jazzy/share/rosidl_generator_c/cmake)\n'}
[0.791135] (bt_nodes) StdoutLine: {'line': b'-- Using all available rosidl_typesupport_c: rosidl_typesupport_fastrtps_c;rosidl_typesupport_introspection_c\n'}
[0.792470] (place_object_skill) StdoutLine: {'line': b'-- Found rosidl_generator_cpp: 4.6.7 (/opt/ros/jazzy/share/rosidl_generator_cpp/cmake)\n'}
[0.800717] (-) TimerEvent: {}
[0.800889] (bt_nodes) StdoutLine: {'line': b'-- Using all available rosidl_typesupport_cpp: rosidl_typesupport_fastrtps_cpp;rosidl_typesupport_introspection_cpp\n'}
[0.801080] (place_object_skill) StdoutLine: {'line': b'-- Using all available rosidl_typesupport_c: rosidl_typesupport_fastrtps_c;rosidl_typesupport_introspection_c\n'}
[0.810804] (place_object_skill) StdoutLine: {'line': b'-- Using all available rosidl_typesupport_cpp: rosidl_typesupport_fastrtps_cpp;rosidl_typesupport_introspection_cpp\n'}
[0.843426] (bt_nodes) StdoutLine: {'line': b'-- Found rmw_implementation_cmake: 7.3.3 (/opt/ros/jazzy/share/rmw_implementation_cmake/cmake)\n'}
[0.845076] (bt_nodes) StdoutLine: {'line': b'-- Found rmw_fastrtps_cpp: 8.4.3 (/opt/ros/jazzy/share/rmw_fastrtps_cpp/cmake)\n'}
[0.853588] (place_object_skill) StdoutLine: {'line': b'-- Found rmw_implementation_cmake: 7.3.3 (/opt/ros/jazzy/share/rmw_implementation_cmake/cmake)\n'}
[0.855146] (place_object_skill) StdoutLine: {'line': b'-- Found rmw_fastrtps_cpp: 8.4.3 (/opt/ros/jazzy/share/rmw_fastrtps_cpp/cmake)\n'}
[0.890429] (bt_nodes) StdoutLine: {'line': b'-- Found OpenSSL: /usr/lib/x86_64-linux-gnu/libcrypto.so (found version "3.0.13")  \n'}
[0.899935] (place_object_skill) StdoutLine: {'line': b'-- Found OpenSSL: /usr/lib/x86_64-linux-gnu/libcrypto.so (found version "3.0.13")  \n'}
[0.900784] (-) TimerEvent: {}
[0.901613] (bt_nodes) StdoutLine: {'line': b'-- Found FastRTPS: /opt/ros/jazzy/include (Required is at least version "2.13") \n'}
[0.909309] (place_object_skill) StdoutLine: {'line': b'-- Found FastRTPS: /opt/ros/jazzy/include (Required is at least version "2.13") \n'}
[0.917858] (bt_nodes) StdoutLine: {'line': b"-- Using RMW implementation 'rmw_fastrtps_cpp' as default\n"}
[0.924080] (place_object_skill) StdoutLine: {'line': b"-- Using RMW implementation 'rmw_fastrtps_cpp' as default\n"}
[0.965949] (tutorial_sim) Command: {'cmd': ['/usr/bin/python3', '-W', 'ignore:setup.py install is deprecated', '-W', 'ignore:easy_install command is deprecated', 'setup.py', 'develop', '--editable', '--build-directory', '/convince_ws/build/tutorial_sim/build', '--no-deps', 'symlink_data'], 'cwd': '/convince_ws/build/tutorial_sim', 'env': {'PYTHONWARNINGS': 'ignore:setup.py install is deprecated,ignore:easy_install command is deprecated', 'HOSTNAME': '4451cd8a7c13', 'SHLVL': '1', 'LD_LIBRARY_PATH': '/convince_ws/install/pyrobosim_msgs/lib:/convince_ws/install/overarching_msgs/lib:/opt/ros/jazzy/opt/zmqpp_vendor/lib:/opt/ros/jazzy/lib/x86_64-linux-gnu:/opt/ros/jazzy/lib', 'HOME': '/root', 'OLDPWD': '/convince_ws', 'ROS_PYTHON_VERSION': '3', 'ROS_DISTRO': 'jazzy', '_': '/usr/bin/colcon', 'ROS_VERSION': '2', 'TERM': 'xterm', 'QT_X11_NO_MITSHM': '1', 'PATH': '/opt/ros/jazzy/bin:/usr/local/sbin:/usr/local/bin:/usr/sbin:/usr/bin:/sbin:/bin', 'DISPLAY': ':1', 'LANG': 'C.UTF-8', 'AMENT_PREFIX_PATH': '/convince_ws/install/pyrobosim_ros:/convince_ws/install/pyrobosim_msgs:/convince_ws/install/overarching_msgs:/opt/ros/jazzy', 'ROS_WS': '/convince_ws', 'ROS_AUTOMATIC_DISCOVERY_RANGE': 'SUBNET', 'PWD': '/convince_ws/build/tutorial_sim', 'LC_ALL': 'C.UTF-8', 'PYTHONPATH': '/convince_ws/build/tutorial_sim/prefix_override:/usr/lib/python3/dist-packages/colcon_core/task/python/colcon_distutils_commands:/convince_ws/install/tutorial_sim/lib/python3.12/site-packages:/convince_ws/install/pyrobosim_ros/lib/python3.12/site-packages:/convince_ws/install/pyrobosim_msgs/lib/python3.12/site-packages:/convince_ws/install/overarching_msgs/lib/python3.12/site-packages:/opt/ros/jazzy/lib/python3.12/site-packages', 'COLCON': '1', 'CMAKE_PREFIX_PATH': '/convince_ws/install/pyrobosim_ros:/convince_ws/install/pyrobosim_msgs:/convince_ws/install/overarching_msgs'}, 'shell': False}
[0.966789] (place_object_skill) StdoutLine: {'line': b'-- Found rclcpp_action: 28.1.16 (/opt/ros/jazzy/share/rclcpp_action/cmake)\n'}
[0.966856] (bt_nodes) StdoutLine: {'line': b'-- Found behaviortree_cpp: 4.8.3 (/opt/ros/jazzy/share/behaviortree_cpp/cmake)\n'}
[0.967911] (bt_nodes) StdoutLine: {'line': b'-- Found bt_interfaces_dummy: 0.0.0 (/convince_ws/install/bt_interfaces_dummy/share/bt_interfaces_dummy/cmake)\n'}
[0.979034] (bt_nodes) StdoutLine: {'line': b'-- Found ament_lint_auto: 0.17.4 (/opt/ros/jazzy/share/ament_lint_auto/cmake)\n'}
[0.993057] (place_object_skill) StdoutLine: {'line': b'-- Found std_msgs: 5.3.6 (/opt/ros/jazzy/share/std_msgs/cmake)\n'}
[1.000524] (place_object_skill) StdoutLine: {'line': b'-- Found bt_interfaces_dummy: 0.0.0 (/convince_ws/install/bt_interfaces_dummy/share/bt_interfaces_dummy/cmake)\n'}
[1.000844] (-) TimerEvent: {}
[1.010010] (place_object_skill) StdoutLine: {'line': b'-- Found overarching_msgs: 0.0.0 (/convince_ws/install/overarching_msgs/share/overarching_msgs/cmake)\n'}
[1.040318] (bt_nodes) StdoutLine: {'line': b"-- Added test 'cppcheck' to perform static code analysis on C / C++ code\n"}
[1.040548] (bt_nodes) StdoutLine: {'line': b'-- Configured cppcheck include dirs: $<BUILD_INTERFACE:/convince_ws/src/bt_nodes/include>\n'}
[1.040622] (bt_nodes) StdoutLine: {'line': b'-- Configured cppcheck exclude dirs and/or files: \n'}
[1.041000] (bt_nodes) StdoutLine: {'line': b"-- Added test 'lint_cmake' to check CMake code style\n"}
[1.041871] (bt_nodes) StdoutLine: {'line': b"-- Added test 'uncrustify' to check C / C++ code style\n"}
[1.041998] (bt_nodes) StdoutLine: {'line': b'-- Configured uncrustify additional arguments: \n'}
[1.042119] (place_object_skill) StdoutLine: {'line': b'-- Performing Test CMAKE_HAVE_LIBC_PTHREAD\n'}
[1.042313] (bt_nodes) StdoutLine: {'line': b"-- Added test 'xmllint' to check XML markup files\n"}
[1.043950] (bt_nodes) StdoutLine: {'line': b'-- Configuring done (0.7s)\n'}
[1.050792] (bt_nodes) StdoutLine: {'line': b'-- Generating done (0.0s)\n'}
[1.052284] (bt_nodes) StdoutLine: {'line': b'-- Build files have been written to: /convince_ws/build/bt_nodes\n'}
[1.057048] (bt_nodes) CommandEnded: {'returncode': 0}
[1.057412] (bt_nodes) JobProgress: {'identifier': 'bt_nodes', 'progress': 'build'}
[1.057807] (bt_nodes) Command: {'cmd': ['/usr/bin/cmake', '--build', '/convince_ws/build/bt_nodes', '--', '-j20', '-l20'], 'cwd': '/convince_ws/build/bt_nodes', 'env': OrderedDict({'PYTHONWARNINGS': 'ignore:setup.py install is deprecated,ignore:easy_install command is deprecated', 'HOSTNAME': '4451cd8a7c13', 'SHLVL': '1', 'LD_LIBRARY_PATH': '/convince_ws/install/bt_interfaces_dummy/lib:/opt/ros/jazzy/opt/zmqpp_vendor/lib:/opt/ros/jazzy/lib/x86_64-linux-gnu:/opt/ros/jazzy/lib', 'HOME': '/root', 'OLDPWD': '/convince_ws', 'ROS_PYTHON_VERSION': '3', 'ROS_DISTRO': 'jazzy', '_': '/usr/bin/colcon', 'ROS_VERSION': '2', 'TERM': 'xterm', 'QT_X11_NO_MITSHM': '1', 'PATH': '/opt/ros/jazzy/bin:/usr/local/sbin:/usr/local/bin:/usr/sbin:/usr/bin:/sbin:/bin', 'DISPLAY': ':1', 'LANG': 'C.UTF-8', 'AMENT_PREFIX_PATH': '/convince_ws/install/bt_interfaces_dummy:/opt/ros/jazzy', 'ROS_WS': '/convince_ws', 'ROS_AUTOMATIC_DISCOVERY_RANGE': 'SUBNET', 'PWD': '/convince_ws/build/bt_nodes', 'LC_ALL': 'C.UTF-8', 'PYTHONPATH': '/convince_ws/install/bt_interfaces_dummy/lib/python3.12/site-packages:/opt/ros/jazzy/lib/python3.12/site-packages', 'COLCON': '1', 'CMAKE_PREFIX_PATH': '/convince_ws/install/bt_interfaces_dummy:/opt/ros/jazzy'}), 'shell': False}
[1.091038] (bt_nodes) StdoutLine: {'line': b'[ 50%] \x1b[32mBuilding CXX object CMakeFiles/bt_nodes.dir/src/ROS2Action.cpp.o\x1b[0m\n'}
[1.099005] (place_object_skill) StdoutLine: {'line': b'-- Performing Test CMAKE_HAVE_LIBC_PTHREAD - Success\n'}
[1.100022] (place_object_skill) StdoutLine: {'line': b'-- Found Threads: TRUE  \n'}
[1.100909] (-) TimerEvent: {}
[1.102092] (place_object_skill) StdoutLine: {'line': b'-- Performing Test HAVE_STDATOMIC\n'}
[1.103937] (tutorial_sim) StdoutLine: {'line': b'running develop\n'}
[1.167296] (tutorial_sim) StdoutLine: {'line': b'running egg_info\n'}
[1.173416] (tutorial_sim) StdoutLine: {'line': b'writing tutorial_sim.egg-info/PKG-INFO\n'}
[1.173618] (tutorial_sim) StdoutLine: {'line': b'writing dependency_links to tutorial_sim.egg-info/dependency_links.txt\n'}
[1.173708] (tutorial_sim) StdoutLine: {'line': b'writing entry points to tutorial_sim.egg-info/entry_points.txt\n'}
[1.173776] (tutorial_sim) StdoutLine: {'line': b'writing requirements to tutorial_sim.egg-info/requires.txt\n'}
[1.173927] (tutorial_sim) StdoutLine: {'line': b'writing top-level names to tutorial_sim.egg-info/top_level.txt\n'}
[1.179466] (place_object_skill) StdoutLine: {'line': b'-- Performing Test HAVE_STDATOMIC - Success\n'}
[1.180448] (place_object_skill) StdoutLine: {'line': b'-- Found WrapAtomic: TRUE  \n'}
[1.186408] (tutorial_sim) StdoutLine: {'line': b"reading manifest file 'tutorial_sim.egg-info/SOURCES.txt'\n"}
[1.186889] (tutorial_sim) StdoutLine: {'line': b"writing manifest file 'tutorial_sim.egg-info/SOURCES.txt'\n"}
[1.193826] (tutorial_sim) StdoutLine: {'line': b'running build_ext\n'}
[1.193933] (tutorial_sim) StdoutLine: {'line': b'Creating /convince_ws/install/tutorial_sim/lib/python3.12/site-packages/tutorial-sim.egg-link (link to .)\n'}
[1.194115] (tutorial_sim) StdoutLine: {'line': b'Installing run script to /convince_ws/install/tutorial_sim/lib/tutorial_sim\n'}
[1.194235] (tutorial_sim) StdoutLine: {'line': b'Installing translate_component script to /convince_ws/install/tutorial_sim/lib/tutorial_sim\n'}
[1.194353] (tutorial_sim) StdoutLine: {'line': b'\n'}
[1.194418] (tutorial_sim) StdoutLine: {'line': b'Installed /convince_ws/build/tutorial_sim\n'}
[1.194479] (tutorial_sim) StdoutLine: {'line': b'running symlink_data\n'}
[1.201044] (-) TimerEvent: {}
[1.202312] (place_object_skill) StdoutLine: {'line': b'-- Found OpenGL: /usr/lib/x86_64-linux-gnu/libOpenGL.so   \n'}
[1.203074] (place_object_skill) StdoutLine: {'line': b'-- Found WrapOpenGL: TRUE  \n'}
[1.209198] (tutorial_sim) CommandEnded: {'returncode': 0}
[1.215745] (tutorial_sim) JobEnded: {'identifier': 'tutorial_sim', 'rc': 0}
[1.236377] (place_object_skill) StdoutLine: {'line': b'-- Found XKB: /usr/lib/x86_64-linux-gnu/libxkbcommon.so (found suitable version "1.6.0", minimum required is "0.5.0") \n'}
[1.262313] (place_object_skill) StdoutLine: {'line': b'-- Found WrapVulkanHeaders: /usr/include  \n'}
[1.274281] (place_object_skill) StdoutLine: {'line': b'-- Found ament_lint_auto: 0.17.4 (/opt/ros/jazzy/share/ament_lint_auto/cmake)\n'}
[1.301242] (-) TimerEvent: {}
[1.336455] (place_object_skill) StdoutLine: {'line': b"-- Added test 'cppcheck' to perform static code analysis on C / C++ code\n"}
[1.336607] (place_object_skill) StdoutLine: {'line': b'-- Configured cppcheck include dirs: $<BUILD_INTERFACE:/convince_ws/src/generated_skill/place_object_skill/include>\n'}
[1.336673] (place_object_skill) StdoutLine: {'line': b'-- Configured cppcheck exclude dirs and/or files: \n'}
[1.336823] (place_object_skill) StdoutLine: {'line': b"-- Added test 'lint_cmake' to check CMake code style\n"}
[1.337317] (place_object_skill) StdoutLine: {'line': b"-- Added test 'uncrustify' to check C / C++ code style\n"}
[1.337417] (place_object_skill) StdoutLine: {'line': b'-- Configured uncrustify additional arguments: \n'}
[1.337607] (place_object_skill) StdoutLine: {'line': b"-- Added test 'xmllint' to check XML markup files\n"}
[1.338327] (place_object_skill) StdoutLine: {'line': b'-- Configuring done (1.0s)\n'}
[1.347780] (place_object_skill) StdoutLine: {'line': b'-- Generating done (0.0s)\n'}
[1.350117] (place_object_skill) StdoutLine: {'line': b'-- Build files have been written to: /convince_ws/build/place_object_skill\n'}
[1.355963] (place_object_skill) CommandEnded: {'returncode': 0}
[1.356362] (place_object_skill) JobProgress: {'identifier': 'place_object_skill', 'progress': 'build'}
[1.356587] (place_object_skill) Command: {'cmd': ['/usr/bin/cmake', '--build', '/convince_ws/build/place_object_skill', '--', '-j20', '-l20'], 'cwd': '/convince_ws/build/place_object_skill', 'env': OrderedDict({'PYTHONWARNINGS': 'ignore:setup.py install is deprecated,ignore:easy_install command is deprecated', 'HOSTNAME': '4451cd8a7c13', 'SHLVL': '1', 'LD_LIBRARY_PATH': '/convince_ws/install/overarching_msgs/lib:/convince_ws/install/bt_interfaces_dummy/lib:/opt/ros/jazzy/opt/zmqpp_vendor/lib:/opt/ros/jazzy/lib/x86_64-linux-gnu:/opt/ros/jazzy/lib', 'HOME': '/root', 'OLDPWD': '/convince_ws', 'ROS_PYTHON_VERSION': '3', 'ROS_DISTRO': 'jazzy', '_': '/usr/bin/colcon', 'ROS_VERSION': '2', 'TERM': 'xterm', 'QT_X11_NO_MITSHM': '1', 'PATH': '/opt/ros/jazzy/bin:/usr/local/sbin:/usr/local/bin:/usr/sbin:/usr/bin:/sbin:/bin', 'DISPLAY': ':1', 'LANG': 'C.UTF-8', 'AMENT_PREFIX_PATH': '/convince_ws/install/overarching_msgs:/convince_ws/install/bt_interfaces_dummy:/opt/ros/jazzy', 'ROS_WS': '/convince_ws', 'ROS_AUTOMATIC_DISCOVERY_RANGE': 'SUBNET', 'PWD': '/convince_ws/build/place_object_skill', 'LC_ALL': 'C.UTF-8', 'PYTHONPATH': '/convince_ws/install/overarching_msgs/lib/python3.12/site-packages:/convince_ws/install/bt_interfaces_dummy/lib/python3.12/site-packages:/opt/ros/jazzy/lib/python3.12/site-packages', 'COLCON': '1', 'CMAKE_PREFIX_PATH': '/convince_ws/install/overarching_msgs:/convince_ws/install/bt_interfaces_dummy:/opt/ros/jazzy'}), 'shell': False}
[1.386321] (place_object_skill) StdoutLine: {'line': b'[ 20%] \x1b[34m\x1b[1mGenerating PlaceObjectSkillSM.cpp, PlaceObjectSkillSM.h\x1b[0m\n'}
[1.401330] (-) TimerEvent: {}
[1.414691] (place_object_skill) StdoutLine: {'line': b'[ 40%] \x1b[32mBuilding CXX object CMakeFiles/place_object_skill.dir/src/PlaceObjectSkill.cpp.o\x1b[0m\n'}
[1.416300] (place_object_skill) StdoutLine: {'line': b'[ 80%] \x1b[32mBuilding CXX object CMakeFiles/place_object_skill.dir/PlaceObjectSkillSM.cpp.o\x1b[0m\n'}
[1.416423] (place_object_skill) StdoutLine: {'line': b'[ 80%] \x1b[32mBuilding CXX object CMakeFiles/place_object_skill.dir/src/main.cpp.o\x1b[0m\n'}
[1.501426] (-) TimerEvent: {}
[1.601719] (-) TimerEvent: {}
[1.702017] (-) TimerEvent: {}
[1.802309] (-) TimerEvent: {}
[1.902682] (-) TimerEvent: {}
[2.003028] (-) TimerEvent: {}
[2.103380] (-) TimerEvent: {}
[2.203755] (-) TimerEvent: {}
[2.304087] (-) TimerEvent: {}
[2.404333] (-) TimerEvent: {}
[2.504717] (-) TimerEvent: {}
[2.605086] (-) TimerEvent: {}
[2.705337] (-) TimerEvent: {}
[2.805717] (-) TimerEvent: {}
[2.906088] (-) TimerEvent: {}
[3.006451] (-) TimerEvent: {}
[3.106834] (-) TimerEvent: {}
[3.207208] (-) TimerEvent: {}
[3.307592] (-) TimerEvent: {}
[3.407968] (-) TimerEvent: {}
[3.508359] (-) TimerEvent: {}
[3.608628] (-) TimerEvent: {}
[3.708918] (-) TimerEvent: {}
[3.809197] (-) TimerEvent: {}
[3.909433] (-) TimerEvent: {}
[3.975872] (bt_nodes) StdoutLine: {'line': b'[100%] \x1b[32m\x1b[1mLinking CXX static library libbt_nodes.a\x1b[0m\n'}
[4.009534] (-) TimerEvent: {}
[4.013081] (bt_nodes) StdoutLine: {'line': b'[100%] Built target bt_nodes\n'}
[4.021246] (bt_nodes) CommandEnded: {'returncode': 0}
[4.021641] (bt_nodes) JobProgress: {'identifier': 'bt_nodes', 'progress': 'install'}
[4.021757] (bt_nodes) Command: {'cmd': ['/usr/bin/cmake', '--install', '/convince_ws/build/bt_nodes'], 'cwd': '/convince_ws/build/bt_nodes', 'env': OrderedDict({'PYTHONWARNINGS': 'ignore:setup.py install is deprecated,ignore:easy_install command is deprecated', 'HOSTNAME': '4451cd8a7c13', 'SHLVL': '1', 'LD_LIBRARY_PATH': '/convince_ws/install/bt_interfaces_dummy/lib:/opt/ros/jazzy/opt/zmqpp_vendor/lib:/opt/ros/jazzy/lib/x86_64-linux-gnu:/opt/ros/jazzy/lib', 'HOME': '/root', 'OLDPWD': '/convince_ws', 'ROS_PYTHON_VERSION': '3', 'ROS_DISTRO': 'jazzy', '_': '/usr/bin/colcon', 'ROS_VERSION': '2', 'TERM': 'xterm', 'QT_X11_NO_MITSHM': '1', 'PATH': '/opt/ros/jazzy/bin:/usr/local/sbin:/usr/local/bin:/usr/sbin:/usr/bin:/sbin:/bin', 'DISPLAY': ':1', 'LANG': 'C.UTF-8', 'AMENT_PREFIX_PATH': '/convince_ws/install/bt_interfaces_dummy:/opt/ros/jazzy', 'ROS_WS': '/convince_ws', 'ROS_AUTOMATIC_DISCOVERY_RANGE': 'SUBNET', 'PWD': '/convince_ws/build/bt_nodes', 'LC_ALL': 'C.UTF-8', 'PYTHONPATH': '/convince_ws/install/bt_interfaces_dummy/lib/python3.12/site-packages:/opt/ros/jazzy/lib/python3.12/site-packages', 'COLCON': '1', 'CMAKE_PREFIX_PATH': '/convince_ws/install/bt_interfaces_dummy:/opt/ros/jazzy'}), 'shell': False}
[4.026222] (bt_nodes) StdoutLine: {'line': b'-- Install configuration: ""\n'}
[4.026384] (bt_nodes) StdoutLine: {'line': b'-- Execute custom install script\n'}
[4.026470] (bt_nodes) StdoutLine: {'line': b'-- Symlinking: /convince_ws/install/bt_nodes/share/bt_nodes/environment/library_path.sh\n'}
[4.032199] (bt_nodes) StdoutLine: {'line': b'-- Symlinking: /convince_ws/install/bt_nodes/share/bt_nodes/environment/library_path.dsv\n'}
[4.038809] (bt_nodes) StdoutLine: {'line': b'-- Symlinking: /convince_ws/install/bt_nodes/include/ROS2Action.h\n'}
[4.045213] (bt_nodes) StdoutLine: {'line': b'-- Symlinking: /convince_ws/install/bt_nodes/share/ament_index/resource_index/package_run_dependencies/bt_nodes\n'}
[4.051846] (bt_nodes) StdoutLine: {'line': b'-- Symlinking: /convince_ws/install/bt_nodes/share/ament_index/resource_index/parent_prefix_path/bt_nodes\n'}
[4.058231] (bt_nodes) StdoutLine: {'line': b'-- Symlinking: /convince_ws/install/bt_nodes/share/bt_nodes/environment/ament_prefix_path.sh\n'}
[4.064009] (bt_nodes) StdoutLine: {'line': b'-- Symlinking: /convince_ws/install/bt_nodes/share/bt_nodes/environment/ament_prefix_path.dsv\n'}
[4.068184] (bt_nodes) StdoutLine: {'line': b'-- Symlinking: /convince_ws/install/bt_nodes/share/bt_nodes/environment/path.sh\n'}
[4.074035] (bt_nodes) StdoutLine: {'line': b'-- Symlinking: /convince_ws/install/bt_nodes/share/bt_nodes/environment/path.dsv\n'}
[4.078210] (bt_nodes) StdoutLine: {'line': b'-- Symlinking: /convince_ws/install/bt_nodes/share/bt_nodes/local_setup.bash\n'}
[4.083881] (bt_nodes) StdoutLine: {'line': b'-- Symlinking: /convince_ws/install/bt_nodes/share/bt_nodes/local_setup.sh\n'}
[4.090394] (bt_nodes) StdoutLine: {'line': b'-- Symlinking: /convince_ws/install/bt_nodes/share/bt_nodes/local_setup.zsh\n'}
[4.096537] (bt_nodes) StdoutLine: {'line': b'-- Symlinking: /convince_ws/install/bt_nodes/share/bt_nodes/local_setup.dsv\n'}
[4.101737] (bt_nodes) StdoutLine: {'line': b'-- Symlinking: /convince_ws/install/bt_nodes/share/bt_nodes/package.dsv\n'}
[4.106432] (bt_nodes) StdoutLine: {'line': b'-- Symlinking: /convince_ws/install/bt_nodes/share/ament_index/resource_index/packages/bt_nodes\n'}
[4.109596] (-) TimerEvent: {}
[4.111560] (bt_nodes) StdoutLine: {'line': b'-- Symlinking: /convince_ws/install/bt_nodes/share/bt_nodes/cmake/ament_cmake_export_targets-extras.cmake\n'}
[4.116321] (bt_nodes) StdoutLine: {'line': b'-- Symlinking: /convince_ws/install/bt_nodes/share/bt_nodes/cmake/bt_nodesConfig.cmake\n'}
[4.122957] (bt_nodes) StdoutLine: {'line': b'-- Symlinking: /convince_ws/install/bt_nodes/share/bt_nodes/cmake/bt_nodesConfig-version.cmake\n'}
[4.127498] (bt_nodes) StdoutLine: {'line': b'-- Symlinking: /convince_ws/install/bt_nodes/share/bt_nodes/package.xml\n'}
[4.133450] (bt_nodes) StdoutLine: {'line': b'-- Installing: /convince_ws/install/bt_nodes/lib/libbt_nodes.a\n'}
[4.134942] (bt_nodes) StdoutLine: {'line': b'-- Installing: /convince_ws/install/bt_nodes/share/bt_nodes/cmake/bt_nodesExport.cmake\n'}
[4.135019] (bt_nodes) StdoutLine: {'line': b'-- Installing: /convince_ws/install/bt_nodes/share/bt_nodes/cmake/bt_nodesExport-noconfig.cmake\n'}
[4.135914] (bt_nodes) CommandEnded: {'returncode': 0}
[4.141287] (bt_nodes) JobEnded: {'identifier': 'bt_nodes', 'rc': 0}
[4.141554] (bt_executor) JobStarted: {'identifier': 'bt_executor'}
[4.153836] (bt_executor) JobProgress: {'identifier': 'bt_executor', 'progress': 'cmake'}
[4.154350] (bt_executor) Command: {'cmd': ['/usr/bin/cmake', '/convince_ws/src/behavior_tree/bt_executor', '-DCMAKE_EXPORT_COMPILE_COMMANDS=ON', '--no-warn-unused-cli', '-DAMENT_CMAKE_SYMLINK_INSTALL=1', '-DCMAKE_INSTALL_PREFIX=/convince_ws/install/bt_executor'], 'cwd': '/convince_ws/build/bt_executor', 'env': OrderedDict({'PYTHONWARNINGS': 'ignore:setup.py install is deprecated,ignore:easy_install command is deprecated', 'HOSTNAME': '4451cd8a7c13', 'SHLVL': '1', 'LD_LIBRARY_PATH': '/convince_ws/install/bt_nodes/lib:/convince_ws/install/behaviortree_ros2/lib:/convince_ws/install/pyrobosim_msgs/lib:/convince_ws/install/overarching_msgs/lib:/convince_ws/install/btcpp_ros2_interfaces/lib:/convince_ws/install/bt_interfaces_dummy/lib:/opt/ros/jazzy/opt/zmqpp_vendor/lib:/opt/ros/jazzy/lib/x86_64-linux-gnu:/opt/ros/jazzy/lib', 'HOME': '/root', 'OLDPWD': '/convince_ws', 'ROS_PYTHON_VERSION': '3', 'ROS_DISTRO': 'jazzy', '_': '/usr/bin/colcon', 'ROS_VERSION': '2', 'TERM': 'xterm', 'QT_X11_NO_MITSHM': '1', 'PATH': '/opt/ros/jazzy/bin:/usr/local/sbin:/usr/local/bin:/usr/sbin:/usr/bin:/sbin:/bin', 'DISPLAY': ':1', 'LANG': 'C.UTF-8', 'AMENT_PREFIX_PATH': '/convince_ws/install/bt_nodes:/convince_ws/install/behaviortree_ros2:/convince_ws/install/pyrobosim_msgs:/convince_ws/install/overarching_msgs:/convince_ws/install/btcpp_ros2_interfaces:/convince_ws/install/bt_interfaces_dummy:/opt/ros/jazzy', 'ROS_WS': '/convince_ws', 'ROS_AUTOMATIC_DISCOVERY_RANGE': 'SUBNET', 'PWD': '/convince_ws/build/bt_executor', 'LC_ALL': 'C.UTF-8', 'PYTHONPATH': '/convince_ws/install/pyrobosim_msgs/lib/python3.12/site-packages:/convince_ws/install/overarching_msgs/lib/python3.12/site-packages:/convince_ws/install/btcpp_ros2_interfaces/lib/python3.12/site-packages:/convince_ws/install/bt_interfaces_dummy/lib/python3.12/site-packages:/opt/ros/jazzy/lib/python3.12/site-packages', 'COLCON': '1', 'CMAKE_PREFIX_PATH': '/convince_ws/install/bt_nodes:/convince_ws/install/behaviortree_ros2:/convince_ws/install/pyrobosim_msgs:/convince_ws/install/overarching_msgs:/convince_ws/install/btcpp_ros2_interfaces:/convince_ws/install/bt_interfaces_dummy:/opt/ros/jazzy'}), 'shell': False}
[4.160322] (bt_executor) StdoutLine: {'line': b'Not searching for unused variables given on the command line.\n'}
[4.165491] (bt_executor) StdoutLine: {'line': b'-- Found ament_cmake: 2.5.5 (/opt/ros/jazzy/share/ament_cmake/cmake)\n'}
[4.209710] (-) TimerEvent: {}
[4.308328] (bt_executor) StdoutLine: {'line': b'-- Override CMake install command with custom implementation using symlinks instead of copying resources\n'}
[4.309813] (-) TimerEvent: {}
[4.312092] (bt_executor) StdoutLine: {'line': b'-- Found ament_index_cpp: 1.8.2 (/opt/ros/jazzy/share/ament_index_cpp/cmake)\n'}
[4.312385] (bt_executor) StdoutLine: {'line': b'-- Found behaviortree_ros2: 0.3.0 (/convince_ws/install/behaviortree_ros2/share/behaviortree_ros2/cmake)\n'}
[4.326582] (bt_executor) StdoutLine: {'line': b'-- Found rosidl_generator_c: 4.6.7 (/opt/ros/jazzy/share/rosidl_generator_c/cmake)\n'}
[4.331493] (bt_executor) StdoutLine: {'line': b'-- Found rosidl_generator_cpp: 4.6.7 (/opt/ros/jazzy/share/rosidl_generator_cpp/cmake)\n'}
[4.337368] (bt_executor) StdoutLine: {'line': b'-- Using all available rosidl_typesupport_c: rosidl_typesupport_fastrtps_c;rosidl_typesupport_introspection_c\n'}
[4.344318] (bt_executor) StdoutLine: {'line': b'-- Using all available rosidl_typesupport_cpp: rosidl_typesupport_fastrtps_cpp;rosidl_typesupport_introspection_cpp\n'}
[4.376659] (bt_executor) StdoutLine: {'line': b'-- Found rmw_implementation_cmake: 7.3.3 (/opt/ros/jazzy/share/rmw_implementation_cmake/cmake)\n'}
[4.377486] (bt_executor) StdoutLine: {'line': b'-- Found rmw_fastrtps_cpp: 8.4.3 (/opt/ros/jazzy/share/rmw_fastrtps_cpp/cmake)\n'}
[4.410006] (-) TimerEvent: {}
[4.416300] (bt_executor) StdoutLine: {'line': b"-- Using RMW implementation 'rmw_fastrtps_cpp' as default\n"}
[4.506430] (bt_executor) StdoutLine: {'line': b'-- Found pyrobosim_msgs: 4.3.3 (/convince_ws/install/pyrobosim_msgs/share/pyrobosim_msgs/cmake)\n'}
[4.510172] (-) TimerEvent: {}
[4.540195] (bt_executor) StdoutLine: {'line': b'-- Found bt_interfaces_dummy: 0.0.0 (/convince_ws/install/bt_interfaces_dummy/share/bt_interfaces_dummy/cmake)\n'}
[4.548531] (bt_executor) StdoutLine: {'line': b'-- Found overarching_msgs: 0.0.0 (/convince_ws/install/overarching_msgs/share/overarching_msgs/cmake)\n'}
[4.558977] (bt_executor) StdoutLine: {'line': b'-- Found bt_nodes: 0.0.0 (/convince_ws/install/bt_nodes/share/bt_nodes/cmake)\n'}
[4.610193] (bt_executor) StdoutLine: {'line': b'-- Configuring done (0.4s)\n'}
[4.610300] (-) TimerEvent: {}
[4.619022] (bt_executor) StdoutLine: {'line': b'-- Generating done (0.0s)\n'}
[4.621068] (bt_executor) StdoutLine: {'line': b'-- Build files have been written to: /convince_ws/build/bt_executor\n'}
[4.625427] (bt_executor) CommandEnded: {'returncode': 0}
[4.625938] (bt_executor) JobProgress: {'identifier': 'bt_executor', 'progress': 'build'}
[4.625988] (bt_executor) Command: {'cmd': ['/usr/bin/cmake', '--build', '/convince_ws/build/bt_executor', '--', '-j20', '-l20'], 'cwd': '/convince_ws/build/bt_executor', 'env': OrderedDict({'PYTHONWARNINGS': 'ignore:setup.py install is deprecated,ignore:easy_install command is deprecated', 'HOSTNAME': '4451cd8a7c13', 'SHLVL': '1', 'LD_LIBRARY_PATH': '/convince_ws/install/bt_nodes/lib:/convince_ws/install/behaviortree_ros2/lib:/convince_ws/install/pyrobosim_msgs/lib:/convince_ws/install/overarching_msgs/lib:/convince_ws/install/btcpp_ros2_interfaces/lib:/convince_ws/install/bt_interfaces_dummy/lib:/opt/ros/jazzy/opt/zmqpp_vendor/lib:/opt/ros/jazzy/lib/x86_64-linux-gnu:/opt/ros/jazzy/lib', 'HOME': '/root', 'OLDPWD': '/convince_ws', 'ROS_PYTHON_VERSION': '3', 'ROS_DISTRO': 'jazzy', '_': '/usr/bin/colcon', 'ROS_VERSION': '2', 'TERM': 'xterm', 'QT_X11_NO_MITSHM': '1', 'PATH': '/opt/ros/jazzy/bin:/usr/local/sbin:/usr/local/bin:/usr/sbin:/usr/bin:/sbin:/bin', 'DISPLAY': ':1', 'LANG': 'C.UTF-8', 'AMENT_PREFIX_PATH': '/convince_ws/install/bt_nodes:/convince_ws/install/behaviortree_ros2:/convince_ws/install/pyrobosim_msgs:/convince_ws/install/overarching_msgs:/convince_ws/install/btcpp_ros2_interfaces:/convince_ws/install/bt_interfaces_dummy:/opt/ros/jazzy', 'ROS_WS': '/convince_ws', 'ROS_AUTOMATIC_DISCOVERY_RANGE': 'SUBNET', 'PWD': '/convince_ws/build/bt_executor', 'LC_ALL': 'C.UTF-8', 'PYTHONPATH': '/convince_ws/install/pyrobosim_msgs/lib/python3.12/site-packages:/convince_ws/install/overarching_msgs/lib/python3.12/site-packages:/convince_ws/install/btcpp_ros2_interfaces/lib/python3.12/site-packages:/convince_ws/install/bt_interfaces_dummy/lib/python3.12/site-packages:/opt/ros/jazzy/lib/python3.12/site-packages', 'COLCON': '1', 'CMAKE_PREFIX_PATH': '/convince_ws/install/bt_nodes:/convince_ws/install/behaviortree_ros2:/convince_ws/install/pyrobosim_msgs:/convince_ws/install/overarching_msgs:/convince_ws/install/btcpp_ros2_interfaces:/convince_ws/install/bt_interfaces_dummy:/opt/ros/jazzy'}), 'shell': False}
[4.663426] (bt_executor) StdoutLine: {'line': b'[ 50%] \x1b[32mBuilding CXX object CMakeFiles/btcpp_executor.dir/src/btcpp_executor.cpp.o\x1b[0m\n'}
[4.697237] (place_object_skill) StdoutLine: {'line': b'[100%] \x1b[32m\x1b[1mLinking CXX executable place_object_skill\x1b[0m\n'}
[4.710495] (-) TimerEvent: {}
[4.810780] (-) TimerEvent: {}
[4.871594] (place_object_skill) StdoutLine: {'line': b'[100%] Built target place_object_skill\n'}
[4.879829] (place_object_skill) CommandEnded: {'returncode': 0}
[4.880048] (place_object_skill) JobProgress: {'identifier': 'place_object_skill', 'progress': 'install'}
[4.880077] (place_object_skill) Command: {'cmd': ['/usr/bin/cmake', '--install', '/convince_ws/build/place_object_skill'], 'cwd': '/convince_ws/build/place_object_skill', 'env': OrderedDict({'PYTHONWARNINGS': 'ignore:setup.py install is deprecated,ignore:easy_install command is deprecated', 'HOSTNAME': '4451cd8a7c13', 'SHLVL': '1', 'LD_LIBRARY_PATH': '/convince_ws/install/overarching_msgs/lib:/convince_ws/install/bt_interfaces_dummy/lib:/opt/ros/jazzy/opt/zmqpp_vendor/lib:/opt/ros/jazzy/lib/x86_64-linux-gnu:/opt/ros/jazzy/lib', 'HOME': '/root', 'OLDPWD': '/convince_ws', 'ROS_PYTHON_VERSION': '3', 'ROS_DISTRO': 'jazzy', '_': '/usr/bin/colcon', 'ROS_VERSION': '2', 'TERM': 'xterm', 'QT_X11_NO_MITSHM': '1', 'PATH': '/opt/ros/jazzy/bin:/usr/local/sbin:/usr/local/bin:/usr/sbin:/usr/bin:/sbin:/bin', 'DISPLAY': ':1', 'LANG': 'C.UTF-8', 'AMENT_PREFIX_PATH': '/convince_ws/install/overarching_msgs:/convince_ws/install/bt_interfaces_dummy:/opt/ros/jazzy', 'ROS_WS': '/convince_ws', 'ROS_AUTOMATIC_DISCOVERY_RANGE': 'SUBNET', 'PWD': '/convince_ws/build/place_object_skill', 'LC_ALL': 'C.UTF-8', 'PYTHONPATH': '/convince_ws/install/overarching_msgs/lib/python3.12/site-packages:/convince_ws/install/bt_interfaces_dummy/lib/python3.12/site-packages:/opt/ros/jazzy/lib/python3.12/site-packages', 'COLCON': '1', 'CMAKE_PREFIX_PATH': '/convince_ws/install/overarching_msgs:/convince_ws/install/bt_interfaces_dummy:/opt/ros/jazzy'}), 'shell': False}
[4.883930] (place_object_skill) StdoutLine: {'line': b'-- Install configuration: ""\n'}
[4.884008] (place_object_skill) StdoutLine: {'line': b'-- Execute custom install script\n'}
[4.884055] (place_object_skill) StdoutLine: {'line': b'-- Symlinking: /convince_ws/install/place_object_skill/lib/place_object_skill/place_object_skill\n'}
[4.889083] (place_object_skill) StdoutLine: {'line': b'-- Symlinking: /convince_ws/install/place_object_skill/share/ament_index/resource_index/package_run_dependencies/place_object_skill\n'}
[4.894462] (place_object_skill) StdoutLine: {'line': b'-- Symlinking: /convince_ws/install/place_object_skill/share/ament_index/resource_index/parent_prefix_path/place_object_skill\n'}
[4.900299] (place_object_skill) StdoutLine: {'line': b'-- Symlinking: /convince_ws/install/place_object_skill/share/place_object_skill/environment/ament_prefix_path.sh\n'}
[4.905847] (place_object_skill) StdoutLine: {'line': b'-- Symlinking: /convince_ws/install/place_object_skill/share/place_object_skill/environment/ament_prefix_path.dsv\n'}
[4.910928] (-) TimerEvent: {}
[4.911019] (place_object_skill) StdoutLine: {'line': b'-- Symlinking: /convince_ws/install/place_object_skill/share/place_object_skill/environment/path.sh\n'}
[4.916382] (place_object_skill) StdoutLine: {'line': b'-- Symlinking: /convince_ws/install/place_object_skill/share/place_object_skill/environment/path.dsv\n'}
[4.922609] (place_object_skill) StdoutLine: {'line': b'-- Symlinking: /convince_ws/install/place_object_skill/share/place_object_skill/local_setup.bash\n'}
[4.927987] (place_object_skill) StdoutLine: {'line': b'-- Symlinking: /convince_ws/install/place_object_skill/share/place_object_skill/local_setup.sh\n'}
[4.933994] (place_object_skill) StdoutLine: {'line': b'-- Symlinking: /convince_ws/install/place_object_skill/share/place_object_skill/local_setup.zsh\n'}
[4.940400] (place_object_skill) StdoutLine: {'line': b'-- Symlinking: /convince_ws/install/place_object_skill/share/place_object_skill/local_setup.dsv\n'}
[4.946416] (place_object_skill) StdoutLine: {'line': b'-- Symlinking: /convince_ws/install/place_object_skill/share/place_object_skill/package.dsv\n'}
[4.952640] (place_object_skill) StdoutLine: {'line': b'-- Symlinking: /convince_ws/install/place_object_skill/share/ament_index/resource_index/packages/place_object_skill\n'}
[4.957803] (place_object_skill) StdoutLine: {'line': b'-- Symlinking: /convince_ws/install/place_object_skill/share/place_object_skill/cmake/place_object_skillConfig.cmake\n'}
[4.963025] (place_object_skill) StdoutLine: {'line': b'-- Symlinking: /convince_ws/install/place_object_skill/share/place_object_skill/cmake/place_object_skillConfig-version.cmake\n'}
[4.967449] (place_object_skill) StdoutLine: {'line': b'-- Symlinking: /convince_ws/install/place_object_skill/share/place_object_skill/package.xml\n'}
[4.974753] (place_object_skill) CommandEnded: {'returncode': 0}
[4.980153] (place_object_skill) JobEnded: {'identifier': 'place_object_skill', 'rc': 0}
[5.011120] (-) TimerEvent: {}
[5.111424] (-) TimerEvent: {}
[5.211718] (-) TimerEvent: {}
[5.312015] (-) TimerEvent: {}
[5.412327] (-) TimerEvent: {}
[5.512628] (-) TimerEvent: {}
[5.612926] (-) TimerEvent: {}
[5.713233] (-) TimerEvent: {}
[5.813536] (-) TimerEvent: {}
[5.913832] (-) TimerEvent: {}
[6.014136] (-) TimerEvent: {}
[6.114679] (-) TimerEvent: {}
[6.214982] (-) TimerEvent: {}
[6.315180] (-) TimerEvent: {}
[6.415515] (-) TimerEvent: {}
[6.515813] (-) TimerEvent: {}
[6.616125] (-) TimerEvent: {}
[6.716463] (-) TimerEvent: {}
[6.816769] (-) TimerEvent: {}
[6.917085] (-) TimerEvent: {}
[7.017424] (-) TimerEvent: {}
[7.117754] (-) TimerEvent: {}
[7.218056] (-) TimerEvent: {}
[7.318371] (-) TimerEvent: {}
[7.418677] (-) TimerEvent: {}
[7.518880] (-) TimerEvent: {}
[7.619186] (-) TimerEvent: {}
[7.719391] (-) TimerEvent: {}
[7.819699] (-) TimerEvent: {}
[7.919989] (-) TimerEvent: {}
[8.020293] (-) TimerEvent: {}
[8.120500] (-) TimerEvent: {}
[8.220811] (-) TimerEvent: {}
[8.321126] (-) TimerEvent: {}
[8.421449] (-) TimerEvent: {}
[8.521747] (-) TimerEvent: {}
[8.622046] (-) TimerEvent: {}
[8.722347] (-) TimerEvent: {}
[8.822637] (-) TimerEvent: {}
[8.922929] (-) TimerEvent: {}
[9.023217] (-) TimerEvent: {}
[9.123538] (-) TimerEvent: {}
[9.223831] (-) TimerEvent: {}
[9.324120] (-) TimerEvent: {}
[9.424410] (-) TimerEvent: {}
[9.524728] (-) TimerEvent: {}
[9.625019] (-) TimerEvent: {}
[9.725335] (-) TimerEvent: {}
[9.825632] (-) TimerEvent: {}
[9.925929] (-) TimerEvent: {}
[10.026229] (-) TimerEvent: {}
[10.126525] (-) TimerEvent: {}
[10.226815] (-) TimerEvent: {}
[10.327139] (-) TimerEvent: {}
[10.427443] (-) TimerEvent: {}
[10.527670] (-) TimerEvent: {}
[10.627955] (-) TimerEvent: {}
[10.712024] (bt_executor) StdoutLine: {'line': b'[100%] \x1b[32m\x1b[1mLinking CXX executable btcpp_executor\x1b[0m\n'}
[10.728140] (-) TimerEvent: {}
[10.828456] (-) TimerEvent: {}
[10.928750] (-) TimerEvent: {}
[10.983708] (bt_executor) StdoutLine: {'line': b'[100%] Built target btcpp_executor\n'}
[10.995185] (bt_executor) CommandEnded: {'returncode': 0}
[10.995367] (bt_executor) JobProgress: {'identifier': 'bt_executor', 'progress': 'install'}
[10.995680] (bt_executor) Command: {'cmd': ['/usr/bin/cmake', '--install', '/convince_ws/build/bt_executor'], 'cwd': '/convince_ws/build/bt_executor', 'env': OrderedDict({'PYTHONWARNINGS': 'ignore:setup.py install is deprecated,ignore:easy_install command is deprecated', 'HOSTNAME': '4451cd8a7c13', 'SHLVL': '1', 'LD_LIBRARY_PATH': '/convince_ws/install/bt_nodes/lib:/convince_ws/install/behaviortree_ros2/lib:/convince_ws/install/pyrobosim_msgs/lib:/convince_ws/install/overarching_msgs/lib:/convince_ws/install/btcpp_ros2_interfaces/lib:/convince_ws/install/bt_interfaces_dummy/lib:/opt/ros/jazzy/opt/zmqpp_vendor/lib:/opt/ros/jazzy/lib/x86_64-linux-gnu:/opt/ros/jazzy/lib', 'HOME': '/root', 'OLDPWD': '/convince_ws', 'ROS_PYTHON_VERSION': '3', 'ROS_DISTRO': 'jazzy', '_': '/usr/bin/colcon', 'ROS_VERSION': '2', 'TERM': 'xterm', 'QT_X11_NO_MITSHM': '1', 'PATH': '/opt/ros/jazzy/bin:/usr/local/sbin:/usr/local/bin:/usr/sbin:/usr/bin:/sbin:/bin', 'DISPLAY': ':1', 'LANG': 'C.UTF-8', 'AMENT_PREFIX_PATH': '/convince_ws/install/bt_nodes:/convince_ws/install/behaviortree_ros2:/convince_ws/install/pyrobosim_msgs:/convince_ws/install/overarching_msgs:/convince_ws/install/btcpp_ros2_interfaces:/convince_ws/install/bt_interfaces_dummy:/opt/ros/jazzy', 'ROS_WS': '/convince_ws', 'ROS_AUTOMATIC_DISCOVERY_RANGE': 'SUBNET', 'PWD': '/convince_ws/build/bt_executor', 'LC_ALL': 'C.UTF-8', 'PYTHONPATH': '/convince_ws/install/pyrobosim_msgs/lib/python3.12/site-packages:/convince_ws/install/overarching_msgs/lib/python3.12/site-packages:/convince_ws/install/btcpp_ros2_interfaces/lib/python3.12/site-packages:/convince_ws/install/bt_interfaces_dummy/lib/python3.12/site-packages:/opt/ros/jazzy/lib/python3.12/site-packages', 'COLCON': '1', 'CMAKE_PREFIX_PATH': '/convince_ws/install/bt_nodes:/convince_ws/install/behaviortree_ros2:/convince_ws/install/pyrobosim_msgs:/convince_ws/install/overarching_msgs:/convince_ws/install/btcpp_ros2_interfaces:/convince_ws/install/bt_interfaces_dummy:/opt/ros/jazzy'}), 'shell': False}
[11.000423] (bt_executor) StdoutLine: {'line': b'-- Install configuration: ""\n'}
[11.000582] (bt_executor) StdoutLine: {'line': b'-- Execute custom install script\n'}
[11.000735] (bt_executor) StdoutLine: {'line': b'-- Symlinking: /convince_ws/install/bt_executor/share/bt_executor/trees/navigation_demo.xml\n'}
[11.006516] (bt_executor) StdoutLine: {'line': b'-- Symlinking: /convince_ws/install/bt_executor/share/bt_executor/trees/pyrobosim_btcpp_model.xml\n'}
[11.012287] (bt_executor) StdoutLine: {'line': b'-- Symlinking: /convince_ws/install/bt_executor/share/bt_executor/trees/roscon2024.btproj\n'}
[11.017572] (bt_executor) StdoutLine: {'line': b'-- Symlinking: /convince_ws/install/bt_executor/share/bt_executor/trees/solution/problem1.xml\n'}
[11.021941] (bt_executor) StdoutLine: {'line': b'-- Symlinking: /convince_ws/install/bt_executor/share/bt_executor/trees/solution/problem2.xml\n'}
[11.026919] (bt_executor) StdoutLine: {'line': b'-- Symlinking: /convince_ws/install/bt_executor/share/bt_executor/trees/solution/problem3.xml\n'}
[11.028919] (-) TimerEvent: {}
[11.031142] (bt_executor) StdoutLine: {'line': b'-- Symlinking: /convince_ws/install/bt_executor/share/bt_executor/trees/solution/problem4.xml\n'}
[11.035141] (bt_executor) StdoutLine: {'line': b'-- Symlinking: /convince_ws/install/bt_executor/lib/bt_executor/btcpp_executor\n'}
[11.039757] (bt_executor) StdoutLine: {'line': b'-- Symlinking: /convince_ws/install/bt_executor/include//pyrobosim_btcpp/nodes/battery_nodes.hpp\n'}
[11.044559] (bt_executor) StdoutLine: {'line': b'-- Symlinking: /convince_ws/install/bt_executor/include//pyrobosim_btcpp/nodes/close_node.hpp\n'}
[11.050796] (bt_executor) StdoutLine: {'line': b'-- Symlinking: /convince_ws/install/bt_executor/include//pyrobosim_btcpp/nodes/detect_object_node.hpp\n'}
[11.056422] (bt_executor) StdoutLine: {'line': b'-- Symlinking: /convince_ws/install/bt_executor/include//pyrobosim_btcpp/nodes/execute_task_node.hpp\n'}
[11.060902] (bt_executor) StdoutLine: {'line': b'-- Symlinking: /convince_ws/install/bt_executor/include//pyrobosim_btcpp/nodes/get_current_location_node.hpp\n'}
[11.065007] (bt_executor) StdoutLine: {'line': b'-- Symlinking: /convince_ws/install/bt_executor/include//pyrobosim_btcpp/nodes/get_next_location_node.hpp\n'}
[11.069982] (bt_executor) StdoutLine: {'line': b'-- Symlinking: /convince_ws/install/bt_executor/include//pyrobosim_btcpp/nodes/navigate_node.hpp\n'}
[11.074822] (bt_executor) StdoutLine: {'line': b'-- Symlinking: /convince_ws/install/bt_executor/include//pyrobosim_btcpp/nodes/open_node.hpp\n'}
[11.078802] (bt_executor) StdoutLine: {'line': b'-- Symlinking: /convince_ws/install/bt_executor/include//pyrobosim_btcpp/nodes/pick_object_node.hpp\n'}
[11.083479] (bt_executor) StdoutLine: {'line': b'-- Symlinking: /convince_ws/install/bt_executor/include//pyrobosim_btcpp/nodes/place_object_node.hpp\n'}
[11.088495] (bt_executor) StdoutLine: {'line': b'-- Symlinking: /convince_ws/install/bt_executor/share/ament_index/resource_index/package_run_dependencies/bt_executor\n'}
[11.094342] (bt_executor) StdoutLine: {'line': b'-- Symlinking: /convince_ws/install/bt_executor/share/ament_index/resource_index/parent_prefix_path/bt_executor\n'}
[11.099002] (bt_executor) StdoutLine: {'line': b'-- Symlinking: /convince_ws/install/bt_executor/share/bt_executor/environment/ament_prefix_path.sh\n'}
[11.103900] (bt_executor) StdoutLine: {'line': b'-- Symlinking: /convince_ws/install/bt_executor/share/bt_executor/environment/ament_prefix_path.dsv\n'}
[11.108105] (bt_executor) StdoutLine: {'line': b'-- Symlinking: /convince_ws/install/bt_executor/share/bt_executor/environment/path.sh\n'}
[11.114098] (bt_executor) StdoutLine: {'line': b'-- Symlinking: /convince_ws/install/bt_executor/share/bt_executor/environment/path.dsv\n'}
[11.118975] (bt_executor) StdoutLine: {'line': b'-- Symlinking: /convince_ws/install/bt_executor/share/bt_executor/local_setup.bash\n'}
[11.123833] (bt_executor) StdoutLine: {'line': b'-- Symlinking: /convince_ws/install/bt_executor/share/bt_executor/local_setup.sh\n'}
[11.128513] (bt_executor) StdoutLine: {'line': b'-- Symlinking: /convince_ws/install/bt_executor/share/bt_executor/local_setup.zsh\n'}
[11.129027] (-) TimerEvent: {}
[11.133353] (bt_executor) StdoutLine: {'line': b'-- Symlinking: /convince_ws/install/bt_executor/share/bt_executor/local_setup.dsv\n'}
[11.138456] (bt_executor) StdoutLine: {'line': b'-- Symlinking: /convince_ws/install/bt_executor/share/bt_executor/package.dsv\n'}
[11.143288] (bt_executor) StdoutLine: {'line': b'-- Symlinking: /convince_ws/install/bt_executor/share/ament_index/resource_index/packages/bt_executor\n'}
[11.149433] (bt_executor) StdoutLine: {'line': b'-- Symlinking: /convince_ws/install/bt_executor/share/bt_executor/cmake/ament_cmake_export_dependencies-extras.cmake\n'}
[11.155104] (bt_executor) StdoutLine: {'line': b'-- Symlinking: /convince_ws/install/bt_executor/share/bt_executor/cmake/ament_cmake_export_include_directories-extras.cmake\n'}
[11.159815] (bt_executor) StdoutLine: {'line': b'-- Symlinking: /convince_ws/install/bt_executor/share/bt_executor/cmake/bt_executorConfig.cmake\n'}
[11.164038] (bt_executor) StdoutLine: {'line': b'-- Symlinking: /convince_ws/install/bt_executor/share/bt_executor/cmake/bt_executorConfig-version.cmake\n'}
[11.168996] (bt_executor) StdoutLine: {'line': b'-- Symlinking: /convince_ws/install/bt_executor/share/bt_executor/package.xml\n'}
[11.175959] (bt_executor) CommandEnded: {'returncode': 0}
[11.188554] (bt_executor) JobEnded: {'identifier': 'bt_executor', 'rc': 0}
[11.189117] (-) EventReactorShutdown: {}
