[0.052s] DEBUG:colcon:Command line arguments: ['/usr/bin/colcon', 'build', '--symlink-install', '--continue-on-error', '--mixin', 'compile-commands']
[0.052s] DEBUG:colcon:Parsed command line arguments: Namespace(log_base=None, log_level=None, verb_name='build', build_base='build', install_base='install', merge_install=False, symlink_install=True, test_result_base=None, continue_on_error=True, executor='parallel', parallel_workers=20, event_handlers=None, ignore_user_meta=False, metas=['./colcon.meta'], base_paths=['.'], packages_ignore=None, packages_ignore_regex=None, paths=None, packages_up_to=None, packages_up_to_regex=None, packages_above=None, packages_above_and_dependencies=None, packages_above_depth=None, packages_select_by_dep=None, packages_skip_by_dep=None, packages_skip_up_to=None, packages_select_build_failed=False, packages_skip_build_finished=False, packages_select_test_failures=False, packages_skip_test_passed=False, packages_select=None, packages_skip=None, packages_select_regex=None, packages_skip_regex=None, packages_start=None, packages_end=None, cmake_args=['-DCMAKE_EXPORT_COMPILE_COMMANDS=ON', '--no-warn-unused-cli'], cmake_target=None, cmake_target_skip_unavailable=False, cmake_clean_cache=False, cmake_clean_first=False, cmake_force_configure=False, ament_cmake_args=None, catkin_cmake_args=None, catkin_skip_building_tests=False, mixin_files=None, mixin=['compile-commands'], verb_parser=<colcon_mixin.mixin.mixin_argument.MixinArgumentDecorator object at 0x7b91c562b500>, verb_extension=<colcon_core.verb.build.BuildVerb object at 0x7b91c562b320>, main=<bound method BuildVerb.main of <colcon_core.verb.build.BuildVerb object at 0x7b91c562b320>>, mixin_verb=('build',))
[0.071s] Level 1:colcon.colcon_core.package_discovery:discover_packages(colcon_meta) check parameters
[0.071s] INFO:colcon.colcon_metadata.package_discovery.colcon_meta:Using configuration from '/root/.colcon/metadata/default/Gazebo.meta'
[0.071s] INFO:colcon.colcon_metadata.package_discovery.colcon_meta:Using configuration from '/root/.colcon/metadata/default/fastdds.meta'
[0.072s] INFO:colcon.colcon_metadata.package_discovery.colcon_meta:Using configuration from '/root/.colcon/metadata/default/fastrtps.meta'
[0.072s] Level 1:colcon.colcon_core.package_discovery:discover_packages(recursive) check parameters
[0.072s] Level 1:colcon.colcon_core.package_discovery:discover_packages(ignore) check parameters
[0.072s] Level 1:colcon.colcon_core.package_discovery:discover_packages(path) check parameters
[0.072s] Level 1:colcon.colcon_core.package_discovery:discover_packages(colcon_meta) discover
[0.072s] Level 1:colcon.colcon_core.package_discovery:discover_packages(recursive) discover
[0.072s] INFO:colcon.colcon_core.package_discovery:Crawling recursively for packages in '/convince_ws'
[0.072s] Level 1:colcon.colcon_core.package_identification:_identify(.) by extensions ['ignore', 'ignore_ament_install']
[0.072s] Level 1:colcon.colcon_core.package_identification:_identify(.) by extension 'ignore'
[0.072s] Level 1:colcon.colcon_core.package_identification:_identify(.) by extension 'ignore_ament_install'
[0.072s] Level 1:colcon.colcon_core.package_identification:_identify(.) by extensions ['colcon_pkg']
[0.072s] Level 1:colcon.colcon_core.package_identification:_identify(.) by extension 'colcon_pkg'
[0.072s] Level 1:colcon.colcon_core.package_identification:_identify(.) by extensions ['colcon_meta']
[0.072s] Level 1:colcon.colcon_core.package_identification:_identify(.) by extension 'colcon_meta'
[0.072s] Level 1:colcon.colcon_core.package_identification:_identify(.) by extensions ['ros']
[0.072s] Level 1:colcon.colcon_core.package_identification:_identify(.) by extension 'ros'
[0.085s] Level 1:colcon.colcon_core.package_identification:_identify(.) by extensions ['cmake', 'python']
[0.085s] Level 1:colcon.colcon_core.package_identification:_identify(.) by extension 'cmake'
[0.085s] Level 1:colcon.colcon_core.package_identification:_identify(.) by extension 'python'
[0.085s] Level 1:colcon.colcon_core.package_identification:_identify(.) by extensions ['python_setup_py']
[0.085s] Level 1:colcon.colcon_core.package_identification:_identify(.) by extension 'python_setup_py'
[0.085s] Level 1:colcon.colcon_core.package_identification:_identify(BehaviorTree.CPP) by extensions ['ignore', 'ignore_ament_install']
[0.085s] Level 1:colcon.colcon_core.package_identification:_identify(BehaviorTree.CPP) by extension 'ignore'
[0.085s] Level 1:colcon.colcon_core.package_identification:_identify(BehaviorTree.CPP) by extension 'ignore_ament_install'
[0.085s] Level 1:colcon.colcon_core.package_identification:_identify(BehaviorTree.CPP) by extensions ['colcon_pkg']
[0.085s] Level 1:colcon.colcon_core.package_identification:_identify(BehaviorTree.CPP) by extension 'colcon_pkg'
[0.085s] Level 1:colcon.colcon_core.package_identification:_identify(BehaviorTree.CPP) by extensions ['colcon_meta']
[0.085s] Level 1:colcon.colcon_core.package_identification:_identify(BehaviorTree.CPP) by extension 'colcon_meta'
[0.085s] Level 1:colcon.colcon_core.package_identification:_identify(BehaviorTree.CPP) by extensions ['ros']
[0.085s] Level 1:colcon.colcon_core.package_identification:_identify(BehaviorTree.CPP) by extension 'ros'
[0.089s] DEBUG:colcon.colcon_core.package_identification:Package 'BehaviorTree.CPP' with type 'ros.ament_cmake' and name 'behaviortree_cpp_v3'
[0.089s] Level 1:colcon.colcon_core.package_identification:_identify(build) by extensions ['ignore', 'ignore_ament_install']
[0.089s] Level 1:colcon.colcon_core.package_identification:_identify(build) by extension 'ignore'
[0.089s] Level 1:colcon.colcon_core.package_identification:_identify(build) ignored
[0.089s] Level 1:colcon.colcon_core.package_identification:_identify(install) by extensions ['ignore', 'ignore_ament_install']
[0.089s] Level 1:colcon.colcon_core.package_identification:_identify(install) by extension 'ignore'
[0.089s] Level 1:colcon.colcon_core.package_identification:_identify(install) ignored
[0.089s] Level 1:colcon.colcon_core.package_identification:_identify(log) by extensions ['ignore', 'ignore_ament_install']
[0.089s] Level 1:colcon.colcon_core.package_identification:_identify(log) by extension 'ignore'
[0.089s] Level 1:colcon.colcon_core.package_identification:_identify(log) ignored
[0.089s] Level 1:colcon.colcon_core.package_identification:_identify(src) by extensions ['ignore', 'ignore_ament_install']
[0.089s] Level 1:colcon.colcon_core.package_identification:_identify(src) by extension 'ignore'
[0.089s] Level 1:colcon.colcon_core.package_identification:_identify(src) by extension 'ignore_ament_install'
[0.089s] Level 1:colcon.colcon_core.package_identification:_identify(src) by extensions ['colcon_pkg']
[0.089s] Level 1:colcon.colcon_core.package_identification:_identify(src) by extension 'colcon_pkg'
[0.089s] Level 1:colcon.colcon_core.package_identification:_identify(src) by extensions ['colcon_meta']
[0.089s] Level 1:colcon.colcon_core.package_identification:_identify(src) by extension 'colcon_meta'
[0.089s] Level 1:colcon.colcon_core.package_identification:_identify(src) by extensions ['ros']
[0.089s] Level 1:colcon.colcon_core.package_identification:_identify(src) by extension 'ros'
[0.089s] Level 1:colcon.colcon_core.package_identification:_identify(src) by extensions ['cmake', 'python']
[0.089s] Level 1:colcon.colcon_core.package_identification:_identify(src) by extension 'cmake'
[0.089s] Level 1:colcon.colcon_core.package_identification:_identify(src) by extension 'python'
[0.089s] Level 1:colcon.colcon_core.package_identification:_identify(src) by extensions ['python_setup_py']
[0.089s] Level 1:colcon.colcon_core.package_identification:_identify(src) by extension 'python_setup_py'
[0.089s] Level 1:colcon.colcon_core.package_identification:_identify(src/behavior_tree) by extensions ['ignore', 'ignore_ament_install']
[0.089s] Level 1:colcon.colcon_core.package_identification:_identify(src/behavior_tree) by extension 'ignore'
[0.089s] Level 1:colcon.colcon_core.package_identification:_identify(src/behavior_tree) by extension 'ignore_ament_install'
[0.089s] Level 1:colcon.colcon_core.package_identification:_identify(src/behavior_tree) by extensions ['colcon_pkg']
[0.089s] Level 1:colcon.colcon_core.package_identification:_identify(src/behavior_tree) by extension 'colcon_pkg'
[0.089s] Level 1:colcon.colcon_core.package_identification:_identify(src/behavior_tree) by extensions ['colcon_meta']
[0.089s] Level 1:colcon.colcon_core.package_identification:_identify(src/behavior_tree) by extension 'colcon_meta'
[0.089s] Level 1:colcon.colcon_core.package_identification:_identify(src/behavior_tree) by extensions ['ros']
[0.090s] Level 1:colcon.colcon_core.package_identification:_identify(src/behavior_tree) by extension 'ros'
[0.090s] Level 1:colcon.colcon_core.package_identification:_identify(src/behavior_tree) by extensions ['cmake', 'python']
[0.090s] Level 1:colcon.colcon_core.package_identification:_identify(src/behavior_tree) by extension 'cmake'
[0.090s] Level 1:colcon.colcon_core.package_identification:_identify(src/behavior_tree) by extension 'python'
[0.090s] Level 1:colcon.colcon_core.package_identification:_identify(src/behavior_tree) by extensions ['python_setup_py']
[0.090s] Level 1:colcon.colcon_core.package_identification:_identify(src/behavior_tree) by extension 'python_setup_py'
[0.090s] Level 1:colcon.colcon_core.package_identification:_identify(src/behavior_tree/bt_executor) by extensions ['ignore', 'ignore_ament_install']
[0.090s] Level 1:colcon.colcon_core.package_identification:_identify(src/behavior_tree/bt_executor) by extension 'ignore'
[0.090s] Level 1:colcon.colcon_core.package_identification:_identify(src/behavior_tree/bt_executor) by extension 'ignore_ament_install'
[0.090s] Level 1:colcon.colcon_core.package_identification:_identify(src/behavior_tree/bt_executor) by extensions ['colcon_pkg']
[0.090s] Level 1:colcon.colcon_core.package_identification:_identify(src/behavior_tree/bt_executor) by extension 'colcon_pkg'
[0.090s] Level 1:colcon.colcon_core.package_identification:_identify(src/behavior_tree/bt_executor) by extensions ['colcon_meta']
[0.090s] Level 1:colcon.colcon_core.package_identification:_identify(src/behavior_tree/bt_executor) by extension 'colcon_meta'
[0.090s] Level 1:colcon.colcon_core.package_identification:_identify(src/behavior_tree/bt_executor) by extensions ['ros']
[0.090s] Level 1:colcon.colcon_core.package_identification:_identify(src/behavior_tree/bt_executor) by extension 'ros'
[0.090s] DEBUG:colcon.colcon_core.package_identification:Package 'src/behavior_tree/bt_executor' with type 'ros.ament_cmake' and name 'bt_executor'
[0.090s] Level 1:colcon.colcon_core.package_identification:_identify(src/behaviortree_ros2) by extensions ['ignore', 'ignore_ament_install']
[0.090s] Level 1:colcon.colcon_core.package_identification:_identify(src/behaviortree_ros2) by extension 'ignore'
[0.090s] Level 1:colcon.colcon_core.package_identification:_identify(src/behaviortree_ros2) by extension 'ignore_ament_install'
[0.090s] Level 1:colcon.colcon_core.package_identification:_identify(src/behaviortree_ros2) by extensions ['colcon_pkg']
[0.090s] Level 1:colcon.colcon_core.package_identification:_identify(src/behaviortree_ros2) by extension 'colcon_pkg'
[0.090s] Level 1:colcon.colcon_core.package_identification:_identify(src/behaviortree_ros2) by extensions ['colcon_meta']
[0.090s] Level 1:colcon.colcon_core.package_identification:_identify(src/behaviortree_ros2) by extension 'colcon_meta'
[0.090s] Level 1:colcon.colcon_core.package_identification:_identify(src/behaviortree_ros2) by extensions ['ros']
[0.090s] Level 1:colcon.colcon_core.package_identification:_identify(src/behaviortree_ros2) by extension 'ros'
[0.090s] Level 1:colcon.colcon_core.package_identification:_identify(src/behaviortree_ros2) by extensions ['cmake', 'python']
[0.090s] Level 1:colcon.colcon_core.package_identification:_identify(src/behaviortree_ros2) by extension 'cmake'
[0.090s] Level 1:colcon.colcon_core.package_identification:_identify(src/behaviortree_ros2) by extension 'python'
[0.090s] Level 1:colcon.colcon_core.package_identification:_identify(src/behaviortree_ros2) by extensions ['python_setup_py']
[0.090s] Level 1:colcon.colcon_core.package_identification:_identify(src/behaviortree_ros2) by extension 'python_setup_py'
[0.090s] Level 1:colcon.colcon_core.package_identification:_identify(src/behaviortree_ros2/behaviortree_ros2) by extensions ['ignore', 'ignore_ament_install']
[0.091s] Level 1:colcon.colcon_core.package_identification:_identify(src/behaviortree_ros2/behaviortree_ros2) by extension 'ignore'
[0.091s] Level 1:colcon.colcon_core.package_identification:_identify(src/behaviortree_ros2/behaviortree_ros2) by extension 'ignore_ament_install'
[0.091s] Level 1:colcon.colcon_core.package_identification:_identify(src/behaviortree_ros2/behaviortree_ros2) by extensions ['colcon_pkg']
[0.091s] Level 1:colcon.colcon_core.package_identification:_identify(src/behaviortree_ros2/behaviortree_ros2) by extension 'colcon_pkg'
[0.091s] Level 1:colcon.colcon_core.package_identification:_identify(src/behaviortree_ros2/behaviortree_ros2) by extensions ['colcon_meta']
[0.091s] Level 1:colcon.colcon_core.package_identification:_identify(src/behaviortree_ros2/behaviortree_ros2) by extension 'colcon_meta'
[0.091s] Level 1:colcon.colcon_core.package_identification:_identify(src/behaviortree_ros2/behaviortree_ros2) by extensions ['ros']
[0.091s] Level 1:colcon.colcon_core.package_identification:_identify(src/behaviortree_ros2/behaviortree_ros2) by extension 'ros'
[0.091s] DEBUG:colcon.colcon_core.package_identification:Package 'src/behaviortree_ros2/behaviortree_ros2' with type 'ros.ament_cmake' and name 'behaviortree_ros2'
[0.091s] Level 1:colcon.colcon_core.package_identification:_identify(src/behaviortree_ros2/btcpp_ros2_interfaces) by extensions ['ignore', 'ignore_ament_install']
[0.091s] Level 1:colcon.colcon_core.package_identification:_identify(src/behaviortree_ros2/btcpp_ros2_interfaces) by extension 'ignore'
[0.091s] Level 1:colcon.colcon_core.package_identification:_identify(src/behaviortree_ros2/btcpp_ros2_interfaces) by extension 'ignore_ament_install'
[0.091s] Level 1:colcon.colcon_core.package_identification:_identify(src/behaviortree_ros2/btcpp_ros2_interfaces) by extensions ['colcon_pkg']
[0.091s] Level 1:colcon.colcon_core.package_identification:_identify(src/behaviortree_ros2/btcpp_ros2_interfaces) by extension 'colcon_pkg'
[0.091s] Level 1:colcon.colcon_core.package_identification:_identify(src/behaviortree_ros2/btcpp_ros2_interfaces) by extensions ['colcon_meta']
[0.091s] Level 1:colcon.colcon_core.package_identification:_identify(src/behaviortree_ros2/btcpp_ros2_interfaces) by extension 'colcon_meta'
[0.091s] Level 1:colcon.colcon_core.package_identification:_identify(src/behaviortree_ros2/btcpp_ros2_interfaces) by extensions ['ros']
[0.091s] Level 1:colcon.colcon_core.package_identification:_identify(src/behaviortree_ros2/btcpp_ros2_interfaces) by extension 'ros'
[0.092s] DEBUG:colcon.colcon_core.package_identification:Package 'src/behaviortree_ros2/btcpp_ros2_interfaces' with type 'ros.ament_cmake' and name 'btcpp_ros2_interfaces'
[0.092s] Level 1:colcon.colcon_core.package_identification:_identify(src/behaviortree_ros2/btcpp_ros2_samples) by extensions ['ignore', 'ignore_ament_install']
[0.092s] Level 1:colcon.colcon_core.package_identification:_identify(src/behaviortree_ros2/btcpp_ros2_samples) by extension 'ignore'
[0.092s] Level 1:colcon.colcon_core.package_identification:_identify(src/behaviortree_ros2/btcpp_ros2_samples) by extension 'ignore_ament_install'
[0.092s] Level 1:colcon.colcon_core.package_identification:_identify(src/behaviortree_ros2/btcpp_ros2_samples) by extensions ['colcon_pkg']
[0.092s] Level 1:colcon.colcon_core.package_identification:_identify(src/behaviortree_ros2/btcpp_ros2_samples) by extension 'colcon_pkg'
[0.092s] Level 1:colcon.colcon_core.package_identification:_identify(src/behaviortree_ros2/btcpp_ros2_samples) by extensions ['colcon_meta']
[0.092s] Level 1:colcon.colcon_core.package_identification:_identify(src/behaviortree_ros2/btcpp_ros2_samples) by extension 'colcon_meta'
[0.092s] Level 1:colcon.colcon_core.package_identification:_identify(src/behaviortree_ros2/btcpp_ros2_samples) by extensions ['ros']
[0.092s] Level 1:colcon.colcon_core.package_identification:_identify(src/behaviortree_ros2/btcpp_ros2_samples) by extension 'ros'
[0.092s] DEBUG:colcon.colcon_core.package_identification:Package 'src/behaviortree_ros2/btcpp_ros2_samples' with type 'ros.ament_cmake' and name 'btcpp_ros2_samples'
[0.092s] Level 1:colcon.colcon_core.package_identification:_identify(src/bt_nodes) by extensions ['ignore', 'ignore_ament_install']
[0.092s] Level 1:colcon.colcon_core.package_identification:_identify(src/bt_nodes) by extension 'ignore'
[0.092s] Level 1:colcon.colcon_core.package_identification:_identify(src/bt_nodes) by extension 'ignore_ament_install'
[0.092s] Level 1:colcon.colcon_core.package_identification:_identify(src/bt_nodes) by extensions ['colcon_pkg']
[0.092s] Level 1:colcon.colcon_core.package_identification:_identify(src/bt_nodes) by extension 'colcon_pkg'
[0.092s] Level 1:colcon.colcon_core.package_identification:_identify(src/bt_nodes) by extensions ['colcon_meta']
[0.092s] Level 1:colcon.colcon_core.package_identification:_identify(src/bt_nodes) by extension 'colcon_meta'
[0.092s] Level 1:colcon.colcon_core.package_identification:_identify(src/bt_nodes) by extensions ['ros']
[0.092s] Level 1:colcon.colcon_core.package_identification:_identify(src/bt_nodes) by extension 'ros'
[0.092s] DEBUG:colcon.colcon_core.package_identification:Package 'src/bt_nodes' with type 'ros.ament_cmake' and name 'bt_nodes'
[0.092s] Level 1:colcon.colcon_core.package_identification:_identify(src/dependencies) by extensions ['ignore', 'ignore_ament_install']
[0.092s] Level 1:colcon.colcon_core.package_identification:_identify(src/dependencies) by extension 'ignore'
[0.092s] Level 1:colcon.colcon_core.package_identification:_identify(src/dependencies) by extension 'ignore_ament_install'
[0.093s] Level 1:colcon.colcon_core.package_identification:_identify(src/dependencies) by extensions ['colcon_pkg']
[0.093s] Level 1:colcon.colcon_core.package_identification:_identify(src/dependencies) by extension 'colcon_pkg'
[0.093s] Level 1:colcon.colcon_core.package_identification:_identify(src/dependencies) by extensions ['colcon_meta']
[0.093s] Level 1:colcon.colcon_core.package_identification:_identify(src/dependencies) by extension 'colcon_meta'
[0.093s] Level 1:colcon.colcon_core.package_identification:_identify(src/dependencies) by extensions ['ros']
[0.093s] Level 1:colcon.colcon_core.package_identification:_identify(src/dependencies) by extension 'ros'
[0.093s] Level 1:colcon.colcon_core.package_identification:_identify(src/dependencies) by extensions ['cmake', 'python']
[0.093s] Level 1:colcon.colcon_core.package_identification:_identify(src/dependencies) by extension 'cmake'
[0.093s] Level 1:colcon.colcon_core.package_identification:_identify(src/dependencies) by extension 'python'
[0.093s] Level 1:colcon.colcon_core.package_identification:_identify(src/dependencies) by extensions ['python_setup_py']
[0.093s] Level 1:colcon.colcon_core.package_identification:_identify(src/dependencies) by extension 'python_setup_py'
[0.093s] Level 1:colcon.colcon_core.package_identification:_identify(src/dependencies/BehaviorTree.ROS2) by extensions ['ignore', 'ignore_ament_install']
[0.093s] Level 1:colcon.colcon_core.package_identification:_identify(src/dependencies/BehaviorTree.ROS2) by extension 'ignore'
[0.093s] Level 1:colcon.colcon_core.package_identification:_identify(src/dependencies/BehaviorTree.ROS2) by extension 'ignore_ament_install'
[0.093s] Level 1:colcon.colcon_core.package_identification:_identify(src/dependencies/BehaviorTree.ROS2) by extensions ['colcon_pkg']
[0.093s] Level 1:colcon.colcon_core.package_identification:_identify(src/dependencies/BehaviorTree.ROS2) by extension 'colcon_pkg'
[0.093s] Level 1:colcon.colcon_core.package_identification:_identify(src/dependencies/BehaviorTree.ROS2) by extensions ['colcon_meta']
[0.093s] Level 1:colcon.colcon_core.package_identification:_identify(src/dependencies/BehaviorTree.ROS2) by extension 'colcon_meta'
[0.093s] Level 1:colcon.colcon_core.package_identification:_identify(src/dependencies/BehaviorTree.ROS2) by extensions ['ros']
[0.093s] Level 1:colcon.colcon_core.package_identification:_identify(src/dependencies/BehaviorTree.ROS2) by extension 'ros'
[0.093s] Level 1:colcon.colcon_core.package_identification:_identify(src/dependencies/BehaviorTree.ROS2) by extensions ['cmake', 'python']
[0.093s] Level 1:colcon.colcon_core.package_identification:_identify(src/dependencies/BehaviorTree.ROS2) by extension 'cmake'
[0.093s] Level 1:colcon.colcon_core.package_identification:_identify(src/dependencies/BehaviorTree.ROS2) by extension 'python'
[0.093s] Level 1:colcon.colcon_core.package_identification:_identify(src/dependencies/BehaviorTree.ROS2) by extensions ['python_setup_py']
[0.093s] Level 1:colcon.colcon_core.package_identification:_identify(src/dependencies/BehaviorTree.ROS2) by extension 'python_setup_py'
[0.093s] Level 1:colcon.colcon_core.package_identification:_identify(src/generated_skill) by extensions ['ignore', 'ignore_ament_install']
[0.093s] Level 1:colcon.colcon_core.package_identification:_identify(src/generated_skill) by extension 'ignore'
[0.093s] Level 1:colcon.colcon_core.package_identification:_identify(src/generated_skill) by extension 'ignore_ament_install'
[0.093s] Level 1:colcon.colcon_core.package_identification:_identify(src/generated_skill) by extensions ['colcon_pkg']
[0.093s] Level 1:colcon.colcon_core.package_identification:_identify(src/generated_skill) by extension 'colcon_pkg'
[0.093s] Level 1:colcon.colcon_core.package_identification:_identify(src/generated_skill) by extensions ['colcon_meta']
[0.093s] Level 1:colcon.colcon_core.package_identification:_identify(src/generated_skill) by extension 'colcon_meta'
[0.093s] Level 1:colcon.colcon_core.package_identification:_identify(src/generated_skill) by extensions ['ros']
[0.093s] Level 1:colcon.colcon_core.package_identification:_identify(src/generated_skill) by extension 'ros'
[0.093s] Level 1:colcon.colcon_core.package_identification:_identify(src/generated_skill) by extensions ['cmake', 'python']
[0.093s] Level 1:colcon.colcon_core.package_identification:_identify(src/generated_skill) by extension 'cmake'
[0.093s] Level 1:colcon.colcon_core.package_identification:_identify(src/generated_skill) by extension 'python'
[0.093s] Level 1:colcon.colcon_core.package_identification:_identify(src/generated_skill) by extensions ['python_setup_py']
[0.093s] Level 1:colcon.colcon_core.package_identification:_identify(src/generated_skill) by extension 'python_setup_py'
[0.093s] Level 1:colcon.colcon_core.package_identification:_identify(src/generated_skill/place_object_skill) by extensions ['ignore', 'ignore_ament_install']
[0.093s] Level 1:colcon.colcon_core.package_identification:_identify(src/generated_skill/place_object_skill) by extension 'ignore'
[0.093s] Level 1:colcon.colcon_core.package_identification:_identify(src/generated_skill/place_object_skill) by extension 'ignore_ament_install'
[0.093s] Level 1:colcon.colcon_core.package_identification:_identify(src/generated_skill/place_object_skill) by extensions ['colcon_pkg']
[0.093s] Level 1:colcon.colcon_core.package_identification:_identify(src/generated_skill/place_object_skill) by extension 'colcon_pkg'
[0.093s] Level 1:colcon.colcon_core.package_identification:_identify(src/generated_skill/place_object_skill) by extensions ['colcon_meta']
[0.093s] Level 1:colcon.colcon_core.package_identification:_identify(src/generated_skill/place_object_skill) by extension 'colcon_meta'
[0.093s] Level 1:colcon.colcon_core.package_identification:_identify(src/generated_skill/place_object_skill) by extensions ['ros']
[0.093s] Level 1:colcon.colcon_core.package_identification:_identify(src/generated_skill/place_object_skill) by extension 'ros'
[0.094s] DEBUG:colcon.colcon_core.package_identification:Package 'src/generated_skill/place_object_skill' with type 'ros.ament_cmake' and name 'place_object_skill'
[0.094s] Level 1:colcon.colcon_core.package_identification:_identify(src/pyrobosim) by extensions ['ignore', 'ignore_ament_install']
[0.094s] Level 1:colcon.colcon_core.package_identification:_identify(src/pyrobosim) by extension 'ignore'
[0.094s] Level 1:colcon.colcon_core.package_identification:_identify(src/pyrobosim) by extension 'ignore_ament_install'
[0.094s] Level 1:colcon.colcon_core.package_identification:_identify(src/pyrobosim) by extensions ['colcon_pkg']
[0.094s] Level 1:colcon.colcon_core.package_identification:_identify(src/pyrobosim) by extension 'colcon_pkg'
[0.094s] Level 1:colcon.colcon_core.package_identification:_identify(src/pyrobosim) by extensions ['colcon_meta']
[0.094s] Level 1:colcon.colcon_core.package_identification:_identify(src/pyrobosim) by extension 'colcon_meta'
[0.094s] Level 1:colcon.colcon_core.package_identification:_identify(src/pyrobosim) by extensions ['ros']
[0.094s] Level 1:colcon.colcon_core.package_identification:_identify(src/pyrobosim) by extension 'ros'
[0.094s] Level 1:colcon.colcon_core.package_identification:_identify(src/pyrobosim) by extensions ['cmake', 'python']
[0.094s] Level 1:colcon.colcon_core.package_identification:_identify(src/pyrobosim) by extension 'cmake'
[0.094s] Level 1:colcon.colcon_core.package_identification:_identify(src/pyrobosim) by extension 'python'
[0.094s] Level 1:colcon.colcon_core.package_identification:_identify(src/pyrobosim) by extensions ['python_setup_py']
[0.094s] Level 1:colcon.colcon_core.package_identification:_identify(src/pyrobosim) by extension 'python_setup_py'
[0.094s] Level 1:colcon.colcon_core.package_identification:_identify(src/pyrobosim/docker) by extensions ['ignore', 'ignore_ament_install']
[0.094s] Level 1:colcon.colcon_core.package_identification:_identify(src/pyrobosim/docker) by extension 'ignore'
[0.094s] Level 1:colcon.colcon_core.package_identification:_identify(src/pyrobosim/docker) by extension 'ignore_ament_install'
[0.094s] Level 1:colcon.colcon_core.package_identification:_identify(src/pyrobosim/docker) by extensions ['colcon_pkg']
[0.094s] Level 1:colcon.colcon_core.package_identification:_identify(src/pyrobosim/docker) by extension 'colcon_pkg'
[0.094s] Level 1:colcon.colcon_core.package_identification:_identify(src/pyrobosim/docker) by extensions ['colcon_meta']
[0.094s] Level 1:colcon.colcon_core.package_identification:_identify(src/pyrobosim/docker) by extension 'colcon_meta'
[0.094s] Level 1:colcon.colcon_core.package_identification:_identify(src/pyrobosim/docker) by extensions ['ros']
[0.094s] Level 1:colcon.colcon_core.package_identification:_identify(src/pyrobosim/docker) by extension 'ros'
[0.094s] Level 1:colcon.colcon_core.package_identification:_identify(src/pyrobosim/docker) by extensions ['cmake', 'python']
[0.094s] Level 1:colcon.colcon_core.package_identification:_identify(src/pyrobosim/docker) by extension 'cmake'
[0.094s] Level 1:colcon.colcon_core.package_identification:_identify(src/pyrobosim/docker) by extension 'python'
[0.094s] Level 1:colcon.colcon_core.package_identification:_identify(src/pyrobosim/docker) by extensions ['python_setup_py']
[0.094s] Level 1:colcon.colcon_core.package_identification:_identify(src/pyrobosim/docker) by extension 'python_setup_py'
[0.094s] Level 1:colcon.colcon_core.package_identification:_identify(src/pyrobosim/docs) by extensions ['ignore', 'ignore_ament_install']
[0.094s] Level 1:colcon.colcon_core.package_identification:_identify(src/pyrobosim/docs) by extension 'ignore'
[0.094s] Level 1:colcon.colcon_core.package_identification:_identify(src/pyrobosim/docs) by extension 'ignore_ament_install'
[0.094s] Level 1:colcon.colcon_core.package_identification:_identify(src/pyrobosim/docs) by extensions ['colcon_pkg']
[0.094s] Level 1:colcon.colcon_core.package_identification:_identify(src/pyrobosim/docs) by extension 'colcon_pkg'
[0.094s] Level 1:colcon.colcon_core.package_identification:_identify(src/pyrobosim/docs) by extensions ['colcon_meta']
[0.094s] Level 1:colcon.colcon_core.package_identification:_identify(src/pyrobosim/docs) by extension 'colcon_meta'
[0.094s] Level 1:colcon.colcon_core.package_identification:_identify(src/pyrobosim/docs) by extensions ['ros']
[0.095s] Level 1:colcon.colcon_core.package_identification:_identify(src/pyrobosim/docs) by extension 'ros'
[0.095s] Level 1:colcon.colcon_core.package_identification:_identify(src/pyrobosim/docs) by extensions ['cmake', 'python']
[0.095s] Level 1:colcon.colcon_core.package_identification:_identify(src/pyrobosim/docs) by extension 'cmake'
[0.095s] Level 1:colcon.colcon_core.package_identification:_identify(src/pyrobosim/docs) by extension 'python'
[0.095s] Level 1:colcon.colcon_core.package_identification:_identify(src/pyrobosim/docs) by extensions ['python_setup_py']
[0.095s] Level 1:colcon.colcon_core.package_identification:_identify(src/pyrobosim/docs) by extension 'python_setup_py'
[0.095s] Level 1:colcon.colcon_core.package_identification:_identify(src/pyrobosim/docs/source) by extensions ['ignore', 'ignore_ament_install']
[0.095s] Level 1:colcon.colcon_core.package_identification:_identify(src/pyrobosim/docs/source) by extension 'ignore'
[0.095s] Level 1:colcon.colcon_core.package_identification:_identify(src/pyrobosim/docs/source) by extension 'ignore_ament_install'
[0.095s] Level 1:colcon.colcon_core.package_identification:_identify(src/pyrobosim/docs/source) by extensions ['colcon_pkg']
[0.095s] Level 1:colcon.colcon_core.package_identification:_identify(src/pyrobosim/docs/source) by extension 'colcon_pkg'
[0.095s] Level 1:colcon.colcon_core.package_identification:_identify(src/pyrobosim/docs/source) by extensions ['colcon_meta']
[0.095s] Level 1:colcon.colcon_core.package_identification:_identify(src/pyrobosim/docs/source) by extension 'colcon_meta'
[0.095s] Level 1:colcon.colcon_core.package_identification:_identify(src/pyrobosim/docs/source) by extensions ['ros']
[0.095s] Level 1:colcon.colcon_core.package_identification:_identify(src/pyrobosim/docs/source) by extension 'ros'
[0.095s] Level 1:colcon.colcon_core.package_identification:_identify(src/pyrobosim/docs/source) by extensions ['cmake', 'python']
[0.095s] Level 1:colcon.colcon_core.package_identification:_identify(src/pyrobosim/docs/source) by extension 'cmake'
[0.095s] Level 1:colcon.colcon_core.package_identification:_identify(src/pyrobosim/docs/source) by extension 'python'
[0.095s] Level 1:colcon.colcon_core.package_identification:_identify(src/pyrobosim/docs/source) by extensions ['python_setup_py']
[0.095s] Level 1:colcon.colcon_core.package_identification:_identify(src/pyrobosim/docs/source) by extension 'python_setup_py'
[0.095s] Level 1:colcon.colcon_core.package_identification:_identify(src/pyrobosim/docs/source/_templates) by extensions ['ignore', 'ignore_ament_install']
[0.095s] Level 1:colcon.colcon_core.package_identification:_identify(src/pyrobosim/docs/source/_templates) by extension 'ignore'
[0.095s] Level 1:colcon.colcon_core.package_identification:_identify(src/pyrobosim/docs/source/_templates) by extension 'ignore_ament_install'
[0.095s] Level 1:colcon.colcon_core.package_identification:_identify(src/pyrobosim/docs/source/_templates) by extensions ['colcon_pkg']
[0.095s] Level 1:colcon.colcon_core.package_identification:_identify(src/pyrobosim/docs/source/_templates) by extension 'colcon_pkg'
[0.095s] Level 1:colcon.colcon_core.package_identification:_identify(src/pyrobosim/docs/source/_templates) by extensions ['colcon_meta']
[0.095s] Level 1:colcon.colcon_core.package_identification:_identify(src/pyrobosim/docs/source/_templates) by extension 'colcon_meta'
[0.095s] Level 1:colcon.colcon_core.package_identification:_identify(src/pyrobosim/docs/source/_templates) by extensions ['ros']
[0.095s] Level 1:colcon.colcon_core.package_identification:_identify(src/pyrobosim/docs/source/_templates) by extension 'ros'
[0.095s] Level 1:colcon.colcon_core.package_identification:_identify(src/pyrobosim/docs/source/_templates) by extensions ['cmake', 'python']
[0.095s] Level 1:colcon.colcon_core.package_identification:_identify(src/pyrobosim/docs/source/_templates) by extension 'cmake'
[0.095s] Level 1:colcon.colcon_core.package_identification:_identify(src/pyrobosim/docs/source/_templates) by extension 'python'
[0.095s] Level 1:colcon.colcon_core.package_identification:_identify(src/pyrobosim/docs/source/_templates) by extensions ['python_setup_py']
[0.095s] Level 1:colcon.colcon_core.package_identification:_identify(src/pyrobosim/docs/source/_templates) by extension 'python_setup_py'
[0.095s] Level 1:colcon.colcon_core.package_identification:_identify(src/pyrobosim/docs/source/_templates/autosummary) by extensions ['ignore', 'ignore_ament_install']
[0.095s] Level 1:colcon.colcon_core.package_identification:_identify(src/pyrobosim/docs/source/_templates/autosummary) by extension 'ignore'
[0.095s] Level 1:colcon.colcon_core.package_identification:_identify(src/pyrobosim/docs/source/_templates/autosummary) by extension 'ignore_ament_install'
[0.095s] Level 1:colcon.colcon_core.package_identification:_identify(src/pyrobosim/docs/source/_templates/autosummary) by extensions ['colcon_pkg']
[0.095s] Level 1:colcon.colcon_core.package_identification:_identify(src/pyrobosim/docs/source/_templates/autosummary) by extension 'colcon_pkg'
[0.095s] Level 1:colcon.colcon_core.package_identification:_identify(src/pyrobosim/docs/source/_templates/autosummary) by extensions ['colcon_meta']
[0.095s] Level 1:colcon.colcon_core.package_identification:_identify(src/pyrobosim/docs/source/_templates/autosummary) by extension 'colcon_meta'
[0.095s] Level 1:colcon.colcon_core.package_identification:_identify(src/pyrobosim/docs/source/_templates/autosummary) by extensions ['ros']
[0.095s] Level 1:colcon.colcon_core.package_identification:_identify(src/pyrobosim/docs/source/_templates/autosummary) by extension 'ros'
[0.095s] Level 1:colcon.colcon_core.package_identification:_identify(src/pyrobosim/docs/source/_templates/autosummary) by extensions ['cmake', 'python']
[0.095s] Level 1:colcon.colcon_core.package_identification:_identify(src/pyrobosim/docs/source/_templates/autosummary) by extension 'cmake'
[0.095s] Level 1:colcon.colcon_core.package_identification:_identify(src/pyrobosim/docs/source/_templates/autosummary) by extension 'python'
[0.095s] Level 1:colcon.colcon_core.package_identification:_identify(src/pyrobosim/docs/source/_templates/autosummary) by extensions ['python_setup_py']
[0.095s] Level 1:colcon.colcon_core.package_identification:_identify(src/pyrobosim/docs/source/_templates/autosummary) by extension 'python_setup_py'
[0.096s] Level 1:colcon.colcon_core.package_identification:_identify(src/pyrobosim/docs/source/media) by extensions ['ignore', 'ignore_ament_install']
[0.096s] Level 1:colcon.colcon_core.package_identification:_identify(src/pyrobosim/docs/source/media) by extension 'ignore'
[0.096s] Level 1:colcon.colcon_core.package_identification:_identify(src/pyrobosim/docs/source/media) by extension 'ignore_ament_install'
[0.096s] Level 1:colcon.colcon_core.package_identification:_identify(src/pyrobosim/docs/source/media) by extensions ['colcon_pkg']
[0.096s] Level 1:colcon.colcon_core.package_identification:_identify(src/pyrobosim/docs/source/media) by extension 'colcon_pkg'
[0.096s] Level 1:colcon.colcon_core.package_identification:_identify(src/pyrobosim/docs/source/media) by extensions ['colcon_meta']
[0.096s] Level 1:colcon.colcon_core.package_identification:_identify(src/pyrobosim/docs/source/media) by extension 'colcon_meta'
[0.096s] Level 1:colcon.colcon_core.package_identification:_identify(src/pyrobosim/docs/source/media) by extensions ['ros']
[0.096s] Level 1:colcon.colcon_core.package_identification:_identify(src/pyrobosim/docs/source/media) by extension 'ros'
[0.096s] Level 1:colcon.colcon_core.package_identification:_identify(src/pyrobosim/docs/source/media) by extensions ['cmake', 'python']
[0.096s] Level 1:colcon.colcon_core.package_identification:_identify(src/pyrobosim/docs/source/media) by extension 'cmake'
[0.096s] Level 1:colcon.colcon_core.package_identification:_identify(src/pyrobosim/docs/source/media) by extension 'python'
[0.096s] Level 1:colcon.colcon_core.package_identification:_identify(src/pyrobosim/docs/source/media) by extensions ['python_setup_py']
[0.096s] Level 1:colcon.colcon_core.package_identification:_identify(src/pyrobosim/docs/source/media) by extension 'python_setup_py'
[0.096s] Level 1:colcon.colcon_core.package_identification:_identify(src/pyrobosim/docs/source/usage) by extensions ['ignore', 'ignore_ament_install']
[0.096s] Level 1:colcon.colcon_core.package_identification:_identify(src/pyrobosim/docs/source/usage) by extension 'ignore'
[0.096s] Level 1:colcon.colcon_core.package_identification:_identify(src/pyrobosim/docs/source/usage) by extension 'ignore_ament_install'
[0.096s] Level 1:colcon.colcon_core.package_identification:_identify(src/pyrobosim/docs/source/usage) by extensions ['colcon_pkg']
[0.096s] Level 1:colcon.colcon_core.package_identification:_identify(src/pyrobosim/docs/source/usage) by extension 'colcon_pkg'
[0.096s] Level 1:colcon.colcon_core.package_identification:_identify(src/pyrobosim/docs/source/usage) by extensions ['colcon_meta']
[0.096s] Level 1:colcon.colcon_core.package_identification:_identify(src/pyrobosim/docs/source/usage) by extension 'colcon_meta'
[0.096s] Level 1:colcon.colcon_core.package_identification:_identify(src/pyrobosim/docs/source/usage) by extensions ['ros']
[0.096s] Level 1:colcon.colcon_core.package_identification:_identify(src/pyrobosim/docs/source/usage) by extension 'ros'
[0.096s] Level 1:colcon.colcon_core.package_identification:_identify(src/pyrobosim/docs/source/usage) by extensions ['cmake', 'python']
[0.096s] Level 1:colcon.colcon_core.package_identification:_identify(src/pyrobosim/docs/source/usage) by extension 'cmake'
[0.096s] Level 1:colcon.colcon_core.package_identification:_identify(src/pyrobosim/docs/source/usage) by extension 'python'
[0.096s] Level 1:colcon.colcon_core.package_identification:_identify(src/pyrobosim/docs/source/usage) by extensions ['python_setup_py']
[0.096s] Level 1:colcon.colcon_core.package_identification:_identify(src/pyrobosim/docs/source/usage) by extension 'python_setup_py'
[0.096s] Level 1:colcon.colcon_core.package_identification:_identify(src/pyrobosim/docs/source/yaml) by extensions ['ignore', 'ignore_ament_install']
[0.096s] Level 1:colcon.colcon_core.package_identification:_identify(src/pyrobosim/docs/source/yaml) by extension 'ignore'
[0.096s] Level 1:colcon.colcon_core.package_identification:_identify(src/pyrobosim/docs/source/yaml) by extension 'ignore_ament_install'
[0.096s] Level 1:colcon.colcon_core.package_identification:_identify(src/pyrobosim/docs/source/yaml) by extensions ['colcon_pkg']
[0.096s] Level 1:colcon.colcon_core.package_identification:_identify(src/pyrobosim/docs/source/yaml) by extension 'colcon_pkg'
[0.096s] Level 1:colcon.colcon_core.package_identification:_identify(src/pyrobosim/docs/source/yaml) by extensions ['colcon_meta']
[0.096s] Level 1:colcon.colcon_core.package_identification:_identify(src/pyrobosim/docs/source/yaml) by extension 'colcon_meta'
[0.096s] Level 1:colcon.colcon_core.package_identification:_identify(src/pyrobosim/docs/source/yaml) by extensions ['ros']
[0.096s] Level 1:colcon.colcon_core.package_identification:_identify(src/pyrobosim/docs/source/yaml) by extension 'ros'
[0.096s] Level 1:colcon.colcon_core.package_identification:_identify(src/pyrobosim/docs/source/yaml) by extensions ['cmake', 'python']
[0.096s] Level 1:colcon.colcon_core.package_identification:_identify(src/pyrobosim/docs/source/yaml) by extension 'cmake'
[0.096s] Level 1:colcon.colcon_core.package_identification:_identify(src/pyrobosim/docs/source/yaml) by extension 'python'
[0.096s] Level 1:colcon.colcon_core.package_identification:_identify(src/pyrobosim/docs/source/yaml) by extensions ['python_setup_py']
[0.096s] Level 1:colcon.colcon_core.package_identification:_identify(src/pyrobosim/docs/source/yaml) by extension 'python_setup_py'
[0.096s] Level 1:colcon.colcon_core.package_identification:_identify(src/pyrobosim/pyrobosim) by extensions ['ignore', 'ignore_ament_install']
[0.096s] Level 1:colcon.colcon_core.package_identification:_identify(src/pyrobosim/pyrobosim) by extension 'ignore'
[0.096s] Level 1:colcon.colcon_core.package_identification:_identify(src/pyrobosim/pyrobosim) by extension 'ignore_ament_install'
[0.096s] Level 1:colcon.colcon_core.package_identification:_identify(src/pyrobosim/pyrobosim) by extensions ['colcon_pkg']
[0.096s] Level 1:colcon.colcon_core.package_identification:_identify(src/pyrobosim/pyrobosim) by extension 'colcon_pkg'
[0.096s] Level 1:colcon.colcon_core.package_identification:_identify(src/pyrobosim/pyrobosim) by extensions ['colcon_meta']
[0.097s] Level 1:colcon.colcon_core.package_identification:_identify(src/pyrobosim/pyrobosim) by extension 'colcon_meta'
[0.097s] Level 1:colcon.colcon_core.package_identification:_identify(src/pyrobosim/pyrobosim) by extensions ['ros']
[0.097s] Level 1:colcon.colcon_core.package_identification:_identify(src/pyrobosim/pyrobosim) by extension 'ros'
[0.097s] Level 1:colcon.colcon_core.package_identification:_identify(src/pyrobosim/pyrobosim) by extensions ['cmake', 'python']
[0.097s] Level 1:colcon.colcon_core.package_identification:_identify(src/pyrobosim/pyrobosim) by extension 'cmake'
[0.097s] Level 1:colcon.colcon_core.package_identification:_identify(src/pyrobosim/pyrobosim) by extension 'python'
[0.097s] Level 1:colcon.colcon_core.package_identification:_identify(src/pyrobosim/pyrobosim) by extensions ['python_setup_py']
[0.097s] Level 1:colcon.colcon_core.package_identification:_identify(src/pyrobosim/pyrobosim) by extension 'python_setup_py'
[0.183s] DEBUG:colcon.colcon_core.package_identification:Package 'src/pyrobosim/pyrobosim' with type 'python' and name 'pyrobosim'
[0.183s] Level 1:colcon.colcon_core.package_identification:_identify(src/pyrobosim/pyrobosim_msgs) by extensions ['ignore', 'ignore_ament_install']
[0.183s] Level 1:colcon.colcon_core.package_identification:_identify(src/pyrobosim/pyrobosim_msgs) by extension 'ignore'
[0.183s] Level 1:colcon.colcon_core.package_identification:_identify(src/pyrobosim/pyrobosim_msgs) by extension 'ignore_ament_install'
[0.183s] Level 1:colcon.colcon_core.package_identification:_identify(src/pyrobosim/pyrobosim_msgs) by extensions ['colcon_pkg']
[0.183s] Level 1:colcon.colcon_core.package_identification:_identify(src/pyrobosim/pyrobosim_msgs) by extension 'colcon_pkg'
[0.183s] Level 1:colcon.colcon_core.package_identification:_identify(src/pyrobosim/pyrobosim_msgs) by extensions ['colcon_meta']
[0.183s] Level 1:colcon.colcon_core.package_identification:_identify(src/pyrobosim/pyrobosim_msgs) by extension 'colcon_meta'
[0.183s] Level 1:colcon.colcon_core.package_identification:_identify(src/pyrobosim/pyrobosim_msgs) by extensions ['ros']
[0.183s] Level 1:colcon.colcon_core.package_identification:_identify(src/pyrobosim/pyrobosim_msgs) by extension 'ros'
[0.184s] DEBUG:colcon.colcon_core.package_identification:Package 'src/pyrobosim/pyrobosim_msgs' with type 'ros.ament_cmake' and name 'pyrobosim_msgs'
[0.184s] Level 1:colcon.colcon_core.package_identification:_identify(src/pyrobosim/pyrobosim_ros) by extensions ['ignore', 'ignore_ament_install']
[0.184s] Level 1:colcon.colcon_core.package_identification:_identify(src/pyrobosim/pyrobosim_ros) by extension 'ignore'
[0.184s] Level 1:colcon.colcon_core.package_identification:_identify(src/pyrobosim/pyrobosim_ros) by extension 'ignore_ament_install'
[0.184s] Level 1:colcon.colcon_core.package_identification:_identify(src/pyrobosim/pyrobosim_ros) by extensions ['colcon_pkg']
[0.184s] Level 1:colcon.colcon_core.package_identification:_identify(src/pyrobosim/pyrobosim_ros) by extension 'colcon_pkg'
[0.184s] Level 1:colcon.colcon_core.package_identification:_identify(src/pyrobosim/pyrobosim_ros) by extensions ['colcon_meta']
[0.184s] Level 1:colcon.colcon_core.package_identification:_identify(src/pyrobosim/pyrobosim_ros) by extension 'colcon_meta'
[0.184s] Level 1:colcon.colcon_core.package_identification:_identify(src/pyrobosim/pyrobosim_ros) by extensions ['ros']
[0.184s] Level 1:colcon.colcon_core.package_identification:_identify(src/pyrobosim/pyrobosim_ros) by extension 'ros'
[0.184s] DEBUG:colcon.colcon_core.package_identification:Package 'src/pyrobosim/pyrobosim_ros' with type 'ros.ament_cmake' and name 'pyrobosim_ros'
[0.184s] Level 1:colcon.colcon_core.package_identification:_identify(src/pyrobosim/setup) by extensions ['ignore', 'ignore_ament_install']
[0.184s] Level 1:colcon.colcon_core.package_identification:_identify(src/pyrobosim/setup) by extension 'ignore'
[0.184s] Level 1:colcon.colcon_core.package_identification:_identify(src/pyrobosim/setup) by extension 'ignore_ament_install'
[0.184s] Level 1:colcon.colcon_core.package_identification:_identify(src/pyrobosim/setup) by extensions ['colcon_pkg']
[0.184s] Level 1:colcon.colcon_core.package_identification:_identify(src/pyrobosim/setup) by extension 'colcon_pkg'
[0.184s] Level 1:colcon.colcon_core.package_identification:_identify(src/pyrobosim/setup) by extensions ['colcon_meta']
[0.184s] Level 1:colcon.colcon_core.package_identification:_identify(src/pyrobosim/setup) by extension 'colcon_meta'
[0.184s] Level 1:colcon.colcon_core.package_identification:_identify(src/pyrobosim/setup) by extensions ['ros']
[0.184s] Level 1:colcon.colcon_core.package_identification:_identify(src/pyrobosim/setup) by extension 'ros'
[0.184s] Level 1:colcon.colcon_core.package_identification:_identify(src/pyrobosim/setup) by extensions ['cmake', 'python']
[0.184s] Level 1:colcon.colcon_core.package_identification:_identify(src/pyrobosim/setup) by extension 'cmake'
[0.184s] Level 1:colcon.colcon_core.package_identification:_identify(src/pyrobosim/setup) by extension 'python'
[0.184s] Level 1:colcon.colcon_core.package_identification:_identify(src/pyrobosim/setup) by extensions ['python_setup_py']
[0.184s] Level 1:colcon.colcon_core.package_identification:_identify(src/pyrobosim/setup) by extension 'python_setup_py'
[0.184s] Level 1:colcon.colcon_core.package_identification:_identify(src/pyrobosim/test) by extensions ['ignore', 'ignore_ament_install']
[0.185s] Level 1:colcon.colcon_core.package_identification:_identify(src/pyrobosim/test) by extension 'ignore'
[0.185s] Level 1:colcon.colcon_core.package_identification:_identify(src/pyrobosim/test) by extension 'ignore_ament_install'
[0.185s] Level 1:colcon.colcon_core.package_identification:_identify(src/pyrobosim/test) by extensions ['colcon_pkg']
[0.185s] Level 1:colcon.colcon_core.package_identification:_identify(src/pyrobosim/test) by extension 'colcon_pkg'
[0.185s] Level 1:colcon.colcon_core.package_identification:_identify(src/pyrobosim/test) by extensions ['colcon_meta']
[0.185s] Level 1:colcon.colcon_core.package_identification:_identify(src/pyrobosim/test) by extension 'colcon_meta'
[0.185s] Level 1:colcon.colcon_core.package_identification:_identify(src/pyrobosim/test) by extensions ['ros']
[0.185s] Level 1:colcon.colcon_core.package_identification:_identify(src/pyrobosim/test) by extension 'ros'
[0.185s] Level 1:colcon.colcon_core.package_identification:_identify(src/pyrobosim/test) by extensions ['cmake', 'python']
[0.185s] Level 1:colcon.colcon_core.package_identification:_identify(src/pyrobosim/test) by extension 'cmake'
[0.185s] Level 1:colcon.colcon_core.package_identification:_identify(src/pyrobosim/test) by extension 'python'
[0.185s] Level 1:colcon.colcon_core.package_identification:_identify(src/pyrobosim/test) by extensions ['python_setup_py']
[0.185s] Level 1:colcon.colcon_core.package_identification:_identify(src/pyrobosim/test) by extension 'python_setup_py'
[0.185s] Level 1:colcon.colcon_core.package_identification:_identify(src/roaml) by extensions ['ignore', 'ignore_ament_install']
[0.185s] Level 1:colcon.colcon_core.package_identification:_identify(src/roaml) by extension 'ignore'
[0.185s] Level 1:colcon.colcon_core.package_identification:_identify(src/roaml) by extension 'ignore_ament_install'
[0.185s] Level 1:colcon.colcon_core.package_identification:_identify(src/roaml) by extensions ['colcon_pkg']
[0.185s] Level 1:colcon.colcon_core.package_identification:_identify(src/roaml) by extension 'colcon_pkg'
[0.185s] Level 1:colcon.colcon_core.package_identification:_identify(src/roaml) by extensions ['colcon_meta']
[0.185s] Level 1:colcon.colcon_core.package_identification:_identify(src/roaml) by extension 'colcon_meta'
[0.185s] Level 1:colcon.colcon_core.package_identification:_identify(src/roaml) by extensions ['ros']
[0.185s] Level 1:colcon.colcon_core.package_identification:_identify(src/roaml) by extension 'ros'
[0.185s] Level 1:colcon.colcon_core.package_identification:_identify(src/roaml) by extensions ['cmake', 'python']
[0.185s] Level 1:colcon.colcon_core.package_identification:_identify(src/roaml) by extension 'cmake'
[0.185s] Level 1:colcon.colcon_core.package_identification:_identify(src/roaml) by extension 'python'
[0.185s] Level 1:colcon.colcon_core.package_identification:_identify(src/roaml) by extensions ['python_setup_py']
[0.185s] Level 1:colcon.colcon_core.package_identification:_identify(src/roaml) by extension 'python_setup_py'
[0.185s] Level 1:colcon.colcon_core.package_identification:_identify(src/roaml/bt_plugins) by extensions ['ignore', 'ignore_ament_install']
[0.185s] Level 1:colcon.colcon_core.package_identification:_identify(src/roaml/bt_plugins) by extension 'ignore'
[0.185s] Level 1:colcon.colcon_core.package_identification:_identify(src/roaml/bt_plugins) by extension 'ignore_ament_install'
[0.185s] Level 1:colcon.colcon_core.package_identification:_identify(src/roaml/bt_plugins) by extensions ['colcon_pkg']
[0.185s] Level 1:colcon.colcon_core.package_identification:_identify(src/roaml/bt_plugins) by extension 'colcon_pkg'
[0.185s] Level 1:colcon.colcon_core.package_identification:_identify(src/roaml/bt_plugins) by extensions ['colcon_meta']
[0.185s] Level 1:colcon.colcon_core.package_identification:_identify(src/roaml/bt_plugins) by extension 'colcon_meta'
[0.185s] Level 1:colcon.colcon_core.package_identification:_identify(src/roaml/bt_plugins) by extensions ['ros']
[0.185s] Level 1:colcon.colcon_core.package_identification:_identify(src/roaml/bt_plugins) by extension 'ros'
[0.185s] Level 1:colcon.colcon_core.package_identification:_identify(src/roaml/bt_plugins) by extensions ['cmake', 'python']
[0.185s] Level 1:colcon.colcon_core.package_identification:_identify(src/roaml/bt_plugins) by extension 'cmake'
[0.185s] Level 1:colcon.colcon_core.package_identification:_identify(src/roaml/bt_plugins) by extension 'python'
[0.185s] Level 1:colcon.colcon_core.package_identification:_identify(src/roaml/bt_plugins) by extensions ['python_setup_py']
[0.185s] Level 1:colcon.colcon_core.package_identification:_identify(src/roaml/bt_plugins) by extension 'python_setup_py'
[0.185s] Level 1:colcon.colcon_core.package_identification:_identify(src/roaml/data_types) by extensions ['ignore', 'ignore_ament_install']
[0.185s] Level 1:colcon.colcon_core.package_identification:_identify(src/roaml/data_types) by extension 'ignore'
[0.185s] Level 1:colcon.colcon_core.package_identification:_identify(src/roaml/data_types) by extension 'ignore_ament_install'
[0.185s] Level 1:colcon.colcon_core.package_identification:_identify(src/roaml/data_types) by extensions ['colcon_pkg']
[0.185s] Level 1:colcon.colcon_core.package_identification:_identify(src/roaml/data_types) by extension 'colcon_pkg'
[0.185s] Level 1:colcon.colcon_core.package_identification:_identify(src/roaml/data_types) by extensions ['colcon_meta']
[0.185s] Level 1:colcon.colcon_core.package_identification:_identify(src/roaml/data_types) by extension 'colcon_meta'
[0.185s] Level 1:colcon.colcon_core.package_identification:_identify(src/roaml/data_types) by extensions ['ros']
[0.185s] Level 1:colcon.colcon_core.package_identification:_identify(src/roaml/data_types) by extension 'ros'
[0.185s] Level 1:colcon.colcon_core.package_identification:_identify(src/roaml/data_types) by extensions ['cmake', 'python']
[0.186s] Level 1:colcon.colcon_core.package_identification:_identify(src/roaml/data_types) by extension 'cmake'
[0.186s] Level 1:colcon.colcon_core.package_identification:_identify(src/roaml/data_types) by extension 'python'
[0.186s] Level 1:colcon.colcon_core.package_identification:_identify(src/roaml/data_types) by extensions ['python_setup_py']
[0.186s] Level 1:colcon.colcon_core.package_identification:_identify(src/roaml/data_types) by extension 'python_setup_py'
[0.186s] Level 1:colcon.colcon_core.package_identification:_identify(src/roaml/environment) by extensions ['ignore', 'ignore_ament_install']
[0.186s] Level 1:colcon.colcon_core.package_identification:_identify(src/roaml/environment) by extension 'ignore'
[0.186s] Level 1:colcon.colcon_core.package_identification:_identify(src/roaml/environment) by extension 'ignore_ament_install'
[0.186s] Level 1:colcon.colcon_core.package_identification:_identify(src/roaml/environment) by extensions ['colcon_pkg']
[0.186s] Level 1:colcon.colcon_core.package_identification:_identify(src/roaml/environment) by extension 'colcon_pkg'
[0.186s] Level 1:colcon.colcon_core.package_identification:_identify(src/roaml/environment) by extensions ['colcon_meta']
[0.186s] Level 1:colcon.colcon_core.package_identification:_identify(src/roaml/environment) by extension 'colcon_meta'
[0.186s] Level 1:colcon.colcon_core.package_identification:_identify(src/roaml/environment) by extensions ['ros']
[0.186s] Level 1:colcon.colcon_core.package_identification:_identify(src/roaml/environment) by extension 'ros'
[0.186s] Level 1:colcon.colcon_core.package_identification:_identify(src/roaml/environment) by extensions ['cmake', 'python']
[0.186s] Level 1:colcon.colcon_core.package_identification:_identify(src/roaml/environment) by extension 'cmake'
[0.186s] Level 1:colcon.colcon_core.package_identification:_identify(src/roaml/environment) by extension 'python'
[0.186s] Level 1:colcon.colcon_core.package_identification:_identify(src/roaml/environment) by extensions ['python_setup_py']
[0.186s] Level 1:colcon.colcon_core.package_identification:_identify(src/roaml/environment) by extension 'python_setup_py'
[0.186s] Level 1:colcon.colcon_core.package_identification:_identify(src/roaml/policy) by extensions ['ignore', 'ignore_ament_install']
[0.186s] Level 1:colcon.colcon_core.package_identification:_identify(src/roaml/policy) by extension 'ignore'
[0.186s] Level 1:colcon.colcon_core.package_identification:_identify(src/roaml/policy) by extension 'ignore_ament_install'
[0.186s] Level 1:colcon.colcon_core.package_identification:_identify(src/roaml/policy) by extensions ['colcon_pkg']
[0.186s] Level 1:colcon.colcon_core.package_identification:_identify(src/roaml/policy) by extension 'colcon_pkg'
[0.186s] Level 1:colcon.colcon_core.package_identification:_identify(src/roaml/policy) by extensions ['colcon_meta']
[0.186s] Level 1:colcon.colcon_core.package_identification:_identify(src/roaml/policy) by extension 'colcon_meta'
[0.186s] Level 1:colcon.colcon_core.package_identification:_identify(src/roaml/policy) by extensions ['ros']
[0.186s] Level 1:colcon.colcon_core.package_identification:_identify(src/roaml/policy) by extension 'ros'
[0.186s] Level 1:colcon.colcon_core.package_identification:_identify(src/roaml/policy) by extensions ['cmake', 'python']
[0.186s] Level 1:colcon.colcon_core.package_identification:_identify(src/roaml/policy) by extension 'cmake'
[0.186s] Level 1:colcon.colcon_core.package_identification:_identify(src/roaml/policy) by extension 'python'
[0.186s] Level 1:colcon.colcon_core.package_identification:_identify(src/roaml/policy) by extensions ['python_setup_py']
[0.186s] Level 1:colcon.colcon_core.package_identification:_identify(src/roaml/policy) by extension 'python_setup_py'
[0.186s] Level 1:colcon.colcon_core.package_identification:_identify(src/roaml/properties) by extensions ['ignore', 'ignore_ament_install']
[0.186s] Level 1:colcon.colcon_core.package_identification:_identify(src/roaml/properties) by extension 'ignore'
[0.186s] Level 1:colcon.colcon_core.package_identification:_identify(src/roaml/properties) by extension 'ignore_ament_install'
[0.186s] Level 1:colcon.colcon_core.package_identification:_identify(src/roaml/properties) by extensions ['colcon_pkg']
[0.186s] Level 1:colcon.colcon_core.package_identification:_identify(src/roaml/properties) by extension 'colcon_pkg'
[0.186s] Level 1:colcon.colcon_core.package_identification:_identify(src/roaml/properties) by extensions ['colcon_meta']
[0.186s] Level 1:colcon.colcon_core.package_identification:_identify(src/roaml/properties) by extension 'colcon_meta'
[0.186s] Level 1:colcon.colcon_core.package_identification:_identify(src/roaml/properties) by extensions ['ros']
[0.186s] Level 1:colcon.colcon_core.package_identification:_identify(src/roaml/properties) by extension 'ros'
[0.186s] Level 1:colcon.colcon_core.package_identification:_identify(src/roaml/properties) by extensions ['cmake', 'python']
[0.186s] Level 1:colcon.colcon_core.package_identification:_identify(src/roaml/properties) by extension 'cmake'
[0.186s] Level 1:colcon.colcon_core.package_identification:_identify(src/roaml/properties) by extension 'python'
[0.186s] Level 1:colcon.colcon_core.package_identification:_identify(src/roaml/properties) by extensions ['python_setup_py']
[0.186s] Level 1:colcon.colcon_core.package_identification:_identify(src/roaml/properties) by extension 'python_setup_py'
[0.186s] Level 1:colcon.colcon_core.package_identification:_identify(src/roaml/skills) by extensions ['ignore', 'ignore_ament_install']
[0.186s] Level 1:colcon.colcon_core.package_identification:_identify(src/roaml/skills) by extension 'ignore'
[0.186s] Level 1:colcon.colcon_core.package_identification:_identify(src/roaml/skills) by extension 'ignore_ament_install'
[0.186s] Level 1:colcon.colcon_core.package_identification:_identify(src/roaml/skills) by extensions ['colcon_pkg']
[0.186s] Level 1:colcon.colcon_core.package_identification:_identify(src/roaml/skills) by extension 'colcon_pkg'
[0.186s] Level 1:colcon.colcon_core.package_identification:_identify(src/roaml/skills) by extensions ['colcon_meta']
[0.186s] Level 1:colcon.colcon_core.package_identification:_identify(src/roaml/skills) by extension 'colcon_meta'
[0.186s] Level 1:colcon.colcon_core.package_identification:_identify(src/roaml/skills) by extensions ['ros']
[0.186s] Level 1:colcon.colcon_core.package_identification:_identify(src/roaml/skills) by extension 'ros'
[0.187s] Level 1:colcon.colcon_core.package_identification:_identify(src/roaml/skills) by extensions ['cmake', 'python']
[0.187s] Level 1:colcon.colcon_core.package_identification:_identify(src/roaml/skills) by extension 'cmake'
[0.187s] Level 1:colcon.colcon_core.package_identification:_identify(src/roaml/skills) by extension 'python'
[0.187s] Level 1:colcon.colcon_core.package_identification:_identify(src/roaml/skills) by extensions ['python_setup_py']
[0.187s] Level 1:colcon.colcon_core.package_identification:_identify(src/roaml/skills) by extension 'python_setup_py'
[0.187s] Level 1:colcon.colcon_core.package_identification:_identify(src/ros_interfaces) by extensions ['ignore', 'ignore_ament_install']
[0.187s] Level 1:colcon.colcon_core.package_identification:_identify(src/ros_interfaces) by extension 'ignore'
[0.187s] Level 1:colcon.colcon_core.package_identification:_identify(src/ros_interfaces) by extension 'ignore_ament_install'
[0.187s] Level 1:colcon.colcon_core.package_identification:_identify(src/ros_interfaces) by extensions ['colcon_pkg']
[0.187s] Level 1:colcon.colcon_core.package_identification:_identify(src/ros_interfaces) by extension 'colcon_pkg'
[0.187s] Level 1:colcon.colcon_core.package_identification:_identify(src/ros_interfaces) by extensions ['colcon_meta']
[0.187s] Level 1:colcon.colcon_core.package_identification:_identify(src/ros_interfaces) by extension 'colcon_meta'
[0.187s] Level 1:colcon.colcon_core.package_identification:_identify(src/ros_interfaces) by extensions ['ros']
[0.187s] Level 1:colcon.colcon_core.package_identification:_identify(src/ros_interfaces) by extension 'ros'
[0.187s] Level 1:colcon.colcon_core.package_identification:_identify(src/ros_interfaces) by extensions ['cmake', 'python']
[0.187s] Level 1:colcon.colcon_core.package_identification:_identify(src/ros_interfaces) by extension 'cmake'
[0.187s] Level 1:colcon.colcon_core.package_identification:_identify(src/ros_interfaces) by extension 'python'
[0.187s] Level 1:colcon.colcon_core.package_identification:_identify(src/ros_interfaces) by extensions ['python_setup_py']
[0.187s] Level 1:colcon.colcon_core.package_identification:_identify(src/ros_interfaces) by extension 'python_setup_py'
[0.187s] Level 1:colcon.colcon_core.package_identification:_identify(src/ros_interfaces/src) by extensions ['ignore', 'ignore_ament_install']
[0.187s] Level 1:colcon.colcon_core.package_identification:_identify(src/ros_interfaces/src) by extension 'ignore'
[0.187s] Level 1:colcon.colcon_core.package_identification:_identify(src/ros_interfaces/src) by extension 'ignore_ament_install'
[0.187s] Level 1:colcon.colcon_core.package_identification:_identify(src/ros_interfaces/src) by extensions ['colcon_pkg']
[0.187s] Level 1:colcon.colcon_core.package_identification:_identify(src/ros_interfaces/src) by extension 'colcon_pkg'
[0.187s] Level 1:colcon.colcon_core.package_identification:_identify(src/ros_interfaces/src) by extensions ['colcon_meta']
[0.187s] Level 1:colcon.colcon_core.package_identification:_identify(src/ros_interfaces/src) by extension 'colcon_meta'
[0.187s] Level 1:colcon.colcon_core.package_identification:_identify(src/ros_interfaces/src) by extensions ['ros']
[0.187s] Level 1:colcon.colcon_core.package_identification:_identify(src/ros_interfaces/src) by extension 'ros'
[0.187s] Level 1:colcon.colcon_core.package_identification:_identify(src/ros_interfaces/src) by extensions ['cmake', 'python']
[0.187s] Level 1:colcon.colcon_core.package_identification:_identify(src/ros_interfaces/src) by extension 'cmake'
[0.187s] Level 1:colcon.colcon_core.package_identification:_identify(src/ros_interfaces/src) by extension 'python'
[0.187s] Level 1:colcon.colcon_core.package_identification:_identify(src/ros_interfaces/src) by extensions ['python_setup_py']
[0.187s] Level 1:colcon.colcon_core.package_identification:_identify(src/ros_interfaces/src) by extension 'python_setup_py'
[0.187s] Level 1:colcon.colcon_core.package_identification:_identify(src/ros_interfaces/src/bt_interfaces_dummy) by extensions ['ignore', 'ignore_ament_install']
[0.187s] Level 1:colcon.colcon_core.package_identification:_identify(src/ros_interfaces/src/bt_interfaces_dummy) by extension 'ignore'
[0.187s] Level 1:colcon.colcon_core.package_identification:_identify(src/ros_interfaces/src/bt_interfaces_dummy) by extension 'ignore_ament_install'
[0.187s] Level 1:colcon.colcon_core.package_identification:_identify(src/ros_interfaces/src/bt_interfaces_dummy) by extensions ['colcon_pkg']
[0.187s] Level 1:colcon.colcon_core.package_identification:_identify(src/ros_interfaces/src/bt_interfaces_dummy) by extension 'colcon_pkg'
[0.187s] Level 1:colcon.colcon_core.package_identification:_identify(src/ros_interfaces/src/bt_interfaces_dummy) by extensions ['colcon_meta']
[0.187s] Level 1:colcon.colcon_core.package_identification:_identify(src/ros_interfaces/src/bt_interfaces_dummy) by extension 'colcon_meta'
[0.187s] Level 1:colcon.colcon_core.package_identification:_identify(src/ros_interfaces/src/bt_interfaces_dummy) by extensions ['ros']
[0.187s] Level 1:colcon.colcon_core.package_identification:_identify(src/ros_interfaces/src/bt_interfaces_dummy) by extension 'ros'
[0.187s] DEBUG:colcon.colcon_core.package_identification:Package 'src/ros_interfaces/src/bt_interfaces_dummy' with type 'ros.ament_cmake' and name 'bt_interfaces_dummy'
[0.188s] Level 1:colcon.colcon_core.package_identification:_identify(src/ros_interfaces/src/overarching_msgs) by extensions ['ignore', 'ignore_ament_install']
[0.188s] Level 1:colcon.colcon_core.package_identification:_identify(src/ros_interfaces/src/overarching_msgs) by extension 'ignore'
[0.188s] Level 1:colcon.colcon_core.package_identification:_identify(src/ros_interfaces/src/overarching_msgs) by extension 'ignore_ament_install'
[0.188s] Level 1:colcon.colcon_core.package_identification:_identify(src/ros_interfaces/src/overarching_msgs) by extensions ['colcon_pkg']
[0.188s] Level 1:colcon.colcon_core.package_identification:_identify(src/ros_interfaces/src/overarching_msgs) by extension 'colcon_pkg'
[0.188s] Level 1:colcon.colcon_core.package_identification:_identify(src/ros_interfaces/src/overarching_msgs) by extensions ['colcon_meta']
[0.188s] Level 1:colcon.colcon_core.package_identification:_identify(src/ros_interfaces/src/overarching_msgs) by extension 'colcon_meta'
[0.188s] Level 1:colcon.colcon_core.package_identification:_identify(src/ros_interfaces/src/overarching_msgs) by extensions ['ros']
[0.188s] Level 1:colcon.colcon_core.package_identification:_identify(src/ros_interfaces/src/overarching_msgs) by extension 'ros'
[0.188s] DEBUG:colcon.colcon_core.package_identification:Package 'src/ros_interfaces/src/overarching_msgs' with type 'ros.ament_cmake' and name 'overarching_msgs'
[0.188s] Level 1:colcon.colcon_core.package_identification:_identify(src/tutorial_sim) by extensions ['ignore', 'ignore_ament_install']
[0.188s] Level 1:colcon.colcon_core.package_identification:_identify(src/tutorial_sim) by extension 'ignore'
[0.188s] Level 1:colcon.colcon_core.package_identification:_identify(src/tutorial_sim) by extension 'ignore_ament_install'
[0.188s] Level 1:colcon.colcon_core.package_identification:_identify(src/tutorial_sim) by extensions ['colcon_pkg']
[0.188s] Level 1:colcon.colcon_core.package_identification:_identify(src/tutorial_sim) by extension 'colcon_pkg'
[0.188s] Level 1:colcon.colcon_core.package_identification:_identify(src/tutorial_sim) by extensions ['colcon_meta']
[0.188s] Level 1:colcon.colcon_core.package_identification:_identify(src/tutorial_sim) by extension 'colcon_meta'
[0.188s] Level 1:colcon.colcon_core.package_identification:_identify(src/tutorial_sim) by extensions ['ros']
[0.188s] Level 1:colcon.colcon_core.package_identification:_identify(src/tutorial_sim) by extension 'ros'
[0.188s] DEBUG:colcon.colcon_core.package_identification:Package 'src/tutorial_sim' with type 'ros.ament_python' and name 'tutorial_sim'
[0.188s] Level 1:colcon.colcon_core.package_discovery:discover_packages(recursive) using defaults
[0.188s] Level 1:colcon.colcon_core.package_discovery:discover_packages(ignore) discover
[0.188s] Level 1:colcon.colcon_core.package_discovery:discover_packages(ignore) using defaults
[0.188s] Level 1:colcon.colcon_core.package_discovery:discover_packages(path) discover
[0.188s] Level 1:colcon.colcon_core.package_discovery:discover_packages(path) using defaults
[0.199s] Level 5:colcon.colcon_core.verb:set package 'behaviortree_cpp_v3' build argument 'cmake_args' from command line to '['-DCMAKE_EXPORT_COMPILE_COMMANDS=ON', '--no-warn-unused-cli']'
[0.199s] Level 5:colcon.colcon_core.verb:set package 'behaviortree_cpp_v3' build argument 'cmake_target' from command line to 'None'
[0.199s] Level 5:colcon.colcon_core.verb:set package 'behaviortree_cpp_v3' build argument 'cmake_target_skip_unavailable' from command line to 'False'
[0.199s] Level 5:colcon.colcon_core.verb:set package 'behaviortree_cpp_v3' build argument 'cmake_clean_cache' from command line to 'False'
[0.199s] Level 5:colcon.colcon_core.verb:set package 'behaviortree_cpp_v3' build argument 'cmake_clean_first' from command line to 'False'
[0.199s] Level 5:colcon.colcon_core.verb:set package 'behaviortree_cpp_v3' build argument 'cmake_force_configure' from command line to 'False'
[0.199s] Level 5:colcon.colcon_core.verb:set package 'behaviortree_cpp_v3' build argument 'ament_cmake_args' from command line to 'None'
[0.199s] Level 5:colcon.colcon_core.verb:set package 'behaviortree_cpp_v3' build argument 'catkin_cmake_args' from command line to 'None'
[0.199s] Level 5:colcon.colcon_core.verb:set package 'behaviortree_cpp_v3' build argument 'catkin_skip_building_tests' from command line to 'False'
[0.199s] DEBUG:colcon.colcon_core.verb:Building package 'behaviortree_cpp_v3' with the following arguments: {'ament_cmake_args': None, 'build_base': '/convince_ws/build/behaviortree_cpp_v3', 'catkin_cmake_args': None, 'catkin_skip_building_tests': False, 'cmake_args': ['-DCMAKE_EXPORT_COMPILE_COMMANDS=ON', '--no-warn-unused-cli'], 'cmake_clean_cache': False, 'cmake_clean_first': False, 'cmake_force_configure': False, 'cmake_target': None, 'cmake_target_skip_unavailable': False, 'install_base': '/convince_ws/install/behaviortree_cpp_v3', 'merge_install': False, 'path': '/convince_ws/BehaviorTree.CPP', 'symlink_install': True, 'test_result_base': None}
[0.199s] Level 5:colcon.colcon_core.verb:set package 'bt_interfaces_dummy' build argument 'cmake_args' from command line to '['-DCMAKE_EXPORT_COMPILE_COMMANDS=ON', '--no-warn-unused-cli']'
[0.199s] Level 5:colcon.colcon_core.verb:set package 'bt_interfaces_dummy' build argument 'cmake_target' from command line to 'None'
[0.199s] Level 5:colcon.colcon_core.verb:set package 'bt_interfaces_dummy' build argument 'cmake_target_skip_unavailable' from command line to 'False'
[0.199s] Level 5:colcon.colcon_core.verb:set package 'bt_interfaces_dummy' build argument 'cmake_clean_cache' from command line to 'False'
[0.199s] Level 5:colcon.colcon_core.verb:set package 'bt_interfaces_dummy' build argument 'cmake_clean_first' from command line to 'False'
[0.199s] Level 5:colcon.colcon_core.verb:set package 'bt_interfaces_dummy' build argument 'cmake_force_configure' from command line to 'False'
[0.199s] Level 5:colcon.colcon_core.verb:set package 'bt_interfaces_dummy' build argument 'ament_cmake_args' from command line to 'None'
[0.199s] Level 5:colcon.colcon_core.verb:set package 'bt_interfaces_dummy' build argument 'catkin_cmake_args' from command line to 'None'
[0.199s] Level 5:colcon.colcon_core.verb:set package 'bt_interfaces_dummy' build argument 'catkin_skip_building_tests' from command line to 'False'
[0.199s] DEBUG:colcon.colcon_core.verb:Building package 'bt_interfaces_dummy' with the following arguments: {'ament_cmake_args': None, 'build_base': '/convince_ws/build/bt_interfaces_dummy', 'catkin_cmake_args': None, 'catkin_skip_building_tests': False, 'cmake_args': ['-DCMAKE_EXPORT_COMPILE_COMMANDS=ON', '--no-warn-unused-cli'], 'cmake_clean_cache': False, 'cmake_clean_first': False, 'cmake_force_configure': False, 'cmake_target': None, 'cmake_target_skip_unavailable': False, 'install_base': '/convince_ws/install/bt_interfaces_dummy', 'merge_install': False, 'path': '/convince_ws/src/ros_interfaces/src/bt_interfaces_dummy', 'symlink_install': True, 'test_result_base': None}
[0.200s] Level 5:colcon.colcon_core.verb:set package 'btcpp_ros2_interfaces' build argument 'cmake_args' from command line to '['-DCMAKE_EXPORT_COMPILE_COMMANDS=ON', '--no-warn-unused-cli']'
[0.200s] Level 5:colcon.colcon_core.verb:set package 'btcpp_ros2_interfaces' build argument 'cmake_target' from command line to 'None'
[0.200s] Level 5:colcon.colcon_core.verb:set package 'btcpp_ros2_interfaces' build argument 'cmake_target_skip_unavailable' from command line to 'False'
[0.200s] Level 5:colcon.colcon_core.verb:set package 'btcpp_ros2_interfaces' build argument 'cmake_clean_cache' from command line to 'False'
[0.200s] Level 5:colcon.colcon_core.verb:set package 'btcpp_ros2_interfaces' build argument 'cmake_clean_first' from command line to 'False'
[0.200s] Level 5:colcon.colcon_core.verb:set package 'btcpp_ros2_interfaces' build argument 'cmake_force_configure' from command line to 'False'
[0.200s] Level 5:colcon.colcon_core.verb:set package 'btcpp_ros2_interfaces' build argument 'ament_cmake_args' from command line to 'None'
[0.200s] Level 5:colcon.colcon_core.verb:set package 'btcpp_ros2_interfaces' build argument 'catkin_cmake_args' from command line to 'None'
[0.200s] Level 5:colcon.colcon_core.verb:set package 'btcpp_ros2_interfaces' build argument 'catkin_skip_building_tests' from command line to 'False'
[0.200s] DEBUG:colcon.colcon_core.verb:Building package 'btcpp_ros2_interfaces' with the following arguments: {'ament_cmake_args': None, 'build_base': '/convince_ws/build/btcpp_ros2_interfaces', 'catkin_cmake_args': None, 'catkin_skip_building_tests': False, 'cmake_args': ['-DCMAKE_EXPORT_COMPILE_COMMANDS=ON', '--no-warn-unused-cli'], 'cmake_clean_cache': False, 'cmake_clean_first': False, 'cmake_force_configure': False, 'cmake_target': None, 'cmake_target_skip_unavailable': False, 'install_base': '/convince_ws/install/btcpp_ros2_interfaces', 'merge_install': False, 'path': '/convince_ws/src/behaviortree_ros2/btcpp_ros2_interfaces', 'symlink_install': True, 'test_result_base': None}
[0.200s] Level 5:colcon.colcon_core.verb:set package 'overarching_msgs' build argument 'cmake_args' from command line to '['-DCMAKE_EXPORT_COMPILE_COMMANDS=ON', '--no-warn-unused-cli']'
[0.200s] Level 5:colcon.colcon_core.verb:set package 'overarching_msgs' build argument 'cmake_target' from command line to 'None'
[0.200s] Level 5:colcon.colcon_core.verb:set package 'overarching_msgs' build argument 'cmake_target_skip_unavailable' from command line to 'False'
[0.200s] Level 5:colcon.colcon_core.verb:set package 'overarching_msgs' build argument 'cmake_clean_cache' from command line to 'False'
[0.200s] Level 5:colcon.colcon_core.verb:set package 'overarching_msgs' build argument 'cmake_clean_first' from command line to 'False'
[0.200s] Level 5:colcon.colcon_core.verb:set package 'overarching_msgs' build argument 'cmake_force_configure' from command line to 'False'
[0.200s] Level 5:colcon.colcon_core.verb:set package 'overarching_msgs' build argument 'ament_cmake_args' from command line to 'None'
[0.200s] Level 5:colcon.colcon_core.verb:set package 'overarching_msgs' build argument 'catkin_cmake_args' from command line to 'None'
[0.200s] Level 5:colcon.colcon_core.verb:set package 'overarching_msgs' build argument 'catkin_skip_building_tests' from command line to 'False'
[0.200s] DEBUG:colcon.colcon_core.verb:Building package 'overarching_msgs' with the following arguments: {'ament_cmake_args': None, 'build_base': '/convince_ws/build/overarching_msgs', 'catkin_cmake_args': None, 'catkin_skip_building_tests': False, 'cmake_args': ['-DCMAKE_EXPORT_COMPILE_COMMANDS=ON', '--no-warn-unused-cli'], 'cmake_clean_cache': False, 'cmake_clean_first': False, 'cmake_force_configure': False, 'cmake_target': None, 'cmake_target_skip_unavailable': False, 'install_base': '/convince_ws/install/overarching_msgs', 'merge_install': False, 'path': '/convince_ws/src/ros_interfaces/src/overarching_msgs', 'symlink_install': True, 'test_result_base': None}
[0.200s] Level 5:colcon.colcon_core.verb:set package 'pyrobosim' build argument 'cmake_args' from command line to '['-DCMAKE_EXPORT_COMPILE_COMMANDS=ON', '--no-warn-unused-cli']'
[0.200s] Level 5:colcon.colcon_core.verb:set package 'pyrobosim' build argument 'cmake_target' from command line to 'None'
[0.200s] Level 5:colcon.colcon_core.verb:set package 'pyrobosim' build argument 'cmake_target_skip_unavailable' from command line to 'False'
[0.200s] Level 5:colcon.colcon_core.verb:set package 'pyrobosim' build argument 'cmake_clean_cache' from command line to 'False'
[0.200s] Level 5:colcon.colcon_core.verb:set package 'pyrobosim' build argument 'cmake_clean_first' from command line to 'False'
[0.200s] Level 5:colcon.colcon_core.verb:set package 'pyrobosim' build argument 'cmake_force_configure' from command line to 'False'
[0.200s] Level 5:colcon.colcon_core.verb:set package 'pyrobosim' build argument 'ament_cmake_args' from command line to 'None'
[0.200s] Level 5:colcon.colcon_core.verb:set package 'pyrobosim' build argument 'catkin_cmake_args' from command line to 'None'
[0.200s] Level 5:colcon.colcon_core.verb:set package 'pyrobosim' build argument 'catkin_skip_building_tests' from command line to 'False'
[0.200s] DEBUG:colcon.colcon_core.verb:Building package 'pyrobosim' with the following arguments: {'ament_cmake_args': None, 'build_base': '/convince_ws/build/pyrobosim', 'catkin_cmake_args': None, 'catkin_skip_building_tests': False, 'cmake_args': ['-DCMAKE_EXPORT_COMPILE_COMMANDS=ON', '--no-warn-unused-cli'], 'cmake_clean_cache': False, 'cmake_clean_first': False, 'cmake_force_configure': False, 'cmake_target': None, 'cmake_target_skip_unavailable': False, 'install_base': '/convince_ws/install/pyrobosim', 'merge_install': False, 'path': '/convince_ws/src/pyrobosim/pyrobosim', 'symlink_install': True, 'test_result_base': None}
[0.200s] Level 5:colcon.colcon_core.verb:set package 'pyrobosim_msgs' build argument 'cmake_args' from command line to '['-DCMAKE_EXPORT_COMPILE_COMMANDS=ON', '--no-warn-unused-cli']'
[0.200s] Level 5:colcon.colcon_core.verb:set package 'pyrobosim_msgs' build argument 'cmake_target' from command line to 'None'
[0.200s] Level 5:colcon.colcon_core.verb:set package 'pyrobosim_msgs' build argument 'cmake_target_skip_unavailable' from command line to 'False'
[0.200s] Level 5:colcon.colcon_core.verb:set package 'pyrobosim_msgs' build argument 'cmake_clean_cache' from command line to 'False'
[0.200s] Level 5:colcon.colcon_core.verb:set package 'pyrobosim_msgs' build argument 'cmake_clean_first' from command line to 'False'
[0.200s] Level 5:colcon.colcon_core.verb:set package 'pyrobosim_msgs' build argument 'cmake_force_configure' from command line to 'False'
[0.200s] Level 5:colcon.colcon_core.verb:set package 'pyrobosim_msgs' build argument 'ament_cmake_args' from command line to 'None'
[0.200s] Level 5:colcon.colcon_core.verb:set package 'pyrobosim_msgs' build argument 'catkin_cmake_args' from command line to 'None'
[0.200s] Level 5:colcon.colcon_core.verb:set package 'pyrobosim_msgs' build argument 'catkin_skip_building_tests' from command line to 'False'
[0.200s] DEBUG:colcon.colcon_core.verb:Building package 'pyrobosim_msgs' with the following arguments: {'ament_cmake_args': None, 'build_base': '/convince_ws/build/pyrobosim_msgs', 'catkin_cmake_args': None, 'catkin_skip_building_tests': False, 'cmake_args': ['-DCMAKE_EXPORT_COMPILE_COMMANDS=ON', '--no-warn-unused-cli'], 'cmake_clean_cache': False, 'cmake_clean_first': False, 'cmake_force_configure': False, 'cmake_target': None, 'cmake_target_skip_unavailable': False, 'install_base': '/convince_ws/install/pyrobosim_msgs', 'merge_install': False, 'path': '/convince_ws/src/pyrobosim/pyrobosim_msgs', 'symlink_install': True, 'test_result_base': None}
[0.200s] Level 5:colcon.colcon_core.verb:set package 'behaviortree_ros2' build argument 'cmake_args' from command line to '['-DCMAKE_EXPORT_COMPILE_COMMANDS=ON', '--no-warn-unused-cli']'
[0.200s] Level 5:colcon.colcon_core.verb:set package 'behaviortree_ros2' build argument 'cmake_target' from command line to 'None'
[0.200s] Level 5:colcon.colcon_core.verb:set package 'behaviortree_ros2' build argument 'cmake_target_skip_unavailable' from command line to 'False'
[0.200s] Level 5:colcon.colcon_core.verb:set package 'behaviortree_ros2' build argument 'cmake_clean_cache' from command line to 'False'
[0.200s] Level 5:colcon.colcon_core.verb:set package 'behaviortree_ros2' build argument 'cmake_clean_first' from command line to 'False'
[0.200s] Level 5:colcon.colcon_core.verb:set package 'behaviortree_ros2' build argument 'cmake_force_configure' from command line to 'False'
[0.200s] Level 5:colcon.colcon_core.verb:set package 'behaviortree_ros2' build argument 'ament_cmake_args' from command line to 'None'
[0.200s] Level 5:colcon.colcon_core.verb:set package 'behaviortree_ros2' build argument 'catkin_cmake_args' from command line to 'None'
[0.200s] Level 5:colcon.colcon_core.verb:set package 'behaviortree_ros2' build argument 'catkin_skip_building_tests' from command line to 'False'
[0.200s] DEBUG:colcon.colcon_core.verb:Building package 'behaviortree_ros2' with the following arguments: {'ament_cmake_args': None, 'build_base': '/convince_ws/build/behaviortree_ros2', 'catkin_cmake_args': None, 'catkin_skip_building_tests': False, 'cmake_args': ['-DCMAKE_EXPORT_COMPILE_COMMANDS=ON', '--no-warn-unused-cli'], 'cmake_clean_cache': False, 'cmake_clean_first': False, 'cmake_force_configure': False, 'cmake_target': None, 'cmake_target_skip_unavailable': False, 'install_base': '/convince_ws/install/behaviortree_ros2', 'merge_install': False, 'path': '/convince_ws/src/behaviortree_ros2/behaviortree_ros2', 'symlink_install': True, 'test_result_base': None}
[0.200s] Level 5:colcon.colcon_core.verb:set package 'bt_nodes' build argument 'cmake_args' from command line to '['-DCMAKE_EXPORT_COMPILE_COMMANDS=ON', '--no-warn-unused-cli']'
[0.200s] Level 5:colcon.colcon_core.verb:set package 'bt_nodes' build argument 'cmake_target' from command line to 'None'
[0.200s] Level 5:colcon.colcon_core.verb:set package 'bt_nodes' build argument 'cmake_target_skip_unavailable' from command line to 'False'
[0.200s] Level 5:colcon.colcon_core.verb:set package 'bt_nodes' build argument 'cmake_clean_cache' from command line to 'False'
[0.200s] Level 5:colcon.colcon_core.verb:set package 'bt_nodes' build argument 'cmake_clean_first' from command line to 'False'
[0.200s] Level 5:colcon.colcon_core.verb:set package 'bt_nodes' build argument 'cmake_force_configure' from command line to 'False'
[0.200s] Level 5:colcon.colcon_core.verb:set package 'bt_nodes' build argument 'ament_cmake_args' from command line to 'None'
[0.200s] Level 5:colcon.colcon_core.verb:set package 'bt_nodes' build argument 'catkin_cmake_args' from command line to 'None'
[0.200s] Level 5:colcon.colcon_core.verb:set package 'bt_nodes' build argument 'catkin_skip_building_tests' from command line to 'False'
[0.201s] DEBUG:colcon.colcon_core.verb:Building package 'bt_nodes' with the following arguments: {'ament_cmake_args': None, 'build_base': '/convince_ws/build/bt_nodes', 'catkin_cmake_args': None, 'catkin_skip_building_tests': False, 'cmake_args': ['-DCMAKE_EXPORT_COMPILE_COMMANDS=ON', '--no-warn-unused-cli'], 'cmake_clean_cache': False, 'cmake_clean_first': False, 'cmake_force_configure': False, 'cmake_target': None, 'cmake_target_skip_unavailable': False, 'install_base': '/convince_ws/install/bt_nodes', 'merge_install': False, 'path': '/convince_ws/src/bt_nodes', 'symlink_install': True, 'test_result_base': None}
[0.201s] Level 5:colcon.colcon_core.verb:set package 'place_object_skill' build argument 'cmake_args' from command line to '['-DCMAKE_EXPORT_COMPILE_COMMANDS=ON', '--no-warn-unused-cli']'
[0.201s] Level 5:colcon.colcon_core.verb:set package 'place_object_skill' build argument 'cmake_target' from command line to 'None'
[0.201s] Level 5:colcon.colcon_core.verb:set package 'place_object_skill' build argument 'cmake_target_skip_unavailable' from command line to 'False'
[0.201s] Level 5:colcon.colcon_core.verb:set package 'place_object_skill' build argument 'cmake_clean_cache' from command line to 'False'
[0.201s] Level 5:colcon.colcon_core.verb:set package 'place_object_skill' build argument 'cmake_clean_first' from command line to 'False'
[0.201s] Level 5:colcon.colcon_core.verb:set package 'place_object_skill' build argument 'cmake_force_configure' from command line to 'False'
[0.201s] Level 5:colcon.colcon_core.verb:set package 'place_object_skill' build argument 'ament_cmake_args' from command line to 'None'
[0.201s] Level 5:colcon.colcon_core.verb:set package 'place_object_skill' build argument 'catkin_cmake_args' from command line to 'None'
[0.201s] Level 5:colcon.colcon_core.verb:set package 'place_object_skill' build argument 'catkin_skip_building_tests' from command line to 'False'
[0.201s] DEBUG:colcon.colcon_core.verb:Building package 'place_object_skill' with the following arguments: {'ament_cmake_args': None, 'build_base': '/convince_ws/build/place_object_skill', 'catkin_cmake_args': None, 'catkin_skip_building_tests': False, 'cmake_args': ['-DCMAKE_EXPORT_COMPILE_COMMANDS=ON', '--no-warn-unused-cli'], 'cmake_clean_cache': False, 'cmake_clean_first': False, 'cmake_force_configure': False, 'cmake_target': None, 'cmake_target_skip_unavailable': False, 'install_base': '/convince_ws/install/place_object_skill', 'merge_install': False, 'path': '/convince_ws/src/generated_skill/place_object_skill', 'symlink_install': True, 'test_result_base': None}
[0.201s] Level 5:colcon.colcon_core.verb:set package 'pyrobosim_ros' build argument 'cmake_args' from command line to '['-DCMAKE_EXPORT_COMPILE_COMMANDS=ON', '--no-warn-unused-cli']'
[0.201s] Level 5:colcon.colcon_core.verb:set package 'pyrobosim_ros' build argument 'cmake_target' from command line to 'None'
[0.201s] Level 5:colcon.colcon_core.verb:set package 'pyrobosim_ros' build argument 'cmake_target_skip_unavailable' from command line to 'False'
[0.201s] Level 5:colcon.colcon_core.verb:set package 'pyrobosim_ros' build argument 'cmake_clean_cache' from command line to 'False'
[0.201s] Level 5:colcon.colcon_core.verb:set package 'pyrobosim_ros' build argument 'cmake_clean_first' from command line to 'False'
[0.201s] Level 5:colcon.colcon_core.verb:set package 'pyrobosim_ros' build argument 'cmake_force_configure' from command line to 'False'
[0.201s] Level 5:colcon.colcon_core.verb:set package 'pyrobosim_ros' build argument 'ament_cmake_args' from command line to 'None'
[0.201s] Level 5:colcon.colcon_core.verb:set package 'pyrobosim_ros' build argument 'catkin_cmake_args' from command line to 'None'
[0.201s] Level 5:colcon.colcon_core.verb:set package 'pyrobosim_ros' build argument 'catkin_skip_building_tests' from command line to 'False'
[0.201s] DEBUG:colcon.colcon_core.verb:Building package 'pyrobosim_ros' with the following arguments: {'ament_cmake_args': None, 'build_base': '/convince_ws/build/pyrobosim_ros', 'catkin_cmake_args': None, 'catkin_skip_building_tests': False, 'cmake_args': ['-DCMAKE_EXPORT_COMPILE_COMMANDS=ON', '--no-warn-unused-cli'], 'cmake_clean_cache': False, 'cmake_clean_first': False, 'cmake_force_configure': False, 'cmake_target': None, 'cmake_target_skip_unavailable': False, 'install_base': '/convince_ws/install/pyrobosim_ros', 'merge_install': False, 'path': '/convince_ws/src/pyrobosim/pyrobosim_ros', 'symlink_install': True, 'test_result_base': None}
[0.201s] Level 5:colcon.colcon_core.verb:set package 'bt_executor' build argument 'cmake_args' from command line to '['-DCMAKE_EXPORT_COMPILE_COMMANDS=ON', '--no-warn-unused-cli']'
[0.201s] Level 5:colcon.colcon_core.verb:set package 'bt_executor' build argument 'cmake_target' from command line to 'None'
[0.201s] Level 5:colcon.colcon_core.verb:set package 'bt_executor' build argument 'cmake_target_skip_unavailable' from command line to 'False'
[0.201s] Level 5:colcon.colcon_core.verb:set package 'bt_executor' build argument 'cmake_clean_cache' from command line to 'False'
[0.201s] Level 5:colcon.colcon_core.verb:set package 'bt_executor' build argument 'cmake_clean_first' from command line to 'False'
[0.201s] Level 5:colcon.colcon_core.verb:set package 'bt_executor' build argument 'cmake_force_configure' from command line to 'False'
[0.201s] Level 5:colcon.colcon_core.verb:set package 'bt_executor' build argument 'ament_cmake_args' from command line to 'None'
[0.201s] Level 5:colcon.colcon_core.verb:set package 'bt_executor' build argument 'catkin_cmake_args' from command line to 'None'
[0.201s] Level 5:colcon.colcon_core.verb:set package 'bt_executor' build argument 'catkin_skip_building_tests' from command line to 'False'
[0.201s] DEBUG:colcon.colcon_core.verb:Building package 'bt_executor' with the following arguments: {'ament_cmake_args': None, 'build_base': '/convince_ws/build/bt_executor', 'catkin_cmake_args': None, 'catkin_skip_building_tests': False, 'cmake_args': ['-DCMAKE_EXPORT_COMPILE_COMMANDS=ON', '--no-warn-unused-cli'], 'cmake_clean_cache': False, 'cmake_clean_first': False, 'cmake_force_configure': False, 'cmake_target': None, 'cmake_target_skip_unavailable': False, 'install_base': '/convince_ws/install/bt_executor', 'merge_install': False, 'path': '/convince_ws/src/behavior_tree/bt_executor', 'symlink_install': True, 'test_result_base': None}
[0.201s] Level 5:colcon.colcon_core.verb:set package 'btcpp_ros2_samples' build argument 'cmake_args' from command line to '['-DCMAKE_EXPORT_COMPILE_COMMANDS=ON', '--no-warn-unused-cli']'
[0.201s] Level 5:colcon.colcon_core.verb:set package 'btcpp_ros2_samples' build argument 'cmake_target' from command line to 'None'
[0.201s] Level 5:colcon.colcon_core.verb:set package 'btcpp_ros2_samples' build argument 'cmake_target_skip_unavailable' from command line to 'False'
[0.201s] Level 5:colcon.colcon_core.verb:set package 'btcpp_ros2_samples' build argument 'cmake_clean_cache' from command line to 'False'
[0.201s] Level 5:colcon.colcon_core.verb:set package 'btcpp_ros2_samples' build argument 'cmake_clean_first' from command line to 'False'
[0.201s] Level 5:colcon.colcon_core.verb:set package 'btcpp_ros2_samples' build argument 'cmake_force_configure' from command line to 'False'
[0.201s] Level 5:colcon.colcon_core.verb:set package 'btcpp_ros2_samples' build argument 'ament_cmake_args' from command line to 'None'
[0.201s] Level 5:colcon.colcon_core.verb:set package 'btcpp_ros2_samples' build argument 'catkin_cmake_args' from command line to 'None'
[0.201s] Level 5:colcon.colcon_core.verb:set package 'btcpp_ros2_samples' build argument 'catkin_skip_building_tests' from command line to 'False'
[0.201s] DEBUG:colcon.colcon_core.verb:Building package 'btcpp_ros2_samples' with the following arguments: {'ament_cmake_args': None, 'build_base': '/convince_ws/build/btcpp_ros2_samples', 'catkin_cmake_args': None, 'catkin_skip_building_tests': False, 'cmake_args': ['-DCMAKE_EXPORT_COMPILE_COMMANDS=ON', '--no-warn-unused-cli'], 'cmake_clean_cache': False, 'cmake_clean_first': False, 'cmake_force_configure': False, 'cmake_target': None, 'cmake_target_skip_unavailable': False, 'install_base': '/convince_ws/install/btcpp_ros2_samples', 'merge_install': False, 'path': '/convince_ws/src/behaviortree_ros2/btcpp_ros2_samples', 'symlink_install': True, 'test_result_base': None}
[0.201s] Level 5:colcon.colcon_core.verb:set package 'tutorial_sim' build argument 'cmake_args' from command line to '['-DCMAKE_EXPORT_COMPILE_COMMANDS=ON', '--no-warn-unused-cli']'
[0.201s] Level 5:colcon.colcon_core.verb:set package 'tutorial_sim' build argument 'cmake_target' from command line to 'None'
[0.201s] Level 5:colcon.colcon_core.verb:set package 'tutorial_sim' build argument 'cmake_target_skip_unavailable' from command line to 'False'
[0.201s] Level 5:colcon.colcon_core.verb:set package 'tutorial_sim' build argument 'cmake_clean_cache' from command line to 'False'
[0.201s] Level 5:colcon.colcon_core.verb:set package 'tutorial_sim' build argument 'cmake_clean_first' from command line to 'False'
[0.201s] Level 5:colcon.colcon_core.verb:set package 'tutorial_sim' build argument 'cmake_force_configure' from command line to 'False'
[0.201s] Level 5:colcon.colcon_core.verb:set package 'tutorial_sim' build argument 'ament_cmake_args' from command line to 'None'
[0.201s] Level 5:colcon.colcon_core.verb:set package 'tutorial_sim' build argument 'catkin_cmake_args' from command line to 'None'
[0.201s] Level 5:colcon.colcon_core.verb:set package 'tutorial_sim' build argument 'catkin_skip_building_tests' from command line to 'False'
[0.201s] DEBUG:colcon.colcon_core.verb:Building package 'tutorial_sim' with the following arguments: {'ament_cmake_args': None, 'build_base': '/convince_ws/build/tutorial_sim', 'catkin_cmake_args': None, 'catkin_skip_building_tests': False, 'cmake_args': ['-DCMAKE_EXPORT_COMPILE_COMMANDS=ON', '--no-warn-unused-cli'], 'cmake_clean_cache': False, 'cmake_clean_first': False, 'cmake_force_configure': False, 'cmake_target': None, 'cmake_target_skip_unavailable': False, 'install_base': '/convince_ws/install/tutorial_sim', 'merge_install': False, 'path': '/convince_ws/src/tutorial_sim', 'symlink_install': True, 'test_result_base': None}
[0.201s] INFO:colcon.colcon_core.executor:Executing jobs using 'parallel' executor
[0.202s] DEBUG:colcon.colcon_parallel_executor.executor.parallel:run_until_complete
[0.203s] INFO:colcon.colcon_ros.task.ament_cmake.build:Building ROS package in '/convince_ws/src/ros_interfaces/src/bt_interfaces_dummy' with build type 'ament_cmake'
[0.203s] INFO:colcon.colcon_cmake.task.cmake.build:Building CMake package in '/convince_ws/src/ros_interfaces/src/bt_interfaces_dummy'
[0.204s] INFO:colcon.colcon_core.plugin_system:Skipping extension 'colcon_core.shell.bat': Not used on non-Windows systems
[0.204s] INFO:colcon.colcon_core.shell:Skip shell extension 'powershell' for command environment: Not usable outside of PowerShell
[0.204s] DEBUG:colcon.colcon_core.shell:Skip shell extension 'dsv' for command environment
[0.206s] INFO:colcon.colcon_ros.task.ament_cmake.build:Building ROS package in '/convince_ws/src/behaviortree_ros2/btcpp_ros2_interfaces' with build type 'ament_cmake'
[0.206s] INFO:colcon.colcon_cmake.task.cmake.build:Building CMake package in '/convince_ws/src/behaviortree_ros2/btcpp_ros2_interfaces'
[0.206s] INFO:colcon.colcon_core.shell:Skip shell extension 'powershell' for command environment: Not usable outside of PowerShell
[0.206s] DEBUG:colcon.colcon_core.shell:Skip shell extension 'dsv' for command environment
[0.207s] INFO:colcon.colcon_ros.task.ament_cmake.build:Building ROS package in '/convince_ws/src/ros_interfaces/src/overarching_msgs' with build type 'ament_cmake'
[0.207s] INFO:colcon.colcon_cmake.task.cmake.build:Building CMake package in '/convince_ws/src/ros_interfaces/src/overarching_msgs'
[0.207s] INFO:colcon.colcon_core.shell:Skip shell extension 'powershell' for command environment: Not usable outside of PowerShell
[0.207s] DEBUG:colcon.colcon_core.shell:Skip shell extension 'dsv' for command environment
[0.208s] INFO:colcon.colcon_ros.task.ament_cmake.build:Building ROS package in '/convince_ws/src/pyrobosim/pyrobosim_msgs' with build type 'ament_cmake'
[0.208s] INFO:colcon.colcon_cmake.task.cmake.build:Building CMake package in '/convince_ws/src/pyrobosim/pyrobosim_msgs'
[0.208s] INFO:colcon.colcon_core.shell:Skip shell extension 'powershell' for command environment: Not usable outside of PowerShell
[0.208s] DEBUG:colcon.colcon_core.shell:Skip shell extension 'dsv' for command environment
[0.209s] INFO:colcon.colcon_ros.task.ament_cmake.build:Building ROS package in '/convince_ws/BehaviorTree.CPP' with build type 'ament_cmake'
[0.210s] INFO:colcon.colcon_cmake.task.cmake.build:Building CMake package in '/convince_ws/BehaviorTree.CPP'
[0.210s] INFO:colcon.colcon_core.shell:Skip shell extension 'powershell' for command environment: Not usable outside of PowerShell
[0.210s] DEBUG:colcon.colcon_core.shell:Skip shell extension 'dsv' for command environment
[0.211s] INFO:colcon.colcon_core.task.python.build:Building Python package in '/convince_ws/src/pyrobosim/pyrobosim'
[0.211s] INFO:colcon.colcon_core.shell:Skip shell extension 'powershell' for command environment: Not usable outside of PowerShell
[0.211s] DEBUG:colcon.colcon_core.shell:Skip shell extension 'dsv' for command environment
[0.214s] DEBUG:colcon.colcon_core.event_handler.log_command:Invoking command in '/convince_ws/build/bt_interfaces_dummy': CMAKE_PREFIX_PATH=/opt/ros/jazzy /usr/bin/cmake --build /convince_ws/build/bt_interfaces_dummy -- -j20 -l20
[0.215s] DEBUG:colcon.colcon_core.event_handler.log_command:Invoking command in '/convince_ws/build/btcpp_ros2_interfaces': CMAKE_PREFIX_PATH=/opt/ros/jazzy /usr/bin/cmake --build /convince_ws/build/btcpp_ros2_interfaces -- -j20 -l20
[0.216s] DEBUG:colcon.colcon_core.event_handler.log_command:Invoking command in '/convince_ws/build/overarching_msgs': CMAKE_PREFIX_PATH=/opt/ros/jazzy /usr/bin/cmake --build /convince_ws/build/overarching_msgs -- -j20 -l20
[0.217s] DEBUG:colcon.colcon_core.event_handler.log_command:Invoking command in '/convince_ws/build/pyrobosim_msgs': CMAKE_PREFIX_PATH=/opt/ros/jazzy /usr/bin/cmake --build /convince_ws/build/pyrobosim_msgs -- -j20 -l20
[0.217s] DEBUG:colcon.colcon_core.event_handler.log_command:Invoking command in '/convince_ws/build/behaviortree_cpp_v3': CMAKE_PREFIX_PATH=/opt/ros/jazzy /usr/bin/cmake --build /convince_ws/build/behaviortree_cpp_v3 -- -j20 -l20
[0.362s] DEBUG:colcon.colcon_core.event_handler.log_command:Invoked command in '/convince_ws/build/behaviortree_cpp_v3' returned '0': CMAKE_PREFIX_PATH=/opt/ros/jazzy /usr/bin/cmake --build /convince_ws/build/behaviortree_cpp_v3 -- -j20 -l20
[0.367s] DEBUG:colcon.colcon_core.event_handler.log_command:Invoking command in '/convince_ws/build/behaviortree_cpp_v3': CMAKE_PREFIX_PATH=/opt/ros/jazzy /usr/bin/cmake --install /convince_ws/build/behaviortree_cpp_v3
[0.384s] Level 1:colcon.colcon_core.environment:create_environment_scripts_only(behaviortree_cpp_v3)
[0.384s] DEBUG:colcon.colcon_core.event_handler.log_command:Invoked command in '/convince_ws/build/behaviortree_cpp_v3' returned '0': CMAKE_PREFIX_PATH=/opt/ros/jazzy /usr/bin/cmake --install /convince_ws/build/behaviortree_cpp_v3
[0.386s] Level 1:colcon.colcon_core.environment:checking '/convince_ws/install/behaviortree_cpp_v3' for CMake module files
[0.387s] Level 1:colcon.colcon_core.environment:checking '/convince_ws/install/behaviortree_cpp_v3' for CMake config files
[0.387s] Level 1:colcon.colcon_core.shell:create_environment_hook('behaviortree_cpp_v3', 'cmake_prefix_path')
[0.387s] INFO:colcon.colcon_core.shell:Creating environment hook '/convince_ws/install/behaviortree_cpp_v3/share/behaviortree_cpp_v3/hook/cmake_prefix_path.ps1'
[0.388s] INFO:colcon.colcon_core.shell:Creating environment descriptor '/convince_ws/install/behaviortree_cpp_v3/share/behaviortree_cpp_v3/hook/cmake_prefix_path.dsv'
[0.388s] INFO:colcon.colcon_core.shell:Creating environment hook '/convince_ws/install/behaviortree_cpp_v3/share/behaviortree_cpp_v3/hook/cmake_prefix_path.sh'
[0.389s] Level 1:colcon.colcon_core.environment:checking '/convince_ws/install/behaviortree_cpp_v3/lib'
[0.389s] Level 1:colcon.colcon_core.shell:create_environment_hook('behaviortree_cpp_v3', 'ld_library_path_lib')
[0.389s] INFO:colcon.colcon_core.shell:Creating environment hook '/convince_ws/install/behaviortree_cpp_v3/share/behaviortree_cpp_v3/hook/ld_library_path_lib.ps1'
[0.390s] INFO:colcon.colcon_core.shell:Creating environment descriptor '/convince_ws/install/behaviortree_cpp_v3/share/behaviortree_cpp_v3/hook/ld_library_path_lib.dsv'
[0.390s] INFO:colcon.colcon_core.shell:Creating environment hook '/convince_ws/install/behaviortree_cpp_v3/share/behaviortree_cpp_v3/hook/ld_library_path_lib.sh'
[0.390s] Level 1:colcon.colcon_core.environment:checking '/convince_ws/install/behaviortree_cpp_v3/bin'
[0.391s] Level 1:colcon.colcon_core.shell:create_environment_hook('behaviortree_cpp_v3', 'path')
[0.391s] INFO:colcon.colcon_core.shell:Creating environment hook '/convince_ws/install/behaviortree_cpp_v3/share/behaviortree_cpp_v3/hook/path.ps1'
[0.391s] INFO:colcon.colcon_core.shell:Creating environment descriptor '/convince_ws/install/behaviortree_cpp_v3/share/behaviortree_cpp_v3/hook/path.dsv'
[0.391s] INFO:colcon.colcon_core.shell:Creating environment hook '/convince_ws/install/behaviortree_cpp_v3/share/behaviortree_cpp_v3/hook/path.sh'
[0.392s] Level 1:colcon.colcon_core.environment:checking '/convince_ws/install/behaviortree_cpp_v3/lib/pkgconfig/behaviortree_cpp_v3.pc'
[0.392s] Level 1:colcon.colcon_core.environment:checking '/convince_ws/install/behaviortree_cpp_v3/lib/python3.12/site-packages'
[0.392s] Level 1:colcon.colcon_core.environment:checking '/convince_ws/install/behaviortree_cpp_v3/bin'
[0.392s] Level 1:colcon.colcon_core.shell:create_environment_hook('behaviortree_cpp_v3', 'pythonscriptspath')
[0.392s] INFO:colcon.colcon_core.shell:Creating environment hook '/convince_ws/install/behaviortree_cpp_v3/share/behaviortree_cpp_v3/hook/pythonscriptspath.ps1'
[0.393s] INFO:colcon.colcon_core.shell:Creating environment descriptor '/convince_ws/install/behaviortree_cpp_v3/share/behaviortree_cpp_v3/hook/pythonscriptspath.dsv'
[0.393s] INFO:colcon.colcon_core.shell:Creating environment hook '/convince_ws/install/behaviortree_cpp_v3/share/behaviortree_cpp_v3/hook/pythonscriptspath.sh'
[0.394s] INFO:colcon.colcon_core.shell:Creating package script '/convince_ws/install/behaviortree_cpp_v3/share/behaviortree_cpp_v3/package.ps1'
[0.394s] INFO:colcon.colcon_core.shell:Creating package descriptor '/convince_ws/install/behaviortree_cpp_v3/share/behaviortree_cpp_v3/package.dsv'
[0.395s] INFO:colcon.colcon_core.shell:Creating package script '/convince_ws/install/behaviortree_cpp_v3/share/behaviortree_cpp_v3/package.sh'
[0.396s] INFO:colcon.colcon_core.shell:Creating package script '/convince_ws/install/behaviortree_cpp_v3/share/behaviortree_cpp_v3/package.bash'
[0.396s] INFO:colcon.colcon_core.shell:Creating package script '/convince_ws/install/behaviortree_cpp_v3/share/behaviortree_cpp_v3/package.zsh'
[0.397s] Level 1:colcon.colcon_core.environment:create_file_with_runtime_dependencies(/convince_ws/install/behaviortree_cpp_v3/share/colcon-core/packages/behaviortree_cpp_v3)
[0.397s] Level 1:colcon.colcon_core.environment:create_environment_scripts_only(behaviortree_cpp_v3)
[0.398s] Level 1:colcon.colcon_core.environment:checking '/convince_ws/install/behaviortree_cpp_v3' for CMake module files
[0.398s] Level 1:colcon.colcon_core.environment:checking '/convince_ws/install/behaviortree_cpp_v3' for CMake config files
[0.399s] Level 1:colcon.colcon_core.shell:create_environment_hook('behaviortree_cpp_v3', 'cmake_prefix_path')
[0.399s] INFO:colcon.colcon_core.shell:Creating environment hook '/convince_ws/install/behaviortree_cpp_v3/share/behaviortree_cpp_v3/hook/cmake_prefix_path.ps1'
[0.399s] INFO:colcon.colcon_core.shell:Creating environment descriptor '/convince_ws/install/behaviortree_cpp_v3/share/behaviortree_cpp_v3/hook/cmake_prefix_path.dsv'
[0.399s] INFO:colcon.colcon_core.shell:Creating environment hook '/convince_ws/install/behaviortree_cpp_v3/share/behaviortree_cpp_v3/hook/cmake_prefix_path.sh'
[0.400s] Level 1:colcon.colcon_core.environment:checking '/convince_ws/install/behaviortree_cpp_v3/lib'
[0.400s] Level 1:colcon.colcon_core.shell:create_environment_hook('behaviortree_cpp_v3', 'ld_library_path_lib')
[0.400s] INFO:colcon.colcon_core.shell:Creating environment hook '/convince_ws/install/behaviortree_cpp_v3/share/behaviortree_cpp_v3/hook/ld_library_path_lib.ps1'
[0.400s] INFO:colcon.colcon_core.shell:Creating environment descriptor '/convince_ws/install/behaviortree_cpp_v3/share/behaviortree_cpp_v3/hook/ld_library_path_lib.dsv'
[0.401s] INFO:colcon.colcon_core.shell:Creating environment hook '/convince_ws/install/behaviortree_cpp_v3/share/behaviortree_cpp_v3/hook/ld_library_path_lib.sh'
[0.401s] Level 1:colcon.colcon_core.environment:checking '/convince_ws/install/behaviortree_cpp_v3/bin'
[0.401s] Level 1:colcon.colcon_core.shell:create_environment_hook('behaviortree_cpp_v3', 'path')
[0.401s] INFO:colcon.colcon_core.shell:Creating environment hook '/convince_ws/install/behaviortree_cpp_v3/share/behaviortree_cpp_v3/hook/path.ps1'
[0.402s] INFO:colcon.colcon_core.shell:Creating environment descriptor '/convince_ws/install/behaviortree_cpp_v3/share/behaviortree_cpp_v3/hook/path.dsv'
[0.402s] INFO:colcon.colcon_core.shell:Creating environment hook '/convince_ws/install/behaviortree_cpp_v3/share/behaviortree_cpp_v3/hook/path.sh'
[0.402s] Level 1:colcon.colcon_core.environment:checking '/convince_ws/install/behaviortree_cpp_v3/lib/pkgconfig/behaviortree_cpp_v3.pc'
[0.402s] Level 1:colcon.colcon_core.environment:checking '/convince_ws/install/behaviortree_cpp_v3/lib/python3.12/site-packages'
[0.403s] Level 1:colcon.colcon_core.environment:checking '/convince_ws/install/behaviortree_cpp_v3/bin'
[0.403s] Level 1:colcon.colcon_core.shell:create_environment_hook('behaviortree_cpp_v3', 'pythonscriptspath')
[0.403s] INFO:colcon.colcon_core.shell:Creating environment hook '/convince_ws/install/behaviortree_cpp_v3/share/behaviortree_cpp_v3/hook/pythonscriptspath.ps1'
[0.403s] INFO:colcon.colcon_core.shell:Creating environment descriptor '/convince_ws/install/behaviortree_cpp_v3/share/behaviortree_cpp_v3/hook/pythonscriptspath.dsv'
[0.404s] INFO:colcon.colcon_core.shell:Creating environment hook '/convince_ws/install/behaviortree_cpp_v3/share/behaviortree_cpp_v3/hook/pythonscriptspath.sh'
[0.404s] INFO:colcon.colcon_core.shell:Creating package script '/convince_ws/install/behaviortree_cpp_v3/share/behaviortree_cpp_v3/package.ps1'
[0.405s] INFO:colcon.colcon_core.shell:Creating package descriptor '/convince_ws/install/behaviortree_cpp_v3/share/behaviortree_cpp_v3/package.dsv'
[0.405s] INFO:colcon.colcon_core.shell:Creating package script '/convince_ws/install/behaviortree_cpp_v3/share/behaviortree_cpp_v3/package.sh'
[0.405s] INFO:colcon.colcon_core.shell:Creating package script '/convince_ws/install/behaviortree_cpp_v3/share/behaviortree_cpp_v3/package.bash'
[0.406s] INFO:colcon.colcon_core.shell:Creating package script '/convince_ws/install/behaviortree_cpp_v3/share/behaviortree_cpp_v3/package.zsh'
[0.406s] Level 1:colcon.colcon_core.environment:create_file_with_runtime_dependencies(/convince_ws/install/behaviortree_cpp_v3/share/colcon-core/packages/behaviortree_cpp_v3)
[0.439s] DEBUG:colcon.colcon_core.event_handler.log_command:Invoked command in '/convince_ws/build/overarching_msgs' returned '0': CMAKE_PREFIX_PATH=/opt/ros/jazzy /usr/bin/cmake --build /convince_ws/build/overarching_msgs -- -j20 -l20
[0.440s] DEBUG:colcon.colcon_core.event_handler.log_command:Invoking command in '/convince_ws/build/overarching_msgs': CMAKE_PREFIX_PATH=/opt/ros/jazzy /usr/bin/cmake --install /convince_ws/build/overarching_msgs
[0.441s] DEBUG:colcon.colcon_core.event_handler.log_command:Invoked command in '/convince_ws/build/btcpp_ros2_interfaces' returned '0': CMAKE_PREFIX_PATH=/opt/ros/jazzy /usr/bin/cmake --build /convince_ws/build/btcpp_ros2_interfaces -- -j20 -l20
[0.442s] DEBUG:colcon.colcon_core.event_handler.log_command:Invoking command in '/convince_ws/build/btcpp_ros2_interfaces': CMAKE_PREFIX_PATH=/opt/ros/jazzy /usr/bin/cmake --install /convince_ws/build/btcpp_ros2_interfaces
[0.464s] DEBUG:colcon.colcon_core.event_handler.log_command:Invoked command in '/convince_ws/build/bt_interfaces_dummy' returned '0': CMAKE_PREFIX_PATH=/opt/ros/jazzy /usr/bin/cmake --build /convince_ws/build/bt_interfaces_dummy -- -j20 -l20
[0.465s] DEBUG:colcon.colcon_core.event_handler.log_command:Invoking command in '/convince_ws/build/bt_interfaces_dummy': CMAKE_PREFIX_PATH=/opt/ros/jazzy /usr/bin/cmake --install /convince_ws/build/bt_interfaces_dummy
[0.477s] DEBUG:colcon.colcon_core.event_handler.log_command:Invoked command in '/convince_ws/build/pyrobosim_msgs' returned '0': CMAKE_PREFIX_PATH=/opt/ros/jazzy /usr/bin/cmake --build /convince_ws/build/pyrobosim_msgs -- -j20 -l20
[0.479s] DEBUG:colcon.colcon_core.event_handler.log_command:Invoking command in '/convince_ws/build/pyrobosim_msgs': CMAKE_PREFIX_PATH=/opt/ros/jazzy /usr/bin/cmake --install /convince_ws/build/pyrobosim_msgs
[0.488s] Level 1:colcon.colcon_core.environment:create_environment_scripts_only(overarching_msgs)
[0.489s] Level 1:colcon.colcon_core.environment:checking '/convince_ws/install/overarching_msgs' for CMake module files
[0.495s] Level 1:colcon.colcon_core.environment:checking '/convince_ws/install/overarching_msgs' for CMake config files
[0.496s] DEBUG:colcon.colcon_core.event_handler.log_command:Invoked command in '/convince_ws/build/overarching_msgs' returned '0': CMAKE_PREFIX_PATH=/opt/ros/jazzy /usr/bin/cmake --install /convince_ws/build/overarching_msgs
[0.498s] Level 1:colcon.colcon_core.shell:create_environment_hook('overarching_msgs', 'cmake_prefix_path')
[0.499s] INFO:colcon.colcon_core.shell:Creating environment hook '/convince_ws/install/overarching_msgs/share/overarching_msgs/hook/cmake_prefix_path.ps1'
[0.499s] INFO:colcon.colcon_core.shell:Creating environment descriptor '/convince_ws/install/overarching_msgs/share/overarching_msgs/hook/cmake_prefix_path.dsv'
[0.499s] INFO:colcon.colcon_core.shell:Creating environment hook '/convince_ws/install/overarching_msgs/share/overarching_msgs/hook/cmake_prefix_path.sh'
[0.500s] Level 1:colcon.colcon_core.environment:checking '/convince_ws/install/overarching_msgs/lib'
[0.500s] Level 1:colcon.colcon_core.shell:create_environment_hook('overarching_msgs', 'ld_library_path_lib')
[0.500s] INFO:colcon.colcon_core.shell:Creating environment hook '/convince_ws/install/overarching_msgs/share/overarching_msgs/hook/ld_library_path_lib.ps1'
[0.501s] INFO:colcon.colcon_core.shell:Creating environment descriptor '/convince_ws/install/overarching_msgs/share/overarching_msgs/hook/ld_library_path_lib.dsv'
[0.501s] INFO:colcon.colcon_core.shell:Creating environment hook '/convince_ws/install/overarching_msgs/share/overarching_msgs/hook/ld_library_path_lib.sh'
[0.501s] Level 1:colcon.colcon_core.environment:checking '/convince_ws/install/overarching_msgs/bin'
[0.501s] Level 1:colcon.colcon_core.environment:checking '/convince_ws/install/overarching_msgs/lib/pkgconfig/overarching_msgs.pc'
[0.502s] Level 1:colcon.colcon_core.environment:checking '/convince_ws/install/overarching_msgs/lib/python3.12/site-packages'
[0.502s] Level 1:colcon.colcon_core.shell:create_environment_hook('overarching_msgs', 'pythonpath')
[0.502s] INFO:colcon.colcon_core.shell:Creating environment hook '/convince_ws/install/overarching_msgs/share/overarching_msgs/hook/pythonpath.ps1'
[0.502s] INFO:colcon.colcon_core.shell:Creating environment descriptor '/convince_ws/install/overarching_msgs/share/overarching_msgs/hook/pythonpath.dsv'
[0.502s] INFO:colcon.colcon_core.shell:Creating environment hook '/convince_ws/install/overarching_msgs/share/overarching_msgs/hook/pythonpath.sh'
[0.503s] Level 1:colcon.colcon_core.environment:checking '/convince_ws/install/overarching_msgs/bin'
[0.503s] INFO:colcon.colcon_core.shell:Creating package script '/convince_ws/install/overarching_msgs/share/overarching_msgs/package.ps1'
[0.503s] INFO:colcon.colcon_core.shell:Creating package descriptor '/convince_ws/install/overarching_msgs/share/overarching_msgs/package.dsv'
[0.504s] INFO:colcon.colcon_core.shell:Creating package script '/convince_ws/install/overarching_msgs/share/overarching_msgs/package.sh'
[0.504s] INFO:colcon.colcon_core.shell:Creating package script '/convince_ws/install/overarching_msgs/share/overarching_msgs/package.bash'
[0.505s] INFO:colcon.colcon_core.shell:Creating package script '/convince_ws/install/overarching_msgs/share/overarching_msgs/package.zsh'
[0.505s] Level 1:colcon.colcon_core.environment:create_file_with_runtime_dependencies(/convince_ws/install/overarching_msgs/share/colcon-core/packages/overarching_msgs)
[0.506s] Level 1:colcon.colcon_core.environment:create_environment_scripts_only(overarching_msgs)
[0.506s] Level 1:colcon.colcon_core.environment:checking '/convince_ws/install/overarching_msgs' for CMake module files
[0.507s] Level 1:colcon.colcon_core.environment:checking '/convince_ws/install/overarching_msgs' for CMake config files
[0.509s] Level 1:colcon.colcon_core.shell:create_environment_hook('overarching_msgs', 'cmake_prefix_path')
[0.509s] INFO:colcon.colcon_core.shell:Creating environment hook '/convince_ws/install/overarching_msgs/share/overarching_msgs/hook/cmake_prefix_path.ps1'
[0.510s] INFO:colcon.colcon_core.shell:Creating environment descriptor '/convince_ws/install/overarching_msgs/share/overarching_msgs/hook/cmake_prefix_path.dsv'
[0.512s] INFO:colcon.colcon_core.shell:Creating environment hook '/convince_ws/install/overarching_msgs/share/overarching_msgs/hook/cmake_prefix_path.sh'
[0.514s] Level 1:colcon.colcon_core.environment:checking '/convince_ws/install/overarching_msgs/lib'
[0.515s] Level 1:colcon.colcon_core.shell:create_environment_hook('overarching_msgs', 'ld_library_path_lib')
[0.515s] INFO:colcon.colcon_core.shell:Creating environment hook '/convince_ws/install/overarching_msgs/share/overarching_msgs/hook/ld_library_path_lib.ps1'
[0.515s] INFO:colcon.colcon_core.shell:Creating environment descriptor '/convince_ws/install/overarching_msgs/share/overarching_msgs/hook/ld_library_path_lib.dsv'
[0.515s] INFO:colcon.colcon_core.shell:Creating environment hook '/convince_ws/install/overarching_msgs/share/overarching_msgs/hook/ld_library_path_lib.sh'
[0.516s] Level 1:colcon.colcon_core.environment:checking '/convince_ws/install/overarching_msgs/bin'
[0.516s] Level 1:colcon.colcon_core.environment:checking '/convince_ws/install/overarching_msgs/lib/pkgconfig/overarching_msgs.pc'
[0.516s] Level 1:colcon.colcon_core.environment:checking '/convince_ws/install/overarching_msgs/lib/python3.12/site-packages'
[0.516s] Level 1:colcon.colcon_core.shell:create_environment_hook('overarching_msgs', 'pythonpath')
[0.516s] INFO:colcon.colcon_core.shell:Creating environment hook '/convince_ws/install/overarching_msgs/share/overarching_msgs/hook/pythonpath.ps1'
[0.516s] INFO:colcon.colcon_core.shell:Creating environment descriptor '/convince_ws/install/overarching_msgs/share/overarching_msgs/hook/pythonpath.dsv'
[0.517s] INFO:colcon.colcon_core.shell:Creating environment hook '/convince_ws/install/overarching_msgs/share/overarching_msgs/hook/pythonpath.sh'
[0.517s] Level 1:colcon.colcon_core.environment:checking '/convince_ws/install/overarching_msgs/bin'
[0.517s] INFO:colcon.colcon_core.shell:Creating package script '/convince_ws/install/overarching_msgs/share/overarching_msgs/package.ps1'
[0.518s] INFO:colcon.colcon_core.shell:Creating package descriptor '/convince_ws/install/overarching_msgs/share/overarching_msgs/package.dsv'
[0.518s] INFO:colcon.colcon_core.shell:Creating package script '/convince_ws/install/overarching_msgs/share/overarching_msgs/package.sh'
[0.519s] INFO:colcon.colcon_core.shell:Creating package script '/convince_ws/install/overarching_msgs/share/overarching_msgs/package.bash'
[0.519s] INFO:colcon.colcon_core.shell:Creating package script '/convince_ws/install/overarching_msgs/share/overarching_msgs/package.zsh'
[0.519s] Level 1:colcon.colcon_core.environment:create_file_with_runtime_dependencies(/convince_ws/install/overarching_msgs/share/colcon-core/packages/overarching_msgs)
[0.520s] Level 1:colcon.colcon_core.environment:create_environment_scripts_only(bt_interfaces_dummy)
[0.520s] Level 1:colcon.colcon_core.environment:checking '/convince_ws/install/bt_interfaces_dummy' for CMake module files
[0.527s] Level 1:colcon.colcon_core.environment:checking '/convince_ws/install/bt_interfaces_dummy' for CMake config files
[0.533s] DEBUG:colcon.colcon_core.event_handler.log_command:Invoked command in '/convince_ws/build/bt_interfaces_dummy' returned '0': CMAKE_PREFIX_PATH=/opt/ros/jazzy /usr/bin/cmake --install /convince_ws/build/bt_interfaces_dummy
[0.533s] Level 1:colcon.colcon_core.shell:create_environment_hook('bt_interfaces_dummy', 'cmake_prefix_path')
[0.533s] INFO:colcon.colcon_core.shell:Creating environment hook '/convince_ws/install/bt_interfaces_dummy/share/bt_interfaces_dummy/hook/cmake_prefix_path.ps1'
[0.533s] INFO:colcon.colcon_core.shell:Creating environment descriptor '/convince_ws/install/bt_interfaces_dummy/share/bt_interfaces_dummy/hook/cmake_prefix_path.dsv'
[0.534s] INFO:colcon.colcon_core.shell:Creating environment hook '/convince_ws/install/bt_interfaces_dummy/share/bt_interfaces_dummy/hook/cmake_prefix_path.sh'
[0.534s] Level 1:colcon.colcon_core.environment:checking '/convince_ws/install/bt_interfaces_dummy/lib'
[0.534s] Level 1:colcon.colcon_core.shell:create_environment_hook('bt_interfaces_dummy', 'ld_library_path_lib')
[0.534s] INFO:colcon.colcon_core.shell:Creating environment hook '/convince_ws/install/bt_interfaces_dummy/share/bt_interfaces_dummy/hook/ld_library_path_lib.ps1'
[0.534s] INFO:colcon.colcon_core.shell:Creating environment descriptor '/convince_ws/install/bt_interfaces_dummy/share/bt_interfaces_dummy/hook/ld_library_path_lib.dsv'
[0.534s] INFO:colcon.colcon_core.shell:Creating environment hook '/convince_ws/install/bt_interfaces_dummy/share/bt_interfaces_dummy/hook/ld_library_path_lib.sh'
[0.535s] Level 1:colcon.colcon_core.environment:checking '/convince_ws/install/bt_interfaces_dummy/bin'
[0.535s] Level 1:colcon.colcon_core.environment:checking '/convince_ws/install/bt_interfaces_dummy/lib/pkgconfig/bt_interfaces_dummy.pc'
[0.535s] Level 1:colcon.colcon_core.environment:checking '/convince_ws/install/bt_interfaces_dummy/lib/python3.12/site-packages'
[0.535s] Level 1:colcon.colcon_core.shell:create_environment_hook('bt_interfaces_dummy', 'pythonpath')
[0.536s] INFO:colcon.colcon_core.shell:Creating environment hook '/convince_ws/install/bt_interfaces_dummy/share/bt_interfaces_dummy/hook/pythonpath.ps1'
[0.536s] INFO:colcon.colcon_core.shell:Creating environment descriptor '/convince_ws/install/bt_interfaces_dummy/share/bt_interfaces_dummy/hook/pythonpath.dsv'
[0.536s] INFO:colcon.colcon_core.shell:Creating environment hook '/convince_ws/install/bt_interfaces_dummy/share/bt_interfaces_dummy/hook/pythonpath.sh'
[0.537s] Level 1:colcon.colcon_core.environment:checking '/convince_ws/install/bt_interfaces_dummy/bin'
[0.537s] INFO:colcon.colcon_core.shell:Creating package script '/convince_ws/install/bt_interfaces_dummy/share/bt_interfaces_dummy/package.ps1'
[0.537s] INFO:colcon.colcon_core.shell:Creating package descriptor '/convince_ws/install/bt_interfaces_dummy/share/bt_interfaces_dummy/package.dsv'
[0.537s] INFO:colcon.colcon_core.shell:Creating package script '/convince_ws/install/bt_interfaces_dummy/share/bt_interfaces_dummy/package.sh'
[0.537s] INFO:colcon.colcon_core.shell:Creating package script '/convince_ws/install/bt_interfaces_dummy/share/bt_interfaces_dummy/package.bash'
[0.537s] INFO:colcon.colcon_core.shell:Creating package script '/convince_ws/install/bt_interfaces_dummy/share/bt_interfaces_dummy/package.zsh'
[0.538s] Level 1:colcon.colcon_core.environment:create_file_with_runtime_dependencies(/convince_ws/install/bt_interfaces_dummy/share/colcon-core/packages/bt_interfaces_dummy)
[0.538s] Level 1:colcon.colcon_core.environment:create_environment_scripts_only(bt_interfaces_dummy)
[0.538s] Level 1:colcon.colcon_core.environment:checking '/convince_ws/install/bt_interfaces_dummy' for CMake module files
[0.538s] Level 1:colcon.colcon_core.environment:checking '/convince_ws/install/bt_interfaces_dummy' for CMake config files
[0.539s] Level 1:colcon.colcon_core.shell:create_environment_hook('bt_interfaces_dummy', 'cmake_prefix_path')
[0.539s] INFO:colcon.colcon_core.shell:Creating environment hook '/convince_ws/install/bt_interfaces_dummy/share/bt_interfaces_dummy/hook/cmake_prefix_path.ps1'
[0.539s] INFO:colcon.colcon_core.shell:Creating environment descriptor '/convince_ws/install/bt_interfaces_dummy/share/bt_interfaces_dummy/hook/cmake_prefix_path.dsv'
[0.539s] INFO:colcon.colcon_core.shell:Creating environment hook '/convince_ws/install/bt_interfaces_dummy/share/bt_interfaces_dummy/hook/cmake_prefix_path.sh'
[0.540s] Level 1:colcon.colcon_core.environment:checking '/convince_ws/install/bt_interfaces_dummy/lib'
[0.540s] Level 1:colcon.colcon_core.shell:create_environment_hook('bt_interfaces_dummy', 'ld_library_path_lib')
[0.540s] INFO:colcon.colcon_core.shell:Creating environment hook '/convince_ws/install/bt_interfaces_dummy/share/bt_interfaces_dummy/hook/ld_library_path_lib.ps1'
[0.540s] INFO:colcon.colcon_core.shell:Creating environment descriptor '/convince_ws/install/bt_interfaces_dummy/share/bt_interfaces_dummy/hook/ld_library_path_lib.dsv'
[0.540s] INFO:colcon.colcon_core.shell:Creating environment hook '/convince_ws/install/bt_interfaces_dummy/share/bt_interfaces_dummy/hook/ld_library_path_lib.sh'
[0.540s] Level 1:colcon.colcon_core.environment:checking '/convince_ws/install/bt_interfaces_dummy/bin'
[0.541s] Level 1:colcon.colcon_core.environment:checking '/convince_ws/install/bt_interfaces_dummy/lib/pkgconfig/bt_interfaces_dummy.pc'
[0.541s] Level 1:colcon.colcon_core.environment:checking '/convince_ws/install/bt_interfaces_dummy/lib/python3.12/site-packages'
[0.541s] Level 1:colcon.colcon_core.shell:create_environment_hook('bt_interfaces_dummy', 'pythonpath')
[0.541s] INFO:colcon.colcon_core.shell:Creating environment hook '/convince_ws/install/bt_interfaces_dummy/share/bt_interfaces_dummy/hook/pythonpath.ps1'
[0.541s] INFO:colcon.colcon_core.shell:Creating environment descriptor '/convince_ws/install/bt_interfaces_dummy/share/bt_interfaces_dummy/hook/pythonpath.dsv'
[0.541s] INFO:colcon.colcon_core.shell:Creating environment hook '/convince_ws/install/bt_interfaces_dummy/share/bt_interfaces_dummy/hook/pythonpath.sh'
[0.542s] Level 1:colcon.colcon_core.environment:checking '/convince_ws/install/bt_interfaces_dummy/bin'
[0.542s] INFO:colcon.colcon_core.shell:Creating package script '/convince_ws/install/bt_interfaces_dummy/share/bt_interfaces_dummy/package.ps1'
[0.542s] INFO:colcon.colcon_core.shell:Creating package descriptor '/convince_ws/install/bt_interfaces_dummy/share/bt_interfaces_dummy/package.dsv'
[0.543s] INFO:colcon.colcon_core.shell:Creating package script '/convince_ws/install/bt_interfaces_dummy/share/bt_interfaces_dummy/package.sh'
[0.543s] INFO:colcon.colcon_core.shell:Creating package script '/convince_ws/install/bt_interfaces_dummy/share/bt_interfaces_dummy/package.bash'
[0.543s] INFO:colcon.colcon_core.shell:Creating package script '/convince_ws/install/bt_interfaces_dummy/share/bt_interfaces_dummy/package.zsh'
[0.543s] Level 1:colcon.colcon_core.environment:create_file_with_runtime_dependencies(/convince_ws/install/bt_interfaces_dummy/share/colcon-core/packages/bt_interfaces_dummy)
[0.543s] Level 1:colcon.colcon_core.environment:create_environment_scripts_only(btcpp_ros2_interfaces)
[0.543s] Level 1:colcon.colcon_core.environment:checking '/convince_ws/install/btcpp_ros2_interfaces' for CMake module files
[0.544s] DEBUG:colcon.colcon_core.event_handler.log_command:Invoked command in '/convince_ws/build/btcpp_ros2_interfaces' returned '0': CMAKE_PREFIX_PATH=/opt/ros/jazzy /usr/bin/cmake --install /convince_ws/build/btcpp_ros2_interfaces
[0.544s] Level 1:colcon.colcon_core.environment:checking '/convince_ws/install/btcpp_ros2_interfaces' for CMake config files
[0.544s] Level 1:colcon.colcon_core.shell:create_environment_hook('btcpp_ros2_interfaces', 'cmake_prefix_path')
[0.544s] INFO:colcon.colcon_core.shell:Creating environment hook '/convince_ws/install/btcpp_ros2_interfaces/share/btcpp_ros2_interfaces/hook/cmake_prefix_path.ps1'
[0.545s] INFO:colcon.colcon_core.shell:Creating environment descriptor '/convince_ws/install/btcpp_ros2_interfaces/share/btcpp_ros2_interfaces/hook/cmake_prefix_path.dsv'
[0.545s] INFO:colcon.colcon_core.shell:Creating environment hook '/convince_ws/install/btcpp_ros2_interfaces/share/btcpp_ros2_interfaces/hook/cmake_prefix_path.sh'
[0.545s] Level 1:colcon.colcon_core.environment:checking '/convince_ws/install/btcpp_ros2_interfaces/lib'
[0.545s] Level 1:colcon.colcon_core.shell:create_environment_hook('btcpp_ros2_interfaces', 'ld_library_path_lib')
[0.545s] INFO:colcon.colcon_core.shell:Creating environment hook '/convince_ws/install/btcpp_ros2_interfaces/share/btcpp_ros2_interfaces/hook/ld_library_path_lib.ps1'
[0.545s] INFO:colcon.colcon_core.shell:Creating environment descriptor '/convince_ws/install/btcpp_ros2_interfaces/share/btcpp_ros2_interfaces/hook/ld_library_path_lib.dsv'
[0.545s] INFO:colcon.colcon_core.shell:Creating environment hook '/convince_ws/install/btcpp_ros2_interfaces/share/btcpp_ros2_interfaces/hook/ld_library_path_lib.sh'
[0.546s] Level 1:colcon.colcon_core.environment:checking '/convince_ws/install/btcpp_ros2_interfaces/bin'
[0.546s] Level 1:colcon.colcon_core.environment:checking '/convince_ws/install/btcpp_ros2_interfaces/lib/pkgconfig/btcpp_ros2_interfaces.pc'
[0.546s] Level 1:colcon.colcon_core.environment:checking '/convince_ws/install/btcpp_ros2_interfaces/lib/python3.12/site-packages'
[0.546s] Level 1:colcon.colcon_core.shell:create_environment_hook('btcpp_ros2_interfaces', 'pythonpath')
[0.546s] INFO:colcon.colcon_core.shell:Creating environment hook '/convince_ws/install/btcpp_ros2_interfaces/share/btcpp_ros2_interfaces/hook/pythonpath.ps1'
[0.546s] INFO:colcon.colcon_core.shell:Creating environment descriptor '/convince_ws/install/btcpp_ros2_interfaces/share/btcpp_ros2_interfaces/hook/pythonpath.dsv'
[0.546s] INFO:colcon.colcon_core.shell:Creating environment hook '/convince_ws/install/btcpp_ros2_interfaces/share/btcpp_ros2_interfaces/hook/pythonpath.sh'
[0.546s] Level 1:colcon.colcon_core.environment:checking '/convince_ws/install/btcpp_ros2_interfaces/bin'
[0.547s] INFO:colcon.colcon_core.shell:Creating package script '/convince_ws/install/btcpp_ros2_interfaces/share/btcpp_ros2_interfaces/package.ps1'
[0.547s] INFO:colcon.colcon_core.shell:Creating package descriptor '/convince_ws/install/btcpp_ros2_interfaces/share/btcpp_ros2_interfaces/package.dsv'
[0.547s] INFO:colcon.colcon_core.shell:Creating package script '/convince_ws/install/btcpp_ros2_interfaces/share/btcpp_ros2_interfaces/package.sh'
[0.547s] INFO:colcon.colcon_core.shell:Creating package script '/convince_ws/install/btcpp_ros2_interfaces/share/btcpp_ros2_interfaces/package.bash'
[0.547s] INFO:colcon.colcon_core.shell:Creating package script '/convince_ws/install/btcpp_ros2_interfaces/share/btcpp_ros2_interfaces/package.zsh'
[0.548s] Level 1:colcon.colcon_core.environment:create_file_with_runtime_dependencies(/convince_ws/install/btcpp_ros2_interfaces/share/colcon-core/packages/btcpp_ros2_interfaces)
[0.548s] Level 1:colcon.colcon_core.environment:create_environment_scripts_only(btcpp_ros2_interfaces)
[0.548s] Level 1:colcon.colcon_core.environment:checking '/convince_ws/install/btcpp_ros2_interfaces' for CMake module files
[0.548s] Level 1:colcon.colcon_core.environment:checking '/convince_ws/install/btcpp_ros2_interfaces' for CMake config files
[0.548s] Level 1:colcon.colcon_core.shell:create_environment_hook('btcpp_ros2_interfaces', 'cmake_prefix_path')
[0.549s] INFO:colcon.colcon_core.shell:Creating environment hook '/convince_ws/install/btcpp_ros2_interfaces/share/btcpp_ros2_interfaces/hook/cmake_prefix_path.ps1'
[0.549s] INFO:colcon.colcon_core.shell:Creating environment descriptor '/convince_ws/install/btcpp_ros2_interfaces/share/btcpp_ros2_interfaces/hook/cmake_prefix_path.dsv'
[0.549s] INFO:colcon.colcon_core.shell:Creating environment hook '/convince_ws/install/btcpp_ros2_interfaces/share/btcpp_ros2_interfaces/hook/cmake_prefix_path.sh'
[0.549s] Level 1:colcon.colcon_core.environment:checking '/convince_ws/install/btcpp_ros2_interfaces/lib'
[0.549s] Level 1:colcon.colcon_core.shell:create_environment_hook('btcpp_ros2_interfaces', 'ld_library_path_lib')
[0.549s] INFO:colcon.colcon_core.shell:Creating environment hook '/convince_ws/install/btcpp_ros2_interfaces/share/btcpp_ros2_interfaces/hook/ld_library_path_lib.ps1'
[0.549s] INFO:colcon.colcon_core.shell:Creating environment descriptor '/convince_ws/install/btcpp_ros2_interfaces/share/btcpp_ros2_interfaces/hook/ld_library_path_lib.dsv'
[0.550s] INFO:colcon.colcon_core.shell:Creating environment hook '/convince_ws/install/btcpp_ros2_interfaces/share/btcpp_ros2_interfaces/hook/ld_library_path_lib.sh'
[0.550s] Level 1:colcon.colcon_core.environment:checking '/convince_ws/install/btcpp_ros2_interfaces/bin'
[0.550s] Level 1:colcon.colcon_core.environment:checking '/convince_ws/install/btcpp_ros2_interfaces/lib/pkgconfig/btcpp_ros2_interfaces.pc'
[0.550s] Level 1:colcon.colcon_core.environment:checking '/convince_ws/install/btcpp_ros2_interfaces/lib/python3.12/site-packages'
[0.550s] Level 1:colcon.colcon_core.shell:create_environment_hook('btcpp_ros2_interfaces', 'pythonpath')
[0.550s] INFO:colcon.colcon_core.shell:Creating environment hook '/convince_ws/install/btcpp_ros2_interfaces/share/btcpp_ros2_interfaces/hook/pythonpath.ps1'
[0.550s] INFO:colcon.colcon_core.shell:Creating environment descriptor '/convince_ws/install/btcpp_ros2_interfaces/share/btcpp_ros2_interfaces/hook/pythonpath.dsv'
[0.550s] INFO:colcon.colcon_core.shell:Creating environment hook '/convince_ws/install/btcpp_ros2_interfaces/share/btcpp_ros2_interfaces/hook/pythonpath.sh'
[0.551s] Level 1:colcon.colcon_core.environment:checking '/convince_ws/install/btcpp_ros2_interfaces/bin'
[0.551s] INFO:colcon.colcon_core.shell:Creating package script '/convince_ws/install/btcpp_ros2_interfaces/share/btcpp_ros2_interfaces/package.ps1'
[0.551s] INFO:colcon.colcon_core.shell:Creating package descriptor '/convince_ws/install/btcpp_ros2_interfaces/share/btcpp_ros2_interfaces/package.dsv'
[0.551s] INFO:colcon.colcon_core.shell:Creating package script '/convince_ws/install/btcpp_ros2_interfaces/share/btcpp_ros2_interfaces/package.sh'
[0.551s] INFO:colcon.colcon_core.shell:Creating package script '/convince_ws/install/btcpp_ros2_interfaces/share/btcpp_ros2_interfaces/package.bash'
[0.552s] INFO:colcon.colcon_core.shell:Creating package script '/convince_ws/install/btcpp_ros2_interfaces/share/btcpp_ros2_interfaces/package.zsh'
[0.552s] Level 1:colcon.colcon_core.environment:create_file_with_runtime_dependencies(/convince_ws/install/btcpp_ros2_interfaces/share/colcon-core/packages/btcpp_ros2_interfaces)
[0.552s] INFO:colcon.colcon_ros.task.ament_cmake.build:Building ROS package in '/convince_ws/src/behaviortree_ros2/behaviortree_ros2' with build type 'ament_cmake'
[0.552s] INFO:colcon.colcon_cmake.task.cmake.build:Building CMake package in '/convince_ws/src/behaviortree_ros2/behaviortree_ros2'
[0.552s] INFO:colcon.colcon_core.shell:Skip shell extension 'powershell' for command environment: Not usable outside of PowerShell
[0.552s] DEBUG:colcon.colcon_core.shell:Skip shell extension 'dsv' for command environment
[0.554s] INFO:colcon.colcon_ros.task.ament_cmake.build:Building ROS package in '/convince_ws/src/bt_nodes' with build type 'ament_cmake'
[0.554s] INFO:colcon.colcon_cmake.task.cmake.build:Building CMake package in '/convince_ws/src/bt_nodes'
[0.554s] INFO:colcon.colcon_core.shell:Skip shell extension 'powershell' for command environment: Not usable outside of PowerShell
[0.554s] DEBUG:colcon.colcon_core.shell:Skip shell extension 'dsv' for command environment
[0.555s] INFO:colcon.colcon_ros.task.ament_cmake.build:Building ROS package in '/convince_ws/src/generated_skill/place_object_skill' with build type 'ament_cmake'
[0.555s] INFO:colcon.colcon_cmake.task.cmake.build:Building CMake package in '/convince_ws/src/generated_skill/place_object_skill'
[0.555s] INFO:colcon.colcon_core.shell:Skip shell extension 'powershell' for command environment: Not usable outside of PowerShell
[0.555s] DEBUG:colcon.colcon_core.shell:Skip shell extension 'dsv' for command environment
[0.557s] Level 1:colcon.colcon_core.environment:create_environment_scripts_only(pyrobosim_msgs)
[0.557s] Level 1:colcon.colcon_core.environment:checking '/convince_ws/install/pyrobosim_msgs' for CMake module files
[0.557s] DEBUG:colcon.colcon_core.event_handler.log_command:Invoked command in '/convince_ws/build/pyrobosim_msgs' returned '0': CMAKE_PREFIX_PATH=/opt/ros/jazzy /usr/bin/cmake --install /convince_ws/build/pyrobosim_msgs
[0.558s] Level 1:colcon.colcon_core.environment:checking '/convince_ws/install/pyrobosim_msgs' for CMake config files
[0.558s] Level 1:colcon.colcon_core.shell:create_environment_hook('pyrobosim_msgs', 'cmake_prefix_path')
[0.558s] INFO:colcon.colcon_core.shell:Creating environment hook '/convince_ws/install/pyrobosim_msgs/share/pyrobosim_msgs/hook/cmake_prefix_path.ps1'
[0.558s] INFO:colcon.colcon_core.shell:Creating environment descriptor '/convince_ws/install/pyrobosim_msgs/share/pyrobosim_msgs/hook/cmake_prefix_path.dsv'
[0.559s] INFO:colcon.colcon_core.shell:Creating environment hook '/convince_ws/install/pyrobosim_msgs/share/pyrobosim_msgs/hook/cmake_prefix_path.sh'
[0.559s] Level 1:colcon.colcon_core.environment:checking '/convince_ws/install/pyrobosim_msgs/lib'
[0.559s] Level 1:colcon.colcon_core.shell:create_environment_hook('pyrobosim_msgs', 'ld_library_path_lib')
[0.559s] INFO:colcon.colcon_core.shell:Creating environment hook '/convince_ws/install/pyrobosim_msgs/share/pyrobosim_msgs/hook/ld_library_path_lib.ps1'
[0.559s] INFO:colcon.colcon_core.shell:Creating environment descriptor '/convince_ws/install/pyrobosim_msgs/share/pyrobosim_msgs/hook/ld_library_path_lib.dsv'
[0.559s] INFO:colcon.colcon_core.shell:Creating environment hook '/convince_ws/install/pyrobosim_msgs/share/pyrobosim_msgs/hook/ld_library_path_lib.sh'
[0.560s] Level 1:colcon.colcon_core.environment:checking '/convince_ws/install/pyrobosim_msgs/bin'
[0.560s] Level 1:colcon.colcon_core.environment:checking '/convince_ws/install/pyrobosim_msgs/lib/pkgconfig/pyrobosim_msgs.pc'
[0.560s] Level 1:colcon.colcon_core.environment:checking '/convince_ws/install/pyrobosim_msgs/lib/python3.12/site-packages'
[0.560s] Level 1:colcon.colcon_core.shell:create_environment_hook('pyrobosim_msgs', 'pythonpath')
[0.560s] INFO:colcon.colcon_core.shell:Creating environment hook '/convince_ws/install/pyrobosim_msgs/share/pyrobosim_msgs/hook/pythonpath.ps1'
[0.560s] INFO:colcon.colcon_core.shell:Creating environment descriptor '/convince_ws/install/pyrobosim_msgs/share/pyrobosim_msgs/hook/pythonpath.dsv'
[0.560s] INFO:colcon.colcon_core.shell:Creating environment hook '/convince_ws/install/pyrobosim_msgs/share/pyrobosim_msgs/hook/pythonpath.sh'
[0.560s] Level 1:colcon.colcon_core.environment:checking '/convince_ws/install/pyrobosim_msgs/bin'
[0.561s] INFO:colcon.colcon_core.shell:Creating package script '/convince_ws/install/pyrobosim_msgs/share/pyrobosim_msgs/package.ps1'
[0.561s] INFO:colcon.colcon_core.shell:Creating package descriptor '/convince_ws/install/pyrobosim_msgs/share/pyrobosim_msgs/package.dsv'
[0.561s] INFO:colcon.colcon_core.shell:Creating package script '/convince_ws/install/pyrobosim_msgs/share/pyrobosim_msgs/package.sh'
[0.561s] INFO:colcon.colcon_core.shell:Creating package script '/convince_ws/install/pyrobosim_msgs/share/pyrobosim_msgs/package.bash'
[0.561s] INFO:colcon.colcon_core.shell:Creating package script '/convince_ws/install/pyrobosim_msgs/share/pyrobosim_msgs/package.zsh'
[0.562s] Level 1:colcon.colcon_core.environment:create_file_with_runtime_dependencies(/convince_ws/install/pyrobosim_msgs/share/colcon-core/packages/pyrobosim_msgs)
[0.562s] Level 1:colcon.colcon_core.environment:create_environment_scripts_only(pyrobosim_msgs)
[0.562s] Level 1:colcon.colcon_core.environment:checking '/convince_ws/install/pyrobosim_msgs' for CMake module files
[0.562s] Level 1:colcon.colcon_core.environment:checking '/convince_ws/install/pyrobosim_msgs' for CMake config files
[0.563s] Level 1:colcon.colcon_core.shell:create_environment_hook('pyrobosim_msgs', 'cmake_prefix_path')
[0.563s] INFO:colcon.colcon_core.shell:Creating environment hook '/convince_ws/install/pyrobosim_msgs/share/pyrobosim_msgs/hook/cmake_prefix_path.ps1'
[0.563s] INFO:colcon.colcon_core.shell:Creating environment descriptor '/convince_ws/install/pyrobosim_msgs/share/pyrobosim_msgs/hook/cmake_prefix_path.dsv'
[0.563s] INFO:colcon.colcon_core.shell:Creating environment hook '/convince_ws/install/pyrobosim_msgs/share/pyrobosim_msgs/hook/cmake_prefix_path.sh'
[0.563s] Level 1:colcon.colcon_core.environment:checking '/convince_ws/install/pyrobosim_msgs/lib'
[0.563s] Level 1:colcon.colcon_core.shell:create_environment_hook('pyrobosim_msgs', 'ld_library_path_lib')
[0.563s] INFO:colcon.colcon_core.shell:Creating environment hook '/convince_ws/install/pyrobosim_msgs/share/pyrobosim_msgs/hook/ld_library_path_lib.ps1'
[0.564s] INFO:colcon.colcon_core.shell:Creating environment descriptor '/convince_ws/install/pyrobosim_msgs/share/pyrobosim_msgs/hook/ld_library_path_lib.dsv'
[0.564s] INFO:colcon.colcon_core.shell:Creating environment hook '/convince_ws/install/pyrobosim_msgs/share/pyrobosim_msgs/hook/ld_library_path_lib.sh'
[0.564s] Level 1:colcon.colcon_core.environment:checking '/convince_ws/install/pyrobosim_msgs/bin'
[0.564s] Level 1:colcon.colcon_core.environment:checking '/convince_ws/install/pyrobosim_msgs/lib/pkgconfig/pyrobosim_msgs.pc'
[0.564s] Level 1:colcon.colcon_core.environment:checking '/convince_ws/install/pyrobosim_msgs/lib/python3.12/site-packages'
[0.564s] Level 1:colcon.colcon_core.shell:create_environment_hook('pyrobosim_msgs', 'pythonpath')
[0.564s] INFO:colcon.colcon_core.shell:Creating environment hook '/convince_ws/install/pyrobosim_msgs/share/pyrobosim_msgs/hook/pythonpath.ps1'
[0.564s] INFO:colcon.colcon_core.shell:Creating environment descriptor '/convince_ws/install/pyrobosim_msgs/share/pyrobosim_msgs/hook/pythonpath.dsv'
[0.565s] INFO:colcon.colcon_core.shell:Creating environment hook '/convince_ws/install/pyrobosim_msgs/share/pyrobosim_msgs/hook/pythonpath.sh'
[0.565s] Level 1:colcon.colcon_core.environment:checking '/convince_ws/install/pyrobosim_msgs/bin'
[0.565s] INFO:colcon.colcon_core.shell:Creating package script '/convince_ws/install/pyrobosim_msgs/share/pyrobosim_msgs/package.ps1'
[0.565s] INFO:colcon.colcon_core.shell:Creating package descriptor '/convince_ws/install/pyrobosim_msgs/share/pyrobosim_msgs/package.dsv'
[0.565s] INFO:colcon.colcon_core.shell:Creating package script '/convince_ws/install/pyrobosim_msgs/share/pyrobosim_msgs/package.sh'
[0.566s] INFO:colcon.colcon_core.shell:Creating package script '/convince_ws/install/pyrobosim_msgs/share/pyrobosim_msgs/package.bash'
[0.566s] INFO:colcon.colcon_core.shell:Creating package script '/convince_ws/install/pyrobosim_msgs/share/pyrobosim_msgs/package.zsh'
[0.566s] Level 1:colcon.colcon_core.environment:create_file_with_runtime_dependencies(/convince_ws/install/pyrobosim_msgs/share/colcon-core/packages/pyrobosim_msgs)
[0.567s] DEBUG:colcon.colcon_core.event_handler.log_command:Invoking command in '/convince_ws/build/behaviortree_ros2': AMENT_PREFIX_PATH=/convince_ws/install/btcpp_ros2_interfaces:${AMENT_PREFIX_PATH} CMAKE_PREFIX_PATH=/convince_ws/install/btcpp_ros2_interfaces:/opt/ros/jazzy LD_LIBRARY_PATH=/convince_ws/install/btcpp_ros2_interfaces/lib:${LD_LIBRARY_PATH} PYTHONPATH=/convince_ws/install/btcpp_ros2_interfaces/lib/python3.12/site-packages:${PYTHONPATH} /usr/bin/cmake --build /convince_ws/build/behaviortree_ros2 -- -j20 -l20
[0.567s] INFO:colcon.colcon_ros.task.ament_cmake.build:Building ROS package in '/convince_ws/src/pyrobosim/pyrobosim_ros' with build type 'ament_cmake'
[0.567s] INFO:colcon.colcon_cmake.task.cmake.build:Building CMake package in '/convince_ws/src/pyrobosim/pyrobosim_ros'
[0.567s] INFO:colcon.colcon_core.shell:Skip shell extension 'powershell' for command environment: Not usable outside of PowerShell
[0.567s] DEBUG:colcon.colcon_core.shell:Skip shell extension 'dsv' for command environment
[0.569s] DEBUG:colcon.colcon_core.event_handler.log_command:Invoking command in '/convince_ws/build/bt_nodes': AMENT_PREFIX_PATH=/convince_ws/install/bt_interfaces_dummy:${AMENT_PREFIX_PATH} CMAKE_PREFIX_PATH=/convince_ws/install/bt_interfaces_dummy:/opt/ros/jazzy LD_LIBRARY_PATH=/convince_ws/install/bt_interfaces_dummy/lib:${LD_LIBRARY_PATH} PYTHONPATH=/convince_ws/install/bt_interfaces_dummy/lib/python3.12/site-packages:${PYTHONPATH} /usr/bin/cmake /convince_ws/src/bt_nodes -DCMAKE_EXPORT_COMPILE_COMMANDS=ON --no-warn-unused-cli -DAMENT_CMAKE_SYMLINK_INSTALL=1 -DCMAKE_INSTALL_PREFIX=/convince_ws/install/bt_nodes
[0.571s] DEBUG:colcon.colcon_core.event_handler.log_command:Invoking command in '/convince_ws/build/place_object_skill': AMENT_PREFIX_PATH=/convince_ws/install/overarching_msgs:/convince_ws/install/bt_interfaces_dummy:${AMENT_PREFIX_PATH} CMAKE_PREFIX_PATH=/convince_ws/install/overarching_msgs:/convince_ws/install/bt_interfaces_dummy:/opt/ros/jazzy LD_LIBRARY_PATH=/convince_ws/install/overarching_msgs/lib:/convince_ws/install/bt_interfaces_dummy/lib:${LD_LIBRARY_PATH} PYTHONPATH=/convince_ws/install/overarching_msgs/lib/python3.12/site-packages:/convince_ws/install/bt_interfaces_dummy/lib/python3.12/site-packages:${PYTHONPATH} /usr/bin/cmake /convince_ws/src/generated_skill/place_object_skill -DCMAKE_EXPORT_COMPILE_COMMANDS=ON --no-warn-unused-cli -DAMENT_CMAKE_SYMLINK_INSTALL=1 -DCMAKE_INSTALL_PREFIX=/convince_ws/install/place_object_skill
[0.573s] DEBUG:colcon.colcon_core.event_handler.log_command:Invoking command in '/convince_ws/build/pyrobosim_ros': AMENT_PREFIX_PATH=/convince_ws/install/pyrobosim_msgs:${AMENT_PREFIX_PATH} CMAKE_PREFIX_PATH=/convince_ws/install/pyrobosim_msgs:/opt/ros/jazzy LD_LIBRARY_PATH=/convince_ws/install/pyrobosim_msgs/lib:${LD_LIBRARY_PATH} PYTHONPATH=/convince_ws/install/pyrobosim_msgs/lib/python3.12/site-packages:${PYTHONPATH} /usr/bin/cmake --build /convince_ws/build/pyrobosim_ros -- -j20 -l20
[0.610s] DEBUG:colcon.colcon_core.event_handler.log_command:Invoking command in '/convince_ws/build/pyrobosim': PYTHONPATH=/convince_ws/build/pyrobosim/prefix_override:/usr/lib/python3/dist-packages/colcon_core/task/python/colcon_distutils_commands:/convince_ws/install/pyrobosim/lib/python3.12/site-packages:${PYTHONPATH} /usr/bin/python3 -W ignore:setup.py install is deprecated -W ignore:easy_install command is deprecated setup.py develop --editable --build-directory /convince_ws/build/pyrobosim/build --no-deps
[0.637s] DEBUG:colcon.colcon_core.event_handler.log_command:Invoked command in '/convince_ws/build/behaviortree_ros2' returned '0': AMENT_PREFIX_PATH=/convince_ws/install/btcpp_ros2_interfaces:${AMENT_PREFIX_PATH} CMAKE_PREFIX_PATH=/convince_ws/install/btcpp_ros2_interfaces:/opt/ros/jazzy LD_LIBRARY_PATH=/convince_ws/install/btcpp_ros2_interfaces/lib:${LD_LIBRARY_PATH} PYTHONPATH=/convince_ws/install/btcpp_ros2_interfaces/lib/python3.12/site-packages:${PYTHONPATH} /usr/bin/cmake --build /convince_ws/build/behaviortree_ros2 -- -j20 -l20
[0.638s] DEBUG:colcon.colcon_core.event_handler.log_command:Invoking command in '/convince_ws/build/behaviortree_ros2': AMENT_PREFIX_PATH=/convince_ws/install/btcpp_ros2_interfaces:${AMENT_PREFIX_PATH} CMAKE_PREFIX_PATH=/convince_ws/install/btcpp_ros2_interfaces:/opt/ros/jazzy LD_LIBRARY_PATH=/convince_ws/install/btcpp_ros2_interfaces/lib:${LD_LIBRARY_PATH} PYTHONPATH=/convince_ws/install/btcpp_ros2_interfaces/lib/python3.12/site-packages:${PYTHONPATH} /usr/bin/cmake --install /convince_ws/build/behaviortree_ros2
[0.651s] Level 1:colcon.colcon_core.environment:create_environment_scripts_only(behaviortree_ros2)
[0.652s] Level 1:colcon.colcon_core.environment:checking '/convince_ws/install/behaviortree_ros2' for CMake module files
[0.652s] DEBUG:colcon.colcon_core.event_handler.log_command:Invoked command in '/convince_ws/build/behaviortree_ros2' returned '0': AMENT_PREFIX_PATH=/convince_ws/install/btcpp_ros2_interfaces:${AMENT_PREFIX_PATH} CMAKE_PREFIX_PATH=/convince_ws/install/btcpp_ros2_interfaces:/opt/ros/jazzy LD_LIBRARY_PATH=/convince_ws/install/btcpp_ros2_interfaces/lib:${LD_LIBRARY_PATH} PYTHONPATH=/convince_ws/install/btcpp_ros2_interfaces/lib/python3.12/site-packages:${PYTHONPATH} /usr/bin/cmake --install /convince_ws/build/behaviortree_ros2
[0.652s] Level 1:colcon.colcon_core.environment:checking '/convince_ws/install/behaviortree_ros2' for CMake config files
[0.653s] Level 1:colcon.colcon_core.shell:create_environment_hook('behaviortree_ros2', 'cmake_prefix_path')
[0.653s] INFO:colcon.colcon_core.shell:Creating environment hook '/convince_ws/install/behaviortree_ros2/share/behaviortree_ros2/hook/cmake_prefix_path.ps1'
[0.653s] INFO:colcon.colcon_core.shell:Creating environment descriptor '/convince_ws/install/behaviortree_ros2/share/behaviortree_ros2/hook/cmake_prefix_path.dsv'
[0.654s] INFO:colcon.colcon_core.shell:Creating environment hook '/convince_ws/install/behaviortree_ros2/share/behaviortree_ros2/hook/cmake_prefix_path.sh'
[0.654s] Level 1:colcon.colcon_core.environment:checking '/convince_ws/install/behaviortree_ros2/lib'
[0.654s] Level 1:colcon.colcon_core.environment:checking '/convince_ws/install/behaviortree_ros2/bin'
[0.654s] Level 1:colcon.colcon_core.environment:checking '/convince_ws/install/behaviortree_ros2/lib/pkgconfig/behaviortree_ros2.pc'
[0.655s] Level 1:colcon.colcon_core.environment:checking '/convince_ws/install/behaviortree_ros2/lib/python3.12/site-packages'
[0.655s] Level 1:colcon.colcon_core.environment:checking '/convince_ws/install/behaviortree_ros2/bin'
[0.655s] INFO:colcon.colcon_core.shell:Creating package script '/convince_ws/install/behaviortree_ros2/share/behaviortree_ros2/package.ps1'
[0.655s] INFO:colcon.colcon_core.shell:Creating package descriptor '/convince_ws/install/behaviortree_ros2/share/behaviortree_ros2/package.dsv'
[0.656s] INFO:colcon.colcon_core.shell:Creating package script '/convince_ws/install/behaviortree_ros2/share/behaviortree_ros2/package.sh'
[0.656s] INFO:colcon.colcon_core.shell:Creating package script '/convince_ws/install/behaviortree_ros2/share/behaviortree_ros2/package.bash'
[0.656s] INFO:colcon.colcon_core.shell:Creating package script '/convince_ws/install/behaviortree_ros2/share/behaviortree_ros2/package.zsh'
[0.657s] Level 1:colcon.colcon_core.environment:create_file_with_runtime_dependencies(/convince_ws/install/behaviortree_ros2/share/colcon-core/packages/behaviortree_ros2)
[0.657s] Level 1:colcon.colcon_core.environment:create_environment_scripts_only(behaviortree_ros2)
[0.657s] Level 1:colcon.colcon_core.environment:checking '/convince_ws/install/behaviortree_ros2' for CMake module files
[0.658s] Level 1:colcon.colcon_core.environment:checking '/convince_ws/install/behaviortree_ros2' for CMake config files
[0.658s] Level 1:colcon.colcon_core.shell:create_environment_hook('behaviortree_ros2', 'cmake_prefix_path')
[0.658s] INFO:colcon.colcon_core.shell:Creating environment hook '/convince_ws/install/behaviortree_ros2/share/behaviortree_ros2/hook/cmake_prefix_path.ps1'
[0.658s] INFO:colcon.colcon_core.shell:Creating environment descriptor '/convince_ws/install/behaviortree_ros2/share/behaviortree_ros2/hook/cmake_prefix_path.dsv'
[0.659s] INFO:colcon.colcon_core.shell:Creating environment hook '/convince_ws/install/behaviortree_ros2/share/behaviortree_ros2/hook/cmake_prefix_path.sh'
[0.659s] Level 1:colcon.colcon_core.environment:checking '/convince_ws/install/behaviortree_ros2/lib'
[0.659s] Level 1:colcon.colcon_core.environment:checking '/convince_ws/install/behaviortree_ros2/bin'
[0.659s] Level 1:colcon.colcon_core.environment:checking '/convince_ws/install/behaviortree_ros2/lib/pkgconfig/behaviortree_ros2.pc'
[0.659s] Level 1:colcon.colcon_core.environment:checking '/convince_ws/install/behaviortree_ros2/lib/python3.12/site-packages'
[0.660s] Level 1:colcon.colcon_core.environment:checking '/convince_ws/install/behaviortree_ros2/bin'
[0.660s] INFO:colcon.colcon_core.shell:Creating package script '/convince_ws/install/behaviortree_ros2/share/behaviortree_ros2/package.ps1'
[0.660s] INFO:colcon.colcon_core.shell:Creating package descriptor '/convince_ws/install/behaviortree_ros2/share/behaviortree_ros2/package.dsv'
[0.661s] INFO:colcon.colcon_core.shell:Creating package script '/convince_ws/install/behaviortree_ros2/share/behaviortree_ros2/package.sh'
[0.661s] INFO:colcon.colcon_core.shell:Creating package script '/convince_ws/install/behaviortree_ros2/share/behaviortree_ros2/package.bash'
[0.662s] INFO:colcon.colcon_core.shell:Creating package script '/convince_ws/install/behaviortree_ros2/share/behaviortree_ros2/package.zsh'
[0.662s] Level 1:colcon.colcon_core.environment:create_file_with_runtime_dependencies(/convince_ws/install/behaviortree_ros2/share/colcon-core/packages/behaviortree_ros2)
[0.662s] INFO:colcon.colcon_ros.task.ament_cmake.build:Building ROS package in '/convince_ws/src/behaviortree_ros2/btcpp_ros2_samples' with build type 'ament_cmake'
[0.662s] INFO:colcon.colcon_cmake.task.cmake.build:Building CMake package in '/convince_ws/src/behaviortree_ros2/btcpp_ros2_samples'
[0.662s] INFO:colcon.colcon_core.shell:Skip shell extension 'powershell' for command environment: Not usable outside of PowerShell
[0.662s] DEBUG:colcon.colcon_core.shell:Skip shell extension 'dsv' for command environment
[0.670s] DEBUG:colcon.colcon_core.event_handler.log_command:Invoking command in '/convince_ws/build/btcpp_ros2_samples': AMENT_PREFIX_PATH=/convince_ws/install/behaviortree_ros2:/convince_ws/install/btcpp_ros2_interfaces:${AMENT_PREFIX_PATH} CMAKE_PREFIX_PATH=/convince_ws/install/behaviortree_ros2:/convince_ws/install/btcpp_ros2_interfaces:/opt/ros/jazzy LD_LIBRARY_PATH=/convince_ws/install/behaviortree_ros2/lib:/convince_ws/install/btcpp_ros2_interfaces/lib:${LD_LIBRARY_PATH} PYTHONPATH=/convince_ws/install/btcpp_ros2_interfaces/lib/python3.12/site-packages:${PYTHONPATH} /usr/bin/cmake --build /convince_ws/build/btcpp_ros2_samples -- -j20 -l20
[0.742s] DEBUG:colcon.colcon_core.event_handler.log_command:Invoked command in '/convince_ws/build/btcpp_ros2_samples' returned '0': AMENT_PREFIX_PATH=/convince_ws/install/behaviortree_ros2:/convince_ws/install/btcpp_ros2_interfaces:${AMENT_PREFIX_PATH} CMAKE_PREFIX_PATH=/convince_ws/install/behaviortree_ros2:/convince_ws/install/btcpp_ros2_interfaces:/opt/ros/jazzy LD_LIBRARY_PATH=/convince_ws/install/behaviortree_ros2/lib:/convince_ws/install/btcpp_ros2_interfaces/lib:${LD_LIBRARY_PATH} PYTHONPATH=/convince_ws/install/btcpp_ros2_interfaces/lib/python3.12/site-packages:${PYTHONPATH} /usr/bin/cmake --build /convince_ws/build/btcpp_ros2_samples -- -j20 -l20
[0.743s] DEBUG:colcon.colcon_core.event_handler.log_command:Invoking command in '/convince_ws/build/btcpp_ros2_samples': AMENT_PREFIX_PATH=/convince_ws/install/behaviortree_ros2:/convince_ws/install/btcpp_ros2_interfaces:${AMENT_PREFIX_PATH} CMAKE_PREFIX_PATH=/convince_ws/install/behaviortree_ros2:/convince_ws/install/btcpp_ros2_interfaces:/opt/ros/jazzy LD_LIBRARY_PATH=/convince_ws/install/behaviortree_ros2/lib:/convince_ws/install/btcpp_ros2_interfaces/lib:${LD_LIBRARY_PATH} PYTHONPATH=/convince_ws/install/btcpp_ros2_interfaces/lib/python3.12/site-packages:${PYTHONPATH} /usr/bin/cmake --install /convince_ws/build/btcpp_ros2_samples
[0.755s] Level 1:colcon.colcon_core.environment:create_environment_scripts_only(btcpp_ros2_samples)
[0.755s] Level 1:colcon.colcon_core.environment:checking '/convince_ws/install/btcpp_ros2_samples' for CMake module files
[0.756s] DEBUG:colcon.colcon_core.event_handler.log_command:Invoked command in '/convince_ws/build/btcpp_ros2_samples' returned '0': AMENT_PREFIX_PATH=/convince_ws/install/behaviortree_ros2:/convince_ws/install/btcpp_ros2_interfaces:${AMENT_PREFIX_PATH} CMAKE_PREFIX_PATH=/convince_ws/install/behaviortree_ros2:/convince_ws/install/btcpp_ros2_interfaces:/opt/ros/jazzy LD_LIBRARY_PATH=/convince_ws/install/behaviortree_ros2/lib:/convince_ws/install/btcpp_ros2_interfaces/lib:${LD_LIBRARY_PATH} PYTHONPATH=/convince_ws/install/btcpp_ros2_interfaces/lib/python3.12/site-packages:${PYTHONPATH} /usr/bin/cmake --install /convince_ws/build/btcpp_ros2_samples
[0.756s] Level 1:colcon.colcon_core.environment:checking '/convince_ws/install/btcpp_ros2_samples' for CMake config files
[0.756s] Level 1:colcon.colcon_core.shell:create_environment_hook('btcpp_ros2_samples', 'cmake_prefix_path')
[0.756s] INFO:colcon.colcon_core.shell:Creating environment hook '/convince_ws/install/btcpp_ros2_samples/share/btcpp_ros2_samples/hook/cmake_prefix_path.ps1'
[0.757s] INFO:colcon.colcon_core.shell:Creating environment descriptor '/convince_ws/install/btcpp_ros2_samples/share/btcpp_ros2_samples/hook/cmake_prefix_path.dsv'
[0.757s] INFO:colcon.colcon_core.shell:Creating environment hook '/convince_ws/install/btcpp_ros2_samples/share/btcpp_ros2_samples/hook/cmake_prefix_path.sh'
[0.758s] Level 1:colcon.colcon_core.environment:checking '/convince_ws/install/btcpp_ros2_samples/lib'
[0.758s] Level 1:colcon.colcon_core.environment:checking '/convince_ws/install/btcpp_ros2_samples/bin'
[0.758s] Level 1:colcon.colcon_core.environment:checking '/convince_ws/install/btcpp_ros2_samples/lib/pkgconfig/btcpp_ros2_samples.pc'
[0.758s] Level 1:colcon.colcon_core.environment:checking '/convince_ws/install/btcpp_ros2_samples/lib/python3.12/site-packages'
[0.758s] Level 1:colcon.colcon_core.environment:checking '/convince_ws/install/btcpp_ros2_samples/bin'
[0.759s] INFO:colcon.colcon_core.shell:Creating package script '/convince_ws/install/btcpp_ros2_samples/share/btcpp_ros2_samples/package.ps1'
[0.759s] INFO:colcon.colcon_core.shell:Creating package descriptor '/convince_ws/install/btcpp_ros2_samples/share/btcpp_ros2_samples/package.dsv'
[0.759s] INFO:colcon.colcon_core.shell:Creating package script '/convince_ws/install/btcpp_ros2_samples/share/btcpp_ros2_samples/package.sh'
[0.760s] INFO:colcon.colcon_core.shell:Creating package script '/convince_ws/install/btcpp_ros2_samples/share/btcpp_ros2_samples/package.bash'
[0.760s] INFO:colcon.colcon_core.shell:Creating package script '/convince_ws/install/btcpp_ros2_samples/share/btcpp_ros2_samples/package.zsh'
[0.760s] Level 1:colcon.colcon_core.environment:create_file_with_runtime_dependencies(/convince_ws/install/btcpp_ros2_samples/share/colcon-core/packages/btcpp_ros2_samples)
[0.761s] Level 1:colcon.colcon_core.environment:create_environment_scripts_only(btcpp_ros2_samples)
[0.761s] Level 1:colcon.colcon_core.environment:checking '/convince_ws/install/btcpp_ros2_samples' for CMake module files
[0.761s] Level 1:colcon.colcon_core.environment:checking '/convince_ws/install/btcpp_ros2_samples' for CMake config files
[0.762s] Level 1:colcon.colcon_core.shell:create_environment_hook('btcpp_ros2_samples', 'cmake_prefix_path')
[0.762s] INFO:colcon.colcon_core.shell:Creating environment hook '/convince_ws/install/btcpp_ros2_samples/share/btcpp_ros2_samples/hook/cmake_prefix_path.ps1'
[0.762s] INFO:colcon.colcon_core.shell:Creating environment descriptor '/convince_ws/install/btcpp_ros2_samples/share/btcpp_ros2_samples/hook/cmake_prefix_path.dsv'
[0.762s] INFO:colcon.colcon_core.shell:Creating environment hook '/convince_ws/install/btcpp_ros2_samples/share/btcpp_ros2_samples/hook/cmake_prefix_path.sh'
[0.763s] Level 1:colcon.colcon_core.environment:checking '/convince_ws/install/btcpp_ros2_samples/lib'
[0.763s] Level 1:colcon.colcon_core.environment:checking '/convince_ws/install/btcpp_ros2_samples/bin'
[0.763s] Level 1:colcon.colcon_core.environment:checking '/convince_ws/install/btcpp_ros2_samples/lib/pkgconfig/btcpp_ros2_samples.pc'
[0.763s] Level 1:colcon.colcon_core.environment:checking '/convince_ws/install/btcpp_ros2_samples/lib/python3.12/site-packages'
[0.763s] Level 1:colcon.colcon_core.environment:checking '/convince_ws/install/btcpp_ros2_samples/bin'
[0.764s] INFO:colcon.colcon_core.shell:Creating package script '/convince_ws/install/btcpp_ros2_samples/share/btcpp_ros2_samples/package.ps1'
[0.764s] INFO:colcon.colcon_core.shell:Creating package descriptor '/convince_ws/install/btcpp_ros2_samples/share/btcpp_ros2_samples/package.dsv'
[0.764s] INFO:colcon.colcon_core.shell:Creating package script '/convince_ws/install/btcpp_ros2_samples/share/btcpp_ros2_samples/package.sh'
[0.765s] INFO:colcon.colcon_core.shell:Creating package script '/convince_ws/install/btcpp_ros2_samples/share/btcpp_ros2_samples/package.bash'
[0.765s] INFO:colcon.colcon_core.shell:Creating package script '/convince_ws/install/btcpp_ros2_samples/share/btcpp_ros2_samples/package.zsh'
[0.766s] Level 1:colcon.colcon_core.environment:create_file_with_runtime_dependencies(/convince_ws/install/btcpp_ros2_samples/share/colcon-core/packages/btcpp_ros2_samples)
[0.771s] DEBUG:colcon.colcon_core.event_handler.log_command:Invoked command in '/convince_ws/build/pyrobosim_ros' returned '0': AMENT_PREFIX_PATH=/convince_ws/install/pyrobosim_msgs:${AMENT_PREFIX_PATH} CMAKE_PREFIX_PATH=/convince_ws/install/pyrobosim_msgs:/opt/ros/jazzy LD_LIBRARY_PATH=/convince_ws/install/pyrobosim_msgs/lib:${LD_LIBRARY_PATH} PYTHONPATH=/convince_ws/install/pyrobosim_msgs/lib/python3.12/site-packages:${PYTHONPATH} /usr/bin/cmake --build /convince_ws/build/pyrobosim_ros -- -j20 -l20
[0.771s] DEBUG:colcon.colcon_core.event_handler.log_command:Invoking command in '/convince_ws/build/pyrobosim_ros': AMENT_PREFIX_PATH=/convince_ws/install/pyrobosim_msgs:${AMENT_PREFIX_PATH} CMAKE_PREFIX_PATH=/convince_ws/install/pyrobosim_msgs:/opt/ros/jazzy LD_LIBRARY_PATH=/convince_ws/install/pyrobosim_msgs/lib:${LD_LIBRARY_PATH} PYTHONPATH=/convince_ws/install/pyrobosim_msgs/lib/python3.12/site-packages:${PYTHONPATH} /usr/bin/cmake --install /convince_ws/build/pyrobosim_ros
[0.812s] Level 1:colcon.colcon_core.environment:create_environment_scripts_only(pyrobosim_ros)
[0.812s] Level 1:colcon.colcon_core.environment:checking '/convince_ws/install/pyrobosim_ros' for CMake module files
[0.813s] DEBUG:colcon.colcon_core.event_handler.log_command:Invoked command in '/convince_ws/build/pyrobosim_ros' returned '0': AMENT_PREFIX_PATH=/convince_ws/install/pyrobosim_msgs:${AMENT_PREFIX_PATH} CMAKE_PREFIX_PATH=/convince_ws/install/pyrobosim_msgs:/opt/ros/jazzy LD_LIBRARY_PATH=/convince_ws/install/pyrobosim_msgs/lib:${LD_LIBRARY_PATH} PYTHONPATH=/convince_ws/install/pyrobosim_msgs/lib/python3.12/site-packages:${PYTHONPATH} /usr/bin/cmake --install /convince_ws/build/pyrobosim_ros
[0.813s] Level 1:colcon.colcon_core.environment:checking '/convince_ws/install/pyrobosim_ros' for CMake config files
[0.813s] Level 1:colcon.colcon_core.shell:create_environment_hook('pyrobosim_ros', 'cmake_prefix_path')
[0.814s] INFO:colcon.colcon_core.shell:Creating environment hook '/convince_ws/install/pyrobosim_ros/share/pyrobosim_ros/hook/cmake_prefix_path.ps1'
[0.814s] INFO:colcon.colcon_core.shell:Creating environment descriptor '/convince_ws/install/pyrobosim_ros/share/pyrobosim_ros/hook/cmake_prefix_path.dsv'
[0.814s] INFO:colcon.colcon_core.shell:Creating environment hook '/convince_ws/install/pyrobosim_ros/share/pyrobosim_ros/hook/cmake_prefix_path.sh'
[0.815s] Level 1:colcon.colcon_core.environment:checking '/convince_ws/install/pyrobosim_ros/lib'
[0.815s] Level 1:colcon.colcon_core.environment:checking '/convince_ws/install/pyrobosim_ros/bin'
[0.815s] Level 1:colcon.colcon_core.environment:checking '/convince_ws/install/pyrobosim_ros/lib/pkgconfig/pyrobosim_ros.pc'
[0.816s] Level 1:colcon.colcon_core.environment:checking '/convince_ws/install/pyrobosim_ros/lib/python3.12/site-packages'
[0.816s] Level 1:colcon.colcon_core.shell:create_environment_hook('pyrobosim_ros', 'pythonpath')
[0.816s] INFO:colcon.colcon_core.shell:Creating environment hook '/convince_ws/install/pyrobosim_ros/share/pyrobosim_ros/hook/pythonpath.ps1'
[0.816s] INFO:colcon.colcon_core.shell:Creating environment descriptor '/convince_ws/install/pyrobosim_ros/share/pyrobosim_ros/hook/pythonpath.dsv'
[0.816s] INFO:colcon.colcon_core.shell:Creating environment hook '/convince_ws/install/pyrobosim_ros/share/pyrobosim_ros/hook/pythonpath.sh'
[0.817s] Level 1:colcon.colcon_core.environment:checking '/convince_ws/install/pyrobosim_ros/bin'
[0.817s] INFO:colcon.colcon_core.shell:Creating package script '/convince_ws/install/pyrobosim_ros/share/pyrobosim_ros/package.ps1'
[0.818s] INFO:colcon.colcon_core.shell:Creating package descriptor '/convince_ws/install/pyrobosim_ros/share/pyrobosim_ros/package.dsv'
[0.818s] INFO:colcon.colcon_core.shell:Creating package script '/convince_ws/install/pyrobosim_ros/share/pyrobosim_ros/package.sh'
[0.818s] INFO:colcon.colcon_core.shell:Creating package script '/convince_ws/install/pyrobosim_ros/share/pyrobosim_ros/package.bash'
[0.819s] INFO:colcon.colcon_core.shell:Creating package script '/convince_ws/install/pyrobosim_ros/share/pyrobosim_ros/package.zsh'
[0.819s] Level 1:colcon.colcon_core.environment:create_file_with_runtime_dependencies(/convince_ws/install/pyrobosim_ros/share/colcon-core/packages/pyrobosim_ros)
[0.819s] Level 1:colcon.colcon_core.environment:create_environment_scripts_only(pyrobosim_ros)
[0.819s] Level 1:colcon.colcon_core.environment:checking '/convince_ws/install/pyrobosim_ros' for CMake module files
[0.820s] Level 1:colcon.colcon_core.environment:checking '/convince_ws/install/pyrobosim_ros' for CMake config files
[0.820s] Level 1:colcon.colcon_core.shell:create_environment_hook('pyrobosim_ros', 'cmake_prefix_path')
[0.820s] INFO:colcon.colcon_core.shell:Creating environment hook '/convince_ws/install/pyrobosim_ros/share/pyrobosim_ros/hook/cmake_prefix_path.ps1'
[0.821s] INFO:colcon.colcon_core.shell:Creating environment descriptor '/convince_ws/install/pyrobosim_ros/share/pyrobosim_ros/hook/cmake_prefix_path.dsv'
[0.821s] INFO:colcon.colcon_core.shell:Creating environment hook '/convince_ws/install/pyrobosim_ros/share/pyrobosim_ros/hook/cmake_prefix_path.sh'
[0.821s] Level 1:colcon.colcon_core.environment:checking '/convince_ws/install/pyrobosim_ros/lib'
[0.821s] Level 1:colcon.colcon_core.environment:checking '/convince_ws/install/pyrobosim_ros/bin'
[0.821s] Level 1:colcon.colcon_core.environment:checking '/convince_ws/install/pyrobosim_ros/lib/pkgconfig/pyrobosim_ros.pc'
[0.822s] Level 1:colcon.colcon_core.environment:checking '/convince_ws/install/pyrobosim_ros/lib/python3.12/site-packages'
[0.822s] Level 1:colcon.colcon_core.shell:create_environment_hook('pyrobosim_ros', 'pythonpath')
[0.822s] INFO:colcon.colcon_core.shell:Creating environment hook '/convince_ws/install/pyrobosim_ros/share/pyrobosim_ros/hook/pythonpath.ps1'
[0.822s] INFO:colcon.colcon_core.shell:Creating environment descriptor '/convince_ws/install/pyrobosim_ros/share/pyrobosim_ros/hook/pythonpath.dsv'
[0.822s] INFO:colcon.colcon_core.shell:Creating environment hook '/convince_ws/install/pyrobosim_ros/share/pyrobosim_ros/hook/pythonpath.sh'
[0.822s] Level 1:colcon.colcon_core.environment:checking '/convince_ws/install/pyrobosim_ros/bin'
[0.822s] INFO:colcon.colcon_core.shell:Creating package script '/convince_ws/install/pyrobosim_ros/share/pyrobosim_ros/package.ps1'
[0.823s] INFO:colcon.colcon_core.shell:Creating package descriptor '/convince_ws/install/pyrobosim_ros/share/pyrobosim_ros/package.dsv'
[0.823s] INFO:colcon.colcon_core.shell:Creating package script '/convince_ws/install/pyrobosim_ros/share/pyrobosim_ros/package.sh'
[0.823s] INFO:colcon.colcon_core.shell:Creating package script '/convince_ws/install/pyrobosim_ros/share/pyrobosim_ros/package.bash'
[0.823s] INFO:colcon.colcon_core.shell:Creating package script '/convince_ws/install/pyrobosim_ros/share/pyrobosim_ros/package.zsh'
[0.824s] Level 1:colcon.colcon_core.environment:create_file_with_runtime_dependencies(/convince_ws/install/pyrobosim_ros/share/colcon-core/packages/pyrobosim_ros)
[0.824s] INFO:colcon.colcon_ros.task.ament_python.build:Building ROS package in '/convince_ws/src/tutorial_sim' with build type 'ament_python'
[0.824s] Level 1:colcon.colcon_core.shell:create_environment_hook('tutorial_sim', 'ament_prefix_path')
[0.824s] INFO:colcon.colcon_core.shell:Creating environment hook '/convince_ws/install/tutorial_sim/share/tutorial_sim/hook/ament_prefix_path.ps1'
[0.824s] INFO:colcon.colcon_core.shell:Creating environment descriptor '/convince_ws/install/tutorial_sim/share/tutorial_sim/hook/ament_prefix_path.dsv'
[0.824s] INFO:colcon.colcon_core.shell:Creating environment hook '/convince_ws/install/tutorial_sim/share/tutorial_sim/hook/ament_prefix_path.sh'
[0.825s] INFO:colcon.colcon_core.shell:Skip shell extension 'powershell' for command environment: Not usable outside of PowerShell
[0.825s] DEBUG:colcon.colcon_core.shell:Skip shell extension 'dsv' for command environment
[0.928s] INFO:colcon.colcon_core.task.python.build:Building Python package in '/convince_ws/src/tutorial_sim'
[0.928s] INFO:colcon.colcon_core.shell:Skip shell extension 'powershell' for command environment: Not usable outside of PowerShell
[0.928s] DEBUG:colcon.colcon_core.shell:Skip shell extension 'dsv' for command environment
[0.930s] Level 1:colcon.colcon_core.shell:create_environment_hook('pyrobosim', 'pythonpath_develop')
[0.930s] INFO:colcon.colcon_core.shell:Creating environment hook '/convince_ws/build/pyrobosim/share/pyrobosim/hook/pythonpath_develop.ps1'
[0.931s] DEBUG:colcon.colcon_core.event_handler.log_command:Invoked command in '/convince_ws/build/pyrobosim' returned '0': PYTHONPATH=/convince_ws/build/pyrobosim/prefix_override:/usr/lib/python3/dist-packages/colcon_core/task/python/colcon_distutils_commands:/convince_ws/install/pyrobosim/lib/python3.12/site-packages:${PYTHONPATH} /usr/bin/python3 -W ignore:setup.py install is deprecated -W ignore:easy_install command is deprecated setup.py develop --editable --build-directory /convince_ws/build/pyrobosim/build --no-deps
[0.931s] INFO:colcon.colcon_core.shell:Creating environment descriptor '/convince_ws/build/pyrobosim/share/pyrobosim/hook/pythonpath_develop.dsv'
[0.931s] INFO:colcon.colcon_core.shell:Creating environment hook '/convince_ws/build/pyrobosim/share/pyrobosim/hook/pythonpath_develop.sh'
[0.931s] Level 1:colcon.colcon_core.environment:checking '/convince_ws/install/pyrobosim' for CMake module files
[0.932s] Level 1:colcon.colcon_core.environment:checking '/convince_ws/install/pyrobosim' for CMake config files
[0.932s] Level 1:colcon.colcon_core.environment:checking '/convince_ws/install/pyrobosim/lib'
[0.932s] Level 1:colcon.colcon_core.environment:checking '/convince_ws/install/pyrobosim/bin'
[0.932s] Level 1:colcon.colcon_core.environment:checking '/convince_ws/install/pyrobosim/lib/pkgconfig/pyrobosim.pc'
[0.932s] Level 1:colcon.colcon_core.environment:checking '/convince_ws/install/pyrobosim/lib/python3.12/site-packages'
[0.932s] Level 1:colcon.colcon_core.shell:create_environment_hook('pyrobosim', 'pythonpath')
[0.932s] INFO:colcon.colcon_core.shell:Creating environment hook '/convince_ws/install/pyrobosim/share/pyrobosim/hook/pythonpath.ps1'
[0.932s] INFO:colcon.colcon_core.shell:Creating environment descriptor '/convince_ws/install/pyrobosim/share/pyrobosim/hook/pythonpath.dsv'
[0.932s] INFO:colcon.colcon_core.shell:Creating environment hook '/convince_ws/install/pyrobosim/share/pyrobosim/hook/pythonpath.sh'
[0.933s] Level 1:colcon.colcon_core.environment:checking '/convince_ws/install/pyrobosim/bin'
[0.933s] Level 1:colcon.colcon_core.environment:create_environment_scripts_only(pyrobosim)
[0.933s] INFO:colcon.colcon_core.shell:Creating package script '/convince_ws/install/pyrobosim/share/pyrobosim/package.ps1'
[0.933s] INFO:colcon.colcon_core.shell:Creating package descriptor '/convince_ws/install/pyrobosim/share/pyrobosim/package.dsv'
[0.933s] INFO:colcon.colcon_core.shell:Creating package script '/convince_ws/install/pyrobosim/share/pyrobosim/package.sh'
[0.933s] INFO:colcon.colcon_core.shell:Creating package script '/convince_ws/install/pyrobosim/share/pyrobosim/package.bash'
[0.933s] INFO:colcon.colcon_core.shell:Creating package script '/convince_ws/install/pyrobosim/share/pyrobosim/package.zsh'
[0.934s] Level 1:colcon.colcon_core.environment:create_file_with_runtime_dependencies(/convince_ws/install/pyrobosim/share/colcon-core/packages/pyrobosim)
[1.169s] DEBUG:colcon.colcon_core.event_handler.log_command:Invoking command in '/convince_ws/build/tutorial_sim': AMENT_PREFIX_PATH=/convince_ws/install/pyrobosim_ros:/convince_ws/install/pyrobosim_msgs:/convince_ws/install/overarching_msgs:${AMENT_PREFIX_PATH} CMAKE_PREFIX_PATH=/convince_ws/install/pyrobosim_ros:/convince_ws/install/pyrobosim_msgs:/convince_ws/install/overarching_msgs LD_LIBRARY_PATH=/convince_ws/install/pyrobosim_msgs/lib:/convince_ws/install/overarching_msgs/lib:${LD_LIBRARY_PATH} PYTHONPATH=/convince_ws/build/tutorial_sim/prefix_override:/usr/lib/python3/dist-packages/colcon_core/task/python/colcon_distutils_commands:/convince_ws/install/tutorial_sim/lib/python3.12/site-packages:/convince_ws/install/pyrobosim_ros/lib/python3.12/site-packages:/convince_ws/install/pyrobosim_msgs/lib/python3.12/site-packages:/convince_ws/install/overarching_msgs/lib/python3.12/site-packages:${PYTHONPATH} /usr/bin/python3 -W ignore:setup.py install is deprecated -W ignore:easy_install command is deprecated setup.py develop --editable --build-directory /convince_ws/build/tutorial_sim/build --no-deps symlink_data
[1.259s] DEBUG:colcon.colcon_core.event_handler.log_command:Invoked command in '/convince_ws/build/bt_nodes' returned '0': AMENT_PREFIX_PATH=/convince_ws/install/bt_interfaces_dummy:${AMENT_PREFIX_PATH} CMAKE_PREFIX_PATH=/convince_ws/install/bt_interfaces_dummy:/opt/ros/jazzy LD_LIBRARY_PATH=/convince_ws/install/bt_interfaces_dummy/lib:${LD_LIBRARY_PATH} PYTHONPATH=/convince_ws/install/bt_interfaces_dummy/lib/python3.12/site-packages:${PYTHONPATH} /usr/bin/cmake /convince_ws/src/bt_nodes -DCMAKE_EXPORT_COMPILE_COMMANDS=ON --no-warn-unused-cli -DAMENT_CMAKE_SYMLINK_INSTALL=1 -DCMAKE_INSTALL_PREFIX=/convince_ws/install/bt_nodes
[1.260s] DEBUG:colcon.colcon_core.event_handler.log_command:Invoking command in '/convince_ws/build/bt_nodes': AMENT_PREFIX_PATH=/convince_ws/install/bt_interfaces_dummy:${AMENT_PREFIX_PATH} CMAKE_PREFIX_PATH=/convince_ws/install/bt_interfaces_dummy:/opt/ros/jazzy LD_LIBRARY_PATH=/convince_ws/install/bt_interfaces_dummy/lib:${LD_LIBRARY_PATH} PYTHONPATH=/convince_ws/install/bt_interfaces_dummy/lib/python3.12/site-packages:${PYTHONPATH} /usr/bin/cmake --build /convince_ws/build/bt_nodes -- -j20 -l20
[1.411s] Level 1:colcon.colcon_core.shell:create_environment_hook('tutorial_sim', 'pythonpath_develop')
[1.411s] INFO:colcon.colcon_core.shell:Creating environment hook '/convince_ws/build/tutorial_sim/share/tutorial_sim/hook/pythonpath_develop.ps1'
[1.412s] DEBUG:colcon.colcon_core.event_handler.log_command:Invoked command in '/convince_ws/build/tutorial_sim' returned '0': AMENT_PREFIX_PATH=/convince_ws/install/pyrobosim_ros:/convince_ws/install/pyrobosim_msgs:/convince_ws/install/overarching_msgs:${AMENT_PREFIX_PATH} CMAKE_PREFIX_PATH=/convince_ws/install/pyrobosim_ros:/convince_ws/install/pyrobosim_msgs:/convince_ws/install/overarching_msgs LD_LIBRARY_PATH=/convince_ws/install/pyrobosim_msgs/lib:/convince_ws/install/overarching_msgs/lib:${LD_LIBRARY_PATH} PYTHONPATH=/convince_ws/build/tutorial_sim/prefix_override:/usr/lib/python3/dist-packages/colcon_core/task/python/colcon_distutils_commands:/convince_ws/install/tutorial_sim/lib/python3.12/site-packages:/convince_ws/install/pyrobosim_ros/lib/python3.12/site-packages:/convince_ws/install/pyrobosim_msgs/lib/python3.12/site-packages:/convince_ws/install/overarching_msgs/lib/python3.12/site-packages:${PYTHONPATH} /usr/bin/python3 -W ignore:setup.py install is deprecated -W ignore:easy_install command is deprecated setup.py develop --editable --build-directory /convince_ws/build/tutorial_sim/build --no-deps symlink_data
[1.412s] INFO:colcon.colcon_core.shell:Creating environment descriptor '/convince_ws/build/tutorial_sim/share/tutorial_sim/hook/pythonpath_develop.dsv'
[1.412s] INFO:colcon.colcon_core.shell:Creating environment hook '/convince_ws/build/tutorial_sim/share/tutorial_sim/hook/pythonpath_develop.sh'
[1.413s] Level 1:colcon.colcon_core.environment:checking '/convince_ws/install/tutorial_sim' for CMake module files
[1.413s] Level 1:colcon.colcon_core.environment:checking '/convince_ws/install/tutorial_sim' for CMake config files
[1.414s] Level 1:colcon.colcon_core.environment:checking '/convince_ws/install/tutorial_sim/lib'
[1.414s] Level 1:colcon.colcon_core.environment:checking '/convince_ws/install/tutorial_sim/bin'
[1.414s] Level 1:colcon.colcon_core.environment:checking '/convince_ws/install/tutorial_sim/lib/pkgconfig/tutorial_sim.pc'
[1.414s] Level 1:colcon.colcon_core.environment:checking '/convince_ws/install/tutorial_sim/lib/python3.12/site-packages'
[1.414s] Level 1:colcon.colcon_core.shell:create_environment_hook('tutorial_sim', 'pythonpath')
[1.414s] INFO:colcon.colcon_core.shell:Creating environment hook '/convince_ws/install/tutorial_sim/share/tutorial_sim/hook/pythonpath.ps1'
[1.415s] INFO:colcon.colcon_core.shell:Creating environment descriptor '/convince_ws/install/tutorial_sim/share/tutorial_sim/hook/pythonpath.dsv'
[1.415s] INFO:colcon.colcon_core.shell:Creating environment hook '/convince_ws/install/tutorial_sim/share/tutorial_sim/hook/pythonpath.sh'
[1.415s] Level 1:colcon.colcon_core.environment:checking '/convince_ws/install/tutorial_sim/bin'
[1.416s] Level 1:colcon.colcon_core.environment:create_environment_scripts_only(tutorial_sim)
[1.416s] INFO:colcon.colcon_core.shell:Creating package script '/convince_ws/install/tutorial_sim/share/tutorial_sim/package.ps1'
[1.416s] INFO:colcon.colcon_core.shell:Creating package descriptor '/convince_ws/install/tutorial_sim/share/tutorial_sim/package.dsv'
[1.417s] INFO:colcon.colcon_core.shell:Creating package script '/convince_ws/install/tutorial_sim/share/tutorial_sim/package.sh'
[1.417s] INFO:colcon.colcon_core.shell:Creating package script '/convince_ws/install/tutorial_sim/share/tutorial_sim/package.bash'
[1.417s] INFO:colcon.colcon_core.shell:Creating package script '/convince_ws/install/tutorial_sim/share/tutorial_sim/package.zsh'
[1.417s] Level 1:colcon.colcon_core.environment:create_file_with_runtime_dependencies(/convince_ws/install/tutorial_sim/share/colcon-core/packages/tutorial_sim)
[1.558s] DEBUG:colcon.colcon_core.event_handler.log_command:Invoked command in '/convince_ws/build/place_object_skill' returned '0': AMENT_PREFIX_PATH=/convince_ws/install/overarching_msgs:/convince_ws/install/bt_interfaces_dummy:${AMENT_PREFIX_PATH} CMAKE_PREFIX_PATH=/convince_ws/install/overarching_msgs:/convince_ws/install/bt_interfaces_dummy:/opt/ros/jazzy LD_LIBRARY_PATH=/convince_ws/install/overarching_msgs/lib:/convince_ws/install/bt_interfaces_dummy/lib:${LD_LIBRARY_PATH} PYTHONPATH=/convince_ws/install/overarching_msgs/lib/python3.12/site-packages:/convince_ws/install/bt_interfaces_dummy/lib/python3.12/site-packages:${PYTHONPATH} /usr/bin/cmake /convince_ws/src/generated_skill/place_object_skill -DCMAKE_EXPORT_COMPILE_COMMANDS=ON --no-warn-unused-cli -DAMENT_CMAKE_SYMLINK_INSTALL=1 -DCMAKE_INSTALL_PREFIX=/convince_ws/install/place_object_skill
[1.559s] DEBUG:colcon.colcon_core.event_handler.log_command:Invoking command in '/convince_ws/build/place_object_skill': AMENT_PREFIX_PATH=/convince_ws/install/overarching_msgs:/convince_ws/install/bt_interfaces_dummy:${AMENT_PREFIX_PATH} CMAKE_PREFIX_PATH=/convince_ws/install/overarching_msgs:/convince_ws/install/bt_interfaces_dummy:/opt/ros/jazzy LD_LIBRARY_PATH=/convince_ws/install/overarching_msgs/lib:/convince_ws/install/bt_interfaces_dummy/lib:${LD_LIBRARY_PATH} PYTHONPATH=/convince_ws/install/overarching_msgs/lib/python3.12/site-packages:/convince_ws/install/bt_interfaces_dummy/lib/python3.12/site-packages:${PYTHONPATH} /usr/bin/cmake --build /convince_ws/build/place_object_skill -- -j20 -l20
[4.223s] DEBUG:colcon.colcon_core.event_handler.log_command:Invoked command in '/convince_ws/build/bt_nodes' returned '0': AMENT_PREFIX_PATH=/convince_ws/install/bt_interfaces_dummy:${AMENT_PREFIX_PATH} CMAKE_PREFIX_PATH=/convince_ws/install/bt_interfaces_dummy:/opt/ros/jazzy LD_LIBRARY_PATH=/convince_ws/install/bt_interfaces_dummy/lib:${LD_LIBRARY_PATH} PYTHONPATH=/convince_ws/install/bt_interfaces_dummy/lib/python3.12/site-packages:${PYTHONPATH} /usr/bin/cmake --build /convince_ws/build/bt_nodes -- -j20 -l20
[4.224s] DEBUG:colcon.colcon_core.event_handler.log_command:Invoking command in '/convince_ws/build/bt_nodes': AMENT_PREFIX_PATH=/convince_ws/install/bt_interfaces_dummy:${AMENT_PREFIX_PATH} CMAKE_PREFIX_PATH=/convince_ws/install/bt_interfaces_dummy:/opt/ros/jazzy LD_LIBRARY_PATH=/convince_ws/install/bt_interfaces_dummy/lib:${LD_LIBRARY_PATH} PYTHONPATH=/convince_ws/install/bt_interfaces_dummy/lib/python3.12/site-packages:${PYTHONPATH} /usr/bin/cmake --install /convince_ws/build/bt_nodes
[4.338s] Level 1:colcon.colcon_core.environment:create_environment_scripts_only(bt_nodes)
[4.338s] Level 1:colcon.colcon_core.environment:checking '/convince_ws/install/bt_nodes' for CMake module files
[4.338s] DEBUG:colcon.colcon_core.event_handler.log_command:Invoked command in '/convince_ws/build/bt_nodes' returned '0': AMENT_PREFIX_PATH=/convince_ws/install/bt_interfaces_dummy:${AMENT_PREFIX_PATH} CMAKE_PREFIX_PATH=/convince_ws/install/bt_interfaces_dummy:/opt/ros/jazzy LD_LIBRARY_PATH=/convince_ws/install/bt_interfaces_dummy/lib:${LD_LIBRARY_PATH} PYTHONPATH=/convince_ws/install/bt_interfaces_dummy/lib/python3.12/site-packages:${PYTHONPATH} /usr/bin/cmake --install /convince_ws/build/bt_nodes
[4.338s] Level 1:colcon.colcon_core.environment:checking '/convince_ws/install/bt_nodes' for CMake config files
[4.338s] Level 1:colcon.colcon_core.shell:create_environment_hook('bt_nodes', 'cmake_prefix_path')
[4.338s] INFO:colcon.colcon_core.shell:Creating environment hook '/convince_ws/install/bt_nodes/share/bt_nodes/hook/cmake_prefix_path.ps1'
[4.339s] INFO:colcon.colcon_core.shell:Creating environment descriptor '/convince_ws/install/bt_nodes/share/bt_nodes/hook/cmake_prefix_path.dsv'
[4.339s] INFO:colcon.colcon_core.shell:Creating environment hook '/convince_ws/install/bt_nodes/share/bt_nodes/hook/cmake_prefix_path.sh'
[4.339s] Level 1:colcon.colcon_core.environment:checking '/convince_ws/install/bt_nodes/lib'
[4.339s] Level 1:colcon.colcon_core.environment:checking '/convince_ws/install/bt_nodes/bin'
[4.339s] Level 1:colcon.colcon_core.environment:checking '/convince_ws/install/bt_nodes/lib/pkgconfig/bt_nodes.pc'
[4.339s] Level 1:colcon.colcon_core.environment:checking '/convince_ws/install/bt_nodes/lib/python3.12/site-packages'
[4.339s] Level 1:colcon.colcon_core.environment:checking '/convince_ws/install/bt_nodes/bin'
[4.340s] INFO:colcon.colcon_core.shell:Creating package script '/convince_ws/install/bt_nodes/share/bt_nodes/package.ps1'
[4.340s] INFO:colcon.colcon_core.shell:Creating package descriptor '/convince_ws/install/bt_nodes/share/bt_nodes/package.dsv'
[4.340s] INFO:colcon.colcon_core.shell:Creating package script '/convince_ws/install/bt_nodes/share/bt_nodes/package.sh'
[4.340s] INFO:colcon.colcon_core.shell:Creating package script '/convince_ws/install/bt_nodes/share/bt_nodes/package.bash'
[4.340s] INFO:colcon.colcon_core.shell:Creating package script '/convince_ws/install/bt_nodes/share/bt_nodes/package.zsh'
[4.340s] Level 1:colcon.colcon_core.environment:create_file_with_runtime_dependencies(/convince_ws/install/bt_nodes/share/colcon-core/packages/bt_nodes)
[4.341s] Level 1:colcon.colcon_core.environment:create_environment_scripts_only(bt_nodes)
[4.341s] Level 1:colcon.colcon_core.environment:checking '/convince_ws/install/bt_nodes' for CMake module files
[4.341s] Level 1:colcon.colcon_core.environment:checking '/convince_ws/install/bt_nodes' for CMake config files
[4.341s] Level 1:colcon.colcon_core.shell:create_environment_hook('bt_nodes', 'cmake_prefix_path')
[4.341s] INFO:colcon.colcon_core.shell:Creating environment hook '/convince_ws/install/bt_nodes/share/bt_nodes/hook/cmake_prefix_path.ps1'
[4.341s] INFO:colcon.colcon_core.shell:Creating environment descriptor '/convince_ws/install/bt_nodes/share/bt_nodes/hook/cmake_prefix_path.dsv'
[4.341s] INFO:colcon.colcon_core.shell:Creating environment hook '/convince_ws/install/bt_nodes/share/bt_nodes/hook/cmake_prefix_path.sh'
[4.342s] Level 1:colcon.colcon_core.environment:checking '/convince_ws/install/bt_nodes/lib'
[4.342s] Level 1:colcon.colcon_core.environment:checking '/convince_ws/install/bt_nodes/bin'
[4.342s] Level 1:colcon.colcon_core.environment:checking '/convince_ws/install/bt_nodes/lib/pkgconfig/bt_nodes.pc'
[4.342s] Level 1:colcon.colcon_core.environment:checking '/convince_ws/install/bt_nodes/lib/python3.12/site-packages'
[4.342s] Level 1:colcon.colcon_core.environment:checking '/convince_ws/install/bt_nodes/bin'
[4.342s] INFO:colcon.colcon_core.shell:Creating package script '/convince_ws/install/bt_nodes/share/bt_nodes/package.ps1'
[4.342s] INFO:colcon.colcon_core.shell:Creating package descriptor '/convince_ws/install/bt_nodes/share/bt_nodes/package.dsv'
[4.342s] INFO:colcon.colcon_core.shell:Creating package script '/convince_ws/install/bt_nodes/share/bt_nodes/package.sh'
[4.343s] INFO:colcon.colcon_core.shell:Creating package script '/convince_ws/install/bt_nodes/share/bt_nodes/package.bash'
[4.343s] INFO:colcon.colcon_core.shell:Creating package script '/convince_ws/install/bt_nodes/share/bt_nodes/package.zsh'
[4.343s] Level 1:colcon.colcon_core.environment:create_file_with_runtime_dependencies(/convince_ws/install/bt_nodes/share/colcon-core/packages/bt_nodes)
[4.343s] INFO:colcon.colcon_ros.task.ament_cmake.build:Building ROS package in '/convince_ws/src/behavior_tree/bt_executor' with build type 'ament_cmake'
[4.343s] INFO:colcon.colcon_cmake.task.cmake.build:Building CMake package in '/convince_ws/src/behavior_tree/bt_executor'
[4.343s] INFO:colcon.colcon_core.shell:Skip shell extension 'powershell' for command environment: Not usable outside of PowerShell
[4.343s] DEBUG:colcon.colcon_core.shell:Skip shell extension 'dsv' for command environment
[4.357s] DEBUG:colcon.colcon_core.event_handler.log_command:Invoking command in '/convince_ws/build/bt_executor': AMENT_PREFIX_PATH=/convince_ws/install/bt_nodes:/convince_ws/install/behaviortree_ros2:/convince_ws/install/pyrobosim_msgs:/convince_ws/install/overarching_msgs:/convince_ws/install/btcpp_ros2_interfaces:/convince_ws/install/bt_interfaces_dummy:${AMENT_PREFIX_PATH} CMAKE_PREFIX_PATH=/convince_ws/install/bt_nodes:/convince_ws/install/behaviortree_ros2:/convince_ws/install/pyrobosim_msgs:/convince_ws/install/overarching_msgs:/convince_ws/install/btcpp_ros2_interfaces:/convince_ws/install/bt_interfaces_dummy:/opt/ros/jazzy LD_LIBRARY_PATH=/convince_ws/install/bt_nodes/lib:/convince_ws/install/behaviortree_ros2/lib:/convince_ws/install/pyrobosim_msgs/lib:/convince_ws/install/overarching_msgs/lib:/convince_ws/install/btcpp_ros2_interfaces/lib:/convince_ws/install/bt_interfaces_dummy/lib:${LD_LIBRARY_PATH} PYTHONPATH=/convince_ws/install/pyrobosim_msgs/lib/python3.12/site-packages:/convince_ws/install/overarching_msgs/lib/python3.12/site-packages:/convince_ws/install/btcpp_ros2_interfaces/lib/python3.12/site-packages:/convince_ws/install/bt_interfaces_dummy/lib/python3.12/site-packages:${PYTHONPATH} /usr/bin/cmake /convince_ws/src/behavior_tree/bt_executor -DCMAKE_EXPORT_COMPILE_COMMANDS=ON --no-warn-unused-cli -DAMENT_CMAKE_SYMLINK_INSTALL=1 -DCMAKE_INSTALL_PREFIX=/convince_ws/install/bt_executor
[4.828s] DEBUG:colcon.colcon_core.event_handler.log_command:Invoked command in '/convince_ws/build/bt_executor' returned '0': AMENT_PREFIX_PATH=/convince_ws/install/bt_nodes:/convince_ws/install/behaviortree_ros2:/convince_ws/install/pyrobosim_msgs:/convince_ws/install/overarching_msgs:/convince_ws/install/btcpp_ros2_interfaces:/convince_ws/install/bt_interfaces_dummy:${AMENT_PREFIX_PATH} CMAKE_PREFIX_PATH=/convince_ws/install/bt_nodes:/convince_ws/install/behaviortree_ros2:/convince_ws/install/pyrobosim_msgs:/convince_ws/install/overarching_msgs:/convince_ws/install/btcpp_ros2_interfaces:/convince_ws/install/bt_interfaces_dummy:/opt/ros/jazzy LD_LIBRARY_PATH=/convince_ws/install/bt_nodes/lib:/convince_ws/install/behaviortree_ros2/lib:/convince_ws/install/pyrobosim_msgs/lib:/convince_ws/install/overarching_msgs/lib:/convince_ws/install/btcpp_ros2_interfaces/lib:/convince_ws/install/bt_interfaces_dummy/lib:${LD_LIBRARY_PATH} PYTHONPATH=/convince_ws/install/pyrobosim_msgs/lib/python3.12/site-packages:/convince_ws/install/overarching_msgs/lib/python3.12/site-packages:/convince_ws/install/btcpp_ros2_interfaces/lib/python3.12/site-packages:/convince_ws/install/bt_interfaces_dummy/lib/python3.12/site-packages:${PYTHONPATH} /usr/bin/cmake /convince_ws/src/behavior_tree/bt_executor -DCMAKE_EXPORT_COMPILE_COMMANDS=ON --no-warn-unused-cli -DAMENT_CMAKE_SYMLINK_INSTALL=1 -DCMAKE_INSTALL_PREFIX=/convince_ws/install/bt_executor
[4.828s] DEBUG:colcon.colcon_core.event_handler.log_command:Invoking command in '/convince_ws/build/bt_executor': AMENT_PREFIX_PATH=/convince_ws/install/bt_nodes:/convince_ws/install/behaviortree_ros2:/convince_ws/install/pyrobosim_msgs:/convince_ws/install/overarching_msgs:/convince_ws/install/btcpp_ros2_interfaces:/convince_ws/install/bt_interfaces_dummy:${AMENT_PREFIX_PATH} CMAKE_PREFIX_PATH=/convince_ws/install/bt_nodes:/convince_ws/install/behaviortree_ros2:/convince_ws/install/pyrobosim_msgs:/convince_ws/install/overarching_msgs:/convince_ws/install/btcpp_ros2_interfaces:/convince_ws/install/bt_interfaces_dummy:/opt/ros/jazzy LD_LIBRARY_PATH=/convince_ws/install/bt_nodes/lib:/convince_ws/install/behaviortree_ros2/lib:/convince_ws/install/pyrobosim_msgs/lib:/convince_ws/install/overarching_msgs/lib:/convince_ws/install/btcpp_ros2_interfaces/lib:/convince_ws/install/bt_interfaces_dummy/lib:${LD_LIBRARY_PATH} PYTHONPATH=/convince_ws/install/pyrobosim_msgs/lib/python3.12/site-packages:/convince_ws/install/overarching_msgs/lib/python3.12/site-packages:/convince_ws/install/btcpp_ros2_interfaces/lib/python3.12/site-packages:/convince_ws/install/bt_interfaces_dummy/lib/python3.12/site-packages:${PYTHONPATH} /usr/bin/cmake --build /convince_ws/build/bt_executor -- -j20 -l20
[5.082s] DEBUG:colcon.colcon_core.event_handler.log_command:Invoked command in '/convince_ws/build/place_object_skill' returned '0': AMENT_PREFIX_PATH=/convince_ws/install/overarching_msgs:/convince_ws/install/bt_interfaces_dummy:${AMENT_PREFIX_PATH} CMAKE_PREFIX_PATH=/convince_ws/install/overarching_msgs:/convince_ws/install/bt_interfaces_dummy:/opt/ros/jazzy LD_LIBRARY_PATH=/convince_ws/install/overarching_msgs/lib:/convince_ws/install/bt_interfaces_dummy/lib:${LD_LIBRARY_PATH} PYTHONPATH=/convince_ws/install/overarching_msgs/lib/python3.12/site-packages:/convince_ws/install/bt_interfaces_dummy/lib/python3.12/site-packages:${PYTHONPATH} /usr/bin/cmake --build /convince_ws/build/place_object_skill -- -j20 -l20
[5.082s] DEBUG:colcon.colcon_core.event_handler.log_command:Invoking command in '/convince_ws/build/place_object_skill': AMENT_PREFIX_PATH=/convince_ws/install/overarching_msgs:/convince_ws/install/bt_interfaces_dummy:${AMENT_PREFIX_PATH} CMAKE_PREFIX_PATH=/convince_ws/install/overarching_msgs:/convince_ws/install/bt_interfaces_dummy:/opt/ros/jazzy LD_LIBRARY_PATH=/convince_ws/install/overarching_msgs/lib:/convince_ws/install/bt_interfaces_dummy/lib:${LD_LIBRARY_PATH} PYTHONPATH=/convince_ws/install/overarching_msgs/lib/python3.12/site-packages:/convince_ws/install/bt_interfaces_dummy/lib/python3.12/site-packages:${PYTHONPATH} /usr/bin/cmake --install /convince_ws/build/place_object_skill
[5.176s] Level 1:colcon.colcon_core.environment:create_environment_scripts_only(place_object_skill)
[5.177s] Level 1:colcon.colcon_core.environment:checking '/convince_ws/install/place_object_skill' for CMake module files
[5.177s] DEBUG:colcon.colcon_core.event_handler.log_command:Invoked command in '/convince_ws/build/place_object_skill' returned '0': AMENT_PREFIX_PATH=/convince_ws/install/overarching_msgs:/convince_ws/install/bt_interfaces_dummy:${AMENT_PREFIX_PATH} CMAKE_PREFIX_PATH=/convince_ws/install/overarching_msgs:/convince_ws/install/bt_interfaces_dummy:/opt/ros/jazzy LD_LIBRARY_PATH=/convince_ws/install/overarching_msgs/lib:/convince_ws/install/bt_interfaces_dummy/lib:${LD_LIBRARY_PATH} PYTHONPATH=/convince_ws/install/overarching_msgs/lib/python3.12/site-packages:/convince_ws/install/bt_interfaces_dummy/lib/python3.12/site-packages:${PYTHONPATH} /usr/bin/cmake --install /convince_ws/build/place_object_skill
[5.177s] Level 1:colcon.colcon_core.environment:checking '/convince_ws/install/place_object_skill' for CMake config files
[5.177s] Level 1:colcon.colcon_core.shell:create_environment_hook('place_object_skill', 'cmake_prefix_path')
[5.177s] INFO:colcon.colcon_core.shell:Creating environment hook '/convince_ws/install/place_object_skill/share/place_object_skill/hook/cmake_prefix_path.ps1'
[5.178s] INFO:colcon.colcon_core.shell:Creating environment descriptor '/convince_ws/install/place_object_skill/share/place_object_skill/hook/cmake_prefix_path.dsv'
[5.178s] INFO:colcon.colcon_core.shell:Creating environment hook '/convince_ws/install/place_object_skill/share/place_object_skill/hook/cmake_prefix_path.sh'
[5.178s] Level 1:colcon.colcon_core.environment:checking '/convince_ws/install/place_object_skill/lib'
[5.178s] Level 1:colcon.colcon_core.environment:checking '/convince_ws/install/place_object_skill/bin'
[5.178s] Level 1:colcon.colcon_core.environment:checking '/convince_ws/install/place_object_skill/lib/pkgconfig/place_object_skill.pc'
[5.178s] Level 1:colcon.colcon_core.environment:checking '/convince_ws/install/place_object_skill/lib/python3.12/site-packages'
[5.178s] Level 1:colcon.colcon_core.environment:checking '/convince_ws/install/place_object_skill/bin'
[5.178s] INFO:colcon.colcon_core.shell:Creating package script '/convince_ws/install/place_object_skill/share/place_object_skill/package.ps1'
[5.179s] INFO:colcon.colcon_core.shell:Creating package descriptor '/convince_ws/install/place_object_skill/share/place_object_skill/package.dsv'
[5.179s] INFO:colcon.colcon_core.shell:Creating package script '/convince_ws/install/place_object_skill/share/place_object_skill/package.sh'
[5.179s] INFO:colcon.colcon_core.shell:Creating package script '/convince_ws/install/place_object_skill/share/place_object_skill/package.bash'
[5.179s] INFO:colcon.colcon_core.shell:Creating package script '/convince_ws/install/place_object_skill/share/place_object_skill/package.zsh'
[5.179s] Level 1:colcon.colcon_core.environment:create_file_with_runtime_dependencies(/convince_ws/install/place_object_skill/share/colcon-core/packages/place_object_skill)
[5.179s] Level 1:colcon.colcon_core.environment:create_environment_scripts_only(place_object_skill)
[5.179s] Level 1:colcon.colcon_core.environment:checking '/convince_ws/install/place_object_skill' for CMake module files
[5.180s] Level 1:colcon.colcon_core.environment:checking '/convince_ws/install/place_object_skill' for CMake config files
[5.180s] Level 1:colcon.colcon_core.shell:create_environment_hook('place_object_skill', 'cmake_prefix_path')
[5.180s] INFO:colcon.colcon_core.shell:Creating environment hook '/convince_ws/install/place_object_skill/share/place_object_skill/hook/cmake_prefix_path.ps1'
[5.180s] INFO:colcon.colcon_core.shell:Creating environment descriptor '/convince_ws/install/place_object_skill/share/place_object_skill/hook/cmake_prefix_path.dsv'
[5.180s] INFO:colcon.colcon_core.shell:Creating environment hook '/convince_ws/install/place_object_skill/share/place_object_skill/hook/cmake_prefix_path.sh'
[5.180s] Level 1:colcon.colcon_core.environment:checking '/convince_ws/install/place_object_skill/lib'
[5.181s] Level 1:colcon.colcon_core.environment:checking '/convince_ws/install/place_object_skill/bin'
[5.181s] Level 1:colcon.colcon_core.environment:checking '/convince_ws/install/place_object_skill/lib/pkgconfig/place_object_skill.pc'
[5.181s] Level 1:colcon.colcon_core.environment:checking '/convince_ws/install/place_object_skill/lib/python3.12/site-packages'
[5.181s] Level 1:colcon.colcon_core.environment:checking '/convince_ws/install/place_object_skill/bin'
[5.181s] INFO:colcon.colcon_core.shell:Creating package script '/convince_ws/install/place_object_skill/share/place_object_skill/package.ps1'
[5.181s] INFO:colcon.colcon_core.shell:Creating package descriptor '/convince_ws/install/place_object_skill/share/place_object_skill/package.dsv'
[5.182s] INFO:colcon.colcon_core.shell:Creating package script '/convince_ws/install/place_object_skill/share/place_object_skill/package.sh'
[5.182s] INFO:colcon.colcon_core.shell:Creating package script '/convince_ws/install/place_object_skill/share/place_object_skill/package.bash'
[5.182s] INFO:colcon.colcon_core.shell:Creating package script '/convince_ws/install/place_object_skill/share/place_object_skill/package.zsh'
[5.182s] Level 1:colcon.colcon_core.environment:create_file_with_runtime_dependencies(/convince_ws/install/place_object_skill/share/colcon-core/packages/place_object_skill)
[11.197s] DEBUG:colcon.colcon_core.event_handler.log_command:Invoked command in '/convince_ws/build/bt_executor' returned '0': AMENT_PREFIX_PATH=/convince_ws/install/bt_nodes:/convince_ws/install/behaviortree_ros2:/convince_ws/install/pyrobosim_msgs:/convince_ws/install/overarching_msgs:/convince_ws/install/btcpp_ros2_interfaces:/convince_ws/install/bt_interfaces_dummy:${AMENT_PREFIX_PATH} CMAKE_PREFIX_PATH=/convince_ws/install/bt_nodes:/convince_ws/install/behaviortree_ros2:/convince_ws/install/pyrobosim_msgs:/convince_ws/install/overarching_msgs:/convince_ws/install/btcpp_ros2_interfaces:/convince_ws/install/bt_interfaces_dummy:/opt/ros/jazzy LD_LIBRARY_PATH=/convince_ws/install/bt_nodes/lib:/convince_ws/install/behaviortree_ros2/lib:/convince_ws/install/pyrobosim_msgs/lib:/convince_ws/install/overarching_msgs/lib:/convince_ws/install/btcpp_ros2_interfaces/lib:/convince_ws/install/bt_interfaces_dummy/lib:${LD_LIBRARY_PATH} PYTHONPATH=/convince_ws/install/pyrobosim_msgs/lib/python3.12/site-packages:/convince_ws/install/overarching_msgs/lib/python3.12/site-packages:/convince_ws/install/btcpp_ros2_interfaces/lib/python3.12/site-packages:/convince_ws/install/bt_interfaces_dummy/lib/python3.12/site-packages:${PYTHONPATH} /usr/bin/cmake --build /convince_ws/build/bt_executor -- -j20 -l20
[11.198s] DEBUG:colcon.colcon_core.event_handler.log_command:Invoking command in '/convince_ws/build/bt_executor': AMENT_PREFIX_PATH=/convince_ws/install/bt_nodes:/convince_ws/install/behaviortree_ros2:/convince_ws/install/pyrobosim_msgs:/convince_ws/install/overarching_msgs:/convince_ws/install/btcpp_ros2_interfaces:/convince_ws/install/bt_interfaces_dummy:${AMENT_PREFIX_PATH} CMAKE_PREFIX_PATH=/convince_ws/install/bt_nodes:/convince_ws/install/behaviortree_ros2:/convince_ws/install/pyrobosim_msgs:/convince_ws/install/overarching_msgs:/convince_ws/install/btcpp_ros2_interfaces:/convince_ws/install/bt_interfaces_dummy:/opt/ros/jazzy LD_LIBRARY_PATH=/convince_ws/install/bt_nodes/lib:/convince_ws/install/behaviortree_ros2/lib:/convince_ws/install/pyrobosim_msgs/lib:/convince_ws/install/overarching_msgs/lib:/convince_ws/install/btcpp_ros2_interfaces/lib:/convince_ws/install/bt_interfaces_dummy/lib:${LD_LIBRARY_PATH} PYTHONPATH=/convince_ws/install/pyrobosim_msgs/lib/python3.12/site-packages:/convince_ws/install/overarching_msgs/lib/python3.12/site-packages:/convince_ws/install/btcpp_ros2_interfaces/lib/python3.12/site-packages:/convince_ws/install/bt_interfaces_dummy/lib/python3.12/site-packages:${PYTHONPATH} /usr/bin/cmake --install /convince_ws/build/bt_executor
[11.378s] Level 1:colcon.colcon_core.environment:create_environment_scripts_only(bt_executor)
[11.378s] Level 1:colcon.colcon_core.environment:checking '/convince_ws/install/bt_executor' for CMake module files
[11.378s] DEBUG:colcon.colcon_core.event_handler.log_command:Invoked command in '/convince_ws/build/bt_executor' returned '0': AMENT_PREFIX_PATH=/convince_ws/install/bt_nodes:/convince_ws/install/behaviortree_ros2:/convince_ws/install/pyrobosim_msgs:/convince_ws/install/overarching_msgs:/convince_ws/install/btcpp_ros2_interfaces:/convince_ws/install/bt_interfaces_dummy:${AMENT_PREFIX_PATH} CMAKE_PREFIX_PATH=/convince_ws/install/bt_nodes:/convince_ws/install/behaviortree_ros2:/convince_ws/install/pyrobosim_msgs:/convince_ws/install/overarching_msgs:/convince_ws/install/btcpp_ros2_interfaces:/convince_ws/install/bt_interfaces_dummy:/opt/ros/jazzy LD_LIBRARY_PATH=/convince_ws/install/bt_nodes/lib:/convince_ws/install/behaviortree_ros2/lib:/convince_ws/install/pyrobosim_msgs/lib:/convince_ws/install/overarching_msgs/lib:/convince_ws/install/btcpp_ros2_interfaces/lib:/convince_ws/install/bt_interfaces_dummy/lib:${LD_LIBRARY_PATH} PYTHONPATH=/convince_ws/install/pyrobosim_msgs/lib/python3.12/site-packages:/convince_ws/install/overarching_msgs/lib/python3.12/site-packages:/convince_ws/install/btcpp_ros2_interfaces/lib/python3.12/site-packages:/convince_ws/install/bt_interfaces_dummy/lib/python3.12/site-packages:${PYTHONPATH} /usr/bin/cmake --install /convince_ws/build/bt_executor
[11.378s] Level 1:colcon.colcon_core.environment:checking '/convince_ws/install/bt_executor' for CMake config files
[11.379s] Level 1:colcon.colcon_core.shell:create_environment_hook('bt_executor', 'cmake_prefix_path')
[11.379s] INFO:colcon.colcon_core.shell:Creating environment hook '/convince_ws/install/bt_executor/share/bt_executor/hook/cmake_prefix_path.ps1'
[11.379s] INFO:colcon.colcon_core.shell:Creating environment descriptor '/convince_ws/install/bt_executor/share/bt_executor/hook/cmake_prefix_path.dsv'
[11.379s] INFO:colcon.colcon_core.shell:Creating environment hook '/convince_ws/install/bt_executor/share/bt_executor/hook/cmake_prefix_path.sh'
[11.379s] Level 1:colcon.colcon_core.environment:checking '/convince_ws/install/bt_executor/lib'
[11.379s] Level 1:colcon.colcon_core.environment:checking '/convince_ws/install/bt_executor/bin'
[11.379s] Level 1:colcon.colcon_core.environment:checking '/convince_ws/install/bt_executor/lib/pkgconfig/bt_executor.pc'
[11.380s] Level 1:colcon.colcon_core.environment:checking '/convince_ws/install/bt_executor/lib/python3.12/site-packages'
[11.380s] Level 1:colcon.colcon_core.environment:checking '/convince_ws/install/bt_executor/bin'
[11.380s] INFO:colcon.colcon_core.shell:Creating package script '/convince_ws/install/bt_executor/share/bt_executor/package.ps1'
[11.380s] INFO:colcon.colcon_core.shell:Creating package descriptor '/convince_ws/install/bt_executor/share/bt_executor/package.dsv'
[11.380s] INFO:colcon.colcon_core.shell:Creating package script '/convince_ws/install/bt_executor/share/bt_executor/package.sh'
[11.380s] INFO:colcon.colcon_core.shell:Creating package script '/convince_ws/install/bt_executor/share/bt_executor/package.bash'
[11.381s] INFO:colcon.colcon_core.shell:Creating package script '/convince_ws/install/bt_executor/share/bt_executor/package.zsh'
[11.381s] Level 1:colcon.colcon_core.environment:create_file_with_runtime_dependencies(/convince_ws/install/bt_executor/share/colcon-core/packages/bt_executor)
[11.381s] Level 1:colcon.colcon_core.environment:create_environment_scripts_only(bt_executor)
[11.381s] Level 1:colcon.colcon_core.environment:checking '/convince_ws/install/bt_executor' for CMake module files
[11.381s] Level 1:colcon.colcon_core.environment:checking '/convince_ws/install/bt_executor' for CMake config files
[11.381s] Level 1:colcon.colcon_core.shell:create_environment_hook('bt_executor', 'cmake_prefix_path')
[11.381s] INFO:colcon.colcon_core.shell:Creating environment hook '/convince_ws/install/bt_executor/share/bt_executor/hook/cmake_prefix_path.ps1'
[11.382s] INFO:colcon.colcon_core.shell:Creating environment descriptor '/convince_ws/install/bt_executor/share/bt_executor/hook/cmake_prefix_path.dsv'
[11.382s] INFO:colcon.colcon_core.shell:Creating environment hook '/convince_ws/install/bt_executor/share/bt_executor/hook/cmake_prefix_path.sh'
[11.382s] Level 1:colcon.colcon_core.environment:checking '/convince_ws/install/bt_executor/lib'
[11.382s] Level 1:colcon.colcon_core.environment:checking '/convince_ws/install/bt_executor/bin'
[11.382s] Level 1:colcon.colcon_core.environment:checking '/convince_ws/install/bt_executor/lib/pkgconfig/bt_executor.pc'
[11.382s] Level 1:colcon.colcon_core.environment:checking '/convince_ws/install/bt_executor/lib/python3.12/site-packages'
[11.382s] Level 1:colcon.colcon_core.environment:checking '/convince_ws/install/bt_executor/bin'
[11.382s] INFO:colcon.colcon_core.shell:Creating package script '/convince_ws/install/bt_executor/share/bt_executor/package.ps1'
[11.390s] INFO:colcon.colcon_core.shell:Creating package descriptor '/convince_ws/install/bt_executor/share/bt_executor/package.dsv'
[11.390s] INFO:colcon.colcon_core.shell:Creating package script '/convince_ws/install/bt_executor/share/bt_executor/package.sh'
[11.390s] INFO:colcon.colcon_core.shell:Creating package script '/convince_ws/install/bt_executor/share/bt_executor/package.bash'
[11.390s] INFO:colcon.colcon_core.shell:Creating package script '/convince_ws/install/bt_executor/share/bt_executor/package.zsh'
[11.390s] Level 1:colcon.colcon_core.environment:create_file_with_runtime_dependencies(/convince_ws/install/bt_executor/share/colcon-core/packages/bt_executor)
[11.390s] DEBUG:colcon.colcon_parallel_executor.executor.parallel:closing loop
[11.390s] DEBUG:colcon.colcon_parallel_executor.executor.parallel:loop closed
[11.390s] DEBUG:colcon.colcon_parallel_executor.executor.parallel:run_until_complete finished with '0'
[11.390s] DEBUG:colcon.colcon_core.event_reactor:joining thread
[11.397s] INFO:colcon.colcon_core.plugin_system:Skipping extension 'colcon_notification.desktop_notification.notify_send': Could not find 'notify-send'
[11.397s] INFO:colcon.colcon_core.plugin_system:Skipping extension 'colcon_notification.desktop_notification.terminal_notifier': Not used on non-Darwin systems
[11.397s] INFO:colcon.colcon_core.plugin_system:Skipping extension 'colcon_notification.desktop_notification.win32': Not used on non-Windows systems
[11.397s] INFO:colcon.colcon_notification.desktop_notification:Sending desktop notification using 'notify2'
[11.403s] DEBUG:colcon.colcon_notification.desktop_notification.notify2:Failed to initialize notify2: org.freedesktop.DBus.Error.ServiceUnknown: The name org.freedesktop.Notifications was not provided by any .service files
[11.403s] DEBUG:colcon.colcon_core.event_reactor:joined thread
[11.404s] INFO:colcon.colcon_core.shell:Creating prefix script '/convince_ws/install/local_setup.ps1'
[11.404s] INFO:colcon.colcon_core.shell:Creating prefix util module '/convince_ws/install/_local_setup_util_ps1.py'
[11.405s] INFO:colcon.colcon_core.shell:Creating prefix chain script '/convince_ws/install/setup.ps1'
[11.405s] INFO:colcon.colcon_core.shell:Creating prefix script '/convince_ws/install/local_setup.sh'
[11.405s] INFO:colcon.colcon_core.shell:Creating prefix util module '/convince_ws/install/_local_setup_util_sh.py'
[11.405s] INFO:colcon.colcon_core.shell:Creating prefix chain script '/convince_ws/install/setup.sh'
[11.406s] INFO:colcon.colcon_core.shell:Creating prefix script '/convince_ws/install/local_setup.bash'
[11.406s] INFO:colcon.colcon_core.shell:Creating prefix chain script '/convince_ws/install/setup.bash'
[11.406s] INFO:colcon.colcon_core.shell:Creating prefix script '/convince_ws/install/local_setup.zsh'
[11.406s] INFO:colcon.colcon_core.shell:Creating prefix chain script '/convince_ws/install/setup.zsh'
