[0.000000] (-) TimerEvent: {}
[0.000095] (behaviortree_cpp_v3) JobQueued: {'identifier': 'behaviortree_cpp_v3', 'dependencies': OrderedDict()}
[0.000133] (bt_interfaces_dummy) JobQueued: {'identifier': 'bt_interfaces_dummy', 'dependencies': OrderedDict()}
[0.000183] (btcpp_ros2_interfaces) JobQueued: {'identifier': 'btcpp_ros2_interfaces', 'dependencies': OrderedDict()}
[0.000252] (overarching_msgs) JobQueued: {'identifier': 'overarching_msgs', 'dependencies': OrderedDict()}
[0.000522] (pyrobosim) JobQueued: {'identifier': 'pyrobosim', 'dependencies': OrderedDict()}
[0.000551] (pyrobosim_msgs) JobQueued: {'identifier': 'pyrobosim_msgs', 'dependencies': OrderedDict()}
[0.000582] (behaviortree_ros2) JobQueued: {'identifier': 'behaviortree_ros2', 'dependencies': OrderedDict({'btcpp_ros2_interfaces': '/convince_ws/install/btcpp_ros2_interfaces'})}
[0.000605] (bt_nodes) JobQueued: {'identifier': 'bt_nodes', 'dependencies': OrderedDict({'bt_interfaces_dummy': '/convince_ws/install/bt_interfaces_dummy'})}
[0.000630] (place_object_skill) JobQueued: {'identifier': 'place_object_skill', 'dependencies': OrderedDict({'bt_interfaces_dummy': '/convince_ws/install/bt_interfaces_dummy', 'overarching_msgs': '/convince_ws/install/overarching_msgs'})}
[0.000668] (pyrobosim_ros) JobQueued: {'identifier': 'pyrobosim_ros', 'dependencies': OrderedDict({'pyrobosim_msgs': '/convince_ws/install/pyrobosim_msgs'})}
[0.000683] (bt_executor) JobQueued: {'identifier': 'bt_executor', 'dependencies': OrderedDict({'bt_interfaces_dummy': '/convince_ws/install/bt_interfaces_dummy', 'btcpp_ros2_interfaces': '/convince_ws/install/btcpp_ros2_interfaces', 'overarching_msgs': '/convince_ws/install/overarching_msgs', 'pyrobosim_msgs': '/convince_ws/install/pyrobosim_msgs', 'behaviortree_ros2': '/convince_ws/install/behaviortree_ros2', 'bt_nodes': '/convince_ws/install/bt_nodes'})}
[0.000707] (btcpp_ros2_samples) JobQueued: {'identifier': 'btcpp_ros2_samples', 'dependencies': OrderedDict({'btcpp_ros2_interfaces': '/convince_ws/install/btcpp_ros2_interfaces', 'behaviortree_ros2': '/convince_ws/install/behaviortree_ros2'})}
[0.000727] (tutorial_sim) JobQueued: {'identifier': 'tutorial_sim', 'dependencies': OrderedDict({'overarching_msgs': '/convince_ws/install/overarching_msgs', 'pyrobosim_msgs': '/convince_ws/install/pyrobosim_msgs', 'pyrobosim_ros': '/convince_ws/install/pyrobosim_ros'})}
[0.000743] (bt_interfaces_dummy) JobStarted: {'identifier': 'bt_interfaces_dummy'}
[0.003500] (btcpp_ros2_interfaces) JobStarted: {'identifier': 'btcpp_ros2_interfaces'}
[0.004714] (overarching_msgs) JobStarted: {'identifier': 'overarching_msgs'}
[0.005877] (pyrobosim_msgs) JobStarted: {'identifier': 'pyrobosim_msgs'}
[0.006872] (behaviortree_cpp_v3) JobStarted: {'identifier': 'behaviortree_cpp_v3'}
[0.008190] (pyrobosim) JobStarted: {'identifier': 'pyrobosim'}
[0.010000] (bt_interfaces_dummy) JobProgress: {'identifier': 'bt_interfaces_dummy', 'progress': 'cmake'}
[0.010287] (bt_interfaces_dummy) JobProgress: {'identifier': 'bt_interfaces_dummy', 'progress': 'build'}
[0.010604] (bt_interfaces_dummy) Command: {'cmd': ['/usr/bin/cmake', '--build', '/convince_ws/build/bt_interfaces_dummy', '--', '-j20', '-l20'], 'cwd': '/convince_ws/build/bt_interfaces_dummy', 'env': OrderedDict({'PYTHONWARNINGS': 'ignore:setup.py install is deprecated,ignore:easy_install command is deprecated', 'HOSTNAME': 'b06978b1e607', 'SHLVL': '1', 'LD_LIBRARY_PATH': '/opt/ros/jazzy/opt/zmqpp_vendor/lib:/opt/ros/jazzy/lib/x86_64-linux-gnu:/opt/ros/jazzy/lib', 'HOME': '/root', 'OLDPWD': '/convince_ws', 'ROS_PYTHON_VERSION': '3', 'ROS_DISTRO': 'jazzy', '_': '/usr/bin/colcon', 'ROS_VERSION': '2', 'TERM': 'xterm', 'QT_X11_NO_MITSHM': '1', 'PATH': '/opt/ros/jazzy/bin:/usr/local/sbin:/usr/local/bin:/usr/sbin:/usr/bin:/sbin:/bin', 'DISPLAY': ':1', 'LANG': 'C.UTF-8', 'AMENT_PREFIX_PATH': '/opt/ros/jazzy', 'ROS_WS': '/convince_ws', 'ROS_AUTOMATIC_DISCOVERY_RANGE': 'SUBNET', 'PWD': '/convince_ws/build/bt_interfaces_dummy', 'LC_ALL': 'C.UTF-8', 'PYTHONPATH': '/opt/ros/jazzy/lib/python3.12/site-packages', 'COLCON': '1', 'CMAKE_PREFIX_PATH': '/opt/ros/jazzy'}), 'shell': False}
[0.011738] (btcpp_ros2_interfaces) JobProgress: {'identifier': 'btcpp_ros2_interfaces', 'progress': 'cmake'}
[0.011890] (btcpp_ros2_interfaces) JobProgress: {'identifier': 'btcpp_ros2_interfaces', 'progress': 'build'}
[0.012091] (btcpp_ros2_interfaces) Command: {'cmd': ['/usr/bin/cmake', '--build', '/convince_ws/build/btcpp_ros2_interfaces', '--', '-j20', '-l20'], 'cwd': '/convince_ws/build/btcpp_ros2_interfaces', 'env': OrderedDict({'PYTHONWARNINGS': 'ignore:setup.py install is deprecated,ignore:easy_install command is deprecated', 'HOSTNAME': 'b06978b1e607', 'SHLVL': '1', 'LD_LIBRARY_PATH': '/opt/ros/jazzy/opt/zmqpp_vendor/lib:/opt/ros/jazzy/lib/x86_64-linux-gnu:/opt/ros/jazzy/lib', 'HOME': '/root', 'OLDPWD': '/convince_ws', 'ROS_PYTHON_VERSION': '3', 'ROS_DISTRO': 'jazzy', '_': '/usr/bin/colcon', 'ROS_VERSION': '2', 'TERM': 'xterm', 'QT_X11_NO_MITSHM': '1', 'PATH': '/opt/ros/jazzy/bin:/usr/local/sbin:/usr/local/bin:/usr/sbin:/usr/bin:/sbin:/bin', 'DISPLAY': ':1', 'LANG': 'C.UTF-8', 'AMENT_PREFIX_PATH': '/opt/ros/jazzy', 'ROS_WS': '/convince_ws', 'ROS_AUTOMATIC_DISCOVERY_RANGE': 'SUBNET', 'PWD': '/convince_ws/build/btcpp_ros2_interfaces', 'LC_ALL': 'C.UTF-8', 'PYTHONPATH': '/opt/ros/jazzy/lib/python3.12/site-packages', 'COLCON': '1', 'CMAKE_PREFIX_PATH': '/opt/ros/jazzy'}), 'shell': False}
[0.012767] (overarching_msgs) JobProgress: {'identifier': 'overarching_msgs', 'progress': 'cmake'}
[0.012785] (overarching_msgs) JobProgress: {'identifier': 'overarching_msgs', 'progress': 'build'}
[0.012966] (overarching_msgs) Command: {'cmd': ['/usr/bin/cmake', '--build', '/convince_ws/build/overarching_msgs', '--', '-j20', '-l20'], 'cwd': '/convince_ws/build/overarching_msgs', 'env': OrderedDict({'PYTHONWARNINGS': 'ignore:setup.py install is deprecated,ignore:easy_install command is deprecated', 'HOSTNAME': 'b06978b1e607', 'SHLVL': '1', 'LD_LIBRARY_PATH': '/opt/ros/jazzy/opt/zmqpp_vendor/lib:/opt/ros/jazzy/lib/x86_64-linux-gnu:/opt/ros/jazzy/lib', 'HOME': '/root', 'OLDPWD': '/convince_ws', 'ROS_PYTHON_VERSION': '3', 'ROS_DISTRO': 'jazzy', '_': '/usr/bin/colcon', 'ROS_VERSION': '2', 'TERM': 'xterm', 'QT_X11_NO_MITSHM': '1', 'PATH': '/opt/ros/jazzy/bin:/usr/local/sbin:/usr/local/bin:/usr/sbin:/usr/bin:/sbin:/bin', 'DISPLAY': ':1', 'LANG': 'C.UTF-8', 'AMENT_PREFIX_PATH': '/opt/ros/jazzy', 'ROS_WS': '/convince_ws', 'ROS_AUTOMATIC_DISCOVERY_RANGE': 'SUBNET', 'PWD': '/convince_ws/build/overarching_msgs', 'LC_ALL': 'C.UTF-8', 'PYTHONPATH': '/opt/ros/jazzy/lib/python3.12/site-packages', 'COLCON': '1', 'CMAKE_PREFIX_PATH': '/opt/ros/jazzy'}), 'shell': False}
[0.013897] (pyrobosim_msgs) JobProgress: {'identifier': 'pyrobosim_msgs', 'progress': 'cmake'}
[0.013919] (pyrobosim_msgs) JobProgress: {'identifier': 'pyrobosim_msgs', 'progress': 'build'}
[0.013938] (pyrobosim_msgs) Command: {'cmd': ['/usr/bin/cmake', '--build', '/convince_ws/build/pyrobosim_msgs', '--', '-j20', '-l20'], 'cwd': '/convince_ws/build/pyrobosim_msgs', 'env': OrderedDict({'PYTHONWARNINGS': 'ignore:setup.py install is deprecated,ignore:easy_install command is deprecated', 'HOSTNAME': 'b06978b1e607', 'SHLVL': '1', 'LD_LIBRARY_PATH': '/opt/ros/jazzy/opt/zmqpp_vendor/lib:/opt/ros/jazzy/lib/x86_64-linux-gnu:/opt/ros/jazzy/lib', 'HOME': '/root', 'OLDPWD': '/convince_ws', 'ROS_PYTHON_VERSION': '3', 'ROS_DISTRO': 'jazzy', '_': '/usr/bin/colcon', 'ROS_VERSION': '2', 'TERM': 'xterm', 'QT_X11_NO_MITSHM': '1', 'PATH': '/opt/ros/jazzy/bin:/usr/local/sbin:/usr/local/bin:/usr/sbin:/usr/bin:/sbin:/bin', 'DISPLAY': ':1', 'LANG': 'C.UTF-8', 'AMENT_PREFIX_PATH': '/opt/ros/jazzy', 'ROS_WS': '/convince_ws', 'ROS_AUTOMATIC_DISCOVERY_RANGE': 'SUBNET', 'PWD': '/convince_ws/build/pyrobosim_msgs', 'LC_ALL': 'C.UTF-8', 'PYTHONPATH': '/opt/ros/jazzy/lib/python3.12/site-packages', 'COLCON': '1', 'CMAKE_PREFIX_PATH': '/opt/ros/jazzy'}), 'shell': False}
[0.014925] (behaviortree_cpp_v3) JobProgress: {'identifier': 'behaviortree_cpp_v3', 'progress': 'cmake'}
[0.014949] (behaviortree_cpp_v3) JobProgress: {'identifier': 'behaviortree_cpp_v3', 'progress': 'build'}
[0.014984] (behaviortree_cpp_v3) Command: {'cmd': ['/usr/bin/cmake', '--build', '/convince_ws/build/behaviortree_cpp_v3', '--', '-j20', '-l20'], 'cwd': '/convince_ws/build/behaviortree_cpp_v3', 'env': OrderedDict({'PYTHONWARNINGS': 'ignore:setup.py install is deprecated,ignore:easy_install command is deprecated', 'HOSTNAME': 'b06978b1e607', 'SHLVL': '1', 'LD_LIBRARY_PATH': '/opt/ros/jazzy/opt/zmqpp_vendor/lib:/opt/ros/jazzy/lib/x86_64-linux-gnu:/opt/ros/jazzy/lib', 'HOME': '/root', 'OLDPWD': '/convince_ws', 'ROS_PYTHON_VERSION': '3', 'ROS_DISTRO': 'jazzy', '_': '/usr/bin/colcon', 'ROS_VERSION': '2', 'TERM': 'xterm', 'QT_X11_NO_MITSHM': '1', 'PATH': '/opt/ros/jazzy/bin:/usr/local/sbin:/usr/local/bin:/usr/sbin:/usr/bin:/sbin:/bin', 'DISPLAY': ':1', 'LANG': 'C.UTF-8', 'AMENT_PREFIX_PATH': '/opt/ros/jazzy', 'ROS_WS': '/convince_ws', 'ROS_AUTOMATIC_DISCOVERY_RANGE': 'SUBNET', 'PWD': '/convince_ws/build/behaviortree_cpp_v3', 'LC_ALL': 'C.UTF-8', 'PYTHONPATH': '/opt/ros/jazzy/lib/python3.12/site-packages', 'COLCON': '1', 'CMAKE_PREFIX_PATH': '/opt/ros/jazzy'}), 'shell': False}
[0.040997] (btcpp_ros2_interfaces) StdoutLine: {'line': b'[  1%] Built target btcpp_ros2_interfaces__rosidl_generator_type_description\n'}
[0.045556] (behaviortree_cpp_v3) StdoutLine: {'line': b'[  2%] Built target gtest_main\n'}
[0.045861] (overarching_msgs) StdoutLine: {'line': b'[  1%] Built target overarching_msgs__rosidl_generator_type_description\n'}
[0.045994] (btcpp_ros2_interfaces) StdoutLine: {'line': b'[  1%] Built target ament_cmake_python_symlink_btcpp_ros2_interfaces\n'}
[0.048460] (behaviortree_cpp_v3) StdoutLine: {'line': b'[  4%] Built target gtest\n'}
[0.049651] (overarching_msgs) StdoutLine: {'line': b'[  1%] Built target ament_cmake_python_symlink_overarching_msgs\n'}
[0.050570] (pyrobosim_msgs) StdoutLine: {'line': b'[  0%] Built target pyrobosim_msgs__rosidl_generator_type_description\n'}
[0.050853] (bt_interfaces_dummy) StdoutLine: {'line': b'[  1%] Built target bt_interfaces_dummy__rosidl_generator_type_description\n'}
[0.051720] (behaviortree_cpp_v3) StdoutLine: {'line': b'[ 38%] Built target behaviortree_cpp_v3\n'}
[0.052528] (btcpp_ros2_interfaces) StdoutLine: {'line': b'[  3%] Built target btcpp_ros2_interfaces__cpp\n'}
[0.059353] (btcpp_ros2_interfaces) StdoutLine: {'line': b'[ 25%] Built target btcpp_ros2_interfaces__rosidl_generator_c\n'}
[0.059504] (bt_interfaces_dummy) StdoutLine: {'line': b'[  1%] Built target ament_cmake_python_symlink_bt_interfaces_dummy\n'}
[0.059601] (pyrobosim_msgs) StdoutLine: {'line': b'[  0%] Built target ament_cmake_python_symlink_pyrobosim_msgs\n'}
[0.065146] (overarching_msgs) StdoutLine: {'line': b'[  2%] Built target overarching_msgs__cpp\n'}
[0.065301] (bt_interfaces_dummy) StdoutLine: {'line': b'[  2%] Built target bt_interfaces_dummy__cpp\n'}
[0.065389] (behaviortree_cpp_v3) StdoutLine: {'line': b'[ 40%] Built target movebase_node_dyn\n'}
[0.065740] (overarching_msgs) StdoutLine: {'line': b'[ 25%] Built target overarching_msgs__rosidl_generator_c\n'}
[0.069586] (bt_interfaces_dummy) StdoutLine: {'line': b'[ 26%] Built target bt_interfaces_dummy__rosidl_generator_c\n'}
[0.073450] (pyrobosim_msgs) StdoutLine: {'line': b'[  0%] Built target pyrobosim_msgs__cpp\n'}
[0.073652] (behaviortree_cpp_v3) StdoutLine: {'line': b'[ 44%] Built target bt_sample_nodes\n'}
[0.073746] (behaviortree_cpp_v3) StdoutLine: {'line': b'[ 46%] Built target bt3_plugin_manifest\n'}
[0.073828] (behaviortree_cpp_v3) StdoutLine: {'line': b'[ 48%] Built target crossdoor_nodes_dyn\n'}
[0.076920] (behaviortree_cpp_v3) StdoutLine: {'line': b'[ 50%] Built target dummy_nodes_dyn\n'}
[0.080039] (behaviortree_cpp_v3) StdoutLine: {'line': b'[ 52%] Built target bt3_log_cat\n'}
[0.082783] (behaviortree_cpp_v3) StdoutLine: {'line': b'[ 54%] Built target bt3_recorder\n'}
[0.085109] (btcpp_ros2_interfaces) StdoutLine: {'line': b'[ 34%] Built target btcpp_ros2_interfaces__rosidl_typesupport_fastrtps_cpp\n'}
[0.085335] (btcpp_ros2_interfaces) StdoutLine: {'line': b'[ 43%] Built target btcpp_ros2_interfaces__rosidl_typesupport_cpp\n'}
[0.085800] (pyrobosim_msgs) StdoutLine: {'line': b'[ 28%] Built target pyrobosim_msgs__rosidl_generator_c\n'}
[0.086327] (behaviortree_cpp_v3) StdoutLine: {'line': b'[ 56%] Built target t01_first_tree_dynamic\n'}
[0.087754] (btcpp_ros2_interfaces) StdoutLine: {'line': b'[ 53%] Built target btcpp_ros2_interfaces__rosidl_typesupport_introspection_cpp\n'}
[0.087902] (overarching_msgs) StdoutLine: {'line': b'[ 35%] Built target overarching_msgs__rosidl_typesupport_cpp\n'}
[0.089362] (overarching_msgs) StdoutLine: {'line': b'[ 44%] Built target overarching_msgs__rosidl_typesupport_introspection_c\n'}
[0.091420] (btcpp_ros2_interfaces) StdoutLine: {'line': b'[ 62%] Built target btcpp_ros2_interfaces__rosidl_typesupport_introspection_c\n'}
[0.097180] (overarching_msgs) StdoutLine: {'line': b'[ 54%] Built target overarching_msgs__rosidl_typesupport_c\n'}
[0.097392] (overarching_msgs) StdoutLine: {'line': b'[ 63%] Built target overarching_msgs__rosidl_typesupport_fastrtps_cpp\n'}
[0.098061] (btcpp_ros2_interfaces) StdoutLine: {'line': b'[ 71%] Built target btcpp_ros2_interfaces__rosidl_typesupport_fastrtps_c\n'}
[0.099915] (-) TimerEvent: {}
[0.100681] (overarching_msgs) StdoutLine: {'line': b'[ 72%] Built target overarching_msgs__rosidl_typesupport_fastrtps_c\n'}
[0.102001] (bt_interfaces_dummy) StdoutLine: {'line': b'[ 35%] Built target bt_interfaces_dummy__rosidl_typesupport_cpp\n'}
[0.102696] (btcpp_ros2_interfaces) StdoutLine: {'line': b'[ 81%] Built target btcpp_ros2_interfaces__rosidl_typesupport_c\n'}
[0.102849] (bt_interfaces_dummy) StdoutLine: {'line': b'[ 45%] Built target bt_interfaces_dummy__rosidl_typesupport_c\n'}
[0.106063] (bt_interfaces_dummy) StdoutLine: {'line': b'[ 54%] Built target bt_interfaces_dummy__rosidl_typesupport_fastrtps_c\n'}
[0.106206] (bt_interfaces_dummy) StdoutLine: {'line': b'[ 64%] Built target bt_interfaces_dummy__rosidl_typesupport_fastrtps_cpp\n'}
[0.106297] (behaviortree_cpp_v3) StdoutLine: {'line': b'[ 58%] Built target t01_first_tree_static\n'}
[0.108726] (bt_interfaces_dummy) StdoutLine: {'line': b'[ 73%] Built target bt_interfaces_dummy__rosidl_typesupport_introspection_c\n'}
[0.109242] (bt_interfaces_dummy) StdoutLine: {'line': b'[ 83%] Built target bt_interfaces_dummy__rosidl_typesupport_introspection_cpp\n'}
[0.109419] (overarching_msgs) StdoutLine: {'line': b'[ 82%] Built target overarching_msgs__rosidl_typesupport_introspection_cpp\n'}
[0.110345] (behaviortree_cpp_v3) StdoutLine: {'line': b'[ 60%] Built target t03_generic_ports\n'}
[0.112080] (behaviortree_cpp_v3) StdoutLine: {'line': b'[ 62%] Built target t04_reactive_sequence\n'}
[0.112247] (behaviortree_cpp_v3) StdoutLine: {'line': b'[ 81%] Built target behaviortree_cpp_v3_test\n'}
[0.112683] (behaviortree_cpp_v3) StdoutLine: {'line': b'[ 83%] Built target t05_crossdoor\n'}
[0.114356] (behaviortree_cpp_v3) StdoutLine: {'line': b'[ 87%] Built target t02_basic_ports\n'}
[0.114522] (behaviortree_cpp_v3) StdoutLine: {'line': b'[ 87%] Built target t06_subtree_port_remapping\n'}
[0.115340] (behaviortree_cpp_v3) StdoutLine: {'line': b'[ 89%] Built target t08_additional_node_args\n'}
[0.117422] (behaviortree_cpp_v3) StdoutLine: {'line': b'[ 91%] Built target t07_load_multiple_xml\n'}
[0.119608] (behaviortree_cpp_v3) StdoutLine: {'line': b'[ 93%] Built target ex01_wrap_legacy\n'}
[0.120690] (btcpp_ros2_interfaces) StdoutLine: {'line': b'[ 81%] Built target btcpp_ros2_interfaces\n'}
[0.121610] (pyrobosim_msgs) StdoutLine: {'line': b'[ 38%] Built target pyrobosim_msgs__rosidl_typesupport_cpp\n'}
[0.121734] (pyrobosim_msgs) StdoutLine: {'line': b'[ 52%] Built target pyrobosim_msgs__rosidl_typesupport_fastrtps_c\n'}
[0.122431] (pyrobosim_msgs) StdoutLine: {'line': b'[ 57%] Built target pyrobosim_msgs__rosidl_typesupport_introspection_c\n'}
[0.123340] (overarching_msgs) StdoutLine: {'line': b'[ 82%] Built target overarching_msgs\n'}
[0.123484] (pyrobosim_msgs) StdoutLine: {'line': b'[ 67%] Built target pyrobosim_msgs__rosidl_typesupport_c\n'}
[0.125539] (behaviortree_cpp_v3) StdoutLine: {'line': b'[ 95%] Built target ex02_runtime_ports\n'}
[0.125977] (bt_interfaces_dummy) StdoutLine: {'line': b'[ 83%] Built target bt_interfaces_dummy\n'}
[0.127290] (behaviortree_cpp_v3) StdoutLine: {'line': b'[ 97%] Built target ex04_waypoints\n'}
[0.128830] (pyrobosim_msgs) StdoutLine: {'line': b'[ 78%] Built target pyrobosim_msgs__rosidl_typesupport_introspection_cpp\n'}
[0.129091] (pyrobosim_msgs) StdoutLine: {'line': b'[ 87%] Built target pyrobosim_msgs__rosidl_typesupport_fastrtps_cpp\n'}
[0.129367] (behaviortree_cpp_v3) StdoutLine: {'line': b'[100%] Built target ex03_ncurses_manual_selector\n'}
[0.132122] (btcpp_ros2_interfaces) StdoutLine: {'line': b'[ 82%] Built target btcpp_ros2_interfaces__py\n'}
[0.137176] (overarching_msgs) StdoutLine: {'line': b'[ 83%] Built target overarching_msgs__py\n'}
[0.138760] (bt_interfaces_dummy) StdoutLine: {'line': b'[ 84%] Built target bt_interfaces_dummy__py\n'}
[0.139206] (pyrobosim_msgs) StdoutLine: {'line': b'[ 87%] Built target pyrobosim_msgs\n'}
[0.144383] (btcpp_ros2_interfaces) StdoutLine: {'line': b'[ 90%] Built target btcpp_ros2_interfaces__rosidl_generator_py\n'}
[0.151885] (bt_interfaces_dummy) StdoutLine: {'line': b'[ 92%] Built target bt_interfaces_dummy__rosidl_generator_py\n'}
[0.152259] (pyrobosim_msgs) StdoutLine: {'line': b'[ 87%] Built target pyrobosim_msgs__py\n'}
[0.152815] (overarching_msgs) StdoutLine: {'line': b'[ 91%] Built target overarching_msgs__rosidl_generator_py\n'}
[0.157516] (btcpp_ros2_interfaces) StdoutLine: {'line': b'[ 93%] Built target btcpp_ros2_interfaces_s__rosidl_typesupport_c\n'}
[0.158438] (btcpp_ros2_interfaces) StdoutLine: {'line': b'[ 96%] Built target btcpp_ros2_interfaces_s__rosidl_typesupport_introspection_c\n'}
[0.159240] (btcpp_ros2_interfaces) StdoutLine: {'line': b'[100%] Built target btcpp_ros2_interfaces_s__rosidl_typesupport_fastrtps_c\n'}
[0.162020] (behaviortree_cpp_v3) CommandEnded: {'returncode': 0}
[0.162526] (behaviortree_cpp_v3) JobProgress: {'identifier': 'behaviortree_cpp_v3', 'progress': 'install'}
[0.164237] (bt_interfaces_dummy) StdoutLine: {'line': b'[ 95%] Built target bt_interfaces_dummy_s__rosidl_typesupport_fastrtps_c\n'}
[0.165753] (bt_interfaces_dummy) StdoutLine: {'line': b'[ 97%] Built target bt_interfaces_dummy_s__rosidl_typesupport_introspection_c\n'}
[0.165898] (overarching_msgs) StdoutLine: {'line': b'[ 94%] Built target overarching_msgs_s__rosidl_typesupport_c\n'}
[0.166911] (bt_interfaces_dummy) StdoutLine: {'line': b'[100%] Built target bt_interfaces_dummy_s__rosidl_typesupport_c\n'}
[0.167422] (behaviortree_cpp_v3) Command: {'cmd': ['/usr/bin/cmake', '--install', '/convince_ws/build/behaviortree_cpp_v3'], 'cwd': '/convince_ws/build/behaviortree_cpp_v3', 'env': OrderedDict({'PYTHONWARNINGS': 'ignore:setup.py install is deprecated,ignore:easy_install command is deprecated', 'HOSTNAME': 'b06978b1e607', 'SHLVL': '1', 'LD_LIBRARY_PATH': '/opt/ros/jazzy/opt/zmqpp_vendor/lib:/opt/ros/jazzy/lib/x86_64-linux-gnu:/opt/ros/jazzy/lib', 'HOME': '/root', 'OLDPWD': '/convince_ws', 'ROS_PYTHON_VERSION': '3', 'ROS_DISTRO': 'jazzy', '_': '/usr/bin/colcon', 'ROS_VERSION': '2', 'TERM': 'xterm', 'QT_X11_NO_MITSHM': '1', 'PATH': '/opt/ros/jazzy/bin:/usr/local/sbin:/usr/local/bin:/usr/sbin:/usr/bin:/sbin:/bin', 'DISPLAY': ':1', 'LANG': 'C.UTF-8', 'AMENT_PREFIX_PATH': '/opt/ros/jazzy', 'ROS_WS': '/convince_ws', 'ROS_AUTOMATIC_DISCOVERY_RANGE': 'SUBNET', 'PWD': '/convince_ws/build/behaviortree_cpp_v3', 'LC_ALL': 'C.UTF-8', 'PYTHONPATH': '/opt/ros/jazzy/lib/python3.12/site-packages', 'COLCON': '1', 'CMAKE_PREFIX_PATH': '/opt/ros/jazzy'}), 'shell': False}
[0.168514] (overarching_msgs) StdoutLine: {'line': b'[ 97%] Built target overarching_msgs_s__rosidl_typesupport_introspection_c\n'}
[0.169538] (overarching_msgs) StdoutLine: {'line': b'[100%] Built target overarching_msgs_s__rosidl_typesupport_fastrtps_c\n'}
[0.171131] (behaviortree_cpp_v3) StdoutLine: {'line': b'-- Install configuration: ""\n'}
[0.171407] (behaviortree_cpp_v3) StdoutLine: {'line': b'-- Execute custom install script\n'}
[0.171525] (behaviortree_cpp_v3) StdoutLine: {'line': b'-- Up-to-date symlink: /convince_ws/install/behaviortree_cpp_v3/share/behaviortree_cpp_v3/environment/library_path.sh\n'}
[0.171601] (behaviortree_cpp_v3) StdoutLine: {'line': b'-- Up-to-date symlink: /convince_ws/install/behaviortree_cpp_v3/share/behaviortree_cpp_v3/environment/library_path.dsv\n'}
[0.171679] (behaviortree_cpp_v3) StdoutLine: {'line': b'-- Up-to-date symlink: /convince_ws/install/behaviortree_cpp_v3/share/ament_index/resource_index/package_run_dependencies/behaviortree_cpp_v3\n'}
[0.171746] (behaviortree_cpp_v3) StdoutLine: {'line': b'-- Up-to-date symlink: /convince_ws/install/behaviortree_cpp_v3/share/ament_index/resource_index/parent_prefix_path/behaviortree_cpp_v3\n'}
[0.171818] (behaviortree_cpp_v3) StdoutLine: {'line': b'-- Up-to-date symlink: /convince_ws/install/behaviortree_cpp_v3/share/behaviortree_cpp_v3/environment/ament_prefix_path.sh\n'}
[0.171877] (behaviortree_cpp_v3) StdoutLine: {'line': b'-- Up-to-date symlink: /convince_ws/install/behaviortree_cpp_v3/share/behaviortree_cpp_v3/environment/ament_prefix_path.dsv\n'}
[0.171947] (behaviortree_cpp_v3) StdoutLine: {'line': b'-- Up-to-date symlink: /convince_ws/install/behaviortree_cpp_v3/share/behaviortree_cpp_v3/environment/path.sh\n'}
[0.172003] (behaviortree_cpp_v3) StdoutLine: {'line': b'-- Up-to-date symlink: /convince_ws/install/behaviortree_cpp_v3/share/behaviortree_cpp_v3/environment/path.dsv\n'}
[0.172068] (behaviortree_cpp_v3) StdoutLine: {'line': b'-- Up-to-date symlink: /convince_ws/install/behaviortree_cpp_v3/share/behaviortree_cpp_v3/local_setup.bash\n'}
[0.172125] (behaviortree_cpp_v3) StdoutLine: {'line': b'-- Up-to-date symlink: /convince_ws/install/behaviortree_cpp_v3/share/behaviortree_cpp_v3/local_setup.sh\n'}
[0.172181] (behaviortree_cpp_v3) StdoutLine: {'line': b'-- Up-to-date symlink: /convince_ws/install/behaviortree_cpp_v3/share/behaviortree_cpp_v3/local_setup.zsh\n'}
[0.172235] (behaviortree_cpp_v3) StdoutLine: {'line': b'-- Up-to-date symlink: /convince_ws/install/behaviortree_cpp_v3/share/behaviortree_cpp_v3/local_setup.dsv\n'}
[0.172286] (behaviortree_cpp_v3) StdoutLine: {'line': b'-- Symlinking: /convince_ws/install/behaviortree_cpp_v3/share/behaviortree_cpp_v3/package.dsv\n'}
[0.175987] (pyrobosim_msgs) StdoutLine: {'line': b'[ 97%] Built target pyrobosim_msgs__rosidl_generator_py\n'}
[0.178839] (behaviortree_cpp_v3) StdoutLine: {'line': b'-- Up-to-date symlink: /convince_ws/install/behaviortree_cpp_v3/share/ament_index/resource_index/packages/behaviortree_cpp_v3\n'}
[0.178941] (behaviortree_cpp_v3) StdoutLine: {'line': b'-- Up-to-date symlink: /convince_ws/install/behaviortree_cpp_v3/share/behaviortree_cpp_v3/cmake/ament_cmake_export_dependencies-extras.cmake\n'}
[0.178998] (behaviortree_cpp_v3) StdoutLine: {'line': b'-- Up-to-date symlink: /convince_ws/install/behaviortree_cpp_v3/share/behaviortree_cpp_v3/cmake/ament_cmake_export_include_directories-extras.cmake\n'}
[0.179047] (behaviortree_cpp_v3) StdoutLine: {'line': b'-- Up-to-date symlink: /convince_ws/install/behaviortree_cpp_v3/share/behaviortree_cpp_v3/cmake/ament_cmake_export_libraries-extras.cmake\n'}
[0.179089] (behaviortree_cpp_v3) StdoutLine: {'line': b'-- Up-to-date symlink: /convince_ws/install/behaviortree_cpp_v3/share/behaviortree_cpp_v3/cmake/ament_cmake_export_targets-extras.cmake\n'}
[0.179150] (behaviortree_cpp_v3) StdoutLine: {'line': b'-- Up-to-date symlink: /convince_ws/install/behaviortree_cpp_v3/share/behaviortree_cpp_v3/cmake/behaviortree_cpp_v3Config.cmake\n'}
[0.179191] (behaviortree_cpp_v3) StdoutLine: {'line': b'-- Up-to-date symlink: /convince_ws/install/behaviortree_cpp_v3/share/behaviortree_cpp_v3/cmake/behaviortree_cpp_v3Config-version.cmake\n'}
[0.179251] (behaviortree_cpp_v3) StdoutLine: {'line': b'-- Up-to-date symlink: /convince_ws/install/behaviortree_cpp_v3/share/behaviortree_cpp_v3/package.xml\n'}
[0.179311] (behaviortree_cpp_v3) StdoutLine: {'line': b'-- Up-to-date symlink: /convince_ws/install/behaviortree_cpp_v3/lib/cmake/behaviortree_cpp_v3/behaviortree_cpp_v3Config.cmake\n'}
[0.179444] (behaviortree_cpp_v3) StdoutLine: {'line': b'-- Up-to-date symlink: /convince_ws/install/behaviortree_cpp_v3/bin/bt3_log_cat\n'}
[0.179550] (behaviortree_cpp_v3) StdoutLine: {'line': b'-- Up-to-date symlink: /convince_ws/install/behaviortree_cpp_v3/bin/bt3_recorder\n'}
[0.179655] (behaviortree_cpp_v3) StdoutLine: {'line': b'-- Up-to-date symlink: /convince_ws/install/behaviortree_cpp_v3/bin/bt3_plugin_manifest\n'}
[0.179744] (behaviortree_cpp_v3) StdoutLine: {'line': b'-- Up-to-date: /convince_ws/install/behaviortree_cpp_v3/share/behaviortree_cpp_v3/cmake/behaviortree_cpp_v3TargetsExport.cmake\n'}
[0.179782] (behaviortree_cpp_v3) StdoutLine: {'line': b'-- Up-to-date: /convince_ws/install/behaviortree_cpp_v3/share/behaviortree_cpp_v3/cmake/behaviortree_cpp_v3TargetsExport-noconfig.cmake\n'}
[0.179822] (behaviortree_cpp_v3) StdoutLine: {'line': b'-- Up-to-date: /convince_ws/install/behaviortree_cpp_v3/include\n'}
[0.179873] (behaviortree_cpp_v3) StdoutLine: {'line': b'-- Up-to-date: /convince_ws/install/behaviortree_cpp_v3/include/behaviortree_cpp_v3\n'}
[0.179908] (behaviortree_cpp_v3) StdoutLine: {'line': b'-- Up-to-date: /convince_ws/install/behaviortree_cpp_v3/include/behaviortree_cpp_v3/actions\n'}
[0.179936] (behaviortree_cpp_v3) StdoutLine: {'line': b'-- Up-to-date: /convince_ws/install/behaviortree_cpp_v3/include/behaviortree_cpp_v3/actions/always_failure_node.h\n'}
[0.179964] (behaviortree_cpp_v3) StdoutLine: {'line': b'-- Up-to-date: /convince_ws/install/behaviortree_cpp_v3/include/behaviortree_cpp_v3/actions/pop_from_queue.hpp\n'}
[0.180001] (behaviortree_cpp_v3) StdoutLine: {'line': b'-- Up-to-date: /convince_ws/install/behaviortree_cpp_v3/include/behaviortree_cpp_v3/actions/always_success_node.h\n'}
[0.180060] (behaviortree_cpp_v3) StdoutLine: {'line': b'-- Up-to-date: /convince_ws/install/behaviortree_cpp_v3/include/behaviortree_cpp_v3/actions/set_blackboard_node.h\n'}
[0.180091] (behaviortree_cpp_v3) StdoutLine: {'line': b'-- Up-to-date: /convince_ws/install/behaviortree_cpp_v3/include/behaviortree_cpp_v3/action_node.h\n'}
[0.180120] (behaviortree_cpp_v3) StdoutLine: {'line': b'-- Up-to-date: /convince_ws/install/behaviortree_cpp_v3/include/behaviortree_cpp_v3/controls\n'}
[0.180150] (behaviortree_cpp_v3) StdoutLine: {'line': b'-- Up-to-date: /convince_ws/install/behaviortree_cpp_v3/include/behaviortree_cpp_v3/controls/parallel_node.h\n'}
[0.180178] (behaviortree_cpp_v3) StdoutLine: {'line': b'-- Up-to-date: /convince_ws/install/behaviortree_cpp_v3/include/behaviortree_cpp_v3/controls/reactive_fallback.h\n'}
[0.180206] (behaviortree_cpp_v3) StdoutLine: {'line': b'-- Up-to-date: /convince_ws/install/behaviortree_cpp_v3/include/behaviortree_cpp_v3/controls/sequence_star_node.h\n'}
[0.180235] (behaviortree_cpp_v3) StdoutLine: {'line': b'-- Up-to-date: /convince_ws/install/behaviortree_cpp_v3/include/behaviortree_cpp_v3/controls/if_then_else_node.h\n'}
[0.180263] (behaviortree_cpp_v3) StdoutLine: {'line': b'-- Up-to-date: /convince_ws/install/behaviortree_cpp_v3/include/behaviortree_cpp_v3/controls/reactive_sequence.h\n'}
[0.180308] (behaviortree_cpp_v3) StdoutLine: {'line': b'-- Up-to-date: /convince_ws/install/behaviortree_cpp_v3/include/behaviortree_cpp_v3/controls/sequence_node.h\n'}
[0.180338] (behaviortree_cpp_v3) StdoutLine: {'line': b'-- Up-to-date: /convince_ws/install/behaviortree_cpp_v3/include/behaviortree_cpp_v3/controls/while_do_else_node.h\n'}
[0.180367] (behaviortree_cpp_v3) StdoutLine: {'line': b'-- Up-to-date: /convince_ws/install/behaviortree_cpp_v3/include/behaviortree_cpp_v3/controls/switch_node.h\n'}
[0.180396] (behaviortree_cpp_v3) StdoutLine: {'line': b'-- Up-to-date: /convince_ws/install/behaviortree_cpp_v3/include/behaviortree_cpp_v3/controls/fallback_node.h\n'}
[0.180425] (behaviortree_cpp_v3) StdoutLine: {'line': b'-- Up-to-date: /convince_ws/install/behaviortree_cpp_v3/include/behaviortree_cpp_v3/controls/manual_node.h\n'}
[0.180493] (behaviortree_cpp_v3) StdoutLine: {'line': b'-- Up-to-date: /convince_ws/install/behaviortree_cpp_v3/include/behaviortree_cpp_v3/basic_types.h\n'}
[0.180524] (behaviortree_cpp_v3) StdoutLine: {'line': b'-- Up-to-date: /convince_ws/install/behaviortree_cpp_v3/include/behaviortree_cpp_v3/control_node.h\n'}
[0.180580] (behaviortree_cpp_v3) StdoutLine: {'line': b'-- Up-to-date: /convince_ws/install/behaviortree_cpp_v3/include/behaviortree_cpp_v3/leaf_node.h\n'}
[0.180608] (behaviortree_cpp_v3) StdoutLine: {'line': b'-- Up-to-date: /convince_ws/install/behaviortree_cpp_v3/include/behaviortree_cpp_v3/decorator_node.h\n'}
[0.180637] (behaviortree_cpp_v3) StdoutLine: {'line': b'-- Up-to-date: /convince_ws/install/behaviortree_cpp_v3/include/behaviortree_cpp_v3/utils\n'}
[0.180665] (behaviortree_cpp_v3) StdoutLine: {'line': b'-- Up-to-date: /convince_ws/install/behaviortree_cpp_v3/include/behaviortree_cpp_v3/utils/make_unique.hpp\n'}
[0.180694] (behaviortree_cpp_v3) StdoutLine: {'line': b'-- Up-to-date: /convince_ws/install/behaviortree_cpp_v3/include/behaviortree_cpp_v3/utils/shared_library.h\n'}
[0.180722] (behaviortree_cpp_v3) StdoutLine: {'line': b'-- Up-to-date: /convince_ws/install/behaviortree_cpp_v3/include/behaviortree_cpp_v3/utils/expected.hpp\n'}
[0.180764] (behaviortree_cpp_v3) StdoutLine: {'line': b'-- Up-to-date: /convince_ws/install/behaviortree_cpp_v3/include/behaviortree_cpp_v3/utils/simple_string.hpp\n'}
[0.180792] (behaviortree_cpp_v3) StdoutLine: {'line': b'-- Up-to-date: /convince_ws/install/behaviortree_cpp_v3/include/behaviortree_cpp_v3/utils/strcat.hpp\n'}
[0.180820] (behaviortree_cpp_v3) StdoutLine: {'line': b'-- Up-to-date: /convince_ws/install/behaviortree_cpp_v3/include/behaviortree_cpp_v3/utils/any.hpp\n'}
[0.180848] (behaviortree_cpp_v3) StdoutLine: {'line': b'-- Up-to-date: /convince_ws/install/behaviortree_cpp_v3/include/behaviortree_cpp_v3/utils/string_view.hpp\n'}
[0.180876] (behaviortree_cpp_v3) StdoutLine: {'line': b'-- Up-to-date: /convince_ws/install/behaviortree_cpp_v3/include/behaviortree_cpp_v3/utils/platform.hpp\n'}
[0.180903] (behaviortree_cpp_v3) StdoutLine: {'line': b'-- Up-to-date: /convince_ws/install/behaviortree_cpp_v3/include/behaviortree_cpp_v3/utils/signal.h\n'}
[0.180930] (behaviortree_cpp_v3) StdoutLine: {'line': b'-- Up-to-date: /convince_ws/install/behaviortree_cpp_v3/include/behaviortree_cpp_v3/utils/safe_any.hpp\n'}
[0.180959] (behaviortree_cpp_v3) StdoutLine: {'line': b'-- Up-to-date: /convince_ws/install/behaviortree_cpp_v3/include/behaviortree_cpp_v3/utils/wakeup_signal.hpp\n'}
[0.180986] (behaviortree_cpp_v3) StdoutLine: {'line': b'-- Up-to-date: /convince_ws/install/behaviortree_cpp_v3/include/behaviortree_cpp_v3/utils/demangle_util.h\n'}
[0.181024] (behaviortree_cpp_v3) StdoutLine: {'line': b'-- Up-to-date: /convince_ws/install/behaviortree_cpp_v3/include/behaviortree_cpp_v3/utils/convert_impl.hpp\n'}
[0.181211] (behaviortree_cpp_v3) StdoutLine: {'line': b'-- Up-to-date: /convince_ws/install/behaviortree_cpp_v3/include/behaviortree_cpp_v3/xml_parsing.h\n'}
[0.181300] (behaviortree_cpp_v3) StdoutLine: {'line': b'-- Up-to-date: /convince_ws/install/behaviortree_cpp_v3/include/behaviortree_cpp_v3/bt_parser.h\n'}
[0.181389] (behaviortree_cpp_v3) StdoutLine: {'line': b'-- Up-to-date: /convince_ws/install/behaviortree_cpp_v3/include/behaviortree_cpp_v3/flatbuffers\n'}
[0.181460] (behaviortree_cpp_v3) StdoutLine: {'line': b'-- Up-to-date: /convince_ws/install/behaviortree_cpp_v3/include/behaviortree_cpp_v3/flatbuffers/stl_emulation.h\n'}
[0.181529] (behaviortree_cpp_v3) StdoutLine: {'line': b'-- Up-to-date: /convince_ws/install/behaviortree_cpp_v3/include/behaviortree_cpp_v3/flatbuffers/flatbuffers.h\n'}
[0.181597] (behaviortree_cpp_v3) StdoutLine: {'line': b'-- Up-to-date: /convince_ws/install/behaviortree_cpp_v3/include/behaviortree_cpp_v3/flatbuffers/base.h\n'}
[0.181663] (behaviortree_cpp_v3) StdoutLine: {'line': b'-- Up-to-date: /convince_ws/install/behaviortree_cpp_v3/include/behaviortree_cpp_v3/flatbuffers/BT_logger_generated.h\n'}
[0.181729] (behaviortree_cpp_v3) StdoutLine: {'line': b'-- Up-to-date: /convince_ws/install/behaviortree_cpp_v3/include/behaviortree_cpp_v3/flatbuffers/bt_flatbuffer_helper.h\n'}
[0.181793] (behaviortree_cpp_v3) StdoutLine: {'line': b'-- Up-to-date: /convince_ws/install/behaviortree_cpp_v3/include/behaviortree_cpp_v3/tree_node.h\n'}
[0.181917] (behaviortree_cpp_v3) StdoutLine: {'line': b'-- Up-to-date: /convince_ws/install/behaviortree_cpp_v3/include/behaviortree_cpp_v3/blackboard.h\n'}
[0.182130] (behaviortree_cpp_v3) StdoutLine: {'line': b'-- Up-to-date: /convince_ws/install/behaviortree_cpp_v3/include/behaviortree_cpp_v3/bt_factory.h\n'}
[0.182364] (behaviortree_cpp_v3) StdoutLine: {'line': b'-- Up-to-date: /convince_ws/install/behaviortree_cpp_v3/include/behaviortree_cpp_v3/behavior_tree.h\n'}
[0.182609] (behaviortree_cpp_v3) StdoutLine: {'line': b'-- Up-to-date: /convince_ws/install/behaviortree_cpp_v3/include/behaviortree_cpp_v3/loggers\n'}
[0.182836] (behaviortree_cpp_v3) StdoutLine: {'line': b'-- Up-to-date: /convince_ws/install/behaviortree_cpp_v3/include/behaviortree_cpp_v3/loggers/abstract_logger.h\n'}
[0.182917] (behaviortree_cpp_v3) StdoutLine: {'line': b'-- Up-to-date: /convince_ws/install/behaviortree_cpp_v3/include/behaviortree_cpp_v3/loggers/bt_file_logger.h\n'}
[0.183036] (behaviortree_cpp_v3) StdoutLine: {'line': b'-- Up-to-date: /convince_ws/install/behaviortree_cpp_v3/include/behaviortree_cpp_v3/loggers/bt_minitrace_logger.h\n'}
[0.183140] (behaviortree_cpp_v3) StdoutLine: {'line': b'-- Up-to-date: /convince_ws/install/behaviortree_cpp_v3/include/behaviortree_cpp_v3/loggers/bt_cout_logger.h\n'}
[0.183254] (behaviortree_cpp_v3) StdoutLine: {'line': b'-- Up-to-date: /convince_ws/install/behaviortree_cpp_v3/include/behaviortree_cpp_v3/loggers/bt_zmq_publisher.h\n'}
[0.183347] (behaviortree_cpp_v3) StdoutLine: {'line': b'-- Up-to-date: /convince_ws/install/behaviortree_cpp_v3/include/behaviortree_cpp_v3/decorators\n'}
[0.183425] (behaviortree_cpp_v3) StdoutLine: {'line': b'-- Up-to-date: /convince_ws/install/behaviortree_cpp_v3/include/behaviortree_cpp_v3/decorators/repeat_node.h\n'}
[0.183500] (behaviortree_cpp_v3) StdoutLine: {'line': b'-- Up-to-date: /convince_ws/install/behaviortree_cpp_v3/include/behaviortree_cpp_v3/decorators/retry_node.h\n'}
[0.183575] (behaviortree_cpp_v3) StdoutLine: {'line': b'-- Up-to-date: /convince_ws/install/behaviortree_cpp_v3/include/behaviortree_cpp_v3/decorators/inverter_node.h\n'}
[0.183660] (behaviortree_cpp_v3) StdoutLine: {'line': b'-- Up-to-date: /convince_ws/install/behaviortree_cpp_v3/include/behaviortree_cpp_v3/decorators/blackboard_precondition.h\n'}
[0.183731] (behaviortree_cpp_v3) StdoutLine: {'line': b'-- Up-to-date: /convince_ws/install/behaviortree_cpp_v3/include/behaviortree_cpp_v3/decorators/timeout_node.h\n'}
[0.183833] (behaviortree_cpp_v3) StdoutLine: {'line': b'-- Up-to-date: /convince_ws/install/behaviortree_cpp_v3/include/behaviortree_cpp_v3/decorators/subtree_node.h\n'}
[0.183901] (behaviortree_cpp_v3) StdoutLine: {'line': b'-- Up-to-date: /convince_ws/install/behaviortree_cpp_v3/include/behaviortree_cpp_v3/decorators/consume_queue.h\n'}
[0.183991] (behaviortree_cpp_v3) StdoutLine: {'line': b'-- Up-to-date: /convince_ws/install/behaviortree_cpp_v3/include/behaviortree_cpp_v3/decorators/keep_running_until_failure_node.h\n'}
[0.184073] (behaviortree_cpp_v3) StdoutLine: {'line': b'-- Up-to-date: /convince_ws/install/behaviortree_cpp_v3/include/behaviortree_cpp_v3/decorators/timer_queue.h\n'}
[0.184281] (behaviortree_cpp_v3) StdoutLine: {'line': b'-- Up-to-date: /convince_ws/install/behaviortree_cpp_v3/include/behaviortree_cpp_v3/decorators/force_failure_node.h\n'}
[0.184375] (behaviortree_cpp_v3) StdoutLine: {'line': b'-- Up-to-date: /convince_ws/install/behaviortree_cpp_v3/include/behaviortree_cpp_v3/decorators/force_success_node.h\n'}
[0.184444] (behaviortree_cpp_v3) StdoutLine: {'line': b'-- Up-to-date: /convince_ws/install/behaviortree_cpp_v3/include/behaviortree_cpp_v3/decorators/delay_node.h\n'}
[0.184510] (behaviortree_cpp_v3) StdoutLine: {'line': b'-- Up-to-date: /convince_ws/install/behaviortree_cpp_v3/include/behaviortree_cpp_v3/exceptions.h\n'}
[0.184588] (behaviortree_cpp_v3) StdoutLine: {'line': b'-- Up-to-date: /convince_ws/install/behaviortree_cpp_v3/include/behaviortree_cpp_v3/condition_node.h\n'}
[0.184670] (behaviortree_cpp_v3) StdoutLine: {'line': b'-- Up-to-date: /convince_ws/install/behaviortree_cpp_v3/lib/libbehaviortree_cpp_v3.so\n'}
[0.184737] (behaviortree_cpp_v3) StdoutLine: {'line': b'-- Up-to-date: /convince_ws/install/behaviortree_cpp_v3/lib/cmake/behaviortree_cpp_v3/behaviortree_cpp_v3Targets.cmake\n'}
[0.184912] (behaviortree_cpp_v3) StdoutLine: {'line': b'-- Up-to-date: /convince_ws/install/behaviortree_cpp_v3/lib/cmake/behaviortree_cpp_v3/behaviortree_cpp_v3Targets-noconfig.cmake\n'}
[0.185013] (behaviortree_cpp_v3) CommandEnded: {'returncode': 0}
[0.188792] (pyrobosim_msgs) StdoutLine: {'line': b'[ 98%] Built target pyrobosim_msgs_s__rosidl_typesupport_c\n'}
[0.189019] (pyrobosim_msgs) StdoutLine: {'line': b'[ 99%] Built target pyrobosim_msgs_s__rosidl_typesupport_fastrtps_c\n'}
[0.189821] (pyrobosim_msgs) StdoutLine: {'line': b'[100%] Built target pyrobosim_msgs_s__rosidl_typesupport_introspection_c\n'}
[0.192247] (pyrobosim_msgs) StdoutLine: {'line': b'running egg_info\n'}
[0.198935] (pyrobosim_msgs) StdoutLine: {'line': b'writing pyrobosim_msgs.egg-info/PKG-INFO\n'}
[0.199187] (pyrobosim_msgs) StdoutLine: {'line': b'writing dependency_links to pyrobosim_msgs.egg-info/dependency_links.txt\n'}
[0.199282] (pyrobosim_msgs) StdoutLine: {'line': b'writing top-level names to pyrobosim_msgs.egg-info/top_level.txt\n'}
[0.199382] (behaviortree_cpp_v3) JobEnded: {'identifier': 'behaviortree_cpp_v3', 'rc': 0}
[0.200004] (-) TimerEvent: {}
[0.204434] (overarching_msgs) StdoutLine: {'line': b'running egg_info\n'}
[0.211396] (overarching_msgs) StdoutLine: {'line': b'writing overarching_msgs.egg-info/PKG-INFO\n'}
[0.211520] (overarching_msgs) StdoutLine: {'line': b'writing dependency_links to overarching_msgs.egg-info/dependency_links.txt\n'}
[0.211621] (overarching_msgs) StdoutLine: {'line': b'writing top-level names to overarching_msgs.egg-info/top_level.txt\n'}
[0.218531] (pyrobosim_msgs) StdoutLine: {'line': b"reading manifest file 'pyrobosim_msgs.egg-info/SOURCES.txt'\n"}
[0.218906] (btcpp_ros2_interfaces) StdoutLine: {'line': b'running egg_info\n'}
[0.219082] (pyrobosim_msgs) StdoutLine: {'line': b"writing manifest file 'pyrobosim_msgs.egg-info/SOURCES.txt'\n"}
[0.226223] (btcpp_ros2_interfaces) StdoutLine: {'line': b'writing btcpp_ros2_interfaces.egg-info/PKG-INFO\n'}
[0.226399] (btcpp_ros2_interfaces) StdoutLine: {'line': b'writing dependency_links to btcpp_ros2_interfaces.egg-info/dependency_links.txt\n'}
[0.226491] (btcpp_ros2_interfaces) StdoutLine: {'line': b'writing top-level names to btcpp_ros2_interfaces.egg-info/top_level.txt\n'}
[0.227488] (bt_interfaces_dummy) StdoutLine: {'line': b'running egg_info\n'}
[0.230769] (overarching_msgs) StdoutLine: {'line': b"reading manifest file 'overarching_msgs.egg-info/SOURCES.txt'\n"}
[0.231135] (overarching_msgs) StdoutLine: {'line': b"writing manifest file 'overarching_msgs.egg-info/SOURCES.txt'\n"}
[0.236264] (pyrobosim_msgs) StdoutLine: {'line': b'[100%] Built target ament_cmake_python_build_pyrobosim_msgs_egg\n'}
[0.238494] (bt_interfaces_dummy) StdoutLine: {'line': b'writing bt_interfaces_dummy.egg-info/PKG-INFO\n'}
[0.238592] (bt_interfaces_dummy) StdoutLine: {'line': b'writing dependency_links to bt_interfaces_dummy.egg-info/dependency_links.txt\n'}
[0.238644] (bt_interfaces_dummy) StdoutLine: {'line': b'writing top-level names to bt_interfaces_dummy.egg-info/top_level.txt\n'}
[0.245271] (pyrobosim_msgs) CommandEnded: {'returncode': 0}
[0.245572] (btcpp_ros2_interfaces) StdoutLine: {'line': b"reading manifest file 'btcpp_ros2_interfaces.egg-info/SOURCES.txt'\n"}
[0.245800] (pyrobosim_msgs) JobProgress: {'identifier': 'pyrobosim_msgs', 'progress': 'install'}
[0.245962] (pyrobosim_msgs) Command: {'cmd': ['/usr/bin/cmake', '--install', '/convince_ws/build/pyrobosim_msgs'], 'cwd': '/convince_ws/build/pyrobosim_msgs', 'env': OrderedDict({'PYTHONWARNINGS': 'ignore:setup.py install is deprecated,ignore:easy_install command is deprecated', 'HOSTNAME': 'b06978b1e607', 'SHLVL': '1', 'LD_LIBRARY_PATH': '/opt/ros/jazzy/opt/zmqpp_vendor/lib:/opt/ros/jazzy/lib/x86_64-linux-gnu:/opt/ros/jazzy/lib', 'HOME': '/root', 'OLDPWD': '/convince_ws', 'ROS_PYTHON_VERSION': '3', 'ROS_DISTRO': 'jazzy', '_': '/usr/bin/colcon', 'ROS_VERSION': '2', 'TERM': 'xterm', 'QT_X11_NO_MITSHM': '1', 'PATH': '/opt/ros/jazzy/bin:/usr/local/sbin:/usr/local/bin:/usr/sbin:/usr/bin:/sbin:/bin', 'DISPLAY': ':1', 'LANG': 'C.UTF-8', 'AMENT_PREFIX_PATH': '/opt/ros/jazzy', 'ROS_WS': '/convince_ws', 'ROS_AUTOMATIC_DISCOVERY_RANGE': 'SUBNET', 'PWD': '/convince_ws/build/pyrobosim_msgs', 'LC_ALL': 'C.UTF-8', 'PYTHONPATH': '/opt/ros/jazzy/lib/python3.12/site-packages', 'COLCON': '1', 'CMAKE_PREFIX_PATH': '/opt/ros/jazzy'}), 'shell': False}
[0.246332] (btcpp_ros2_interfaces) StdoutLine: {'line': b"writing manifest file 'btcpp_ros2_interfaces.egg-info/SOURCES.txt'\n"}
[0.246992] (overarching_msgs) StdoutLine: {'line': b'[100%] Built target ament_cmake_python_build_overarching_msgs_egg\n'}
[0.250514] (pyrobosim_msgs) StdoutLine: {'line': b'-- Install configuration: ""\n'}
[0.250983] (pyrobosim_msgs) StdoutLine: {'line': b'-- Execute custom install script\n'}
[0.251114] (pyrobosim_msgs) StdoutLine: {'line': b'-- Up-to-date symlink: /convince_ws/install/pyrobosim_msgs/share/ament_index/resource_index/rosidl_interfaces/pyrobosim_msgs\n'}
[0.251208] (pyrobosim_msgs) StdoutLine: {'line': b'-- Up-to-date symlink: /convince_ws/install/pyrobosim_msgs/share/pyrobosim_msgs/msg/ExecutionResult.json\n'}
[0.251298] (pyrobosim_msgs) StdoutLine: {'line': b'-- Up-to-date symlink: /convince_ws/install/pyrobosim_msgs/share/pyrobosim_msgs/msg/GoalPredicate.json\n'}
[0.251381] (pyrobosim_msgs) StdoutLine: {'line': b'-- Up-to-date symlink: /convince_ws/install/pyrobosim_msgs/share/pyrobosim_msgs/msg/GoalSpecification.json\n'}
[0.251465] (pyrobosim_msgs) StdoutLine: {'line': b'-- Up-to-date symlink: /convince_ws/install/pyrobosim_msgs/share/pyrobosim_msgs/msg/HallwayState.json\n'}
[0.251553] (pyrobosim_msgs) StdoutLine: {'line': b'-- Up-to-date symlink: /convince_ws/install/pyrobosim_msgs/share/pyrobosim_msgs/msg/LocationState.json\n'}
[0.251633] (pyrobosim_msgs) StdoutLine: {'line': b'-- Up-to-date symlink: /convince_ws/install/pyrobosim_msgs/share/pyrobosim_msgs/msg/ObjectState.json\n'}
[0.251717] (pyrobosim_msgs) StdoutLine: {'line': b'-- Up-to-date symlink: /convince_ws/install/pyrobosim_msgs/share/pyrobosim_msgs/msg/Path.json\n'}
[0.251804] (pyrobosim_msgs) StdoutLine: {'line': b'-- Up-to-date symlink: /convince_ws/install/pyrobosim_msgs/share/pyrobosim_msgs/msg/RobotState.json\n'}
[0.251872] (pyrobosim_msgs) StdoutLine: {'line': b'-- Up-to-date symlink: /convince_ws/install/pyrobosim_msgs/share/pyrobosim_msgs/msg/TaskAction.json\n'}
[0.251954] (pyrobosim_msgs) StdoutLine: {'line': b'-- Up-to-date symlink: /convince_ws/install/pyrobosim_msgs/share/pyrobosim_msgs/msg/TaskPlan.json\n'}
[0.252045] (pyrobosim_msgs) StdoutLine: {'line': b'-- Up-to-date symlink: /convince_ws/install/pyrobosim_msgs/share/pyrobosim_msgs/msg/WorldInfo.json\n'}
[0.252125] (pyrobosim_msgs) StdoutLine: {'line': b'-- Up-to-date symlink: /convince_ws/install/pyrobosim_msgs/share/pyrobosim_msgs/msg/WorldState.json\n'}
[0.252192] (pyrobosim_msgs) StdoutLine: {'line': b'-- Up-to-date symlink: /convince_ws/install/pyrobosim_msgs/share/pyrobosim_msgs/srv/RequestWorldInfo.json\n'}
[0.252282] (pyrobosim_msgs) StdoutLine: {'line': b'-- Up-to-date symlink: /convince_ws/install/pyrobosim_msgs/share/pyrobosim_msgs/srv/RequestWorldState.json\n'}
[0.252359] (pyrobosim_msgs) StdoutLine: {'line': b'-- Up-to-date symlink: /convince_ws/install/pyrobosim_msgs/share/pyrobosim_msgs/srv/ResetWorld.json\n'}
[0.252433] (pyrobosim_msgs) StdoutLine: {'line': b'-- Up-to-date symlink: /convince_ws/install/pyrobosim_msgs/share/pyrobosim_msgs/srv/SetLocationState.json\n'}
[0.252496] (pyrobosim_msgs) StdoutLine: {'line': b'-- Up-to-date symlink: /convince_ws/install/pyrobosim_msgs/share/pyrobosim_msgs/action/DetectObjects.json\n'}
[0.252567] (pyrobosim_msgs) StdoutLine: {'line': b'-- Up-to-date symlink: /convince_ws/install/pyrobosim_msgs/share/pyrobosim_msgs/action/ExecuteTaskAction.json\n'}
[0.252635] (pyrobosim_msgs) StdoutLine: {'line': b'-- Up-to-date symlink: /convince_ws/install/pyrobosim_msgs/share/pyrobosim_msgs/action/ExecuteTaskPlan.json\n'}
[0.252700] (pyrobosim_msgs) StdoutLine: {'line': b'-- Up-to-date symlink: /convince_ws/install/pyrobosim_msgs/share/pyrobosim_msgs/action/FollowPath.json\n'}
[0.252763] (pyrobosim_msgs) StdoutLine: {'line': b'-- Up-to-date symlink: /convince_ws/install/pyrobosim_msgs/share/pyrobosim_msgs/action/PlanPath.json\n'}
[0.253204] (pyrobosim_msgs) StdoutLine: {'line': b'-- Up-to-date symlink: /convince_ws/install/pyrobosim_msgs/include/pyrobosim_msgs/pyrobosim_msgs/action/detail/detect_objects__functions.h\n'}
[0.253295] (pyrobosim_msgs) StdoutLine: {'line': b'-- Up-to-date symlink: /convince_ws/install/pyrobosim_msgs/include/pyrobosim_msgs/pyrobosim_msgs/action/detail/detect_objects__struct.h\n'}
[0.253379] (pyrobosim_msgs) StdoutLine: {'line': b'-- Up-to-date symlink: /convince_ws/install/pyrobosim_msgs/include/pyrobosim_msgs/pyrobosim_msgs/action/detail/detect_objects__type_support.h\n'}
[0.253498] (pyrobosim_msgs) StdoutLine: {'line': b'-- Up-to-date symlink: /convince_ws/install/pyrobosim_msgs/include/pyrobosim_msgs/pyrobosim_msgs/action/detail/execute_task_action__functions.h\n'}
[0.253592] (pyrobosim_msgs) StdoutLine: {'line': b'-- Up-to-date symlink: /convince_ws/install/pyrobosim_msgs/include/pyrobosim_msgs/pyrobosim_msgs/action/detail/execute_task_action__struct.h\n'}
[0.253679] (pyrobosim_msgs) StdoutLine: {'line': b'-- Up-to-date symlink: /convince_ws/install/pyrobosim_msgs/include/pyrobosim_msgs/pyrobosim_msgs/action/detail/execute_task_action__type_support.h\n'}
[0.253761] (pyrobosim_msgs) StdoutLine: {'line': b'-- Up-to-date symlink: /convince_ws/install/pyrobosim_msgs/include/pyrobosim_msgs/pyrobosim_msgs/action/detail/execute_task_plan__functions.h\n'}
[0.253848] (pyrobosim_msgs) StdoutLine: {'line': b'-- Up-to-date symlink: /convince_ws/install/pyrobosim_msgs/include/pyrobosim_msgs/pyrobosim_msgs/action/detail/execute_task_plan__struct.h\n'}
[0.253928] (pyrobosim_msgs) StdoutLine: {'line': b'-- Up-to-date symlink: /convince_ws/install/pyrobosim_msgs/include/pyrobosim_msgs/pyrobosim_msgs/action/detail/execute_task_plan__type_support.h\n'}
[0.254007] (pyrobosim_msgs) StdoutLine: {'line': b'-- Up-to-date symlink: /convince_ws/install/pyrobosim_msgs/include/pyrobosim_msgs/pyrobosim_msgs/action/detail/follow_path__functions.h\n'}
[0.254150] (pyrobosim_msgs) StdoutLine: {'line': b'-- Up-to-date symlink: /convince_ws/install/pyrobosim_msgs/include/pyrobosim_msgs/pyrobosim_msgs/action/detail/follow_path__struct.h\n'}
[0.254189] (pyrobosim_msgs) StdoutLine: {'line': b'-- Up-to-date symlink: /convince_ws/install/pyrobosim_msgs/include/pyrobosim_msgs/pyrobosim_msgs/action/detail/follow_path__type_support.h\n'}
[0.254221] (pyrobosim_msgs) StdoutLine: {'line': b'-- Up-to-date symlink: /convince_ws/install/pyrobosim_msgs/include/pyrobosim_msgs/pyrobosim_msgs/action/detail/plan_path__functions.h\n'}
[0.254252] (pyrobosim_msgs) StdoutLine: {'line': b'-- Up-to-date symlink: /convince_ws/install/pyrobosim_msgs/include/pyrobosim_msgs/pyrobosim_msgs/action/detail/plan_path__struct.h\n'}
[0.254282] (pyrobosim_msgs) StdoutLine: {'line': b'-- Up-to-date symlink: /convince_ws/install/pyrobosim_msgs/include/pyrobosim_msgs/pyrobosim_msgs/action/detail/plan_path__type_support.h\n'}
[0.254312] (pyrobosim_msgs) StdoutLine: {'line': b'-- Up-to-date symlink: /convince_ws/install/pyrobosim_msgs/include/pyrobosim_msgs/pyrobosim_msgs/action/detect_objects.h\n'}
[0.254341] (pyrobosim_msgs) StdoutLine: {'line': b'-- Up-to-date symlink: /convince_ws/install/pyrobosim_msgs/include/pyrobosim_msgs/pyrobosim_msgs/action/execute_task_action.h\n'}
[0.254370] (pyrobosim_msgs) StdoutLine: {'line': b'-- Up-to-date symlink: /convince_ws/install/pyrobosim_msgs/include/pyrobosim_msgs/pyrobosim_msgs/action/execute_task_plan.h\n'}
[0.254399] (pyrobosim_msgs) StdoutLine: {'line': b'-- Up-to-date symlink: /convince_ws/install/pyrobosim_msgs/include/pyrobosim_msgs/pyrobosim_msgs/action/follow_path.h\n'}
[0.254440] (pyrobosim_msgs) StdoutLine: {'line': b'-- Up-to-date symlink: /convince_ws/install/pyrobosim_msgs/include/pyrobosim_msgs/pyrobosim_msgs/action/plan_path.h\n'}
[0.254469] (pyrobosim_msgs) StdoutLine: {'line': b'-- Up-to-date symlink: /convince_ws/install/pyrobosim_msgs/include/pyrobosim_msgs/pyrobosim_msgs/msg/detail/execution_result__functions.h\n'}
[0.254500] (pyrobosim_msgs) StdoutLine: {'line': b'-- Up-to-date symlink: /convince_ws/install/pyrobosim_msgs/include/pyrobosim_msgs/pyrobosim_msgs/msg/detail/execution_result__struct.h\n'}
[0.254531] (pyrobosim_msgs) StdoutLine: {'line': b'-- Up-to-date symlink: /convince_ws/install/pyrobosim_msgs/include/pyrobosim_msgs/pyrobosim_msgs/msg/detail/execution_result__type_support.h\n'}
[0.254586] (pyrobosim_msgs) StdoutLine: {'line': b'-- Up-to-date symlink: /convince_ws/install/pyrobosim_msgs/include/pyrobosim_msgs/pyrobosim_msgs/msg/detail/goal_predicate__functions.h\n'}
[0.254617] (pyrobosim_msgs) StdoutLine: {'line': b'-- Up-to-date symlink: /convince_ws/install/pyrobosim_msgs/include/pyrobosim_msgs/pyrobosim_msgs/msg/detail/goal_predicate__struct.h\n'}
[0.254668] (pyrobosim_msgs) StdoutLine: {'line': b'-- Up-to-date symlink: /convince_ws/install/pyrobosim_msgs/include/pyrobosim_msgs/pyrobosim_msgs/msg/detail/goal_predicate__type_support.h\n'}
[0.254698] (pyrobosim_msgs) StdoutLine: {'line': b'-- Up-to-date symlink: /convince_ws/install/pyrobosim_msgs/include/pyrobosim_msgs/pyrobosim_msgs/msg/detail/goal_specification__functions.h\n'}
[0.254728] (pyrobosim_msgs) StdoutLine: {'line': b'-- Up-to-date symlink: /convince_ws/install/pyrobosim_msgs/include/pyrobosim_msgs/pyrobosim_msgs/msg/detail/goal_specification__struct.h\n'}
[0.254757] (pyrobosim_msgs) StdoutLine: {'line': b'-- Up-to-date symlink: /convince_ws/install/pyrobosim_msgs/include/pyrobosim_msgs/pyrobosim_msgs/msg/detail/goal_specification__type_support.h\n'}
[0.254786] (pyrobosim_msgs) StdoutLine: {'line': b'-- Up-to-date symlink: /convince_ws/install/pyrobosim_msgs/include/pyrobosim_msgs/pyrobosim_msgs/msg/detail/hallway_state__functions.h\n'}
[0.254815] (pyrobosim_msgs) StdoutLine: {'line': b'-- Up-to-date symlink: /convince_ws/install/pyrobosim_msgs/include/pyrobosim_msgs/pyrobosim_msgs/msg/detail/hallway_state__struct.h\n'}
[0.254844] (pyrobosim_msgs) StdoutLine: {'line': b'-- Up-to-date symlink: /convince_ws/install/pyrobosim_msgs/include/pyrobosim_msgs/pyrobosim_msgs/msg/detail/hallway_state__type_support.h\n'}
[0.254873] (pyrobosim_msgs) StdoutLine: {'line': b'-- Up-to-date symlink: /convince_ws/install/pyrobosim_msgs/include/pyrobosim_msgs/pyrobosim_msgs/msg/detail/location_state__functions.h\n'}
[0.254902] (pyrobosim_msgs) StdoutLine: {'line': b'-- Up-to-date symlink: /convince_ws/install/pyrobosim_msgs/include/pyrobosim_msgs/pyrobosim_msgs/msg/detail/location_state__struct.h\n'}
[0.254962] (pyrobosim_msgs) StdoutLine: {'line': b'-- Up-to-date symlink: /convince_ws/install/pyrobosim_msgs/include/pyrobosim_msgs/pyrobosim_msgs/msg/detail/location_state__type_support.h\n'}
[0.254991] (pyrobosim_msgs) StdoutLine: {'line': b'-- Up-to-date symlink: /convince_ws/install/pyrobosim_msgs/include/pyrobosim_msgs/pyrobosim_msgs/msg/detail/object_state__functions.h\n'}
[0.255025] (pyrobosim_msgs) StdoutLine: {'line': b'-- Up-to-date symlink: /convince_ws/install/pyrobosim_msgs/include/pyrobosim_msgs/pyrobosim_msgs/msg/detail/object_state__struct.h\n'}
[0.255057] (pyrobosim_msgs) StdoutLine: {'line': b'-- Up-to-date symlink: /convince_ws/install/pyrobosim_msgs/include/pyrobosim_msgs/pyrobosim_msgs/msg/detail/object_state__type_support.h\n'}
[0.255088] (pyrobosim_msgs) StdoutLine: {'line': b'-- Up-to-date symlink: /convince_ws/install/pyrobosim_msgs/include/pyrobosim_msgs/pyrobosim_msgs/msg/detail/path__functions.h\n'}
[0.255122] (pyrobosim_msgs) StdoutLine: {'line': b'-- Up-to-date symlink: /convince_ws/install/pyrobosim_msgs/include/pyrobosim_msgs/pyrobosim_msgs/msg/detail/path__struct.h\n'}
[0.255151] (pyrobosim_msgs) StdoutLine: {'line': b'-- Up-to-date symlink: /convince_ws/install/pyrobosim_msgs/include/pyrobosim_msgs/pyrobosim_msgs/msg/detail/path__type_support.h\n'}
[0.255184] (pyrobosim_msgs) StdoutLine: {'line': b'-- Up-to-date symlink: /convince_ws/install/pyrobosim_msgs/include/pyrobosim_msgs/pyrobosim_msgs/msg/detail/robot_state__functions.h\n'}
[0.255238] (pyrobosim_msgs) StdoutLine: {'line': b'-- Up-to-date symlink: /convince_ws/install/pyrobosim_msgs/include/pyrobosim_msgs/pyrobosim_msgs/msg/detail/robot_state__struct.h\n'}
[0.255340] (pyrobosim_msgs) StdoutLine: {'line': b'-- Up-to-date symlink: /convince_ws/install/pyrobosim_msgs/include/pyrobosim_msgs/pyrobosim_msgs/msg/detail/robot_state__type_support.h\n'}
[0.255375] (pyrobosim_msgs) StdoutLine: {'line': b'-- Up-to-date symlink: /convince_ws/install/pyrobosim_msgs/include/pyrobosim_msgs/pyrobosim_msgs/msg/detail/task_action__functions.h\n'}
[0.255434] (pyrobosim_msgs) StdoutLine: {'line': b'-- Up-to-date symlink: /convince_ws/install/pyrobosim_msgs/include/pyrobosim_msgs/pyrobosim_msgs/msg/detail/task_action__struct.h\n'}
[0.255464] (pyrobosim_msgs) StdoutLine: {'line': b'-- Up-to-date symlink: /convince_ws/install/pyrobosim_msgs/include/pyrobosim_msgs/pyrobosim_msgs/msg/detail/task_action__type_support.h\n'}
[0.255492] (pyrobosim_msgs) StdoutLine: {'line': b'-- Up-to-date symlink: /convince_ws/install/pyrobosim_msgs/include/pyrobosim_msgs/pyrobosim_msgs/msg/detail/task_plan__functions.h\n'}
[0.255521] (pyrobosim_msgs) StdoutLine: {'line': b'-- Up-to-date symlink: /convince_ws/install/pyrobosim_msgs/include/pyrobosim_msgs/pyrobosim_msgs/msg/detail/task_plan__struct.h\n'}
[0.255551] (pyrobosim_msgs) StdoutLine: {'line': b'-- Up-to-date symlink: /convince_ws/install/pyrobosim_msgs/include/pyrobosim_msgs/pyrobosim_msgs/msg/detail/task_plan__type_support.h\n'}
[0.255578] (pyrobosim_msgs) StdoutLine: {'line': b'-- Up-to-date symlink: /convince_ws/install/pyrobosim_msgs/include/pyrobosim_msgs/pyrobosim_msgs/msg/detail/world_info__functions.h\n'}
[0.255608] (pyrobosim_msgs) StdoutLine: {'line': b'-- Up-to-date symlink: /convince_ws/install/pyrobosim_msgs/include/pyrobosim_msgs/pyrobosim_msgs/msg/detail/world_info__struct.h\n'}
[0.255636] (pyrobosim_msgs) StdoutLine: {'line': b'-- Up-to-date symlink: /convince_ws/install/pyrobosim_msgs/include/pyrobosim_msgs/pyrobosim_msgs/msg/detail/world_info__type_support.h\n'}
[0.255688] (pyrobosim_msgs) StdoutLine: {'line': b'-- Up-to-date symlink: /convince_ws/install/pyrobosim_msgs/include/pyrobosim_msgs/pyrobosim_msgs/msg/detail/world_state__functions.h\n'}
[0.255746] (pyrobosim_msgs) StdoutLine: {'line': b'-- Up-to-date symlink: /convince_ws/install/pyrobosim_msgs/include/pyrobosim_msgs/pyrobosim_msgs/msg/detail/world_state__struct.h\n'}
[0.255781] (pyrobosim_msgs) StdoutLine: {'line': b'-- Up-to-date symlink: /convince_ws/install/pyrobosim_msgs/include/pyrobosim_msgs/pyrobosim_msgs/msg/detail/world_state__type_support.h\n'}
[0.255812] (pyrobosim_msgs) StdoutLine: {'line': b'-- Up-to-date symlink: /convince_ws/install/pyrobosim_msgs/include/pyrobosim_msgs/pyrobosim_msgs/msg/execution_result.h\n'}
[0.255842] (pyrobosim_msgs) StdoutLine: {'line': b'-- Up-to-date symlink: /convince_ws/install/pyrobosim_msgs/include/pyrobosim_msgs/pyrobosim_msgs/msg/goal_predicate.h\n'}
[0.255872] (pyrobosim_msgs) StdoutLine: {'line': b'-- Up-to-date symlink: /convince_ws/install/pyrobosim_msgs/include/pyrobosim_msgs/pyrobosim_msgs/msg/goal_specification.h\n'}
[0.255901] (pyrobosim_msgs) StdoutLine: {'line': b'-- Up-to-date symlink: /convince_ws/install/pyrobosim_msgs/include/pyrobosim_msgs/pyrobosim_msgs/msg/hallway_state.h\n'}
[0.255929] (pyrobosim_msgs) StdoutLine: {'line': b'-- Up-to-date symlink: /convince_ws/install/pyrobosim_msgs/include/pyrobosim_msgs/pyrobosim_msgs/msg/location_state.h\n'}
[0.256074] (pyrobosim_msgs) StdoutLine: {'line': b'-- Up-to-date symlink: /convince_ws/install/pyrobosim_msgs/include/pyrobosim_msgs/pyrobosim_msgs/msg/object_state.h\n'}
[0.256158] (pyrobosim_msgs) StdoutLine: {'line': b'-- Up-to-date symlink: /convince_ws/install/pyrobosim_msgs/include/pyrobosim_msgs/pyrobosim_msgs/msg/path.h\n'}
[0.256553] (pyrobosim_msgs) StdoutLine: {'line': b'-- Up-to-date symlink: /convince_ws/install/pyrobosim_msgs/include/pyrobosim_msgs/pyrobosim_msgs/msg/robot_state.h\n'}
[0.256720] (pyrobosim_msgs) StdoutLine: {'line': b'-- Up-to-date symlink: /convince_ws/install/pyrobosim_msgs/include/pyrobosim_msgs/pyrobosim_msgs/msg/rosidl_generator_c__visibility_control.h\n'}
[0.256799] (pyrobosim_msgs) StdoutLine: {'line': b'-- Up-to-date symlink: /convince_ws/install/pyrobosim_msgs/include/pyrobosim_msgs/pyrobosim_msgs/msg/task_action.h\n'}
[0.256954] (pyrobosim_msgs) StdoutLine: {'line': b'-- Up-to-date symlink: /convince_ws/install/pyrobosim_msgs/include/pyrobosim_msgs/pyrobosim_msgs/msg/task_plan.h\n'}
[0.257044] (pyrobosim_msgs) StdoutLine: {'line': b'-- Up-to-date symlink: /convince_ws/install/pyrobosim_msgs/include/pyrobosim_msgs/pyrobosim_msgs/msg/world_info.h\n'}
[0.257238] (pyrobosim_msgs) StdoutLine: {'line': b'-- Up-to-date symlink: /convince_ws/install/pyrobosim_msgs/include/pyrobosim_msgs/pyrobosim_msgs/msg/world_state.h\n'}
[0.257320] (pyrobosim_msgs) StdoutLine: {'line': b'-- Up-to-date symlink: /convince_ws/install/pyrobosim_msgs/include/pyrobosim_msgs/pyrobosim_msgs/srv/detail/request_world_info__functions.h\n'}
[0.257390] (pyrobosim_msgs) StdoutLine: {'line': b'-- Up-to-date symlink: /convince_ws/install/pyrobosim_msgs/include/pyrobosim_msgs/pyrobosim_msgs/srv/detail/request_world_info__struct.h\n'}
[0.257460] (pyrobosim_msgs) StdoutLine: {'line': b'-- Up-to-date symlink: /convince_ws/install/pyrobosim_msgs/include/pyrobosim_msgs/pyrobosim_msgs/srv/detail/request_world_info__type_support.h\n'}
[0.257528] (pyrobosim_msgs) StdoutLine: {'line': b'-- Up-to-date symlink: /convince_ws/install/pyrobosim_msgs/include/pyrobosim_msgs/pyrobosim_msgs/srv/detail/request_world_state__functions.h\n'}
[0.257596] (pyrobosim_msgs) StdoutLine: {'line': b'-- Up-to-date symlink: /convince_ws/install/pyrobosim_msgs/include/pyrobosim_msgs/pyrobosim_msgs/srv/detail/request_world_state__struct.h\n'}
[0.257691] (overarching_msgs) CommandEnded: {'returncode': 0}
[0.257904] (pyrobosim_msgs) StdoutLine: {'line': b'-- Up-to-date symlink: /convince_ws/install/pyrobosim_msgs/include/pyrobosim_msgs/pyrobosim_msgs/srv/detail/request_world_state__type_support.h\n'}
[0.257998] (pyrobosim_msgs) StdoutLine: {'line': b'-- Up-to-date symlink: /convince_ws/install/pyrobosim_msgs/include/pyrobosim_msgs/pyrobosim_msgs/srv/detail/reset_world__functions.h\n'}
[0.258373] (pyrobosim_msgs) StdoutLine: {'line': b'-- Up-to-date symlink: /convince_ws/install/pyrobosim_msgs/include/pyrobosim_msgs/pyrobosim_msgs/srv/detail/reset_world__struct.h\n'}
[0.258465] (pyrobosim_msgs) StdoutLine: {'line': b'-- Up-to-date symlink: /convince_ws/install/pyrobosim_msgs/include/pyrobosim_msgs/pyrobosim_msgs/srv/detail/reset_world__type_support.h\n'}
[0.258534] (pyrobosim_msgs) StdoutLine: {'line': b'-- Up-to-date symlink: /convince_ws/install/pyrobosim_msgs/include/pyrobosim_msgs/pyrobosim_msgs/srv/detail/set_location_state__functions.h\n'}
[0.258604] (pyrobosim_msgs) StdoutLine: {'line': b'-- Up-to-date symlink: /convince_ws/install/pyrobosim_msgs/include/pyrobosim_msgs/pyrobosim_msgs/srv/detail/set_location_state__struct.h\n'}
[0.258671] (pyrobosim_msgs) StdoutLine: {'line': b'-- Up-to-date symlink: /convince_ws/install/pyrobosim_msgs/include/pyrobosim_msgs/pyrobosim_msgs/srv/detail/set_location_state__type_support.h\n'}
[0.258737] (pyrobosim_msgs) StdoutLine: {'line': b'-- Up-to-date symlink: /convince_ws/install/pyrobosim_msgs/include/pyrobosim_msgs/pyrobosim_msgs/srv/request_world_info.h\n'}
[0.258855] (pyrobosim_msgs) StdoutLine: {'line': b'-- Up-to-date symlink: /convince_ws/install/pyrobosim_msgs/include/pyrobosim_msgs/pyrobosim_msgs/srv/request_world_state.h\n'}
[0.258923] (pyrobosim_msgs) StdoutLine: {'line': b'-- Up-to-date symlink: /convince_ws/install/pyrobosim_msgs/include/pyrobosim_msgs/pyrobosim_msgs/srv/reset_world.h\n'}
[0.259007] (pyrobosim_msgs) StdoutLine: {'line': b'-- Up-to-date symlink: /convince_ws/install/pyrobosim_msgs/include/pyrobosim_msgs/pyrobosim_msgs/srv/set_location_state.h\n'}
[0.259169] (pyrobosim_msgs) StdoutLine: {'line': b'-- Up-to-date symlink: /convince_ws/install/pyrobosim_msgs/share/pyrobosim_msgs/environment/library_path.sh\n'}
[0.259249] (pyrobosim_msgs) StdoutLine: {'line': b'-- Up-to-date symlink: /convince_ws/install/pyrobosim_msgs/share/pyrobosim_msgs/environment/library_path.dsv\n'}
[0.259317] (overarching_msgs) JobProgress: {'identifier': 'overarching_msgs', 'progress': 'install'}
[0.259333] (pyrobosim_msgs) StdoutLine: {'line': b'-- Up-to-date symlink: /convince_ws/install/pyrobosim_msgs/include/pyrobosim_msgs/pyrobosim_msgs/action/detail/detect_objects__rosidl_typesupport_fastrtps_c.h\n'}
[0.259434] (pyrobosim_msgs) StdoutLine: {'line': b'-- Up-to-date symlink: /convince_ws/install/pyrobosim_msgs/include/pyrobosim_msgs/pyrobosim_msgs/action/detail/execute_task_action__rosidl_typesupport_fastrtps_c.h\n'}
[0.259658] (pyrobosim_msgs) StdoutLine: {'line': b'-- Up-to-date symlink: /convince_ws/install/pyrobosim_msgs/include/pyrobosim_msgs/pyrobosim_msgs/action/detail/execute_task_plan__rosidl_typesupport_fastrtps_c.h\n'}
[0.259785] (pyrobosim_msgs) StdoutLine: {'line': b'-- Up-to-date symlink: /convince_ws/install/pyrobosim_msgs/include/pyrobosim_msgs/pyrobosim_msgs/action/detail/follow_path__rosidl_typesupport_fastrtps_c.h\n'}
[0.259857] (pyrobosim_msgs) StdoutLine: {'line': b'-- Up-to-date symlink: /convince_ws/install/pyrobosim_msgs/include/pyrobosim_msgs/pyrobosim_msgs/action/detail/plan_path__rosidl_typesupport_fastrtps_c.h\n'}
[0.259928] (pyrobosim_msgs) StdoutLine: {'line': b'-- Up-to-date symlink: /convince_ws/install/pyrobosim_msgs/include/pyrobosim_msgs/pyrobosim_msgs/msg/detail/execution_result__rosidl_typesupport_fastrtps_c.h\n'}
[0.260005] (pyrobosim_msgs) StdoutLine: {'line': b'-- Up-to-date symlink: /convince_ws/install/pyrobosim_msgs/include/pyrobosim_msgs/pyrobosim_msgs/msg/detail/goal_predicate__rosidl_typesupport_fastrtps_c.h\n'}
[0.260151] (pyrobosim_msgs) StdoutLine: {'line': b'-- Up-to-date symlink: /convince_ws/install/pyrobosim_msgs/include/pyrobosim_msgs/pyrobosim_msgs/msg/detail/goal_specification__rosidl_typesupport_fastrtps_c.h\n'}
[0.260236] (pyrobosim_msgs) StdoutLine: {'line': b'-- Up-to-date symlink: /convince_ws/install/pyrobosim_msgs/include/pyrobosim_msgs/pyrobosim_msgs/msg/detail/hallway_state__rosidl_typesupport_fastrtps_c.h\n'}
[0.260330] (pyrobosim_msgs) StdoutLine: {'line': b'-- Up-to-date symlink: /convince_ws/install/pyrobosim_msgs/include/pyrobosim_msgs/pyrobosim_msgs/msg/detail/location_state__rosidl_typesupport_fastrtps_c.h\n'}
[0.260420] (pyrobosim_msgs) StdoutLine: {'line': b'-- Up-to-date symlink: /convince_ws/install/pyrobosim_msgs/include/pyrobosim_msgs/pyrobosim_msgs/msg/detail/object_state__rosidl_typesupport_fastrtps_c.h\n'}
[0.260491] (overarching_msgs) Command: {'cmd': ['/usr/bin/cmake', '--install', '/convince_ws/build/overarching_msgs'], 'cwd': '/convince_ws/build/overarching_msgs', 'env': OrderedDict({'PYTHONWARNINGS': 'ignore:setup.py install is deprecated,ignore:easy_install command is deprecated', 'HOSTNAME': 'b06978b1e607', 'SHLVL': '1', 'LD_LIBRARY_PATH': '/opt/ros/jazzy/opt/zmqpp_vendor/lib:/opt/ros/jazzy/lib/x86_64-linux-gnu:/opt/ros/jazzy/lib', 'HOME': '/root', 'OLDPWD': '/convince_ws', 'ROS_PYTHON_VERSION': '3', 'ROS_DISTRO': 'jazzy', '_': '/usr/bin/colcon', 'ROS_VERSION': '2', 'TERM': 'xterm', 'QT_X11_NO_MITSHM': '1', 'PATH': '/opt/ros/jazzy/bin:/usr/local/sbin:/usr/local/bin:/usr/sbin:/usr/bin:/sbin:/bin', 'DISPLAY': ':1', 'LANG': 'C.UTF-8', 'AMENT_PREFIX_PATH': '/opt/ros/jazzy', 'ROS_WS': '/convince_ws', 'ROS_AUTOMATIC_DISCOVERY_RANGE': 'SUBNET', 'PWD': '/convince_ws/build/overarching_msgs', 'LC_ALL': 'C.UTF-8', 'PYTHONPATH': '/opt/ros/jazzy/lib/python3.12/site-packages', 'COLCON': '1', 'CMAKE_PREFIX_PATH': '/opt/ros/jazzy'}), 'shell': False}
[0.260711] (pyrobosim_msgs) StdoutLine: {'line': b'-- Up-to-date symlink: /convince_ws/install/pyrobosim_msgs/include/pyrobosim_msgs/pyrobosim_msgs/msg/detail/path__rosidl_typesupport_fastrtps_c.h\n'}
[0.260791] (pyrobosim_msgs) StdoutLine: {'line': b'-- Up-to-date symlink: /convince_ws/install/pyrobosim_msgs/include/pyrobosim_msgs/pyrobosim_msgs/msg/detail/robot_state__rosidl_typesupport_fastrtps_c.h\n'}
[0.260892] (pyrobosim_msgs) StdoutLine: {'line': b'-- Up-to-date symlink: /convince_ws/install/pyrobosim_msgs/include/pyrobosim_msgs/pyrobosim_msgs/msg/detail/task_action__rosidl_typesupport_fastrtps_c.h\n'}
[0.260993] (pyrobosim_msgs) StdoutLine: {'line': b'-- Up-to-date symlink: /convince_ws/install/pyrobosim_msgs/include/pyrobosim_msgs/pyrobosim_msgs/msg/detail/task_plan__rosidl_typesupport_fastrtps_c.h\n'}
[0.261075] (pyrobosim_msgs) StdoutLine: {'line': b'-- Up-to-date symlink: /convince_ws/install/pyrobosim_msgs/include/pyrobosim_msgs/pyrobosim_msgs/msg/detail/world_info__rosidl_typesupport_fastrtps_c.h\n'}
[0.261143] (pyrobosim_msgs) StdoutLine: {'line': b'-- Up-to-date symlink: /convince_ws/install/pyrobosim_msgs/include/pyrobosim_msgs/pyrobosim_msgs/msg/detail/world_state__rosidl_typesupport_fastrtps_c.h\n'}
[0.261212] (pyrobosim_msgs) StdoutLine: {'line': b'-- Up-to-date symlink: /convince_ws/install/pyrobosim_msgs/include/pyrobosim_msgs/pyrobosim_msgs/msg/rosidl_typesupport_fastrtps_c__visibility_control.h\n'}
[0.261311] (pyrobosim_msgs) StdoutLine: {'line': b'-- Up-to-date symlink: /convince_ws/install/pyrobosim_msgs/include/pyrobosim_msgs/pyrobosim_msgs/srv/detail/request_world_info__rosidl_typesupport_fastrtps_c.h\n'}
[0.261380] (pyrobosim_msgs) StdoutLine: {'line': b'-- Up-to-date symlink: /convince_ws/install/pyrobosim_msgs/include/pyrobosim_msgs/pyrobosim_msgs/srv/detail/request_world_state__rosidl_typesupport_fastrtps_c.h\n'}
[0.261472] (pyrobosim_msgs) StdoutLine: {'line': b'-- Up-to-date symlink: /convince_ws/install/pyrobosim_msgs/include/pyrobosim_msgs/pyrobosim_msgs/srv/detail/reset_world__rosidl_typesupport_fastrtps_c.h\n'}
[0.261551] (bt_interfaces_dummy) StdoutLine: {'line': b"reading manifest file 'bt_interfaces_dummy.egg-info/SOURCES.txt'\n"}
[0.261650] (bt_interfaces_dummy) StdoutLine: {'line': b"writing manifest file 'bt_interfaces_dummy.egg-info/SOURCES.txt'\n"}
[0.261719] (pyrobosim_msgs) StdoutLine: {'line': b'-- Up-to-date symlink: /convince_ws/install/pyrobosim_msgs/include/pyrobosim_msgs/pyrobosim_msgs/srv/detail/set_location_state__rosidl_typesupport_fastrtps_c.h\n'}
[0.261790] (pyrobosim_msgs) StdoutLine: {'line': b'-- Up-to-date symlink: /convince_ws/install/pyrobosim_msgs/include/pyrobosim_msgs/pyrobosim_msgs/action/detail/detect_objects__builder.hpp\n'}
[0.261886] (pyrobosim_msgs) StdoutLine: {'line': b'-- Up-to-date symlink: /convince_ws/install/pyrobosim_msgs/include/pyrobosim_msgs/pyrobosim_msgs/action/detail/detect_objects__struct.hpp\n'}
[0.261958] (pyrobosim_msgs) StdoutLine: {'line': b'-- Up-to-date symlink: /convince_ws/install/pyrobosim_msgs/include/pyrobosim_msgs/pyrobosim_msgs/action/detail/detect_objects__traits.hpp\n'}
[0.262051] (pyrobosim_msgs) StdoutLine: {'line': b'-- Up-to-date symlink: /convince_ws/install/pyrobosim_msgs/include/pyrobosim_msgs/pyrobosim_msgs/action/detail/detect_objects__type_support.hpp\n'}
[0.262124] (pyrobosim_msgs) StdoutLine: {'line': b'-- Up-to-date symlink: /convince_ws/install/pyrobosim_msgs/include/pyrobosim_msgs/pyrobosim_msgs/action/detail/execute_task_action__builder.hpp\n'}
[0.262219] (pyrobosim_msgs) StdoutLine: {'line': b'-- Up-to-date symlink: /convince_ws/install/pyrobosim_msgs/include/pyrobosim_msgs/pyrobosim_msgs/action/detail/execute_task_action__struct.hpp\n'}
[0.262297] (pyrobosim_msgs) StdoutLine: {'line': b'-- Up-to-date symlink: /convince_ws/install/pyrobosim_msgs/include/pyrobosim_msgs/pyrobosim_msgs/action/detail/execute_task_action__traits.hpp\n'}
[0.262366] (pyrobosim_msgs) StdoutLine: {'line': b'-- Up-to-date symlink: /convince_ws/install/pyrobosim_msgs/include/pyrobosim_msgs/pyrobosim_msgs/action/detail/execute_task_action__type_support.hpp\n'}
[0.262434] (pyrobosim_msgs) StdoutLine: {'line': b'-- Up-to-date symlink: /convince_ws/install/pyrobosim_msgs/include/pyrobosim_msgs/pyrobosim_msgs/action/detail/execute_task_plan__builder.hpp\n'}
[0.262537] (pyrobosim_msgs) StdoutLine: {'line': b'-- Up-to-date symlink: /convince_ws/install/pyrobosim_msgs/include/pyrobosim_msgs/pyrobosim_msgs/action/detail/execute_task_plan__struct.hpp\n'}
[0.262606] (pyrobosim_msgs) StdoutLine: {'line': b'-- Up-to-date symlink: /convince_ws/install/pyrobosim_msgs/include/pyrobosim_msgs/pyrobosim_msgs/action/detail/execute_task_plan__traits.hpp\n'}
[0.262674] (pyrobosim_msgs) StdoutLine: {'line': b'-- Up-to-date symlink: /convince_ws/install/pyrobosim_msgs/include/pyrobosim_msgs/pyrobosim_msgs/action/detail/execute_task_plan__type_support.hpp\n'}
[0.262756] (pyrobosim_msgs) StdoutLine: {'line': b'-- Up-to-date symlink: /convince_ws/install/pyrobosim_msgs/include/pyrobosim_msgs/pyrobosim_msgs/action/detail/follow_path__builder.hpp\n'}
[0.262865] (pyrobosim_msgs) StdoutLine: {'line': b'-- Up-to-date symlink: /convince_ws/install/pyrobosim_msgs/include/pyrobosim_msgs/pyrobosim_msgs/action/detail/follow_path__struct.hpp\n'}
[0.262955] (pyrobosim_msgs) StdoutLine: {'line': b'-- Up-to-date symlink: /convince_ws/install/pyrobosim_msgs/include/pyrobosim_msgs/pyrobosim_msgs/action/detail/follow_path__traits.hpp\n'}
[0.263059] (pyrobosim_msgs) StdoutLine: {'line': b'-- Up-to-date symlink: /convince_ws/install/pyrobosim_msgs/include/pyrobosim_msgs/pyrobosim_msgs/action/detail/follow_path__type_support.hpp\n'}
[0.263156] (pyrobosim_msgs) StdoutLine: {'line': b'-- Up-to-date symlink: /convince_ws/install/pyrobosim_msgs/include/pyrobosim_msgs/pyrobosim_msgs/action/detail/plan_path__builder.hpp\n'}
[0.263229] (pyrobosim_msgs) StdoutLine: {'line': b'-- Up-to-date symlink: /convince_ws/install/pyrobosim_msgs/include/pyrobosim_msgs/pyrobosim_msgs/action/detail/plan_path__struct.hpp\n'}
[0.263297] (pyrobosim_msgs) StdoutLine: {'line': b'-- Up-to-date symlink: /convince_ws/install/pyrobosim_msgs/include/pyrobosim_msgs/pyrobosim_msgs/action/detail/plan_path__traits.hpp\n'}
[0.263399] (pyrobosim_msgs) StdoutLine: {'line': b'-- Up-to-date symlink: /convince_ws/install/pyrobosim_msgs/include/pyrobosim_msgs/pyrobosim_msgs/action/detail/plan_path__type_support.hpp\n'}
[0.263468] (pyrobosim_msgs) StdoutLine: {'line': b'-- Up-to-date symlink: /convince_ws/install/pyrobosim_msgs/include/pyrobosim_msgs/pyrobosim_msgs/action/detect_objects.hpp\n'}
[0.263535] (pyrobosim_msgs) StdoutLine: {'line': b'-- Up-to-date symlink: /convince_ws/install/pyrobosim_msgs/include/pyrobosim_msgs/pyrobosim_msgs/action/execute_task_action.hpp\n'}
[0.263621] (pyrobosim_msgs) StdoutLine: {'line': b'-- Up-to-date symlink: /convince_ws/install/pyrobosim_msgs/include/pyrobosim_msgs/pyrobosim_msgs/action/execute_task_plan.hpp\n'}
[0.263684] (pyrobosim_msgs) StdoutLine: {'line': b'-- Up-to-date symlink: /convince_ws/install/pyrobosim_msgs/include/pyrobosim_msgs/pyrobosim_msgs/action/follow_path.hpp\n'}
[0.263748] (pyrobosim_msgs) StdoutLine: {'line': b'-- Up-to-date symlink: /convince_ws/install/pyrobosim_msgs/include/pyrobosim_msgs/pyrobosim_msgs/action/plan_path.hpp\n'}
[0.263811] (pyrobosim_msgs) StdoutLine: {'line': b'-- Up-to-date symlink: /convince_ws/install/pyrobosim_msgs/include/pyrobosim_msgs/pyrobosim_msgs/msg/detail/execution_result__builder.hpp\n'}
[0.263874] (pyrobosim_msgs) StdoutLine: {'line': b'-- Up-to-date symlink: /convince_ws/install/pyrobosim_msgs/include/pyrobosim_msgs/pyrobosim_msgs/msg/detail/execution_result__struct.hpp\n'}
[0.263939] (pyrobosim_msgs) StdoutLine: {'line': b'-- Up-to-date symlink: /convince_ws/install/pyrobosim_msgs/include/pyrobosim_msgs/pyrobosim_msgs/msg/detail/execution_result__traits.hpp\n'}
[0.264007] (pyrobosim_msgs) StdoutLine: {'line': b'-- Up-to-date symlink: /convince_ws/install/pyrobosim_msgs/include/pyrobosim_msgs/pyrobosim_msgs/msg/detail/execution_result__type_support.hpp\n'}
[0.264108] (pyrobosim_msgs) StdoutLine: {'line': b'-- Up-to-date symlink: /convince_ws/install/pyrobosim_msgs/include/pyrobosim_msgs/pyrobosim_msgs/msg/detail/goal_predicate__builder.hpp\n'}
[0.264173] (pyrobosim_msgs) StdoutLine: {'line': b'-- Up-to-date symlink: /convince_ws/install/pyrobosim_msgs/include/pyrobosim_msgs/pyrobosim_msgs/msg/detail/goal_predicate__struct.hpp\n'}
[0.264244] (pyrobosim_msgs) StdoutLine: {'line': b'-- Up-to-date symlink: /convince_ws/install/pyrobosim_msgs/include/pyrobosim_msgs/pyrobosim_msgs/msg/detail/goal_predicate__traits.hpp\n'}
[0.264339] (pyrobosim_msgs) StdoutLine: {'line': b'-- Up-to-date symlink: /convince_ws/install/pyrobosim_msgs/include/pyrobosim_msgs/pyrobosim_msgs/msg/detail/goal_predicate__type_support.hpp\n'}
[0.264407] (pyrobosim_msgs) StdoutLine: {'line': b'-- Up-to-date symlink: /convince_ws/install/pyrobosim_msgs/include/pyrobosim_msgs/pyrobosim_msgs/msg/detail/goal_specification__builder.hpp\n'}
[0.264475] (pyrobosim_msgs) StdoutLine: {'line': b'-- Up-to-date symlink: /convince_ws/install/pyrobosim_msgs/include/pyrobosim_msgs/pyrobosim_msgs/msg/detail/goal_specification__struct.hpp\n'}
[0.264614] (pyrobosim_msgs) StdoutLine: {'line': b'-- Up-to-date symlink: /convince_ws/install/pyrobosim_msgs/include/pyrobosim_msgs/pyrobosim_msgs/msg/detail/goal_specification__traits.hpp\n'}
[0.264681] (pyrobosim_msgs) StdoutLine: {'line': b'-- Up-to-date symlink: /convince_ws/install/pyrobosim_msgs/include/pyrobosim_msgs/pyrobosim_msgs/msg/detail/goal_specification__type_support.hpp\n'}
[0.264749] (pyrobosim_msgs) StdoutLine: {'line': b'-- Up-to-date symlink: /convince_ws/install/pyrobosim_msgs/include/pyrobosim_msgs/pyrobosim_msgs/msg/detail/hallway_state__builder.hpp\n'}
[0.264816] (pyrobosim_msgs) StdoutLine: {'line': b'-- Up-to-date symlink: /convince_ws/install/pyrobosim_msgs/include/pyrobosim_msgs/pyrobosim_msgs/msg/detail/hallway_state__struct.hpp\n'}
[0.264883] (pyrobosim_msgs) StdoutLine: {'line': b'-- Up-to-date symlink: /convince_ws/install/pyrobosim_msgs/include/pyrobosim_msgs/pyrobosim_msgs/msg/detail/hallway_state__traits.hpp\n'}
[0.265018] (btcpp_ros2_interfaces) StdoutLine: {'line': b'[100%] Built target ament_cmake_python_build_btcpp_ros2_interfaces_egg\n'}
[0.265141] (pyrobosim_msgs) StdoutLine: {'line': b'-- Up-to-date symlink: /convince_ws/install/pyrobosim_msgs/include/pyrobosim_msgs/pyrobosim_msgs/msg/detail/hallway_state__type_support.hpp\n'}
[0.265237] (pyrobosim_msgs) StdoutLine: {'line': b'-- Up-to-date symlink: /convince_ws/install/pyrobosim_msgs/include/pyrobosim_msgs/pyrobosim_msgs/msg/detail/location_state__builder.hpp\n'}
[0.265317] (pyrobosim_msgs) StdoutLine: {'line': b'-- Up-to-date symlink: /convince_ws/install/pyrobosim_msgs/include/pyrobosim_msgs/pyrobosim_msgs/msg/detail/location_state__struct.hpp\n'}
[0.265385] (pyrobosim_msgs) StdoutLine: {'line': b'-- Up-to-date symlink: /convince_ws/install/pyrobosim_msgs/include/pyrobosim_msgs/pyrobosim_msgs/msg/detail/location_state__traits.hpp\n'}
[0.265493] (pyrobosim_msgs) StdoutLine: {'line': b'-- Up-to-date symlink: /convince_ws/install/pyrobosim_msgs/include/pyrobosim_msgs/pyrobosim_msgs/msg/detail/location_state__type_support.hpp\n'}
[0.265613] (pyrobosim_msgs) StdoutLine: {'line': b'-- Up-to-date symlink: /convince_ws/install/pyrobosim_msgs/include/pyrobosim_msgs/pyrobosim_msgs/msg/detail/object_state__builder.hpp\n'}
[0.265682] (pyrobosim_msgs) StdoutLine: {'line': b'-- Up-to-date symlink: /convince_ws/install/pyrobosim_msgs/include/pyrobosim_msgs/pyrobosim_msgs/msg/detail/object_state__struct.hpp\n'}
[0.265750] (pyrobosim_msgs) StdoutLine: {'line': b'-- Up-to-date symlink: /convince_ws/install/pyrobosim_msgs/include/pyrobosim_msgs/pyrobosim_msgs/msg/detail/object_state__traits.hpp\n'}
[0.265869] (pyrobosim_msgs) StdoutLine: {'line': b'-- Up-to-date symlink: /convince_ws/install/pyrobosim_msgs/include/pyrobosim_msgs/pyrobosim_msgs/msg/detail/object_state__type_support.hpp\n'}
[0.265938] (pyrobosim_msgs) StdoutLine: {'line': b'-- Up-to-date symlink: /convince_ws/install/pyrobosim_msgs/include/pyrobosim_msgs/pyrobosim_msgs/msg/detail/path__builder.hpp\n'}
[0.266050] (pyrobosim_msgs) StdoutLine: {'line': b'-- Up-to-date symlink: /convince_ws/install/pyrobosim_msgs/include/pyrobosim_msgs/pyrobosim_msgs/msg/detail/path__struct.hpp\n'}
[0.266173] (pyrobosim_msgs) StdoutLine: {'line': b'-- Up-to-date symlink: /convince_ws/install/pyrobosim_msgs/include/pyrobosim_msgs/pyrobosim_msgs/msg/detail/path__traits.hpp\n'}
[0.266278] (pyrobosim_msgs) StdoutLine: {'line': b'-- Up-to-date symlink: /convince_ws/install/pyrobosim_msgs/include/pyrobosim_msgs/pyrobosim_msgs/msg/detail/path__type_support.hpp\n'}
[0.266346] (pyrobosim_msgs) StdoutLine: {'line': b'-- Up-to-date symlink: /convince_ws/install/pyrobosim_msgs/include/pyrobosim_msgs/pyrobosim_msgs/msg/detail/robot_state__builder.hpp\n'}
[0.266413] (pyrobosim_msgs) StdoutLine: {'line': b'-- Up-to-date symlink: /convince_ws/install/pyrobosim_msgs/include/pyrobosim_msgs/pyrobosim_msgs/msg/detail/robot_state__struct.hpp\n'}
[0.266480] (pyrobosim_msgs) StdoutLine: {'line': b'-- Up-to-date symlink: /convince_ws/install/pyrobosim_msgs/include/pyrobosim_msgs/pyrobosim_msgs/msg/detail/robot_state__traits.hpp\n'}
[0.266586] (pyrobosim_msgs) StdoutLine: {'line': b'-- Up-to-date symlink: /convince_ws/install/pyrobosim_msgs/include/pyrobosim_msgs/pyrobosim_msgs/msg/detail/robot_state__type_support.hpp\n'}
[0.266828] (pyrobosim_msgs) StdoutLine: {'line': b'-- Up-to-date symlink: /convince_ws/install/pyrobosim_msgs/include/pyrobosim_msgs/pyrobosim_msgs/msg/detail/task_action__builder.hpp\n'}
[0.267141] (pyrobosim_msgs) StdoutLine: {'line': b'-- Up-to-date symlink: /convince_ws/install/pyrobosim_msgs/include/pyrobosim_msgs/pyrobosim_msgs/msg/detail/task_action__struct.hpp\n'}
[0.267192] (pyrobosim_msgs) StdoutLine: {'line': b'-- Up-to-date symlink: /convince_ws/install/pyrobosim_msgs/include/pyrobosim_msgs/pyrobosim_msgs/msg/detail/task_action__traits.hpp\n'}
[0.267225] (pyrobosim_msgs) StdoutLine: {'line': b'-- Up-to-date symlink: /convince_ws/install/pyrobosim_msgs/include/pyrobosim_msgs/pyrobosim_msgs/msg/detail/task_action__type_support.hpp\n'}
[0.267255] (pyrobosim_msgs) StdoutLine: {'line': b'-- Up-to-date symlink: /convince_ws/install/pyrobosim_msgs/include/pyrobosim_msgs/pyrobosim_msgs/msg/detail/task_plan__builder.hpp\n'}
[0.267285] (pyrobosim_msgs) StdoutLine: {'line': b'-- Up-to-date symlink: /convince_ws/install/pyrobosim_msgs/include/pyrobosim_msgs/pyrobosim_msgs/msg/detail/task_plan__struct.hpp\n'}
[0.267315] (pyrobosim_msgs) StdoutLine: {'line': b'-- Up-to-date symlink: /convince_ws/install/pyrobosim_msgs/include/pyrobosim_msgs/pyrobosim_msgs/msg/detail/task_plan__traits.hpp\n'}
[0.267684] (pyrobosim_msgs) StdoutLine: {'line': b'-- Up-to-date symlink: /convince_ws/install/pyrobosim_msgs/include/pyrobosim_msgs/pyrobosim_msgs/msg/detail/task_plan__type_support.hpp\n'}
[0.267823] (pyrobosim_msgs) StdoutLine: {'line': b'-- Up-to-date symlink: /convince_ws/install/pyrobosim_msgs/include/pyrobosim_msgs/pyrobosim_msgs/msg/detail/world_info__builder.hpp\n'}
[0.268019] (pyrobosim_msgs) StdoutLine: {'line': b'-- Up-to-date symlink: /convince_ws/install/pyrobosim_msgs/include/pyrobosim_msgs/pyrobosim_msgs/msg/detail/world_info__struct.hpp\n'}
[0.268150] (pyrobosim_msgs) StdoutLine: {'line': b'-- Up-to-date symlink: /convince_ws/install/pyrobosim_msgs/include/pyrobosim_msgs/pyrobosim_msgs/msg/detail/world_info__traits.hpp\n'}
[0.268327] (pyrobosim_msgs) StdoutLine: {'line': b'-- Up-to-date symlink: /convince_ws/install/pyrobosim_msgs/include/pyrobosim_msgs/pyrobosim_msgs/msg/detail/world_info__type_support.hpp\n'}
[0.268442] (pyrobosim_msgs) StdoutLine: {'line': b'-- Up-to-date symlink: /convince_ws/install/pyrobosim_msgs/include/pyrobosim_msgs/pyrobosim_msgs/msg/detail/world_state__builder.hpp\n'}
[0.268517] (pyrobosim_msgs) StdoutLine: {'line': b'-- Up-to-date symlink: /convince_ws/install/pyrobosim_msgs/include/pyrobosim_msgs/pyrobosim_msgs/msg/detail/world_state__struct.hpp\n'}
[0.268693] (pyrobosim_msgs) StdoutLine: {'line': b'-- Up-to-date symlink: /convince_ws/install/pyrobosim_msgs/include/pyrobosim_msgs/pyrobosim_msgs/msg/detail/world_state__traits.hpp\n'}
[0.268817] (pyrobosim_msgs) StdoutLine: {'line': b'-- Up-to-date symlink: /convince_ws/install/pyrobosim_msgs/include/pyrobosim_msgs/pyrobosim_msgs/msg/detail/world_state__type_support.hpp\n'}
[0.268910] (pyrobosim_msgs) StdoutLine: {'line': b'-- Up-to-date symlink: /convince_ws/install/pyrobosim_msgs/include/pyrobosim_msgs/pyrobosim_msgs/msg/execution_result.hpp\n'}
[0.269416] (pyrobosim_msgs) StdoutLine: {'line': b'-- Up-to-date symlink: /convince_ws/install/pyrobosim_msgs/include/pyrobosim_msgs/pyrobosim_msgs/msg/goal_predicate.hpp\n'}
[0.269578] (pyrobosim_msgs) StdoutLine: {'line': b'-- Up-to-date symlink: /convince_ws/install/pyrobosim_msgs/include/pyrobosim_msgs/pyrobosim_msgs/msg/goal_specification.hpp\n'}
[0.270006] (pyrobosim_msgs) StdoutLine: {'line': b'-- Up-to-date symlink: /convince_ws/install/pyrobosim_msgs/include/pyrobosim_msgs/pyrobosim_msgs/msg/hallway_state.hpp\n'}
[0.272286] (pyrobosim_msgs) StdoutLine: {'line': b'-- Up-to-date symlink: /convince_ws/install/pyrobosim_msgs/include/pyrobosim_msgs/pyrobosim_msgs/msg/location_state.hpp\n'}
[0.272539] (pyrobosim_msgs) StdoutLine: {'line': b'-- Up-to-date symlink: /convince_ws/install/pyrobosim_msgs/include/pyrobosim_msgs/pyrobosim_msgs/msg/object_state.hpp\n'}
[0.272600] (pyrobosim_msgs) StdoutLine: {'line': b'-- Up-to-date symlink: /convince_ws/install/pyrobosim_msgs/include/pyrobosim_msgs/pyrobosim_msgs/msg/path.hpp\n'}
[0.272654] (pyrobosim_msgs) StdoutLine: {'line': b'-- Up-to-date symlink: /convince_ws/install/pyrobosim_msgs/include/pyrobosim_msgs/pyrobosim_msgs/msg/robot_state.hpp\n'}
[0.272704] (pyrobosim_msgs) StdoutLine: {'line': b'-- Up-to-date symlink: /convince_ws/install/pyrobosim_msgs/include/pyrobosim_msgs/pyrobosim_msgs/msg/rosidl_generator_cpp__visibility_control.hpp\n'}
[0.272754] (pyrobosim_msgs) StdoutLine: {'line': b'-- Up-to-date symlink: /convince_ws/install/pyrobosim_msgs/include/pyrobosim_msgs/pyrobosim_msgs/msg/task_action.hpp\n'}
[0.272803] (pyrobosim_msgs) StdoutLine: {'line': b'-- Up-to-date symlink: /convince_ws/install/pyrobosim_msgs/include/pyrobosim_msgs/pyrobosim_msgs/msg/task_plan.hpp\n'}
[0.272851] (pyrobosim_msgs) StdoutLine: {'line': b'-- Up-to-date symlink: /convince_ws/install/pyrobosim_msgs/include/pyrobosim_msgs/pyrobosim_msgs/msg/world_info.hpp\n'}
[0.272898] (pyrobosim_msgs) StdoutLine: {'line': b'-- Up-to-date symlink: /convince_ws/install/pyrobosim_msgs/include/pyrobosim_msgs/pyrobosim_msgs/msg/world_state.hpp\n'}
[0.272945] (pyrobosim_msgs) StdoutLine: {'line': b'-- Up-to-date symlink: /convince_ws/install/pyrobosim_msgs/include/pyrobosim_msgs/pyrobosim_msgs/srv/detail/request_world_info__builder.hpp\n'}
[0.273028] (pyrobosim_msgs) StdoutLine: {'line': b'-- Up-to-date symlink: /convince_ws/install/pyrobosim_msgs/include/pyrobosim_msgs/pyrobosim_msgs/srv/detail/request_world_info__struct.hpp\n'}
[0.273091] (pyrobosim_msgs) StdoutLine: {'line': b'-- Up-to-date symlink: /convince_ws/install/pyrobosim_msgs/include/pyrobosim_msgs/pyrobosim_msgs/srv/detail/request_world_info__traits.hpp\n'}
[0.273145] (pyrobosim_msgs) StdoutLine: {'line': b'-- Up-to-date symlink: /convince_ws/install/pyrobosim_msgs/include/pyrobosim_msgs/pyrobosim_msgs/srv/detail/request_world_info__type_support.hpp\n'}
[0.273195] (pyrobosim_msgs) StdoutLine: {'line': b'-- Up-to-date symlink: /convince_ws/install/pyrobosim_msgs/include/pyrobosim_msgs/pyrobosim_msgs/srv/detail/request_world_state__builder.hpp\n'}
[0.273245] (pyrobosim_msgs) StdoutLine: {'line': b'-- Up-to-date symlink: /convince_ws/install/pyrobosim_msgs/include/pyrobosim_msgs/pyrobosim_msgs/srv/detail/request_world_state__struct.hpp\n'}
[0.273297] (pyrobosim_msgs) StdoutLine: {'line': b'-- Up-to-date symlink: /convince_ws/install/pyrobosim_msgs/include/pyrobosim_msgs/pyrobosim_msgs/srv/detail/request_world_state__traits.hpp\n'}
[0.273347] (pyrobosim_msgs) StdoutLine: {'line': b'-- Up-to-date symlink: /convince_ws/install/pyrobosim_msgs/include/pyrobosim_msgs/pyrobosim_msgs/srv/detail/request_world_state__type_support.hpp\n'}
[0.273397] (pyrobosim_msgs) StdoutLine: {'line': b'-- Up-to-date symlink: /convince_ws/install/pyrobosim_msgs/include/pyrobosim_msgs/pyrobosim_msgs/srv/detail/reset_world__builder.hpp\n'}
[0.273447] (pyrobosim_msgs) StdoutLine: {'line': b'-- Up-to-date symlink: /convince_ws/install/pyrobosim_msgs/include/pyrobosim_msgs/pyrobosim_msgs/srv/detail/reset_world__struct.hpp\n'}
[0.273587] (pyrobosim_msgs) StdoutLine: {'line': b'-- Up-to-date symlink: /convince_ws/install/pyrobosim_msgs/include/pyrobosim_msgs/pyrobosim_msgs/srv/detail/reset_world__traits.hpp\n'}
[0.273639] (pyrobosim_msgs) StdoutLine: {'line': b'-- Up-to-date symlink: /convince_ws/install/pyrobosim_msgs/include/pyrobosim_msgs/pyrobosim_msgs/srv/detail/reset_world__type_support.hpp\n'}
[0.273690] (pyrobosim_msgs) StdoutLine: {'line': b'-- Up-to-date symlink: /convince_ws/install/pyrobosim_msgs/include/pyrobosim_msgs/pyrobosim_msgs/srv/detail/set_location_state__builder.hpp\n'}
[0.273741] (pyrobosim_msgs) StdoutLine: {'line': b'-- Up-to-date symlink: /convince_ws/install/pyrobosim_msgs/include/pyrobosim_msgs/pyrobosim_msgs/srv/detail/set_location_state__struct.hpp\n'}
[0.273795] (pyrobosim_msgs) StdoutLine: {'line': b'-- Up-to-date symlink: /convince_ws/install/pyrobosim_msgs/include/pyrobosim_msgs/pyrobosim_msgs/srv/detail/set_location_state__traits.hpp\n'}
[0.273844] (pyrobosim_msgs) StdoutLine: {'line': b'-- Up-to-date symlink: /convince_ws/install/pyrobosim_msgs/include/pyrobosim_msgs/pyrobosim_msgs/srv/detail/set_location_state__type_support.hpp\n'}
[0.273889] (pyrobosim_msgs) StdoutLine: {'line': b'-- Up-to-date symlink: /convince_ws/install/pyrobosim_msgs/include/pyrobosim_msgs/pyrobosim_msgs/srv/request_world_info.hpp\n'}
[0.273929] (pyrobosim_msgs) StdoutLine: {'line': b'-- Up-to-date symlink: /convince_ws/install/pyrobosim_msgs/include/pyrobosim_msgs/pyrobosim_msgs/srv/request_world_state.hpp\n'}
[0.273971] (pyrobosim_msgs) StdoutLine: {'line': b'-- Up-to-date symlink: /convince_ws/install/pyrobosim_msgs/include/pyrobosim_msgs/pyrobosim_msgs/srv/reset_world.hpp\n'}
[0.274095] (pyrobosim_msgs) StdoutLine: {'line': b'-- Up-to-date symlink: /convince_ws/install/pyrobosim_msgs/include/pyrobosim_msgs/pyrobosim_msgs/srv/set_location_state.hpp\n'}
[0.274466] (overarching_msgs) StdoutLine: {'line': b'-- Install configuration: ""\n'}
[0.274566] (pyrobosim_msgs) StdoutLine: {'line': b'-- Up-to-date symlink: /convince_ws/install/pyrobosim_msgs/include/pyrobosim_msgs/pyrobosim_msgs/action/detail/detect_objects__rosidl_typesupport_fastrtps_cpp.hpp\n'}
[0.274640] (pyrobosim_msgs) StdoutLine: {'line': b'-- Up-to-date symlink: /convince_ws/install/pyrobosim_msgs/include/pyrobosim_msgs/pyrobosim_msgs/action/detail/execute_task_action__rosidl_typesupport_fastrtps_cpp.hpp\n'}
[0.274693] (pyrobosim_msgs) StdoutLine: {'line': b'-- Up-to-date symlink: /convince_ws/install/pyrobosim_msgs/include/pyrobosim_msgs/pyrobosim_msgs/action/detail/execute_task_plan__rosidl_typesupport_fastrtps_cpp.hpp\n'}
[0.274735] (overarching_msgs) StdoutLine: {'line': b'-- Execute custom install script\n'}
[0.274780] (pyrobosim_msgs) StdoutLine: {'line': b'-- Up-to-date symlink: /convince_ws/install/pyrobosim_msgs/include/pyrobosim_msgs/pyrobosim_msgs/action/detail/follow_path__rosidl_typesupport_fastrtps_cpp.hpp\n'}
[0.274829] (pyrobosim_msgs) StdoutLine: {'line': b'-- Up-to-date symlink: /convince_ws/install/pyrobosim_msgs/include/pyrobosim_msgs/pyrobosim_msgs/action/detail/plan_path__rosidl_typesupport_fastrtps_cpp.hpp\n'}
[0.274874] (pyrobosim_msgs) StdoutLine: {'line': b'-- Up-to-date symlink: /convince_ws/install/pyrobosim_msgs/include/pyrobosim_msgs/pyrobosim_msgs/msg/detail/execution_result__rosidl_typesupport_fastrtps_cpp.hpp\n'}
[0.274920] (pyrobosim_msgs) StdoutLine: {'line': b'-- Up-to-date symlink: /convince_ws/install/pyrobosim_msgs/include/pyrobosim_msgs/pyrobosim_msgs/msg/detail/goal_predicate__rosidl_typesupport_fastrtps_cpp.hpp\n'}
[0.274965] (pyrobosim_msgs) StdoutLine: {'line': b'-- Up-to-date symlink: /convince_ws/install/pyrobosim_msgs/include/pyrobosim_msgs/pyrobosim_msgs/msg/detail/goal_specification__rosidl_typesupport_fastrtps_cpp.hpp\n'}
[0.275035] (overarching_msgs) StdoutLine: {'line': b'-- Up-to-date symlink: /convince_ws/install/overarching_msgs/share/ament_index/resource_index/rosidl_interfaces/overarching_msgs\n'}
[0.275132] (overarching_msgs) StdoutLine: {'line': b'-- Up-to-date symlink: /convince_ws/install/overarching_msgs/share/overarching_msgs/msg/Location.json\n'}
[0.275195] (pyrobosim_msgs) StdoutLine: {'line': b'-- Up-to-date symlink: /convince_ws/install/pyrobosim_msgs/include/pyrobosim_msgs/pyrobosim_msgs/msg/detail/hallway_state__rosidl_typesupport_fastrtps_cpp.hpp\n'}
[0.275249] (overarching_msgs) StdoutLine: {'line': b'-- Up-to-date symlink: /convince_ws/install/overarching_msgs/share/overarching_msgs/action/Navigate.json\n'}
[0.275301] (overarching_msgs) StdoutLine: {'line': b'-- Up-to-date symlink: /convince_ws/install/overarching_msgs/share/overarching_msgs/action/Pick.json\n'}
[0.275352] (overarching_msgs) StdoutLine: {'line': b'-- Up-to-date symlink: /convince_ws/install/overarching_msgs/share/overarching_msgs/action/Place.json\n'}
[0.275401] (overarching_msgs) StdoutLine: {'line': b'-- Up-to-date symlink: /convince_ws/install/overarching_msgs/share/overarching_msgs/action/Detect.json\n'}
[0.275450] (pyrobosim_msgs) StdoutLine: {'line': b'-- Up-to-date symlink: /convince_ws/install/pyrobosim_msgs/include/pyrobosim_msgs/pyrobosim_msgs/msg/detail/location_state__rosidl_typesupport_fastrtps_cpp.hpp\n'}
[0.275501] (pyrobosim_msgs) StdoutLine: {'line': b'-- Up-to-date symlink: /convince_ws/install/pyrobosim_msgs/include/pyrobosim_msgs/pyrobosim_msgs/msg/detail/object_state__rosidl_typesupport_fastrtps_cpp.hpp\n'}
[0.275571] (pyrobosim_msgs) StdoutLine: {'line': b'-- Up-to-date symlink: /convince_ws/install/pyrobosim_msgs/include/pyrobosim_msgs/pyrobosim_msgs/msg/detail/path__rosidl_typesupport_fastrtps_cpp.hpp\n'}
[0.275623] (pyrobosim_msgs) StdoutLine: {'line': b'-- Up-to-date symlink: /convince_ws/install/pyrobosim_msgs/include/pyrobosim_msgs/pyrobosim_msgs/msg/detail/robot_state__rosidl_typesupport_fastrtps_cpp.hpp\n'}
[0.275672] (pyrobosim_msgs) StdoutLine: {'line': b'-- Up-to-date symlink: /convince_ws/install/pyrobosim_msgs/include/pyrobosim_msgs/pyrobosim_msgs/msg/detail/task_action__rosidl_typesupport_fastrtps_cpp.hpp\n'}
[0.275722] (pyrobosim_msgs) StdoutLine: {'line': b'-- Up-to-date symlink: /convince_ws/install/pyrobosim_msgs/include/pyrobosim_msgs/pyrobosim_msgs/msg/detail/task_plan__rosidl_typesupport_fastrtps_cpp.hpp\n'}
[0.275772] (pyrobosim_msgs) StdoutLine: {'line': b'-- Up-to-date symlink: /convince_ws/install/pyrobosim_msgs/include/pyrobosim_msgs/pyrobosim_msgs/msg/detail/world_info__rosidl_typesupport_fastrtps_cpp.hpp\n'}
[0.275822] (pyrobosim_msgs) StdoutLine: {'line': b'-- Up-to-date symlink: /convince_ws/install/pyrobosim_msgs/include/pyrobosim_msgs/pyrobosim_msgs/msg/detail/world_state__rosidl_typesupport_fastrtps_cpp.hpp\n'}
[0.275872] (pyrobosim_msgs) StdoutLine: {'line': b'-- Up-to-date symlink: /convince_ws/install/pyrobosim_msgs/include/pyrobosim_msgs/pyrobosim_msgs/msg/rosidl_typesupport_fastrtps_cpp__visibility_control.h\n'}
[0.275923] (pyrobosim_msgs) StdoutLine: {'line': b'-- Up-to-date symlink: /convince_ws/install/pyrobosim_msgs/include/pyrobosim_msgs/pyrobosim_msgs/srv/detail/request_world_info__rosidl_typesupport_fastrtps_cpp.hpp\n'}
[0.275974] (pyrobosim_msgs) StdoutLine: {'line': b'-- Up-to-date symlink: /convince_ws/install/pyrobosim_msgs/include/pyrobosim_msgs/pyrobosim_msgs/srv/detail/request_world_state__rosidl_typesupport_fastrtps_cpp.hpp\n'}
[0.276029] (pyrobosim_msgs) StdoutLine: {'line': b'-- Up-to-date symlink: /convince_ws/install/pyrobosim_msgs/include/pyrobosim_msgs/pyrobosim_msgs/srv/detail/reset_world__rosidl_typesupport_fastrtps_cpp.hpp\n'}
[0.276082] (overarching_msgs) StdoutLine: {'line': b'-- Up-to-date symlink: /convince_ws/install/overarching_msgs/include/overarching_msgs/overarching_msgs/action/detail/detect__functions.h\n'}
[0.276139] (pyrobosim_msgs) StdoutLine: {'line': b'-- Up-to-date symlink: /convince_ws/install/pyrobosim_msgs/include/pyrobosim_msgs/pyrobosim_msgs/srv/detail/set_location_state__rosidl_typesupport_fastrtps_cpp.hpp\n'}
[0.276191] (overarching_msgs) StdoutLine: {'line': b'-- Up-to-date symlink: /convince_ws/install/overarching_msgs/include/overarching_msgs/overarching_msgs/action/detail/detect__struct.h\n'}
[0.276265] (overarching_msgs) StdoutLine: {'line': b'-- Up-to-date symlink: /convince_ws/install/overarching_msgs/include/overarching_msgs/overarching_msgs/action/detail/detect__type_support.h\n'}
[0.276315] (overarching_msgs) StdoutLine: {'line': b'-- Up-to-date symlink: /convince_ws/install/overarching_msgs/include/overarching_msgs/overarching_msgs/action/detail/navigate__functions.h\n'}
[0.276366] (overarching_msgs) StdoutLine: {'line': b'-- Up-to-date symlink: /convince_ws/install/overarching_msgs/include/overarching_msgs/overarching_msgs/action/detail/navigate__struct.h\n'}
[0.276416] (overarching_msgs) StdoutLine: {'line': b'-- Up-to-date symlink: /convince_ws/install/overarching_msgs/include/overarching_msgs/overarching_msgs/action/detail/navigate__type_support.h\n'}
[0.276465] (overarching_msgs) StdoutLine: {'line': b'-- Up-to-date symlink: /convince_ws/install/overarching_msgs/include/overarching_msgs/overarching_msgs/action/detail/pick__functions.h\n'}
[0.276513] (overarching_msgs) StdoutLine: {'line': b'-- Up-to-date symlink: /convince_ws/install/overarching_msgs/include/overarching_msgs/overarching_msgs/action/detail/pick__struct.h\n'}
[0.276561] (overarching_msgs) StdoutLine: {'line': b'-- Up-to-date symlink: /convince_ws/install/overarching_msgs/include/overarching_msgs/overarching_msgs/action/detail/pick__type_support.h\n'}
[0.276640] (overarching_msgs) StdoutLine: {'line': b'-- Up-to-date symlink: /convince_ws/install/overarching_msgs/include/overarching_msgs/overarching_msgs/action/detail/place__functions.h\n'}
[0.276692] (pyrobosim_msgs) StdoutLine: {'line': b'-- Up-to-date symlink: /convince_ws/install/pyrobosim_msgs/include/pyrobosim_msgs/pyrobosim_msgs/action/detail/detect_objects__rosidl_typesupport_introspection_c.h\n'}
[0.276744] (pyrobosim_msgs) StdoutLine: {'line': b'-- Up-to-date symlink: /convince_ws/install/pyrobosim_msgs/include/pyrobosim_msgs/pyrobosim_msgs/action/detail/execute_task_action__rosidl_typesupport_introspection_c.h\n'}
[0.276793] (overarching_msgs) StdoutLine: {'line': b'-- Up-to-date symlink: /convince_ws/install/overarching_msgs/include/overarching_msgs/overarching_msgs/action/detail/place__struct.h\n'}
[0.276859] (pyrobosim_msgs) StdoutLine: {'line': b'-- Up-to-date symlink: /convince_ws/install/pyrobosim_msgs/include/pyrobosim_msgs/pyrobosim_msgs/action/detail/execute_task_plan__rosidl_typesupport_introspection_c.h\n'}
[0.276911] (overarching_msgs) StdoutLine: {'line': b'-- Up-to-date symlink: /convince_ws/install/overarching_msgs/include/overarching_msgs/overarching_msgs/action/detail/place__type_support.h\n'}
[0.276961] (overarching_msgs) StdoutLine: {'line': b'-- Up-to-date symlink: /convince_ws/install/overarching_msgs/include/overarching_msgs/overarching_msgs/action/detect.h\n'}
[0.277012] (overarching_msgs) StdoutLine: {'line': b'-- Up-to-date symlink: /convince_ws/install/overarching_msgs/include/overarching_msgs/overarching_msgs/action/navigate.h\n'}
[0.277087] (overarching_msgs) StdoutLine: {'line': b'-- Up-to-date symlink: /convince_ws/install/overarching_msgs/include/overarching_msgs/overarching_msgs/action/pick.h\n'}
[0.277136] (overarching_msgs) StdoutLine: {'line': b'-- Up-to-date symlink: /convince_ws/install/overarching_msgs/include/overarching_msgs/overarching_msgs/action/place.h\n'}
[0.277222] (pyrobosim_msgs) StdoutLine: {'line': b'-- Up-to-date symlink: /convince_ws/install/pyrobosim_msgs/include/pyrobosim_msgs/pyrobosim_msgs/action/detail/follow_path__rosidl_typesupport_introspection_c.h\n'}
[0.277276] (pyrobosim_msgs) StdoutLine: {'line': b'-- Up-to-date symlink: /convince_ws/install/pyrobosim_msgs/include/pyrobosim_msgs/pyrobosim_msgs/action/detail/plan_path__rosidl_typesupport_introspection_c.h\n'}
[0.277352] (pyrobosim_msgs) StdoutLine: {'line': b'-- Up-to-date symlink: /convince_ws/install/pyrobosim_msgs/include/pyrobosim_msgs/pyrobosim_msgs/msg/detail/execution_result__rosidl_typesupport_introspection_c.h\n'}
[0.277402] (pyrobosim_msgs) StdoutLine: {'line': b'-- Up-to-date symlink: /convince_ws/install/pyrobosim_msgs/include/pyrobosim_msgs/pyrobosim_msgs/msg/detail/goal_predicate__rosidl_typesupport_introspection_c.h\n'}
[0.277469] (pyrobosim_msgs) StdoutLine: {'line': b'-- Up-to-date symlink: /convince_ws/install/pyrobosim_msgs/include/pyrobosim_msgs/pyrobosim_msgs/msg/detail/goal_specification__rosidl_typesupport_introspection_c.h\n'}
[0.277519] (pyrobosim_msgs) StdoutLine: {'line': b'-- Up-to-date symlink: /convince_ws/install/pyrobosim_msgs/include/pyrobosim_msgs/pyrobosim_msgs/msg/detail/hallway_state__rosidl_typesupport_introspection_c.h\n'}
[0.277568] (overarching_msgs) StdoutLine: {'line': b'-- Up-to-date symlink: /convince_ws/install/overarching_msgs/include/overarching_msgs/overarching_msgs/msg/detail/location__functions.h\n'}
[0.277619] (pyrobosim_msgs) StdoutLine: {'line': b'-- Up-to-date symlink: /convince_ws/install/pyrobosim_msgs/include/pyrobosim_msgs/pyrobosim_msgs/msg/detail/location_state__rosidl_typesupport_introspection_c.h\n'}
[0.277684] (pyrobosim_msgs) StdoutLine: {'line': b'-- Up-to-date symlink: /convince_ws/install/pyrobosim_msgs/include/pyrobosim_msgs/pyrobosim_msgs/msg/detail/object_state__rosidl_typesupport_introspection_c.h\n'}
[0.277733] (pyrobosim_msgs) StdoutLine: {'line': b'-- Up-to-date symlink: /convince_ws/install/pyrobosim_msgs/include/pyrobosim_msgs/pyrobosim_msgs/msg/detail/path__rosidl_typesupport_introspection_c.h\n'}
[0.277781] (pyrobosim_msgs) StdoutLine: {'line': b'-- Up-to-date symlink: /convince_ws/install/pyrobosim_msgs/include/pyrobosim_msgs/pyrobosim_msgs/msg/detail/robot_state__rosidl_typesupport_introspection_c.h\n'}
[0.277829] (overarching_msgs) StdoutLine: {'line': b'-- Up-to-date symlink: /convince_ws/install/overarching_msgs/include/overarching_msgs/overarching_msgs/msg/detail/location__struct.h\n'}
[0.277880] (pyrobosim_msgs) StdoutLine: {'line': b'-- Up-to-date symlink: /convince_ws/install/pyrobosim_msgs/include/pyrobosim_msgs/pyrobosim_msgs/msg/detail/task_action__rosidl_typesupport_introspection_c.h\n'}
[0.277930] (overarching_msgs) StdoutLine: {'line': b'-- Up-to-date symlink: /convince_ws/install/overarching_msgs/include/overarching_msgs/overarching_msgs/msg/detail/location__type_support.h\n'}
[0.277980] (overarching_msgs) StdoutLine: {'line': b'-- Up-to-date symlink: /convince_ws/install/overarching_msgs/include/overarching_msgs/overarching_msgs/msg/location.h\n'}
[0.278039] (overarching_msgs) StdoutLine: {'line': b'-- Up-to-date symlink: /convince_ws/install/overarching_msgs/include/overarching_msgs/overarching_msgs/msg/rosidl_generator_c__visibility_control.h\n'}
[0.278092] (pyrobosim_msgs) StdoutLine: {'line': b'-- Up-to-date symlink: /convince_ws/install/pyrobosim_msgs/include/pyrobosim_msgs/pyrobosim_msgs/msg/detail/task_plan__rosidl_typesupport_introspection_c.h\n'}
[0.278146] (overarching_msgs) StdoutLine: {'line': b'-- Up-to-date symlink: /convince_ws/install/overarching_msgs/share/overarching_msgs/environment/library_path.sh\n'}
[0.278197] (pyrobosim_msgs) StdoutLine: {'line': b'-- Up-to-date symlink: /convince_ws/install/pyrobosim_msgs/include/pyrobosim_msgs/pyrobosim_msgs/msg/detail/world_info__rosidl_typesupport_introspection_c.h\n'}
[0.278247] (pyrobosim_msgs) StdoutLine: {'line': b'-- Up-to-date symlink: /convince_ws/install/pyrobosim_msgs/include/pyrobosim_msgs/pyrobosim_msgs/msg/detail/world_state__rosidl_typesupport_introspection_c.h\n'}
[0.278296] (overarching_msgs) StdoutLine: {'line': b'-- Up-to-date symlink: /convince_ws/install/overarching_msgs/share/overarching_msgs/environment/library_path.dsv\n'}
[0.278345] (pyrobosim_msgs) StdoutLine: {'line': b'-- Up-to-date symlink: /convince_ws/install/pyrobosim_msgs/include/pyrobosim_msgs/pyrobosim_msgs/msg/rosidl_typesupport_introspection_c__visibility_control.h\n'}
[0.278394] (pyrobosim_msgs) StdoutLine: {'line': b'-- Up-to-date symlink: /convince_ws/install/pyrobosim_msgs/include/pyrobosim_msgs/pyrobosim_msgs/srv/detail/request_world_info__rosidl_typesupport_introspection_c.h\n'}
[0.278444] (pyrobosim_msgs) StdoutLine: {'line': b'-- Up-to-date symlink: /convince_ws/install/pyrobosim_msgs/include/pyrobosim_msgs/pyrobosim_msgs/srv/detail/request_world_state__rosidl_typesupport_introspection_c.h\n'}
[0.278573] (overarching_msgs) StdoutLine: {'line': b'-- Up-to-date symlink: /convince_ws/install/overarching_msgs/include/overarching_msgs/overarching_msgs/action/detail/detect__rosidl_typesupport_fastrtps_c.h\n'}
[0.278631] (overarching_msgs) StdoutLine: {'line': b'-- Up-to-date symlink: /convince_ws/install/overarching_msgs/include/overarching_msgs/overarching_msgs/action/detail/navigate__rosidl_typesupport_fastrtps_c.h\n'}
[0.278703] (overarching_msgs) StdoutLine: {'line': b'-- Up-to-date symlink: /convince_ws/install/overarching_msgs/include/overarching_msgs/overarching_msgs/action/detail/pick__rosidl_typesupport_fastrtps_c.h\n'}
[0.278755] (pyrobosim_msgs) StdoutLine: {'line': b'-- Up-to-date symlink: /convince_ws/install/pyrobosim_msgs/include/pyrobosim_msgs/pyrobosim_msgs/srv/detail/reset_world__rosidl_typesupport_introspection_c.h\n'}
[0.278807] (pyrobosim_msgs) StdoutLine: {'line': b'-- Up-to-date symlink: /convince_ws/install/pyrobosim_msgs/include/pyrobosim_msgs/pyrobosim_msgs/srv/detail/set_location_state__rosidl_typesupport_introspection_c.h\n'}
[0.278858] (overarching_msgs) StdoutLine: {'line': b'-- Up-to-date symlink: /convince_ws/install/overarching_msgs/include/overarching_msgs/overarching_msgs/action/detail/place__rosidl_typesupport_fastrtps_c.h\n'}
[0.278908] (overarching_msgs) StdoutLine: {'line': b'-- Up-to-date symlink: /convince_ws/install/overarching_msgs/include/overarching_msgs/overarching_msgs/msg/detail/location__rosidl_typesupport_fastrtps_c.h\n'}
[0.278958] (overarching_msgs) StdoutLine: {'line': b'-- Up-to-date symlink: /convince_ws/install/overarching_msgs/include/overarching_msgs/overarching_msgs/msg/rosidl_typesupport_fastrtps_c__visibility_control.h\n'}
[0.279007] (pyrobosim_msgs) StdoutLine: {'line': b'-- Up-to-date symlink: /convince_ws/install/pyrobosim_msgs/include/pyrobosim_msgs/pyrobosim_msgs/action/detail/detect_objects__rosidl_typesupport_introspection_cpp.hpp\n'}
[0.279065] (pyrobosim_msgs) StdoutLine: {'line': b'-- Up-to-date symlink: /convince_ws/install/pyrobosim_msgs/include/pyrobosim_msgs/pyrobosim_msgs/action/detail/execute_task_action__rosidl_typesupport_introspection_cpp.hpp\n'}
[0.279117] (pyrobosim_msgs) StdoutLine: {'line': b'-- Up-to-date symlink: /convince_ws/install/pyrobosim_msgs/include/pyrobosim_msgs/pyrobosim_msgs/action/detail/execute_task_plan__rosidl_typesupport_introspection_cpp.hpp\n'}
[0.279167] (pyrobosim_msgs) StdoutLine: {'line': b'-- Up-to-date symlink: /convince_ws/install/pyrobosim_msgs/include/pyrobosim_msgs/pyrobosim_msgs/action/detail/follow_path__rosidl_typesupport_introspection_cpp.hpp\n'}
[0.279217] (pyrobosim_msgs) StdoutLine: {'line': b'-- Up-to-date symlink: /convince_ws/install/pyrobosim_msgs/include/pyrobosim_msgs/pyrobosim_msgs/action/detail/plan_path__rosidl_typesupport_introspection_cpp.hpp\n'}
[0.279266] (pyrobosim_msgs) StdoutLine: {'line': b'-- Up-to-date symlink: /convince_ws/install/pyrobosim_msgs/include/pyrobosim_msgs/pyrobosim_msgs/msg/detail/execution_result__rosidl_typesupport_introspection_cpp.hpp\n'}
[0.279316] (overarching_msgs) StdoutLine: {'line': b'-- Up-to-date symlink: /convince_ws/install/overarching_msgs/include/overarching_msgs/overarching_msgs/action/detail/detect__rosidl_typesupport_introspection_c.h\n'}
[0.279365] (overarching_msgs) StdoutLine: {'line': b'-- Up-to-date symlink: /convince_ws/install/overarching_msgs/include/overarching_msgs/overarching_msgs/action/detail/navigate__rosidl_typesupport_introspection_c.h\n'}
[0.279414] (pyrobosim_msgs) StdoutLine: {'line': b'-- Up-to-date symlink: /convince_ws/install/pyrobosim_msgs/include/pyrobosim_msgs/pyrobosim_msgs/msg/detail/goal_predicate__rosidl_typesupport_introspection_cpp.hpp\n'}
[0.279462] (pyrobosim_msgs) StdoutLine: {'line': b'-- Up-to-date symlink: /convince_ws/install/pyrobosim_msgs/include/pyrobosim_msgs/pyrobosim_msgs/msg/detail/goal_specification__rosidl_typesupport_introspection_cpp.hpp\n'}
[0.279617] (pyrobosim_msgs) StdoutLine: {'line': b'-- Up-to-date symlink: /convince_ws/install/pyrobosim_msgs/include/pyrobosim_msgs/pyrobosim_msgs/msg/detail/hallway_state__rosidl_typesupport_introspection_cpp.hpp\n'}
[0.279703] (overarching_msgs) StdoutLine: {'line': b'-- Up-to-date symlink: /convince_ws/install/overarching_msgs/include/overarching_msgs/overarching_msgs/action/detail/pick__rosidl_typesupport_introspection_c.h\n'}
[0.279777] (overarching_msgs) StdoutLine: {'line': b'-- Up-to-date symlink: /convince_ws/install/overarching_msgs/include/overarching_msgs/overarching_msgs/action/detail/place__rosidl_typesupport_introspection_c.h\n'}
[0.279827] (overarching_msgs) StdoutLine: {'line': b'-- Up-to-date symlink: /convince_ws/install/overarching_msgs/include/overarching_msgs/overarching_msgs/msg/detail/location__rosidl_typesupport_introspection_c.h\n'}
[0.279878] (pyrobosim_msgs) StdoutLine: {'line': b'-- Up-to-date symlink: /convince_ws/install/pyrobosim_msgs/include/pyrobosim_msgs/pyrobosim_msgs/msg/detail/location_state__rosidl_typesupport_introspection_cpp.hpp\n'}
[0.279927] (pyrobosim_msgs) StdoutLine: {'line': b'-- Up-to-date symlink: /convince_ws/install/pyrobosim_msgs/include/pyrobosim_msgs/pyrobosim_msgs/msg/detail/object_state__rosidl_typesupport_introspection_cpp.hpp\n'}
[0.279978] (overarching_msgs) StdoutLine: {'line': b'-- Up-to-date symlink: /convince_ws/install/overarching_msgs/include/overarching_msgs/overarching_msgs/msg/rosidl_typesupport_introspection_c__visibility_control.h\n'}
[0.280032] (overarching_msgs) StdoutLine: {'line': b'-- Up-to-date symlink: /convince_ws/install/overarching_msgs/include/overarching_msgs/overarching_msgs/action/detail/detect__builder.hpp\n'}
[0.280113] (overarching_msgs) StdoutLine: {'line': b'-- Up-to-date symlink: /convince_ws/install/overarching_msgs/include/overarching_msgs/overarching_msgs/action/detail/detect__struct.hpp\n'}
[0.280165] (btcpp_ros2_interfaces) CommandEnded: {'returncode': 0}
[0.280370] (pyrobosim_msgs) StdoutLine: {'line': b'-- Up-to-date symlink: /convince_ws/install/pyrobosim_msgs/include/pyrobosim_msgs/pyrobosim_msgs/msg/detail/path__rosidl_typesupport_introspection_cpp.hpp\n'}
[0.280465] (pyrobosim_msgs) StdoutLine: {'line': b'-- Up-to-date symlink: /convince_ws/install/pyrobosim_msgs/include/pyrobosim_msgs/pyrobosim_msgs/msg/detail/robot_state__rosidl_typesupport_introspection_cpp.hpp\n'}
[0.280519] (pyrobosim_msgs) StdoutLine: {'line': b'-- Up-to-date symlink: /convince_ws/install/pyrobosim_msgs/include/pyrobosim_msgs/pyrobosim_msgs/msg/detail/task_action__rosidl_typesupport_introspection_cpp.hpp\n'}
[0.280571] (pyrobosim_msgs) StdoutLine: {'line': b'-- Up-to-date symlink: /convince_ws/install/pyrobosim_msgs/include/pyrobosim_msgs/pyrobosim_msgs/msg/detail/task_plan__rosidl_typesupport_introspection_cpp.hpp\n'}
[0.280622] (pyrobosim_msgs) StdoutLine: {'line': b'-- Up-to-date symlink: /convince_ws/install/pyrobosim_msgs/include/pyrobosim_msgs/pyrobosim_msgs/msg/detail/world_info__rosidl_typesupport_introspection_cpp.hpp\n'}
[0.280672] (overarching_msgs) StdoutLine: {'line': b'-- Up-to-date symlink: /convince_ws/install/overarching_msgs/include/overarching_msgs/overarching_msgs/action/detail/detect__traits.hpp\n'}
[0.280762] (overarching_msgs) StdoutLine: {'line': b'-- Up-to-date symlink: /convince_ws/install/overarching_msgs/include/overarching_msgs/overarching_msgs/action/detail/detect__type_support.hpp\n'}
[0.280817] (overarching_msgs) StdoutLine: {'line': b'-- Up-to-date symlink: /convince_ws/install/overarching_msgs/include/overarching_msgs/overarching_msgs/action/detail/navigate__builder.hpp\n'}
[0.280868] (overarching_msgs) StdoutLine: {'line': b'-- Up-to-date symlink: /convince_ws/install/overarching_msgs/include/overarching_msgs/overarching_msgs/action/detail/navigate__struct.hpp\n'}
[0.280920] (overarching_msgs) StdoutLine: {'line': b'-- Up-to-date symlink: /convince_ws/install/overarching_msgs/include/overarching_msgs/overarching_msgs/action/detail/navigate__traits.hpp\n'}
[0.280966] (pyrobosim_msgs) StdoutLine: {'line': b'-- Up-to-date symlink: /convince_ws/install/pyrobosim_msgs/include/pyrobosim_msgs/pyrobosim_msgs/msg/detail/world_state__rosidl_typesupport_introspection_cpp.hpp\n'}
[0.281070] (pyrobosim_msgs) StdoutLine: {'line': b'-- Up-to-date symlink: /convince_ws/install/pyrobosim_msgs/include/pyrobosim_msgs/pyrobosim_msgs/srv/detail/request_world_info__rosidl_typesupport_introspection_cpp.hpp\n'}
[0.281551] (pyrobosim_msgs) StdoutLine: {'line': b'-- Up-to-date symlink: /convince_ws/install/pyrobosim_msgs/include/pyrobosim_msgs/pyrobosim_msgs/srv/detail/request_world_state__rosidl_typesupport_introspection_cpp.hpp\n'}
[0.281613] (pyrobosim_msgs) StdoutLine: {'line': b'-- Up-to-date symlink: /convince_ws/install/pyrobosim_msgs/include/pyrobosim_msgs/pyrobosim_msgs/srv/detail/reset_world__rosidl_typesupport_introspection_cpp.hpp\n'}
[0.281669] (pyrobosim_msgs) StdoutLine: {'line': b'-- Up-to-date symlink: /convince_ws/install/pyrobosim_msgs/include/pyrobosim_msgs/pyrobosim_msgs/srv/detail/set_location_state__rosidl_typesupport_introspection_cpp.hpp\n'}
[0.281722] (pyrobosim_msgs) StdoutLine: {'line': b'-- Up-to-date symlink: /convince_ws/install/pyrobosim_msgs/share/pyrobosim_msgs/environment/pythonpath.sh\n'}
[0.281769] (pyrobosim_msgs) StdoutLine: {'line': b'-- Up-to-date symlink: /convince_ws/install/pyrobosim_msgs/share/pyrobosim_msgs/environment/pythonpath.dsv\n'}
[0.281814] (overarching_msgs) StdoutLine: {'line': b'-- Up-to-date symlink: /convince_ws/install/overarching_msgs/include/overarching_msgs/overarching_msgs/action/detail/navigate__type_support.hpp\n'}
[0.281885] (overarching_msgs) StdoutLine: {'line': b'-- Up-to-date symlink: /convince_ws/install/overarching_msgs/include/overarching_msgs/overarching_msgs/action/detail/pick__builder.hpp\n'}
[0.281995] (overarching_msgs) StdoutLine: {'line': b'-- Up-to-date symlink: /convince_ws/install/overarching_msgs/include/overarching_msgs/overarching_msgs/action/detail/pick__struct.hpp\n'}
[0.282047] (overarching_msgs) StdoutLine: {'line': b'-- Up-to-date symlink: /convince_ws/install/overarching_msgs/include/overarching_msgs/overarching_msgs/action/detail/pick__traits.hpp\n'}
[0.282079] (pyrobosim_msgs) StdoutLine: {'line': b'-- Up-to-date symlink: /convince_ws/install/pyrobosim_msgs/lib/python3.12/site-packages/pyrobosim_msgs-4.3.3-py3.12.egg-info/PKG-INFO\n'}
[0.282141] (overarching_msgs) StdoutLine: {'line': b'-- Up-to-date symlink: /convince_ws/install/overarching_msgs/include/overarching_msgs/overarching_msgs/action/detail/pick__type_support.hpp\n'}
[0.282172] (pyrobosim_msgs) StdoutLine: {'line': b'-- Up-to-date symlink: /convince_ws/install/pyrobosim_msgs/lib/python3.12/site-packages/pyrobosim_msgs-4.3.3-py3.12.egg-info/SOURCES.txt\n'}
[0.282202] (overarching_msgs) StdoutLine: {'line': b'-- Up-to-date symlink: /convince_ws/install/overarching_msgs/include/overarching_msgs/overarching_msgs/action/detail/place__builder.hpp\n'}
[0.282230] (overarching_msgs) StdoutLine: {'line': b'-- Up-to-date symlink: /convince_ws/install/overarching_msgs/include/overarching_msgs/overarching_msgs/action/detail/place__struct.hpp\n'}
[0.282258] (pyrobosim_msgs) StdoutLine: {'line': b'-- Up-to-date symlink: /convince_ws/install/pyrobosim_msgs/lib/python3.12/site-packages/pyrobosim_msgs-4.3.3-py3.12.egg-info/dependency_links.txt\n'}
[0.282286] (pyrobosim_msgs) StdoutLine: {'line': b'-- Up-to-date symlink: /convince_ws/install/pyrobosim_msgs/lib/python3.12/site-packages/pyrobosim_msgs-4.3.3-py3.12.egg-info/top_level.txt\n'}
[0.282315] (overarching_msgs) StdoutLine: {'line': b'-- Up-to-date symlink: /convince_ws/install/overarching_msgs/include/overarching_msgs/overarching_msgs/action/detail/place__traits.hpp\n'}
[0.282344] (overarching_msgs) StdoutLine: {'line': b'-- Up-to-date symlink: /convince_ws/install/overarching_msgs/include/overarching_msgs/overarching_msgs/action/detail/place__type_support.hpp\n'}
[0.282372] (overarching_msgs) StdoutLine: {'line': b'-- Up-to-date symlink: /convince_ws/install/overarching_msgs/include/overarching_msgs/overarching_msgs/action/detect.hpp\n'}
[0.282400] (overarching_msgs) StdoutLine: {'line': b'-- Up-to-date symlink: /convince_ws/install/overarching_msgs/include/overarching_msgs/overarching_msgs/action/navigate.hpp\n'}
[0.282453] (overarching_msgs) StdoutLine: {'line': b'-- Up-to-date symlink: /convince_ws/install/overarching_msgs/include/overarching_msgs/overarching_msgs/action/pick.hpp\n'}
[0.282481] (overarching_msgs) StdoutLine: {'line': b'-- Up-to-date symlink: /convince_ws/install/overarching_msgs/include/overarching_msgs/overarching_msgs/action/place.hpp\n'}
[0.282509] (overarching_msgs) StdoutLine: {'line': b'-- Up-to-date symlink: /convince_ws/install/overarching_msgs/include/overarching_msgs/overarching_msgs/msg/detail/location__builder.hpp\n'}
[0.282538] (overarching_msgs) StdoutLine: {'line': b'-- Up-to-date symlink: /convince_ws/install/overarching_msgs/include/overarching_msgs/overarching_msgs/msg/detail/location__struct.hpp\n'}
[0.282567] (overarching_msgs) StdoutLine: {'line': b'-- Up-to-date symlink: /convince_ws/install/overarching_msgs/include/overarching_msgs/overarching_msgs/msg/detail/location__traits.hpp\n'}
[0.282596] (overarching_msgs) StdoutLine: {'line': b'-- Up-to-date symlink: /convince_ws/install/overarching_msgs/include/overarching_msgs/overarching_msgs/msg/detail/location__type_support.hpp\n'}
[0.282624] (overarching_msgs) StdoutLine: {'line': b'-- Up-to-date symlink: /convince_ws/install/overarching_msgs/include/overarching_msgs/overarching_msgs/msg/location.hpp\n'}
[0.282651] (overarching_msgs) StdoutLine: {'line': b'-- Up-to-date symlink: /convince_ws/install/overarching_msgs/include/overarching_msgs/overarching_msgs/msg/rosidl_generator_cpp__visibility_control.hpp\n'}
[0.282680] (btcpp_ros2_interfaces) JobProgress: {'identifier': 'btcpp_ros2_interfaces', 'progress': 'install'}
[0.282688] (pyrobosim_msgs) StdoutLine: {'line': b'-- Up-to-date symlink: /convince_ws/install/pyrobosim_msgs/lib/python3.12/site-packages/pyrobosim_msgs/__init__.py\n'}
[0.282718] (pyrobosim_msgs) StdoutLine: {'line': b'-- Up-to-date symlink: /convince_ws/install/pyrobosim_msgs/lib/python3.12/site-packages/pyrobosim_msgs/_pyrobosim_msgs_s.ep.rosidl_typesupport_c.c\n'}
[0.282746] (pyrobosim_msgs) StdoutLine: {'line': b'-- Up-to-date symlink: /convince_ws/install/pyrobosim_msgs/lib/python3.12/site-packages/pyrobosim_msgs/_pyrobosim_msgs_s.ep.rosidl_typesupport_fastrtps_c.c\n'}
[0.282773] (pyrobosim_msgs) StdoutLine: {'line': b'-- Up-to-date symlink: /convince_ws/install/pyrobosim_msgs/lib/python3.12/site-packages/pyrobosim_msgs/_pyrobosim_msgs_s.ep.rosidl_typesupport_introspection_c.c\n'}
[0.282801] (pyrobosim_msgs) StdoutLine: {'line': b'-- Up-to-date symlink: /convince_ws/install/pyrobosim_msgs/lib/python3.12/site-packages/pyrobosim_msgs/action/__init__.py\n'}
[0.282828] (overarching_msgs) StdoutLine: {'line': b'-- Up-to-date symlink: /convince_ws/install/overarching_msgs/include/overarching_msgs/overarching_msgs/action/detail/detect__rosidl_typesupport_fastrtps_cpp.hpp\n'}
[0.282856] (overarching_msgs) StdoutLine: {'line': b'-- Up-to-date symlink: /convince_ws/install/overarching_msgs/include/overarching_msgs/overarching_msgs/action/detail/navigate__rosidl_typesupport_fastrtps_cpp.hpp\n'}
[0.282883] (overarching_msgs) StdoutLine: {'line': b'-- Up-to-date symlink: /convince_ws/install/overarching_msgs/include/overarching_msgs/overarching_msgs/action/detail/pick__rosidl_typesupport_fastrtps_cpp.hpp\n'}
[0.282931] (pyrobosim_msgs) StdoutLine: {'line': b'-- Up-to-date symlink: /convince_ws/install/pyrobosim_msgs/lib/python3.12/site-packages/pyrobosim_msgs/action/_detect_objects.py\n'}
[0.282964] (overarching_msgs) StdoutLine: {'line': b'-- Up-to-date symlink: /convince_ws/install/overarching_msgs/include/overarching_msgs/overarching_msgs/action/detail/place__rosidl_typesupport_fastrtps_cpp.hpp\n'}
[0.282993] (overarching_msgs) StdoutLine: {'line': b'-- Up-to-date symlink: /convince_ws/install/overarching_msgs/include/overarching_msgs/overarching_msgs/msg/detail/location__rosidl_typesupport_fastrtps_cpp.hpp\n'}
[0.283032] (pyrobosim_msgs) StdoutLine: {'line': b'-- Up-to-date symlink: /convince_ws/install/pyrobosim_msgs/lib/python3.12/site-packages/pyrobosim_msgs/action/_detect_objects_s.c\n'}
[0.283112] (pyrobosim_msgs) StdoutLine: {'line': b'-- Up-to-date symlink: /convince_ws/install/pyrobosim_msgs/lib/python3.12/site-packages/pyrobosim_msgs/action/_execute_task_action.py\n'}
[0.283141] (pyrobosim_msgs) StdoutLine: {'line': b'-- Up-to-date symlink: /convince_ws/install/pyrobosim_msgs/lib/python3.12/site-packages/pyrobosim_msgs/action/_execute_task_action_s.c\n'}
[0.283240] (overarching_msgs) StdoutLine: {'line': b'-- Up-to-date symlink: /convince_ws/install/overarching_msgs/include/overarching_msgs/overarching_msgs/msg/rosidl_typesupport_fastrtps_cpp__visibility_control.h\n'}
[0.283272] (pyrobosim_msgs) StdoutLine: {'line': b'-- Up-to-date symlink: /convince_ws/install/pyrobosim_msgs/lib/python3.12/site-packages/pyrobosim_msgs/action/_execute_task_plan.py\n'}
[0.283300] (pyrobosim_msgs) StdoutLine: {'line': b'-- Up-to-date symlink: /convince_ws/install/pyrobosim_msgs/lib/python3.12/site-packages/pyrobosim_msgs/action/_execute_task_plan_s.c\n'}
[0.283330] (btcpp_ros2_interfaces) Command: {'cmd': ['/usr/bin/cmake', '--install', '/convince_ws/build/btcpp_ros2_interfaces'], 'cwd': '/convince_ws/build/btcpp_ros2_interfaces', 'env': OrderedDict({'PYTHONWARNINGS': 'ignore:setup.py install is deprecated,ignore:easy_install command is deprecated', 'HOSTNAME': 'b06978b1e607', 'SHLVL': '1', 'LD_LIBRARY_PATH': '/opt/ros/jazzy/opt/zmqpp_vendor/lib:/opt/ros/jazzy/lib/x86_64-linux-gnu:/opt/ros/jazzy/lib', 'HOME': '/root', 'OLDPWD': '/convince_ws', 'ROS_PYTHON_VERSION': '3', 'ROS_DISTRO': 'jazzy', '_': '/usr/bin/colcon', 'ROS_VERSION': '2', 'TERM': 'xterm', 'QT_X11_NO_MITSHM': '1', 'PATH': '/opt/ros/jazzy/bin:/usr/local/sbin:/usr/local/bin:/usr/sbin:/usr/bin:/sbin:/bin', 'DISPLAY': ':1', 'LANG': 'C.UTF-8', 'AMENT_PREFIX_PATH': '/opt/ros/jazzy', 'ROS_WS': '/convince_ws', 'ROS_AUTOMATIC_DISCOVERY_RANGE': 'SUBNET', 'PWD': '/convince_ws/build/btcpp_ros2_interfaces', 'LC_ALL': 'C.UTF-8', 'PYTHONPATH': '/opt/ros/jazzy/lib/python3.12/site-packages', 'COLCON': '1', 'CMAKE_PREFIX_PATH': '/opt/ros/jazzy'}), 'shell': False}
[0.283492] (pyrobosim_msgs) StdoutLine: {'line': b'-- Up-to-date symlink: /convince_ws/install/pyrobosim_msgs/lib/python3.12/site-packages/pyrobosim_msgs/action/_follow_path.py\n'}
[0.283534] (pyrobosim_msgs) StdoutLine: {'line': b'-- Up-to-date symlink: /convince_ws/install/pyrobosim_msgs/lib/python3.12/site-packages/pyrobosim_msgs/action/_follow_path_s.c\n'}
[0.283564] (pyrobosim_msgs) StdoutLine: {'line': b'-- Up-to-date symlink: /convince_ws/install/pyrobosim_msgs/lib/python3.12/site-packages/pyrobosim_msgs/action/_plan_path.py\n'}
[0.283593] (pyrobosim_msgs) StdoutLine: {'line': b'-- Up-to-date symlink: /convince_ws/install/pyrobosim_msgs/lib/python3.12/site-packages/pyrobosim_msgs/action/_plan_path_s.c\n'}
[0.283620] (pyrobosim_msgs) StdoutLine: {'line': b'-- Up-to-date symlink: /convince_ws/install/pyrobosim_msgs/lib/python3.12/site-packages/pyrobosim_msgs/msg/__init__.py\n'}
[0.283647] (pyrobosim_msgs) StdoutLine: {'line': b'-- Up-to-date symlink: /convince_ws/install/pyrobosim_msgs/lib/python3.12/site-packages/pyrobosim_msgs/msg/_execution_result.py\n'}
[0.283675] (overarching_msgs) StdoutLine: {'line': b'-- Up-to-date symlink: /convince_ws/install/overarching_msgs/include/overarching_msgs/overarching_msgs/action/detail/detect__rosidl_typesupport_introspection_cpp.hpp\n'}
[0.283703] (overarching_msgs) StdoutLine: {'line': b'-- Up-to-date symlink: /convince_ws/install/overarching_msgs/include/overarching_msgs/overarching_msgs/action/detail/navigate__rosidl_typesupport_introspection_cpp.hpp\n'}
[0.283731] (overarching_msgs) StdoutLine: {'line': b'-- Up-to-date symlink: /convince_ws/install/overarching_msgs/include/overarching_msgs/overarching_msgs/action/detail/pick__rosidl_typesupport_introspection_cpp.hpp\n'}
[0.283759] (overarching_msgs) StdoutLine: {'line': b'-- Up-to-date symlink: /convince_ws/install/overarching_msgs/include/overarching_msgs/overarching_msgs/action/detail/place__rosidl_typesupport_introspection_cpp.hpp\n'}
[0.283787] (pyrobosim_msgs) StdoutLine: {'line': b'-- Up-to-date symlink: /convince_ws/install/pyrobosim_msgs/lib/python3.12/site-packages/pyrobosim_msgs/msg/_execution_result_s.c\n'}
[0.283861] (pyrobosim_msgs) StdoutLine: {'line': b'-- Up-to-date symlink: /convince_ws/install/pyrobosim_msgs/lib/python3.12/site-packages/pyrobosim_msgs/msg/_goal_predicate.py\n'}
[0.283890] (overarching_msgs) StdoutLine: {'line': b'-- Up-to-date symlink: /convince_ws/install/overarching_msgs/include/overarching_msgs/overarching_msgs/msg/detail/location__rosidl_typesupport_introspection_cpp.hpp\n'}
[0.284066] (pyrobosim_msgs) StdoutLine: {'line': b'-- Up-to-date symlink: /convince_ws/install/pyrobosim_msgs/lib/python3.12/site-packages/pyrobosim_msgs/msg/_goal_predicate_s.c\n'}
[0.284099] (overarching_msgs) StdoutLine: {'line': b'-- Up-to-date symlink: /convince_ws/install/overarching_msgs/share/overarching_msgs/environment/pythonpath.sh\n'}
[0.284128] (pyrobosim_msgs) StdoutLine: {'line': b'-- Up-to-date symlink: /convince_ws/install/pyrobosim_msgs/lib/python3.12/site-packages/pyrobosim_msgs/msg/_goal_specification.py\n'}
[0.284157] (overarching_msgs) StdoutLine: {'line': b'-- Up-to-date symlink: /convince_ws/install/overarching_msgs/share/overarching_msgs/environment/pythonpath.dsv\n'}
[0.284186] (pyrobosim_msgs) StdoutLine: {'line': b'-- Up-to-date symlink: /convince_ws/install/pyrobosim_msgs/lib/python3.12/site-packages/pyrobosim_msgs/msg/_goal_specification_s.c\n'}
[0.284214] (pyrobosim_msgs) StdoutLine: {'line': b'-- Up-to-date symlink: /convince_ws/install/pyrobosim_msgs/lib/python3.12/site-packages/pyrobosim_msgs/msg/_hallway_state.py\n'}
[0.284241] (pyrobosim_msgs) StdoutLine: {'line': b'-- Up-to-date symlink: /convince_ws/install/pyrobosim_msgs/lib/python3.12/site-packages/pyrobosim_msgs/msg/_hallway_state_s.c\n'}
[0.284269] (pyrobosim_msgs) StdoutLine: {'line': b'-- Up-to-date symlink: /convince_ws/install/pyrobosim_msgs/lib/python3.12/site-packages/pyrobosim_msgs/msg/_location_state.py\n'}
[0.284296] (pyrobosim_msgs) StdoutLine: {'line': b'-- Up-to-date symlink: /convince_ws/install/pyrobosim_msgs/lib/python3.12/site-packages/pyrobosim_msgs/msg/_location_state_s.c\n'}
[0.284324] (pyrobosim_msgs) StdoutLine: {'line': b'-- Up-to-date symlink: /convince_ws/install/pyrobosim_msgs/lib/python3.12/site-packages/pyrobosim_msgs/msg/_object_state.py\n'}
[0.284352] (pyrobosim_msgs) StdoutLine: {'line': b'-- Up-to-date symlink: /convince_ws/install/pyrobosim_msgs/lib/python3.12/site-packages/pyrobosim_msgs/msg/_object_state_s.c\n'}
[0.284380] (pyrobosim_msgs) StdoutLine: {'line': b'-- Up-to-date symlink: /convince_ws/install/pyrobosim_msgs/lib/python3.12/site-packages/pyrobosim_msgs/msg/_path.py\n'}
[0.284408] (overarching_msgs) StdoutLine: {'line': b'-- Up-to-date symlink: /convince_ws/install/overarching_msgs/lib/python3.12/site-packages/overarching_msgs-0.0.0-py3.12.egg-info/PKG-INFO\n'}
[0.284437] (overarching_msgs) StdoutLine: {'line': b'-- Up-to-date symlink: /convince_ws/install/overarching_msgs/lib/python3.12/site-packages/overarching_msgs-0.0.0-py3.12.egg-info/SOURCES.txt\n'}
[0.284465] (overarching_msgs) StdoutLine: {'line': b'-- Up-to-date symlink: /convince_ws/install/overarching_msgs/lib/python3.12/site-packages/overarching_msgs-0.0.0-py3.12.egg-info/dependency_links.txt\n'}
[0.284492] (overarching_msgs) StdoutLine: {'line': b'-- Up-to-date symlink: /convince_ws/install/overarching_msgs/lib/python3.12/site-packages/overarching_msgs-0.0.0-py3.12.egg-info/top_level.txt\n'}
[0.284520] (pyrobosim_msgs) StdoutLine: {'line': b'-- Up-to-date symlink: /convince_ws/install/pyrobosim_msgs/lib/python3.12/site-packages/pyrobosim_msgs/msg/_path_s.c\n'}
[0.284548] (pyrobosim_msgs) StdoutLine: {'line': b'-- Up-to-date symlink: /convince_ws/install/pyrobosim_msgs/lib/python3.12/site-packages/pyrobosim_msgs/msg/_robot_state.py\n'}
[0.284575] (pyrobosim_msgs) StdoutLine: {'line': b'-- Up-to-date symlink: /convince_ws/install/pyrobosim_msgs/lib/python3.12/site-packages/pyrobosim_msgs/msg/_robot_state_s.c\n'}
[0.284604] (pyrobosim_msgs) StdoutLine: {'line': b'-- Up-to-date symlink: /convince_ws/install/pyrobosim_msgs/lib/python3.12/site-packages/pyrobosim_msgs/msg/_task_action.py\n'}
[0.284641] (pyrobosim_msgs) StdoutLine: {'line': b'-- Up-to-date symlink: /convince_ws/install/pyrobosim_msgs/lib/python3.12/site-packages/pyrobosim_msgs/msg/_task_action_s.c\n'}
[0.284670] (pyrobosim_msgs) StdoutLine: {'line': b'-- Up-to-date symlink: /convince_ws/install/pyrobosim_msgs/lib/python3.12/site-packages/pyrobosim_msgs/msg/_task_plan.py\n'}
[0.284698] (pyrobosim_msgs) StdoutLine: {'line': b'-- Up-to-date symlink: /convince_ws/install/pyrobosim_msgs/lib/python3.12/site-packages/pyrobosim_msgs/msg/_task_plan_s.c\n'}
[0.284727] (pyrobosim_msgs) StdoutLine: {'line': b'-- Up-to-date symlink: /convince_ws/install/pyrobosim_msgs/lib/python3.12/site-packages/pyrobosim_msgs/msg/_world_info.py\n'}
[0.284755] (overarching_msgs) StdoutLine: {'line': b'-- Up-to-date symlink: /convince_ws/install/overarching_msgs/lib/python3.12/site-packages/overarching_msgs/__init__.py\n'}
[0.284783] (pyrobosim_msgs) StdoutLine: {'line': b'-- Up-to-date symlink: /convince_ws/install/pyrobosim_msgs/lib/python3.12/site-packages/pyrobosim_msgs/msg/_world_info_s.c\n'}
[0.284811] (pyrobosim_msgs) StdoutLine: {'line': b'-- Up-to-date symlink: /convince_ws/install/pyrobosim_msgs/lib/python3.12/site-packages/pyrobosim_msgs/msg/_world_state.py\n'}
[0.284839] (overarching_msgs) StdoutLine: {'line': b'-- Up-to-date symlink: /convince_ws/install/overarching_msgs/lib/python3.12/site-packages/overarching_msgs/_overarching_msgs_s.ep.rosidl_typesupport_c.c\n'}
[0.284866] (pyrobosim_msgs) StdoutLine: {'line': b'-- Up-to-date symlink: /convince_ws/install/pyrobosim_msgs/lib/python3.12/site-packages/pyrobosim_msgs/msg/_world_state_s.c\n'}
[0.284894] (pyrobosim_msgs) StdoutLine: {'line': b'-- Up-to-date symlink: /convince_ws/install/pyrobosim_msgs/lib/python3.12/site-packages/pyrobosim_msgs/pyrobosim_msgs_s__rosidl_typesupport_c.so\n'}
[0.284934] (pyrobosim_msgs) StdoutLine: {'line': b'-- Up-to-date symlink: /convince_ws/install/pyrobosim_msgs/lib/python3.12/site-packages/pyrobosim_msgs/pyrobosim_msgs_s__rosidl_typesupport_fastrtps_c.so\n'}
[0.284964] (pyrobosim_msgs) StdoutLine: {'line': b'-- Up-to-date symlink: /convince_ws/install/pyrobosim_msgs/lib/python3.12/site-packages/pyrobosim_msgs/pyrobosim_msgs_s__rosidl_typesupport_introspection_c.so\n'}
[0.284996] (pyrobosim_msgs) StdoutLine: {'line': b'-- Up-to-date symlink: /convince_ws/install/pyrobosim_msgs/lib/python3.12/site-packages/pyrobosim_msgs/srv/__init__.py\n'}
[0.285030] (pyrobosim_msgs) StdoutLine: {'line': b'-- Up-to-date symlink: /convince_ws/install/pyrobosim_msgs/lib/python3.12/site-packages/pyrobosim_msgs/srv/_request_world_info.py\n'}
[0.285062] (pyrobosim_msgs) StdoutLine: {'line': b'-- Up-to-date symlink: /convince_ws/install/pyrobosim_msgs/lib/python3.12/site-packages/pyrobosim_msgs/srv/_request_world_info_s.c\n'}
[0.285092] (pyrobosim_msgs) StdoutLine: {'line': b'-- Up-to-date symlink: /convince_ws/install/pyrobosim_msgs/lib/python3.12/site-packages/pyrobosim_msgs/srv/_request_world_state.py\n'}
[0.285122] (pyrobosim_msgs) StdoutLine: {'line': b'-- Up-to-date symlink: /convince_ws/install/pyrobosim_msgs/lib/python3.12/site-packages/pyrobosim_msgs/srv/_request_world_state_s.c\n'}
[0.285150] (pyrobosim_msgs) StdoutLine: {'line': b'-- Up-to-date symlink: /convince_ws/install/pyrobosim_msgs/lib/python3.12/site-packages/pyrobosim_msgs/srv/_reset_world.py\n'}
[0.285178] (pyrobosim_msgs) StdoutLine: {'line': b'-- Up-to-date symlink: /convince_ws/install/pyrobosim_msgs/lib/python3.12/site-packages/pyrobosim_msgs/srv/_reset_world_s.c\n'}
[0.285205] (pyrobosim_msgs) StdoutLine: {'line': b'-- Up-to-date symlink: /convince_ws/install/pyrobosim_msgs/lib/python3.12/site-packages/pyrobosim_msgs/srv/_set_location_state.py\n'}
[0.285233] (pyrobosim_msgs) StdoutLine: {'line': b'-- Up-to-date symlink: /convince_ws/install/pyrobosim_msgs/lib/python3.12/site-packages/pyrobosim_msgs/srv/_set_location_state_s.c\n'}
[0.285260] (pyrobosim_msgs) StdoutLine: {'line': b'-- Up-to-date symlink: /convince_ws/install/pyrobosim_msgs/lib/python3.12/site-packages/pyrobosim_msgs/pyrobosim_msgs_s__rosidl_typesupport_fastrtps_c.so\n'}
[0.285299] (pyrobosim_msgs) StdoutLine: {'line': b'-- Up-to-date symlink: /convince_ws/install/pyrobosim_msgs/lib/python3.12/site-packages/pyrobosim_msgs/pyrobosim_msgs_s__rosidl_typesupport_introspection_c.so\n'}
[0.285327] (pyrobosim_msgs) StdoutLine: {'line': b'-- Up-to-date symlink: /convince_ws/install/pyrobosim_msgs/lib/python3.12/site-packages/pyrobosim_msgs/pyrobosim_msgs_s__rosidl_typesupport_c.so\n'}
[0.285354] (pyrobosim_msgs) StdoutLine: {'line': b'-- Up-to-date symlink: /convince_ws/install/pyrobosim_msgs/share/pyrobosim_msgs/msg/ExecutionResult.idl\n'}
[0.285382] (pyrobosim_msgs) StdoutLine: {'line': b'-- Up-to-date symlink: /convince_ws/install/pyrobosim_msgs/share/pyrobosim_msgs/msg/GoalPredicate.idl\n'}
[0.285409] (pyrobosim_msgs) StdoutLine: {'line': b'-- Up-to-date symlink: /convince_ws/install/pyrobosim_msgs/share/pyrobosim_msgs/msg/GoalSpecification.idl\n'}
[0.285436] (pyrobosim_msgs) StdoutLine: {'line': b'-- Up-to-date symlink: /convince_ws/install/pyrobosim_msgs/share/pyrobosim_msgs/msg/HallwayState.idl\n'}
[0.285463] (pyrobosim_msgs) StdoutLine: {'line': b'-- Up-to-date symlink: /convince_ws/install/pyrobosim_msgs/share/pyrobosim_msgs/msg/LocationState.idl\n'}
[0.285491] (pyrobosim_msgs) StdoutLine: {'line': b'-- Up-to-date symlink: /convince_ws/install/pyrobosim_msgs/share/pyrobosim_msgs/msg/ObjectState.idl\n'}
[0.285519] (pyrobosim_msgs) StdoutLine: {'line': b'-- Up-to-date symlink: /convince_ws/install/pyrobosim_msgs/share/pyrobosim_msgs/msg/Path.idl\n'}
[0.285549] (pyrobosim_msgs) StdoutLine: {'line': b'-- Up-to-date symlink: /convince_ws/install/pyrobosim_msgs/share/pyrobosim_msgs/msg/RobotState.idl\n'}
[0.285578] (pyrobosim_msgs) StdoutLine: {'line': b'-- Up-to-date symlink: /convince_ws/install/pyrobosim_msgs/share/pyrobosim_msgs/msg/TaskAction.idl\n'}
[0.285607] (pyrobosim_msgs) StdoutLine: {'line': b'-- Up-to-date symlink: /convince_ws/install/pyrobosim_msgs/share/pyrobosim_msgs/msg/TaskPlan.idl\n'}
[0.285637] (pyrobosim_msgs) StdoutLine: {'line': b'-- Up-to-date symlink: /convince_ws/install/pyrobosim_msgs/share/pyrobosim_msgs/msg/WorldInfo.idl\n'}
[0.285666] (pyrobosim_msgs) StdoutLine: {'line': b'-- Up-to-date symlink: /convince_ws/install/pyrobosim_msgs/share/pyrobosim_msgs/msg/WorldState.idl\n'}
[0.285694] (pyrobosim_msgs) StdoutLine: {'line': b'-- Up-to-date symlink: /convince_ws/install/pyrobosim_msgs/share/pyrobosim_msgs/srv/RequestWorldInfo.idl\n'}
[0.285722] (pyrobosim_msgs) StdoutLine: {'line': b'-- Up-to-date symlink: /convince_ws/install/pyrobosim_msgs/share/pyrobosim_msgs/srv/RequestWorldState.idl\n'}
[0.285751] (pyrobosim_msgs) StdoutLine: {'line': b'-- Up-to-date symlink: /convince_ws/install/pyrobosim_msgs/share/pyrobosim_msgs/srv/ResetWorld.idl\n'}
[0.285780] (pyrobosim_msgs) StdoutLine: {'line': b'-- Up-to-date symlink: /convince_ws/install/pyrobosim_msgs/share/pyrobosim_msgs/srv/SetLocationState.idl\n'}
[0.285808] (pyrobosim_msgs) StdoutLine: {'line': b'-- Up-to-date symlink: /convince_ws/install/pyrobosim_msgs/share/pyrobosim_msgs/action/DetectObjects.idl\n'}
[0.285837] (overarching_msgs) StdoutLine: {'line': b'-- Up-to-date symlink: /convince_ws/install/overarching_msgs/lib/python3.12/site-packages/overarching_msgs/_overarching_msgs_s.ep.rosidl_typesupport_fastrtps_c.c\n'}
[0.285869] (overarching_msgs) StdoutLine: {'line': b'-- Up-to-date symlink: /convince_ws/install/overarching_msgs/lib/python3.12/site-packages/overarching_msgs/_overarching_msgs_s.ep.rosidl_typesupport_introspection_c.c\n'}
[0.285898] (overarching_msgs) StdoutLine: {'line': b'-- Up-to-date symlink: /convince_ws/install/overarching_msgs/lib/python3.12/site-packages/overarching_msgs/action/__init__.py\n'}
[0.285927] (overarching_msgs) StdoutLine: {'line': b'-- Up-to-date symlink: /convince_ws/install/overarching_msgs/lib/python3.12/site-packages/overarching_msgs/action/_detect.py\n'}
[0.285956] (overarching_msgs) StdoutLine: {'line': b'-- Up-to-date symlink: /convince_ws/install/overarching_msgs/lib/python3.12/site-packages/overarching_msgs/action/_detect_s.c\n'}
[0.285986] (overarching_msgs) StdoutLine: {'line': b'-- Up-to-date symlink: /convince_ws/install/overarching_msgs/lib/python3.12/site-packages/overarching_msgs/action/_navigate.py\n'}
[0.286017] (overarching_msgs) StdoutLine: {'line': b'-- Up-to-date symlink: /convince_ws/install/overarching_msgs/lib/python3.12/site-packages/overarching_msgs/action/_navigate_s.c\n'}
[0.286046] (overarching_msgs) StdoutLine: {'line': b'-- Up-to-date symlink: /convince_ws/install/overarching_msgs/lib/python3.12/site-packages/overarching_msgs/action/_pick.py\n'}
[0.286073] (overarching_msgs) StdoutLine: {'line': b'-- Up-to-date symlink: /convince_ws/install/overarching_msgs/lib/python3.12/site-packages/overarching_msgs/action/_pick_s.c\n'}
[0.286101] (overarching_msgs) StdoutLine: {'line': b'-- Up-to-date symlink: /convince_ws/install/overarching_msgs/lib/python3.12/site-packages/overarching_msgs/action/_place.py\n'}
[0.286129] (overarching_msgs) StdoutLine: {'line': b'-- Up-to-date symlink: /convince_ws/install/overarching_msgs/lib/python3.12/site-packages/overarching_msgs/action/_place_s.c\n'}
[0.286159] (overarching_msgs) StdoutLine: {'line': b'-- Up-to-date symlink: /convince_ws/install/overarching_msgs/lib/python3.12/site-packages/overarching_msgs/msg/__init__.py\n'}
[0.286186] (overarching_msgs) StdoutLine: {'line': b'-- Up-to-date symlink: /convince_ws/install/overarching_msgs/lib/python3.12/site-packages/overarching_msgs/msg/_location.py\n'}
[0.286212] (overarching_msgs) StdoutLine: {'line': b'-- Up-to-date symlink: /convince_ws/install/overarching_msgs/lib/python3.12/site-packages/overarching_msgs/msg/_location_s.c\n'}
[0.286239] (overarching_msgs) StdoutLine: {'line': b'-- Up-to-date symlink: /convince_ws/install/overarching_msgs/lib/python3.12/site-packages/overarching_msgs/overarching_msgs_s__rosidl_typesupport_c.so\n'}
[0.286267] (overarching_msgs) StdoutLine: {'line': b'-- Up-to-date symlink: /convince_ws/install/overarching_msgs/lib/python3.12/site-packages/overarching_msgs/overarching_msgs_s__rosidl_typesupport_fastrtps_c.so\n'}
[0.286295] (overarching_msgs) StdoutLine: {'line': b'-- Up-to-date symlink: /convince_ws/install/overarching_msgs/lib/python3.12/site-packages/overarching_msgs/overarching_msgs_s__rosidl_typesupport_introspection_c.so\n'}
[0.286322] (overarching_msgs) StdoutLine: {'line': b'-- Up-to-date symlink: /convince_ws/install/overarching_msgs/lib/python3.12/site-packages/overarching_msgs/overarching_msgs_s__rosidl_typesupport_fastrtps_c.so\n'}
[0.286350] (overarching_msgs) StdoutLine: {'line': b'-- Up-to-date symlink: /convince_ws/install/overarching_msgs/lib/python3.12/site-packages/overarching_msgs/overarching_msgs_s__rosidl_typesupport_introspection_c.so\n'}
[0.286376] (overarching_msgs) StdoutLine: {'line': b'-- Up-to-date symlink: /convince_ws/install/overarching_msgs/lib/python3.12/site-packages/overarching_msgs/overarching_msgs_s__rosidl_typesupport_c.so\n'}
[0.286404] (overarching_msgs) StdoutLine: {'line': b'-- Up-to-date symlink: /convince_ws/install/overarching_msgs/share/overarching_msgs/msg/Location.idl\n'}
[0.286431] (overarching_msgs) StdoutLine: {'line': b'-- Up-to-date symlink: /convince_ws/install/overarching_msgs/share/overarching_msgs/action/Navigate.idl\n'}
[0.286458] (overarching_msgs) StdoutLine: {'line': b'-- Up-to-date symlink: /convince_ws/install/overarching_msgs/share/overarching_msgs/action/Pick.idl\n'}
[0.286520] (overarching_msgs) StdoutLine: {'line': b'-- Up-to-date symlink: /convince_ws/install/overarching_msgs/share/overarching_msgs/action/Place.idl\n'}
[0.286548] (overarching_msgs) StdoutLine: {'line': b'-- Up-to-date symlink: /convince_ws/install/overarching_msgs/share/overarching_msgs/action/Detect.idl\n'}
[0.286576] (overarching_msgs) StdoutLine: {'line': b'-- Up-to-date symlink: /convince_ws/install/overarching_msgs/share/overarching_msgs/msg/Location.msg\n'}
[0.286605] (overarching_msgs) StdoutLine: {'line': b'-- Up-to-date symlink: /convince_ws/install/overarching_msgs/share/overarching_msgs/action/Navigate.action\n'}
[0.286636] (overarching_msgs) StdoutLine: {'line': b'-- Up-to-date symlink: /convince_ws/install/overarching_msgs/share/overarching_msgs/action/Pick.action\n'}
[0.286664] (overarching_msgs) StdoutLine: {'line': b'-- Up-to-date symlink: /convince_ws/install/overarching_msgs/share/overarching_msgs/action/Place.action\n'}
[0.286692] (overarching_msgs) StdoutLine: {'line': b'-- Up-to-date symlink: /convince_ws/install/overarching_msgs/share/overarching_msgs/action/Detect.action\n'}
[0.286719] (overarching_msgs) StdoutLine: {'line': b'-- Up-to-date symlink: /convince_ws/install/overarching_msgs/share/ament_index/resource_index/package_run_dependencies/overarching_msgs\n'}
[0.286747] (overarching_msgs) StdoutLine: {'line': b'-- Up-to-date symlink: /convince_ws/install/overarching_msgs/share/ament_index/resource_index/parent_prefix_path/overarching_msgs\n'}
[0.286775] (overarching_msgs) StdoutLine: {'line': b'-- Up-to-date symlink: /convince_ws/install/overarching_msgs/share/overarching_msgs/environment/ament_prefix_path.sh\n'}
[0.286802] (overarching_msgs) StdoutLine: {'line': b'-- Up-to-date symlink: /convince_ws/install/overarching_msgs/share/overarching_msgs/environment/ament_prefix_path.dsv\n'}
[0.286829] (overarching_msgs) StdoutLine: {'line': b'-- Up-to-date symlink: /convince_ws/install/overarching_msgs/share/overarching_msgs/environment/path.sh\n'}
[0.286857] (overarching_msgs) StdoutLine: {'line': b'-- Up-to-date symlink: /convince_ws/install/overarching_msgs/share/overarching_msgs/environment/path.dsv\n'}
[0.286884] (pyrobosim_msgs) StdoutLine: {'line': b'-- Up-to-date symlink: /convince_ws/install/pyrobosim_msgs/share/pyrobosim_msgs/action/ExecuteTaskAction.idl\n'}
[0.286913] (pyrobosim_msgs) StdoutLine: {'line': b'-- Up-to-date symlink: /convince_ws/install/pyrobosim_msgs/share/pyrobosim_msgs/action/ExecuteTaskPlan.idl\n'}
[0.286941] (overarching_msgs) StdoutLine: {'line': b'-- Up-to-date symlink: /convince_ws/install/overarching_msgs/share/overarching_msgs/local_setup.bash\n'}
[0.286969] (pyrobosim_msgs) StdoutLine: {'line': b'-- Up-to-date symlink: /convince_ws/install/pyrobosim_msgs/share/pyrobosim_msgs/action/FollowPath.idl\n'}
[0.286996] (pyrobosim_msgs) StdoutLine: {'line': b'-- Up-to-date symlink: /convince_ws/install/pyrobosim_msgs/share/pyrobosim_msgs/action/PlanPath.idl\n'}
[0.287056] (pyrobosim_msgs) StdoutLine: {'line': b'-- Up-to-date symlink: /convince_ws/install/pyrobosim_msgs/share/pyrobosim_msgs/msg/ExecutionResult.msg\n'}
[0.287086] (pyrobosim_msgs) StdoutLine: {'line': b'-- Up-to-date symlink: /convince_ws/install/pyrobosim_msgs/share/pyrobosim_msgs/msg/GoalPredicate.msg\n'}
[0.287116] (pyrobosim_msgs) StdoutLine: {'line': b'-- Up-to-date symlink: /convince_ws/install/pyrobosim_msgs/share/pyrobosim_msgs/msg/GoalSpecification.msg\n'}
[0.287144] (pyrobosim_msgs) StdoutLine: {'line': b'-- Up-to-date symlink: /convince_ws/install/pyrobosim_msgs/share/pyrobosim_msgs/msg/HallwayState.msg\n'}
[0.287171] (pyrobosim_msgs) StdoutLine: {'line': b'-- Up-to-date symlink: /convince_ws/install/pyrobosim_msgs/share/pyrobosim_msgs/msg/LocationState.msg\n'}
[0.287198] (pyrobosim_msgs) StdoutLine: {'line': b'-- Up-to-date symlink: /convince_ws/install/pyrobosim_msgs/share/pyrobosim_msgs/msg/ObjectState.msg\n'}
[0.287224] (pyrobosim_msgs) StdoutLine: {'line': b'-- Up-to-date symlink: /convince_ws/install/pyrobosim_msgs/share/pyrobosim_msgs/msg/Path.msg\n'}
[0.287252] (pyrobosim_msgs) StdoutLine: {'line': b'-- Up-to-date symlink: /convince_ws/install/pyrobosim_msgs/share/pyrobosim_msgs/msg/RobotState.msg\n'}
[0.287280] (pyrobosim_msgs) StdoutLine: {'line': b'-- Up-to-date symlink: /convince_ws/install/pyrobosim_msgs/share/pyrobosim_msgs/msg/TaskAction.msg\n'}
[0.287307] (pyrobosim_msgs) StdoutLine: {'line': b'-- Up-to-date symlink: /convince_ws/install/pyrobosim_msgs/share/pyrobosim_msgs/msg/TaskPlan.msg\n'}
[0.287335] (pyrobosim_msgs) StdoutLine: {'line': b'-- Up-to-date symlink: /convince_ws/install/pyrobosim_msgs/share/pyrobosim_msgs/msg/WorldInfo.msg\n'}
[0.287361] (overarching_msgs) StdoutLine: {'line': b'-- Up-to-date symlink: /convince_ws/install/overarching_msgs/share/overarching_msgs/local_setup.sh\n'}
[0.287392] (pyrobosim_msgs) StdoutLine: {'line': b'-- Up-to-date symlink: /convince_ws/install/pyrobosim_msgs/share/pyrobosim_msgs/msg/WorldState.msg\n'}
[0.287420] (pyrobosim_msgs) StdoutLine: {'line': b'-- Up-to-date symlink: /convince_ws/install/pyrobosim_msgs/share/pyrobosim_msgs/srv/RequestWorldInfo.srv\n'}
[0.287447] (pyrobosim_msgs) StdoutLine: {'line': b'-- Up-to-date symlink: /convince_ws/install/pyrobosim_msgs/share/pyrobosim_msgs/srv/RequestWorldState.srv\n'}
[0.287475] (pyrobosim_msgs) StdoutLine: {'line': b'-- Up-to-date symlink: /convince_ws/install/pyrobosim_msgs/share/pyrobosim_msgs/srv/ResetWorld.srv\n'}
[0.287503] (pyrobosim_msgs) StdoutLine: {'line': b'-- Up-to-date symlink: /convince_ws/install/pyrobosim_msgs/share/pyrobosim_msgs/srv/SetLocationState.srv\n'}
[0.287529] (pyrobosim_msgs) StdoutLine: {'line': b'-- Up-to-date symlink: /convince_ws/install/pyrobosim_msgs/share/pyrobosim_msgs/action/DetectObjects.action\n'}
[0.287556] (pyrobosim_msgs) StdoutLine: {'line': b'-- Up-to-date symlink: /convince_ws/install/pyrobosim_msgs/share/pyrobosim_msgs/action/ExecuteTaskAction.action\n'}
[0.287584] (pyrobosim_msgs) StdoutLine: {'line': b'-- Up-to-date symlink: /convince_ws/install/pyrobosim_msgs/share/pyrobosim_msgs/action/ExecuteTaskPlan.action\n'}
[0.287610] (pyrobosim_msgs) StdoutLine: {'line': b'-- Up-to-date symlink: /convince_ws/install/pyrobosim_msgs/share/pyrobosim_msgs/action/FollowPath.action\n'}
[0.287637] (overarching_msgs) StdoutLine: {'line': b'-- Up-to-date symlink: /convince_ws/install/overarching_msgs/share/overarching_msgs/local_setup.zsh\n'}
[0.287665] (overarching_msgs) StdoutLine: {'line': b'-- Up-to-date symlink: /convince_ws/install/overarching_msgs/share/overarching_msgs/local_setup.dsv\n'}
[0.287693] (overarching_msgs) StdoutLine: {'line': b'-- Symlinking: /convince_ws/install/overarching_msgs/share/overarching_msgs/package.dsv\n'}
[0.287722] (btcpp_ros2_interfaces) StdoutLine: {'line': b'-- Install configuration: ""\n'}
[0.287753] (pyrobosim_msgs) StdoutLine: {'line': b'-- Up-to-date symlink: /convince_ws/install/pyrobosim_msgs/share/pyrobosim_msgs/action/PlanPath.action\n'}
[0.287781] (btcpp_ros2_interfaces) StdoutLine: {'line': b'-- Execute custom install script\n'}
[0.287809] (btcpp_ros2_interfaces) StdoutLine: {'line': b'-- Up-to-date symlink: /convince_ws/install/btcpp_ros2_interfaces/share/ament_index/resource_index/rosidl_interfaces/btcpp_ros2_interfaces\n'}
[0.287838] (btcpp_ros2_interfaces) StdoutLine: {'line': b'-- Up-to-date symlink: /convince_ws/install/btcpp_ros2_interfaces/share/btcpp_ros2_interfaces/msg/NodeStatus.json\n'}
[0.287866] (pyrobosim_msgs) StdoutLine: {'line': b'-- Up-to-date symlink: /convince_ws/install/pyrobosim_msgs/share/ament_index/resource_index/package_run_dependencies/pyrobosim_msgs\n'}
[0.287895] (pyrobosim_msgs) StdoutLine: {'line': b'-- Up-to-date symlink: /convince_ws/install/pyrobosim_msgs/share/ament_index/resource_index/parent_prefix_path/pyrobosim_msgs\n'}
[0.287922] (pyrobosim_msgs) StdoutLine: {'line': b'-- Up-to-date symlink: /convince_ws/install/pyrobosim_msgs/share/pyrobosim_msgs/environment/ament_prefix_path.sh\n'}
[0.287951] (pyrobosim_msgs) StdoutLine: {'line': b'-- Up-to-date symlink: /convince_ws/install/pyrobosim_msgs/share/pyrobosim_msgs/environment/ament_prefix_path.dsv\n'}
[0.287979] (pyrobosim_msgs) StdoutLine: {'line': b'-- Up-to-date symlink: /convince_ws/install/pyrobosim_msgs/share/pyrobosim_msgs/environment/path.sh\n'}
[0.288006] (pyrobosim_msgs) StdoutLine: {'line': b'-- Up-to-date symlink: /convince_ws/install/pyrobosim_msgs/share/pyrobosim_msgs/environment/path.dsv\n'}
[0.288037] (pyrobosim_msgs) StdoutLine: {'line': b'-- Up-to-date symlink: /convince_ws/install/pyrobosim_msgs/share/pyrobosim_msgs/local_setup.bash\n'}
[0.288064] (pyrobosim_msgs) StdoutLine: {'line': b'-- Up-to-date symlink: /convince_ws/install/pyrobosim_msgs/share/pyrobosim_msgs/local_setup.sh\n'}
[0.288091] (btcpp_ros2_interfaces) StdoutLine: {'line': b'-- Up-to-date symlink: /convince_ws/install/btcpp_ros2_interfaces/share/btcpp_ros2_interfaces/srv/GetTrees.json\n'}
[0.288123] (pyrobosim_msgs) StdoutLine: {'line': b'-- Up-to-date symlink: /convince_ws/install/pyrobosim_msgs/share/pyrobosim_msgs/local_setup.zsh\n'}
[0.288152] (pyrobosim_msgs) StdoutLine: {'line': b'-- Up-to-date symlink: /convince_ws/install/pyrobosim_msgs/share/pyrobosim_msgs/local_setup.dsv\n'}
[0.288180] (pyrobosim_msgs) StdoutLine: {'line': b'-- Symlinking: /convince_ws/install/pyrobosim_msgs/share/pyrobosim_msgs/package.dsv\n'}
[0.288208] (btcpp_ros2_interfaces) StdoutLine: {'line': b'-- Up-to-date symlink: /convince_ws/install/btcpp_ros2_interfaces/share/btcpp_ros2_interfaces/action/ExecuteTree.json\n'}
[0.288235] (btcpp_ros2_interfaces) StdoutLine: {'line': b'-- Up-to-date symlink: /convince_ws/install/btcpp_ros2_interfaces/share/btcpp_ros2_interfaces/action/Sleep.json\n'}
[0.288263] (btcpp_ros2_interfaces) StdoutLine: {'line': b'-- Up-to-date symlink: /convince_ws/install/btcpp_ros2_interfaces/include/btcpp_ros2_interfaces/btcpp_ros2_interfaces/action/detail/execute_tree__functions.h\n'}
[0.288292] (btcpp_ros2_interfaces) StdoutLine: {'line': b'-- Up-to-date symlink: /convince_ws/install/btcpp_ros2_interfaces/include/btcpp_ros2_interfaces/btcpp_ros2_interfaces/action/detail/execute_tree__struct.h\n'}
[0.288320] (btcpp_ros2_interfaces) StdoutLine: {'line': b'-- Up-to-date symlink: /convince_ws/install/btcpp_ros2_interfaces/include/btcpp_ros2_interfaces/btcpp_ros2_interfaces/action/detail/execute_tree__type_support.h\n'}
[0.288350] (btcpp_ros2_interfaces) StdoutLine: {'line': b'-- Up-to-date symlink: /convince_ws/install/btcpp_ros2_interfaces/include/btcpp_ros2_interfaces/btcpp_ros2_interfaces/action/detail/sleep__functions.h\n'}
[0.288377] (btcpp_ros2_interfaces) StdoutLine: {'line': b'-- Up-to-date symlink: /convince_ws/install/btcpp_ros2_interfaces/include/btcpp_ros2_interfaces/btcpp_ros2_interfaces/action/detail/sleep__struct.h\n'}
[0.288405] (btcpp_ros2_interfaces) StdoutLine: {'line': b'-- Up-to-date symlink: /convince_ws/install/btcpp_ros2_interfaces/include/btcpp_ros2_interfaces/btcpp_ros2_interfaces/action/detail/sleep__type_support.h\n'}
[0.288432] (btcpp_ros2_interfaces) StdoutLine: {'line': b'-- Up-to-date symlink: /convince_ws/install/btcpp_ros2_interfaces/include/btcpp_ros2_interfaces/btcpp_ros2_interfaces/action/execute_tree.h\n'}
[0.288459] (btcpp_ros2_interfaces) StdoutLine: {'line': b'-- Up-to-date symlink: /convince_ws/install/btcpp_ros2_interfaces/include/btcpp_ros2_interfaces/btcpp_ros2_interfaces/action/sleep.h\n'}
[0.288518] (btcpp_ros2_interfaces) StdoutLine: {'line': b'-- Up-to-date symlink: /convince_ws/install/btcpp_ros2_interfaces/include/btcpp_ros2_interfaces/btcpp_ros2_interfaces/msg/detail/node_status__functions.h\n'}
[0.288550] (btcpp_ros2_interfaces) StdoutLine: {'line': b'-- Up-to-date symlink: /convince_ws/install/btcpp_ros2_interfaces/include/btcpp_ros2_interfaces/btcpp_ros2_interfaces/msg/detail/node_status__struct.h\n'}
[0.288579] (btcpp_ros2_interfaces) StdoutLine: {'line': b'-- Up-to-date symlink: /convince_ws/install/btcpp_ros2_interfaces/include/btcpp_ros2_interfaces/btcpp_ros2_interfaces/msg/detail/node_status__type_support.h\n'}
[0.288607] (btcpp_ros2_interfaces) StdoutLine: {'line': b'-- Up-to-date symlink: /convince_ws/install/btcpp_ros2_interfaces/include/btcpp_ros2_interfaces/btcpp_ros2_interfaces/msg/node_status.h\n'}
[0.288636] (btcpp_ros2_interfaces) StdoutLine: {'line': b'-- Up-to-date symlink: /convince_ws/install/btcpp_ros2_interfaces/include/btcpp_ros2_interfaces/btcpp_ros2_interfaces/msg/rosidl_generator_c__visibility_control.h\n'}
[0.288668] (btcpp_ros2_interfaces) StdoutLine: {'line': b'-- Up-to-date symlink: /convince_ws/install/btcpp_ros2_interfaces/include/btcpp_ros2_interfaces/btcpp_ros2_interfaces/srv/detail/get_trees__functions.h\n'}
[0.288694] (btcpp_ros2_interfaces) StdoutLine: {'line': b'-- Up-to-date symlink: /convince_ws/install/btcpp_ros2_interfaces/include/btcpp_ros2_interfaces/btcpp_ros2_interfaces/srv/detail/get_trees__struct.h\n'}
[0.288758] (bt_interfaces_dummy) StdoutLine: {'line': b'[100%] Built target ament_cmake_python_build_bt_interfaces_dummy_egg\n'}
[0.288797] (btcpp_ros2_interfaces) StdoutLine: {'line': b'-- Up-to-date symlink: /convince_ws/install/btcpp_ros2_interfaces/include/btcpp_ros2_interfaces/btcpp_ros2_interfaces/srv/detail/get_trees__type_support.h\n'}
[0.288826] (btcpp_ros2_interfaces) StdoutLine: {'line': b'-- Up-to-date symlink: /convince_ws/install/btcpp_ros2_interfaces/include/btcpp_ros2_interfaces/btcpp_ros2_interfaces/srv/get_trees.h\n'}
[0.288854] (btcpp_ros2_interfaces) StdoutLine: {'line': b'-- Up-to-date symlink: /convince_ws/install/btcpp_ros2_interfaces/share/btcpp_ros2_interfaces/environment/library_path.sh\n'}
[0.288883] (btcpp_ros2_interfaces) StdoutLine: {'line': b'-- Up-to-date symlink: /convince_ws/install/btcpp_ros2_interfaces/share/btcpp_ros2_interfaces/environment/library_path.dsv\n'}
[0.288910] (btcpp_ros2_interfaces) StdoutLine: {'line': b'-- Up-to-date symlink: /convince_ws/install/btcpp_ros2_interfaces/include/btcpp_ros2_interfaces/btcpp_ros2_interfaces/action/detail/execute_tree__rosidl_typesupport_fastrtps_c.h\n'}
[0.288938] (btcpp_ros2_interfaces) StdoutLine: {'line': b'-- Up-to-date symlink: /convince_ws/install/btcpp_ros2_interfaces/include/btcpp_ros2_interfaces/btcpp_ros2_interfaces/action/detail/sleep__rosidl_typesupport_fastrtps_c.h\n'}
[0.288964] (btcpp_ros2_interfaces) StdoutLine: {'line': b'-- Up-to-date symlink: /convince_ws/install/btcpp_ros2_interfaces/include/btcpp_ros2_interfaces/btcpp_ros2_interfaces/msg/detail/node_status__rosidl_typesupport_fastrtps_c.h\n'}
[0.288992] (btcpp_ros2_interfaces) StdoutLine: {'line': b'-- Up-to-date symlink: /convince_ws/install/btcpp_ros2_interfaces/include/btcpp_ros2_interfaces/btcpp_ros2_interfaces/msg/rosidl_typesupport_fastrtps_c__visibility_control.h\n'}
[0.289023] (btcpp_ros2_interfaces) StdoutLine: {'line': b'-- Up-to-date symlink: /convince_ws/install/btcpp_ros2_interfaces/include/btcpp_ros2_interfaces/btcpp_ros2_interfaces/srv/detail/get_trees__rosidl_typesupport_fastrtps_c.h\n'}
[0.289051] (btcpp_ros2_interfaces) StdoutLine: {'line': b'-- Up-to-date symlink: /convince_ws/install/btcpp_ros2_interfaces/include/btcpp_ros2_interfaces/btcpp_ros2_interfaces/action/detail/execute_tree__rosidl_typesupport_introspection_c.h\n'}
[0.289078] (btcpp_ros2_interfaces) StdoutLine: {'line': b'-- Up-to-date symlink: /convince_ws/install/btcpp_ros2_interfaces/include/btcpp_ros2_interfaces/btcpp_ros2_interfaces/action/detail/sleep__rosidl_typesupport_introspection_c.h\n'}
[0.289106] (btcpp_ros2_interfaces) StdoutLine: {'line': b'-- Up-to-date symlink: /convince_ws/install/btcpp_ros2_interfaces/include/btcpp_ros2_interfaces/btcpp_ros2_interfaces/msg/detail/node_status__rosidl_typesupport_introspection_c.h\n'}
[0.289134] (btcpp_ros2_interfaces) StdoutLine: {'line': b'-- Up-to-date symlink: /convince_ws/install/btcpp_ros2_interfaces/include/btcpp_ros2_interfaces/btcpp_ros2_interfaces/msg/rosidl_typesupport_introspection_c__visibility_control.h\n'}
[0.289161] (btcpp_ros2_interfaces) StdoutLine: {'line': b'-- Up-to-date symlink: /convince_ws/install/btcpp_ros2_interfaces/include/btcpp_ros2_interfaces/btcpp_ros2_interfaces/srv/detail/get_trees__rosidl_typesupport_introspection_c.h\n'}
[0.289189] (btcpp_ros2_interfaces) StdoutLine: {'line': b'-- Up-to-date symlink: /convince_ws/install/btcpp_ros2_interfaces/include/btcpp_ros2_interfaces/btcpp_ros2_interfaces/action/detail/execute_tree__builder.hpp\n'}
[0.289215] (btcpp_ros2_interfaces) StdoutLine: {'line': b'-- Up-to-date symlink: /convince_ws/install/btcpp_ros2_interfaces/include/btcpp_ros2_interfaces/btcpp_ros2_interfaces/action/detail/execute_tree__struct.hpp\n'}
[0.289242] (btcpp_ros2_interfaces) StdoutLine: {'line': b'-- Up-to-date symlink: /convince_ws/install/btcpp_ros2_interfaces/include/btcpp_ros2_interfaces/btcpp_ros2_interfaces/action/detail/execute_tree__traits.hpp\n'}
[0.289289] (btcpp_ros2_interfaces) StdoutLine: {'line': b'-- Up-to-date symlink: /convince_ws/install/btcpp_ros2_interfaces/include/btcpp_ros2_interfaces/btcpp_ros2_interfaces/action/detail/execute_tree__type_support.hpp\n'}
[0.289322] (btcpp_ros2_interfaces) StdoutLine: {'line': b'-- Up-to-date symlink: /convince_ws/install/btcpp_ros2_interfaces/include/btcpp_ros2_interfaces/btcpp_ros2_interfaces/action/detail/sleep__builder.hpp\n'}
[0.289351] (btcpp_ros2_interfaces) StdoutLine: {'line': b'-- Up-to-date symlink: /convince_ws/install/btcpp_ros2_interfaces/include/btcpp_ros2_interfaces/btcpp_ros2_interfaces/action/detail/sleep__struct.hpp\n'}
[0.289380] (btcpp_ros2_interfaces) StdoutLine: {'line': b'-- Up-to-date symlink: /convince_ws/install/btcpp_ros2_interfaces/include/btcpp_ros2_interfaces/btcpp_ros2_interfaces/action/detail/sleep__traits.hpp\n'}
[0.289408] (btcpp_ros2_interfaces) StdoutLine: {'line': b'-- Up-to-date symlink: /convince_ws/install/btcpp_ros2_interfaces/include/btcpp_ros2_interfaces/btcpp_ros2_interfaces/action/detail/sleep__type_support.hpp\n'}
[0.289435] (btcpp_ros2_interfaces) StdoutLine: {'line': b'-- Up-to-date symlink: /convince_ws/install/btcpp_ros2_interfaces/include/btcpp_ros2_interfaces/btcpp_ros2_interfaces/action/execute_tree.hpp\n'}
[0.289462] (btcpp_ros2_interfaces) StdoutLine: {'line': b'-- Up-to-date symlink: /convince_ws/install/btcpp_ros2_interfaces/include/btcpp_ros2_interfaces/btcpp_ros2_interfaces/action/sleep.hpp\n'}
[0.289547] (btcpp_ros2_interfaces) StdoutLine: {'line': b'-- Up-to-date symlink: /convince_ws/install/btcpp_ros2_interfaces/include/btcpp_ros2_interfaces/btcpp_ros2_interfaces/msg/detail/node_status__builder.hpp\n'}
[0.289577] (btcpp_ros2_interfaces) StdoutLine: {'line': b'-- Up-to-date symlink: /convince_ws/install/btcpp_ros2_interfaces/include/btcpp_ros2_interfaces/btcpp_ros2_interfaces/msg/detail/node_status__struct.hpp\n'}
[0.289606] (btcpp_ros2_interfaces) StdoutLine: {'line': b'-- Up-to-date symlink: /convince_ws/install/btcpp_ros2_interfaces/include/btcpp_ros2_interfaces/btcpp_ros2_interfaces/msg/detail/node_status__traits.hpp\n'}
[0.289634] (btcpp_ros2_interfaces) StdoutLine: {'line': b'-- Up-to-date symlink: /convince_ws/install/btcpp_ros2_interfaces/include/btcpp_ros2_interfaces/btcpp_ros2_interfaces/msg/detail/node_status__type_support.hpp\n'}
[0.289662] (btcpp_ros2_interfaces) StdoutLine: {'line': b'-- Up-to-date symlink: /convince_ws/install/btcpp_ros2_interfaces/include/btcpp_ros2_interfaces/btcpp_ros2_interfaces/msg/node_status.hpp\n'}
[0.289690] (btcpp_ros2_interfaces) StdoutLine: {'line': b'-- Up-to-date symlink: /convince_ws/install/btcpp_ros2_interfaces/include/btcpp_ros2_interfaces/btcpp_ros2_interfaces/msg/rosidl_generator_cpp__visibility_control.hpp\n'}
[0.289718] (btcpp_ros2_interfaces) StdoutLine: {'line': b'-- Up-to-date symlink: /convince_ws/install/btcpp_ros2_interfaces/include/btcpp_ros2_interfaces/btcpp_ros2_interfaces/srv/detail/get_trees__builder.hpp\n'}
[0.289747] (btcpp_ros2_interfaces) StdoutLine: {'line': b'-- Up-to-date symlink: /convince_ws/install/btcpp_ros2_interfaces/include/btcpp_ros2_interfaces/btcpp_ros2_interfaces/srv/detail/get_trees__struct.hpp\n'}
[0.289775] (btcpp_ros2_interfaces) StdoutLine: {'line': b'-- Up-to-date symlink: /convince_ws/install/btcpp_ros2_interfaces/include/btcpp_ros2_interfaces/btcpp_ros2_interfaces/srv/detail/get_trees__traits.hpp\n'}
[0.289803] (btcpp_ros2_interfaces) StdoutLine: {'line': b'-- Up-to-date symlink: /convince_ws/install/btcpp_ros2_interfaces/include/btcpp_ros2_interfaces/btcpp_ros2_interfaces/srv/detail/get_trees__type_support.hpp\n'}
[0.289831] (btcpp_ros2_interfaces) StdoutLine: {'line': b'-- Up-to-date symlink: /convince_ws/install/btcpp_ros2_interfaces/include/btcpp_ros2_interfaces/btcpp_ros2_interfaces/srv/get_trees.hpp\n'}
[0.289860] (btcpp_ros2_interfaces) StdoutLine: {'line': b'-- Up-to-date symlink: /convince_ws/install/btcpp_ros2_interfaces/include/btcpp_ros2_interfaces/btcpp_ros2_interfaces/action/detail/execute_tree__rosidl_typesupport_fastrtps_cpp.hpp\n'}
[0.289888] (overarching_msgs) StdoutLine: {'line': b'-- Up-to-date symlink: /convince_ws/install/overarching_msgs/share/ament_index/resource_index/packages/overarching_msgs\n'}
[0.289981] (overarching_msgs) StdoutLine: {'line': b'-- Up-to-date symlink: /convince_ws/install/overarching_msgs/share/overarching_msgs/cmake/rosidl_cmake-extras.cmake\n'}
[0.290025] (overarching_msgs) StdoutLine: {'line': b'-- Up-to-date symlink: /convince_ws/install/overarching_msgs/share/overarching_msgs/cmake/ament_cmake_export_dependencies-extras.cmake\n'}
[0.290056] (btcpp_ros2_interfaces) StdoutLine: {'line': b'-- Up-to-date symlink: /convince_ws/install/btcpp_ros2_interfaces/include/btcpp_ros2_interfaces/btcpp_ros2_interfaces/action/detail/sleep__rosidl_typesupport_fastrtps_cpp.hpp\n'}
[0.290087] (btcpp_ros2_interfaces) StdoutLine: {'line': b'-- Up-to-date symlink: /convince_ws/install/btcpp_ros2_interfaces/include/btcpp_ros2_interfaces/btcpp_ros2_interfaces/msg/detail/node_status__rosidl_typesupport_fastrtps_cpp.hpp\n'}
[0.290116] (btcpp_ros2_interfaces) StdoutLine: {'line': b'-- Up-to-date symlink: /convince_ws/install/btcpp_ros2_interfaces/include/btcpp_ros2_interfaces/btcpp_ros2_interfaces/msg/rosidl_typesupport_fastrtps_cpp__visibility_control.h\n'}
[0.290144] (btcpp_ros2_interfaces) StdoutLine: {'line': b'-- Up-to-date symlink: /convince_ws/install/btcpp_ros2_interfaces/include/btcpp_ros2_interfaces/btcpp_ros2_interfaces/srv/detail/get_trees__rosidl_typesupport_fastrtps_cpp.hpp\n'}
[0.290171] (btcpp_ros2_interfaces) StdoutLine: {'line': b'-- Up-to-date symlink: /convince_ws/install/btcpp_ros2_interfaces/include/btcpp_ros2_interfaces/btcpp_ros2_interfaces/action/detail/execute_tree__rosidl_typesupport_introspection_cpp.hpp\n'}
[0.290203] (btcpp_ros2_interfaces) StdoutLine: {'line': b'-- Up-to-date symlink: /convince_ws/install/btcpp_ros2_interfaces/include/btcpp_ros2_interfaces/btcpp_ros2_interfaces/action/detail/sleep__rosidl_typesupport_introspection_cpp.hpp\n'}
[0.290230] (btcpp_ros2_interfaces) StdoutLine: {'line': b'-- Up-to-date symlink: /convince_ws/install/btcpp_ros2_interfaces/include/btcpp_ros2_interfaces/btcpp_ros2_interfaces/msg/detail/node_status__rosidl_typesupport_introspection_cpp.hpp\n'}
[0.290257] (btcpp_ros2_interfaces) StdoutLine: {'line': b'-- Up-to-date symlink: /convince_ws/install/btcpp_ros2_interfaces/include/btcpp_ros2_interfaces/btcpp_ros2_interfaces/srv/detail/get_trees__rosidl_typesupport_introspection_cpp.hpp\n'}
[0.290284] (btcpp_ros2_interfaces) StdoutLine: {'line': b'-- Up-to-date symlink: /convince_ws/install/btcpp_ros2_interfaces/share/btcpp_ros2_interfaces/environment/pythonpath.sh\n'}
[0.290312] (btcpp_ros2_interfaces) StdoutLine: {'line': b'-- Up-to-date symlink: /convince_ws/install/btcpp_ros2_interfaces/share/btcpp_ros2_interfaces/environment/pythonpath.dsv\n'}
[0.290340] (pyrobosim_msgs) StdoutLine: {'line': b'-- Up-to-date symlink: /convince_ws/install/pyrobosim_msgs/share/ament_index/resource_index/packages/pyrobosim_msgs\n'}
[0.290371] (overarching_msgs) StdoutLine: {'line': b'-- Up-to-date symlink: /convince_ws/install/overarching_msgs/share/overarching_msgs/cmake/ament_cmake_export_include_directories-extras.cmake\n'}
[0.290400] (btcpp_ros2_interfaces) StdoutLine: {'line': b'-- Up-to-date symlink: /convince_ws/install/btcpp_ros2_interfaces/lib/python3.12/site-packages/btcpp_ros2_interfaces-0.3.0-py3.12.egg-info/PKG-INFO\n'}
[0.290427] (pyrobosim_msgs) StdoutLine: {'line': b'-- Up-to-date symlink: /convince_ws/install/pyrobosim_msgs/share/pyrobosim_msgs/cmake/rosidl_cmake-extras.cmake\n'}
[0.290455] (btcpp_ros2_interfaces) StdoutLine: {'line': b'-- Up-to-date symlink: /convince_ws/install/btcpp_ros2_interfaces/lib/python3.12/site-packages/btcpp_ros2_interfaces-0.3.0-py3.12.egg-info/SOURCES.txt\n'}
[0.290482] (pyrobosim_msgs) StdoutLine: {'line': b'-- Up-to-date symlink: /convince_ws/install/pyrobosim_msgs/share/pyrobosim_msgs/cmake/ament_cmake_export_dependencies-extras.cmake\n'}
[0.290510] (pyrobosim_msgs) StdoutLine: {'line': b'-- Up-to-date symlink: /convince_ws/install/pyrobosim_msgs/share/pyrobosim_msgs/cmake/ament_cmake_export_include_directories-extras.cmake\n'}
[0.290553] (pyrobosim_msgs) StdoutLine: {'line': b'-- Up-to-date symlink: /convince_ws/install/pyrobosim_msgs/share/pyrobosim_msgs/cmake/ament_cmake_export_libraries-extras.cmake\n'}
[0.290583] (pyrobosim_msgs) StdoutLine: {'line': b'-- Up-to-date symlink: /convince_ws/install/pyrobosim_msgs/share/pyrobosim_msgs/cmake/ament_cmake_export_targets-extras.cmake\n'}
[0.290612] (pyrobosim_msgs) StdoutLine: {'line': b'-- Up-to-date symlink: /convince_ws/install/pyrobosim_msgs/share/pyrobosim_msgs/cmake/rosidl_cmake_export_typesupport_targets-extras.cmake\n'}
[0.290647] (pyrobosim_msgs) StdoutLine: {'line': b'-- Up-to-date symlink: /convince_ws/install/pyrobosim_msgs/share/pyrobosim_msgs/cmake/rosidl_cmake_export_typesupport_libraries-extras.cmake\n'}
[0.290675] (btcpp_ros2_interfaces) StdoutLine: {'line': b'-- Up-to-date symlink: /convince_ws/install/btcpp_ros2_interfaces/lib/python3.12/site-packages/btcpp_ros2_interfaces-0.3.0-py3.12.egg-info/dependency_links.txt\n'}
[0.290703] (btcpp_ros2_interfaces) StdoutLine: {'line': b'-- Up-to-date symlink: /convince_ws/install/btcpp_ros2_interfaces/lib/python3.12/site-packages/btcpp_ros2_interfaces-0.3.0-py3.12.egg-info/top_level.txt\n'}
[0.290843] (btcpp_ros2_interfaces) StdoutLine: {'line': b'-- Up-to-date symlink: /convince_ws/install/btcpp_ros2_interfaces/lib/python3.12/site-packages/btcpp_ros2_interfaces/__init__.py\n'}
[0.290874] (btcpp_ros2_interfaces) StdoutLine: {'line': b'-- Up-to-date symlink: /convince_ws/install/btcpp_ros2_interfaces/lib/python3.12/site-packages/btcpp_ros2_interfaces/_btcpp_ros2_interfaces_s.ep.rosidl_typesupport_c.c\n'}
[0.290903] (btcpp_ros2_interfaces) StdoutLine: {'line': b'-- Up-to-date symlink: /convince_ws/install/btcpp_ros2_interfaces/lib/python3.12/site-packages/btcpp_ros2_interfaces/_btcpp_ros2_interfaces_s.ep.rosidl_typesupport_fastrtps_c.c\n'}
[0.290932] (btcpp_ros2_interfaces) StdoutLine: {'line': b'-- Up-to-date symlink: /convince_ws/install/btcpp_ros2_interfaces/lib/python3.12/site-packages/btcpp_ros2_interfaces/_btcpp_ros2_interfaces_s.ep.rosidl_typesupport_introspection_c.c\n'}
[0.290959] (btcpp_ros2_interfaces) StdoutLine: {'line': b'-- Up-to-date symlink: /convince_ws/install/btcpp_ros2_interfaces/lib/python3.12/site-packages/btcpp_ros2_interfaces/action/__init__.py\n'}
[0.290987] (btcpp_ros2_interfaces) StdoutLine: {'line': b'-- Up-to-date symlink: /convince_ws/install/btcpp_ros2_interfaces/lib/python3.12/site-packages/btcpp_ros2_interfaces/action/_execute_tree.py\n'}
[0.291019] (btcpp_ros2_interfaces) StdoutLine: {'line': b'-- Up-to-date symlink: /convince_ws/install/btcpp_ros2_interfaces/lib/python3.12/site-packages/btcpp_ros2_interfaces/action/_execute_tree_s.c\n'}
[0.291207] (btcpp_ros2_interfaces) StdoutLine: {'line': b'-- Up-to-date symlink: /convince_ws/install/btcpp_ros2_interfaces/lib/python3.12/site-packages/btcpp_ros2_interfaces/action/_sleep.py\n'}
[0.291236] (btcpp_ros2_interfaces) StdoutLine: {'line': b'-- Up-to-date symlink: /convince_ws/install/btcpp_ros2_interfaces/lib/python3.12/site-packages/btcpp_ros2_interfaces/action/_sleep_s.c\n'}
[0.291264] (overarching_msgs) StdoutLine: {'line': b'-- Up-to-date symlink: /convince_ws/install/overarching_msgs/share/overarching_msgs/cmake/ament_cmake_export_libraries-extras.cmake\n'}
[0.291292] (overarching_msgs) StdoutLine: {'line': b'-- Up-to-date symlink: /convince_ws/install/overarching_msgs/share/overarching_msgs/cmake/ament_cmake_export_targets-extras.cmake\n'}
[0.291320] (overarching_msgs) StdoutLine: {'line': b'-- Up-to-date symlink: /convince_ws/install/overarching_msgs/share/overarching_msgs/cmake/rosidl_cmake_export_typesupport_targets-extras.cmake\n'}
[0.291347] (overarching_msgs) StdoutLine: {'line': b'-- Up-to-date symlink: /convince_ws/install/overarching_msgs/share/overarching_msgs/cmake/rosidl_cmake_export_typesupport_libraries-extras.cmake\n'}
[0.291374] (overarching_msgs) StdoutLine: {'line': b'-- Up-to-date symlink: /convince_ws/install/overarching_msgs/share/overarching_msgs/cmake/overarching_msgsConfig.cmake\n'}
[0.291401] (overarching_msgs) StdoutLine: {'line': b'-- Up-to-date symlink: /convince_ws/install/overarching_msgs/share/overarching_msgs/cmake/overarching_msgsConfig-version.cmake\n'}
[0.291469] (overarching_msgs) StdoutLine: {'line': b'-- Up-to-date symlink: /convince_ws/install/overarching_msgs/share/overarching_msgs/package.xml\n'}
[0.291496] (btcpp_ros2_interfaces) StdoutLine: {'line': b'-- Up-to-date symlink: /convince_ws/install/btcpp_ros2_interfaces/lib/python3.12/site-packages/btcpp_ros2_interfaces/btcpp_ros2_interfaces_s__rosidl_typesupport_c.so\n'}
[0.291523] (btcpp_ros2_interfaces) StdoutLine: {'line': b'-- Up-to-date symlink: /convince_ws/install/btcpp_ros2_interfaces/lib/python3.12/site-packages/btcpp_ros2_interfaces/btcpp_ros2_interfaces_s__rosidl_typesupport_fastrtps_c.so\n'}
[0.291549] (pyrobosim_msgs) StdoutLine: {'line': b'-- Up-to-date symlink: /convince_ws/install/pyrobosim_msgs/share/pyrobosim_msgs/cmake/pyrobosim_msgsConfig.cmake\n'}
[0.291577] (btcpp_ros2_interfaces) StdoutLine: {'line': b'-- Up-to-date symlink: /convince_ws/install/btcpp_ros2_interfaces/lib/python3.12/site-packages/btcpp_ros2_interfaces/btcpp_ros2_interfaces_s__rosidl_typesupport_introspection_c.so\n'}
[0.291604] (pyrobosim_msgs) StdoutLine: {'line': b'-- Up-to-date symlink: /convince_ws/install/pyrobosim_msgs/share/pyrobosim_msgs/cmake/pyrobosim_msgsConfig-version.cmake\n'}
[0.291633] (overarching_msgs) StdoutLine: {'line': b'-- Up-to-date: /convince_ws/install/overarching_msgs/lib/liboverarching_msgs__rosidl_generator_c.so\n'}
[0.291660] (btcpp_ros2_interfaces) StdoutLine: {'line': b'-- Up-to-date symlink: /convince_ws/install/btcpp_ros2_interfaces/lib/python3.12/site-packages/btcpp_ros2_interfaces/msg/__init__.py\n'}
[0.291689] (pyrobosim_msgs) StdoutLine: {'line': b'-- Up-to-date symlink: /convince_ws/install/pyrobosim_msgs/share/pyrobosim_msgs/package.xml\n'}
[0.291717] (pyrobosim_msgs) StdoutLine: {'line': b'-- Up-to-date: /convince_ws/install/pyrobosim_msgs/lib/libpyrobosim_msgs__rosidl_generator_c.so\n'}
[0.291745] (overarching_msgs) StdoutLine: {'line': b'-- Up-to-date: /convince_ws/install/overarching_msgs/lib/liboverarching_msgs__rosidl_typesupport_fastrtps_c.so\n'}
[0.291773] (overarching_msgs) StdoutLine: {'line': b'-- Up-to-date: /convince_ws/install/overarching_msgs/lib/liboverarching_msgs__rosidl_typesupport_introspection_c.so\n'}
[0.291800] (btcpp_ros2_interfaces) StdoutLine: {'line': b'-- Up-to-date symlink: /convince_ws/install/btcpp_ros2_interfaces/lib/python3.12/site-packages/btcpp_ros2_interfaces/msg/_node_status.py\n'}
[0.291827] (btcpp_ros2_interfaces) StdoutLine: {'line': b'-- Up-to-date symlink: /convince_ws/install/btcpp_ros2_interfaces/lib/python3.12/site-packages/btcpp_ros2_interfaces/msg/_node_status_s.c\n'}
[0.291855] (btcpp_ros2_interfaces) StdoutLine: {'line': b'-- Up-to-date symlink: /convince_ws/install/btcpp_ros2_interfaces/lib/python3.12/site-packages/btcpp_ros2_interfaces/srv/__init__.py\n'}
[0.291883] (btcpp_ros2_interfaces) StdoutLine: {'line': b'-- Up-to-date symlink: /convince_ws/install/btcpp_ros2_interfaces/lib/python3.12/site-packages/btcpp_ros2_interfaces/srv/_get_trees.py\n'}
[0.291918] (btcpp_ros2_interfaces) StdoutLine: {'line': b'-- Up-to-date symlink: /convince_ws/install/btcpp_ros2_interfaces/lib/python3.12/site-packages/btcpp_ros2_interfaces/srv/_get_trees_s.c\n'}
[0.291948] (btcpp_ros2_interfaces) StdoutLine: {'line': b'-- Up-to-date symlink: /convince_ws/install/btcpp_ros2_interfaces/lib/python3.12/site-packages/btcpp_ros2_interfaces/btcpp_ros2_interfaces_s__rosidl_typesupport_fastrtps_c.so\n'}
[0.291976] (btcpp_ros2_interfaces) StdoutLine: {'line': b'-- Up-to-date symlink: /convince_ws/install/btcpp_ros2_interfaces/lib/python3.12/site-packages/btcpp_ros2_interfaces/btcpp_ros2_interfaces_s__rosidl_typesupport_introspection_c.so\n'}
[0.292005] (btcpp_ros2_interfaces) StdoutLine: {'line': b'-- Up-to-date symlink: /convince_ws/install/btcpp_ros2_interfaces/lib/python3.12/site-packages/btcpp_ros2_interfaces/btcpp_ros2_interfaces_s__rosidl_typesupport_c.so\n'}
[0.292038] (pyrobosim_msgs) StdoutLine: {'line': b'-- Up-to-date: /convince_ws/install/pyrobosim_msgs/lib/libpyrobosim_msgs__rosidl_typesupport_fastrtps_c.so\n'}
[0.292068] (btcpp_ros2_interfaces) StdoutLine: {'line': b'-- Up-to-date symlink: /convince_ws/install/btcpp_ros2_interfaces/share/btcpp_ros2_interfaces/msg/NodeStatus.idl\n'}
[0.292095] (btcpp_ros2_interfaces) StdoutLine: {'line': b'-- Up-to-date symlink: /convince_ws/install/btcpp_ros2_interfaces/share/btcpp_ros2_interfaces/srv/GetTrees.idl\n'}
[0.292134] (overarching_msgs) StdoutLine: {'line': b'-- Up-to-date: /convince_ws/install/overarching_msgs/lib/liboverarching_msgs__rosidl_typesupport_c.so\n'}
[0.292165] (pyrobosim_msgs) StdoutLine: {'line': b'-- Up-to-date: /convince_ws/install/pyrobosim_msgs/lib/libpyrobosim_msgs__rosidl_typesupport_fastrtps_cpp.so\n'}
[0.292195] (overarching_msgs) StdoutLine: {'line': b'-- Up-to-date: /convince_ws/install/overarching_msgs/lib/liboverarching_msgs__rosidl_typesupport_fastrtps_cpp.so\n'}
[0.292223] (btcpp_ros2_interfaces) StdoutLine: {'line': b'-- Up-to-date symlink: /convince_ws/install/btcpp_ros2_interfaces/share/btcpp_ros2_interfaces/action/ExecuteTree.idl\n'}
[0.292252] (btcpp_ros2_interfaces) StdoutLine: {'line': b'-- Up-to-date symlink: /convince_ws/install/btcpp_ros2_interfaces/share/btcpp_ros2_interfaces/action/Sleep.idl\n'}
[0.292282] (btcpp_ros2_interfaces) StdoutLine: {'line': b'-- Up-to-date symlink: /convince_ws/install/btcpp_ros2_interfaces/share/btcpp_ros2_interfaces/msg/NodeStatus.msg\n'}
[0.292309] (btcpp_ros2_interfaces) StdoutLine: {'line': b'-- Up-to-date symlink: /convince_ws/install/btcpp_ros2_interfaces/share/btcpp_ros2_interfaces/srv/GetTrees.srv\n'}
[0.292337] (btcpp_ros2_interfaces) StdoutLine: {'line': b'-- Up-to-date symlink: /convince_ws/install/btcpp_ros2_interfaces/share/btcpp_ros2_interfaces/action/ExecuteTree.action\n'}
[0.292364] (btcpp_ros2_interfaces) StdoutLine: {'line': b'-- Up-to-date symlink: /convince_ws/install/btcpp_ros2_interfaces/share/btcpp_ros2_interfaces/action/Sleep.action\n'}
[0.292398] (btcpp_ros2_interfaces) StdoutLine: {'line': b'-- Up-to-date symlink: /convince_ws/install/btcpp_ros2_interfaces/share/ament_index/resource_index/package_run_dependencies/btcpp_ros2_interfaces\n'}
[0.292426] (btcpp_ros2_interfaces) StdoutLine: {'line': b'-- Up-to-date symlink: /convince_ws/install/btcpp_ros2_interfaces/share/ament_index/resource_index/parent_prefix_path/btcpp_ros2_interfaces\n'}
[0.292453] (btcpp_ros2_interfaces) StdoutLine: {'line': b'-- Up-to-date symlink: /convince_ws/install/btcpp_ros2_interfaces/share/btcpp_ros2_interfaces/environment/ament_prefix_path.sh\n'}
[0.292480] (overarching_msgs) StdoutLine: {'line': b'-- Up-to-date: /convince_ws/install/overarching_msgs/lib/liboverarching_msgs__rosidl_typesupport_introspection_cpp.so\n'}
[0.292508] (pyrobosim_msgs) StdoutLine: {'line': b'-- Up-to-date: /convince_ws/install/pyrobosim_msgs/lib/libpyrobosim_msgs__rosidl_typesupport_introspection_c.so\n'}
[0.292536] (btcpp_ros2_interfaces) StdoutLine: {'line': b'-- Up-to-date symlink: /convince_ws/install/btcpp_ros2_interfaces/share/btcpp_ros2_interfaces/environment/ament_prefix_path.dsv\n'}
[0.292562] (btcpp_ros2_interfaces) StdoutLine: {'line': b'-- Up-to-date symlink: /convince_ws/install/btcpp_ros2_interfaces/share/btcpp_ros2_interfaces/environment/path.sh\n'}
[0.292590] (btcpp_ros2_interfaces) StdoutLine: {'line': b'-- Up-to-date symlink: /convince_ws/install/btcpp_ros2_interfaces/share/btcpp_ros2_interfaces/environment/path.dsv\n'}
[0.292618] (btcpp_ros2_interfaces) StdoutLine: {'line': b'-- Up-to-date symlink: /convince_ws/install/btcpp_ros2_interfaces/share/btcpp_ros2_interfaces/local_setup.bash\n'}
[0.292645] (btcpp_ros2_interfaces) StdoutLine: {'line': b'-- Up-to-date symlink: /convince_ws/install/btcpp_ros2_interfaces/share/btcpp_ros2_interfaces/local_setup.sh\n'}
[0.292673] (btcpp_ros2_interfaces) StdoutLine: {'line': b'-- Up-to-date symlink: /convince_ws/install/btcpp_ros2_interfaces/share/btcpp_ros2_interfaces/local_setup.zsh\n'}
[0.292701] (btcpp_ros2_interfaces) StdoutLine: {'line': b'-- Up-to-date symlink: /convince_ws/install/btcpp_ros2_interfaces/share/btcpp_ros2_interfaces/local_setup.dsv\n'}
[0.292771] (overarching_msgs) StdoutLine: {'line': b'-- Up-to-date: /convince_ws/install/overarching_msgs/lib/liboverarching_msgs__rosidl_typesupport_cpp.so\n'}
[0.292941] (btcpp_ros2_interfaces) StdoutLine: {'line': b'-- Up-to-date symlink: /convince_ws/install/btcpp_ros2_interfaces/share/btcpp_ros2_interfaces/package.dsv\n'}
[0.292971] (pyrobosim_msgs) StdoutLine: {'line': b'-- Up-to-date: /convince_ws/install/pyrobosim_msgs/lib/libpyrobosim_msgs__rosidl_typesupport_c.so\n'}
[0.293000] (pyrobosim_msgs) StdoutLine: {'line': b'-- Up-to-date: /convince_ws/install/pyrobosim_msgs/lib/libpyrobosim_msgs__rosidl_typesupport_introspection_cpp.so\n'}
[0.293033] (btcpp_ros2_interfaces) StdoutLine: {'line': b'-- Up-to-date symlink: /convince_ws/install/btcpp_ros2_interfaces/share/ament_index/resource_index/packages/btcpp_ros2_interfaces\n'}
[0.293062] (pyrobosim_msgs) StdoutLine: {'line': b'-- Up-to-date: /convince_ws/install/pyrobosim_msgs/lib/libpyrobosim_msgs__rosidl_typesupport_cpp.so\n'}
[0.293091] (btcpp_ros2_interfaces) StdoutLine: {'line': b'-- Up-to-date symlink: /convince_ws/install/btcpp_ros2_interfaces/share/btcpp_ros2_interfaces/cmake/rosidl_cmake-extras.cmake\n'}
[0.293117] (btcpp_ros2_interfaces) StdoutLine: {'line': b'-- Up-to-date symlink: /convince_ws/install/btcpp_ros2_interfaces/share/btcpp_ros2_interfaces/cmake/ament_cmake_export_dependencies-extras.cmake\n'}
[0.293145] (btcpp_ros2_interfaces) StdoutLine: {'line': b'-- Up-to-date symlink: /convince_ws/install/btcpp_ros2_interfaces/share/btcpp_ros2_interfaces/cmake/ament_cmake_export_include_directories-extras.cmake\n'}
[0.293173] (btcpp_ros2_interfaces) StdoutLine: {'line': b'-- Up-to-date symlink: /convince_ws/install/btcpp_ros2_interfaces/share/btcpp_ros2_interfaces/cmake/ament_cmake_export_libraries-extras.cmake\n'}
[0.293200] (btcpp_ros2_interfaces) StdoutLine: {'line': b'-- Up-to-date symlink: /convince_ws/install/btcpp_ros2_interfaces/share/btcpp_ros2_interfaces/cmake/ament_cmake_export_targets-extras.cmake\n'}
[0.293227] (btcpp_ros2_interfaces) StdoutLine: {'line': b'-- Up-to-date symlink: /convince_ws/install/btcpp_ros2_interfaces/share/btcpp_ros2_interfaces/cmake/rosidl_cmake_export_typesupport_targets-extras.cmake\n'}
[0.293273] (btcpp_ros2_interfaces) StdoutLine: {'line': b'-- Up-to-date symlink: /convince_ws/install/btcpp_ros2_interfaces/share/btcpp_ros2_interfaces/cmake/rosidl_cmake_export_typesupport_libraries-extras.cmake\n'}
[0.293302] (btcpp_ros2_interfaces) StdoutLine: {'line': b'-- Up-to-date symlink: /convince_ws/install/btcpp_ros2_interfaces/share/btcpp_ros2_interfaces/cmake/btcpp_ros2_interfacesConfig.cmake\n'}
[0.293330] (btcpp_ros2_interfaces) StdoutLine: {'line': b'-- Up-to-date symlink: /convince_ws/install/btcpp_ros2_interfaces/share/btcpp_ros2_interfaces/cmake/btcpp_ros2_interfacesConfig-version.cmake\n'}
[0.293358] (btcpp_ros2_interfaces) StdoutLine: {'line': b'-- Up-to-date symlink: /convince_ws/install/btcpp_ros2_interfaces/share/btcpp_ros2_interfaces/package.xml\n'}
[0.293385] (btcpp_ros2_interfaces) StdoutLine: {'line': b'-- Up-to-date: /convince_ws/install/btcpp_ros2_interfaces/lib/libbtcpp_ros2_interfaces__rosidl_generator_c.so\n'}
[0.293411] (btcpp_ros2_interfaces) StdoutLine: {'line': b'-- Up-to-date: /convince_ws/install/btcpp_ros2_interfaces/lib/libbtcpp_ros2_interfaces__rosidl_typesupport_fastrtps_c.so\n'}
[0.293439] (btcpp_ros2_interfaces) StdoutLine: {'line': b'-- Up-to-date: /convince_ws/install/btcpp_ros2_interfaces/lib/libbtcpp_ros2_interfaces__rosidl_typesupport_introspection_c.so\n'}
[0.293466] (btcpp_ros2_interfaces) StdoutLine: {'line': b'-- Up-to-date: /convince_ws/install/btcpp_ros2_interfaces/lib/libbtcpp_ros2_interfaces__rosidl_typesupport_c.so\n'}
[0.293494] (btcpp_ros2_interfaces) StdoutLine: {'line': b'-- Up-to-date: /convince_ws/install/btcpp_ros2_interfaces/lib/libbtcpp_ros2_interfaces__rosidl_typesupport_fastrtps_cpp.so\n'}
[0.293522] (btcpp_ros2_interfaces) StdoutLine: {'line': b'-- Up-to-date: /convince_ws/install/btcpp_ros2_interfaces/lib/libbtcpp_ros2_interfaces__rosidl_typesupport_introspection_cpp.so\n'}
[0.293554] (btcpp_ros2_interfaces) StdoutLine: {'line': b'-- Up-to-date: /convince_ws/install/btcpp_ros2_interfaces/lib/libbtcpp_ros2_interfaces__rosidl_typesupport_cpp.so\n'}
[0.293583] (bt_interfaces_dummy) CommandEnded: {'returncode': 0}
[0.293707] (bt_interfaces_dummy) JobProgress: {'identifier': 'bt_interfaces_dummy', 'progress': 'install'}
[0.293717] (bt_interfaces_dummy) Command: {'cmd': ['/usr/bin/cmake', '--install', '/convince_ws/build/bt_interfaces_dummy'], 'cwd': '/convince_ws/build/bt_interfaces_dummy', 'env': OrderedDict({'PYTHONWARNINGS': 'ignore:setup.py install is deprecated,ignore:easy_install command is deprecated', 'HOSTNAME': 'b06978b1e607', 'SHLVL': '1', 'LD_LIBRARY_PATH': '/opt/ros/jazzy/opt/zmqpp_vendor/lib:/opt/ros/jazzy/lib/x86_64-linux-gnu:/opt/ros/jazzy/lib', 'HOME': '/root', 'OLDPWD': '/convince_ws', 'ROS_PYTHON_VERSION': '3', 'ROS_DISTRO': 'jazzy', '_': '/usr/bin/colcon', 'ROS_VERSION': '2', 'TERM': 'xterm', 'QT_X11_NO_MITSHM': '1', 'PATH': '/opt/ros/jazzy/bin:/usr/local/sbin:/usr/local/bin:/usr/sbin:/usr/bin:/sbin:/bin', 'DISPLAY': ':1', 'LANG': 'C.UTF-8', 'AMENT_PREFIX_PATH': '/opt/ros/jazzy', 'ROS_WS': '/convince_ws', 'ROS_AUTOMATIC_DISCOVERY_RANGE': 'SUBNET', 'PWD': '/convince_ws/build/bt_interfaces_dummy', 'LC_ALL': 'C.UTF-8', 'PYTHONPATH': '/opt/ros/jazzy/lib/python3.12/site-packages', 'COLCON': '1', 'CMAKE_PREFIX_PATH': '/opt/ros/jazzy'}), 'shell': False}
[0.297839] (bt_interfaces_dummy) StdoutLine: {'line': b'-- Install configuration: ""\n'}
[0.298258] (bt_interfaces_dummy) StdoutLine: {'line': b'-- Execute custom install script\n'}
[0.298448] (bt_interfaces_dummy) StdoutLine: {'line': b'-- Up-to-date symlink: /convince_ws/install/bt_interfaces_dummy/share/ament_index/resource_index/rosidl_interfaces/bt_interfaces_dummy\n'}
[0.298596] (bt_interfaces_dummy) StdoutLine: {'line': b'-- Up-to-date symlink: /convince_ws/install/bt_interfaces_dummy/share/bt_interfaces_dummy/srv/TickAction.json\n'}
[0.298729] (bt_interfaces_dummy) StdoutLine: {'line': b'-- Up-to-date symlink: /convince_ws/install/bt_interfaces_dummy/share/bt_interfaces_dummy/msg/ActionResponse.json\n'}
[0.298859] (bt_interfaces_dummy) StdoutLine: {'line': b'-- Up-to-date symlink: /convince_ws/install/bt_interfaces_dummy/share/bt_interfaces_dummy/msg/ConditionResponse.json\n'}
[0.298985] (bt_interfaces_dummy) StdoutLine: {'line': b'-- Up-to-date symlink: /convince_ws/install/bt_interfaces_dummy/share/bt_interfaces_dummy/srv/HaltAction.json\n'}
[0.299118] (bt_interfaces_dummy) StdoutLine: {'line': b'-- Up-to-date symlink: /convince_ws/install/bt_interfaces_dummy/share/bt_interfaces_dummy/srv/TickCondition.json\n'}
[0.299241] (bt_interfaces_dummy) StdoutLine: {'line': b'-- Up-to-date symlink: /convince_ws/install/bt_interfaces_dummy/share/bt_interfaces_dummy/srv/ReloadTree.json\n'}
[0.299937] (bt_interfaces_dummy) StdoutLine: {'line': b'-- Up-to-date symlink: /convince_ws/install/bt_interfaces_dummy/include/bt_interfaces_dummy/bt_interfaces_dummy/msg/action_response.h\n'}
[0.299994] (bt_interfaces_dummy) StdoutLine: {'line': b'-- Up-to-date symlink: /convince_ws/install/bt_interfaces_dummy/include/bt_interfaces_dummy/bt_interfaces_dummy/msg/condition_response.h\n'}
[0.300028] (-) TimerEvent: {}
[0.300090] (bt_interfaces_dummy) StdoutLine: {'line': b'-- Up-to-date symlink: /convince_ws/install/bt_interfaces_dummy/include/bt_interfaces_dummy/bt_interfaces_dummy/msg/detail/action_response__functions.h\n'}
[0.300151] (bt_interfaces_dummy) StdoutLine: {'line': b'-- Up-to-date symlink: /convince_ws/install/bt_interfaces_dummy/include/bt_interfaces_dummy/bt_interfaces_dummy/msg/detail/action_response__struct.h\n'}
[0.300241] (bt_interfaces_dummy) StdoutLine: {'line': b'-- Up-to-date symlink: /convince_ws/install/bt_interfaces_dummy/include/bt_interfaces_dummy/bt_interfaces_dummy/msg/detail/action_response__type_support.h\n'}
[0.300332] (bt_interfaces_dummy) StdoutLine: {'line': b'-- Up-to-date symlink: /convince_ws/install/bt_interfaces_dummy/include/bt_interfaces_dummy/bt_interfaces_dummy/msg/detail/condition_response__functions.h\n'}
[0.300441] (overarching_msgs) StdoutLine: {'line': b"Listing '/convince_ws/install/overarching_msgs/lib/python3.12/site-packages/overarching_msgs'...\n"}
[0.300476] (overarching_msgs) StdoutLine: {'line': b"Listing '/convince_ws/install/overarching_msgs/lib/python3.12/site-packages/overarching_msgs/action'...\n"}
[0.300504] (overarching_msgs) StdoutLine: {'line': b"Listing '/convince_ws/install/overarching_msgs/lib/python3.12/site-packages/overarching_msgs/msg'...\n"}
[0.300534] (bt_interfaces_dummy) StdoutLine: {'line': b'-- Up-to-date symlink: /convince_ws/install/bt_interfaces_dummy/include/bt_interfaces_dummy/bt_interfaces_dummy/msg/detail/condition_response__struct.h\n'}
[0.300575] (bt_interfaces_dummy) StdoutLine: {'line': b'-- Up-to-date symlink: /convince_ws/install/bt_interfaces_dummy/include/bt_interfaces_dummy/bt_interfaces_dummy/msg/detail/condition_response__type_support.h\n'}
[0.300620] (bt_interfaces_dummy) StdoutLine: {'line': b'-- Up-to-date symlink: /convince_ws/install/bt_interfaces_dummy/include/bt_interfaces_dummy/bt_interfaces_dummy/msg/rosidl_generator_c__visibility_control.h\n'}
[0.300683] (bt_interfaces_dummy) StdoutLine: {'line': b'-- Up-to-date symlink: /convince_ws/install/bt_interfaces_dummy/include/bt_interfaces_dummy/bt_interfaces_dummy/srv/detail/halt_action__functions.h\n'}
[0.300768] (bt_interfaces_dummy) StdoutLine: {'line': b'-- Up-to-date symlink: /convince_ws/install/bt_interfaces_dummy/include/bt_interfaces_dummy/bt_interfaces_dummy/srv/detail/halt_action__struct.h\n'}
[0.300853] (bt_interfaces_dummy) StdoutLine: {'line': b'-- Up-to-date symlink: /convince_ws/install/bt_interfaces_dummy/include/bt_interfaces_dummy/bt_interfaces_dummy/srv/detail/halt_action__type_support.h\n'}
[0.300939] (bt_interfaces_dummy) StdoutLine: {'line': b'-- Up-to-date symlink: /convince_ws/install/bt_interfaces_dummy/include/bt_interfaces_dummy/bt_interfaces_dummy/srv/detail/reload_tree__functions.h\n'}
[0.301035] (bt_interfaces_dummy) StdoutLine: {'line': b'-- Up-to-date symlink: /convince_ws/install/bt_interfaces_dummy/include/bt_interfaces_dummy/bt_interfaces_dummy/srv/detail/reload_tree__struct.h\n'}
[0.301118] (bt_interfaces_dummy) StdoutLine: {'line': b'-- Up-to-date symlink: /convince_ws/install/bt_interfaces_dummy/include/bt_interfaces_dummy/bt_interfaces_dummy/srv/detail/reload_tree__type_support.h\n'}
[0.301204] (bt_interfaces_dummy) StdoutLine: {'line': b'-- Up-to-date symlink: /convince_ws/install/bt_interfaces_dummy/include/bt_interfaces_dummy/bt_interfaces_dummy/srv/detail/tick_action__functions.h\n'}
[0.301290] (bt_interfaces_dummy) StdoutLine: {'line': b'-- Up-to-date symlink: /convince_ws/install/bt_interfaces_dummy/include/bt_interfaces_dummy/bt_interfaces_dummy/srv/detail/tick_action__struct.h\n'}
[0.301375] (bt_interfaces_dummy) StdoutLine: {'line': b'-- Up-to-date symlink: /convince_ws/install/bt_interfaces_dummy/include/bt_interfaces_dummy/bt_interfaces_dummy/srv/detail/tick_action__type_support.h\n'}
[0.301460] (bt_interfaces_dummy) StdoutLine: {'line': b'-- Up-to-date symlink: /convince_ws/install/bt_interfaces_dummy/include/bt_interfaces_dummy/bt_interfaces_dummy/srv/detail/tick_condition__functions.h\n'}
[0.301545] (bt_interfaces_dummy) StdoutLine: {'line': b'-- Up-to-date symlink: /convince_ws/install/bt_interfaces_dummy/include/bt_interfaces_dummy/bt_interfaces_dummy/srv/detail/tick_condition__struct.h\n'}
[0.301604] (pyrobosim_msgs) StdoutLine: {'line': b"Listing '/convince_ws/install/pyrobosim_msgs/lib/python3.12/site-packages/pyrobosim_msgs'...\n"}
[0.301639] (pyrobosim_msgs) StdoutLine: {'line': b"Listing '/convince_ws/install/pyrobosim_msgs/lib/python3.12/site-packages/pyrobosim_msgs/action'...\n"}
[0.301669] (pyrobosim_msgs) StdoutLine: {'line': b"Listing '/convince_ws/install/pyrobosim_msgs/lib/python3.12/site-packages/pyrobosim_msgs/msg'...\n"}
[0.301698] (pyrobosim_msgs) StdoutLine: {'line': b"Listing '/convince_ws/install/pyrobosim_msgs/lib/python3.12/site-packages/pyrobosim_msgs/srv'...\n"}
[0.301741] (bt_interfaces_dummy) StdoutLine: {'line': b'-- Up-to-date symlink: /convince_ws/install/bt_interfaces_dummy/include/bt_interfaces_dummy/bt_interfaces_dummy/srv/detail/tick_condition__type_support.h\n'}
[0.301781] (bt_interfaces_dummy) StdoutLine: {'line': b'-- Up-to-date symlink: /convince_ws/install/bt_interfaces_dummy/include/bt_interfaces_dummy/bt_interfaces_dummy/srv/halt_action.h\n'}
[0.301824] (bt_interfaces_dummy) StdoutLine: {'line': b'-- Up-to-date symlink: /convince_ws/install/bt_interfaces_dummy/include/bt_interfaces_dummy/bt_interfaces_dummy/srv/reload_tree.h\n'}
[0.301880] (bt_interfaces_dummy) StdoutLine: {'line': b'-- Up-to-date symlink: /convince_ws/install/bt_interfaces_dummy/include/bt_interfaces_dummy/bt_interfaces_dummy/srv/tick_action.h\n'}
[0.301963] (bt_interfaces_dummy) StdoutLine: {'line': b'-- Up-to-date symlink: /convince_ws/install/bt_interfaces_dummy/include/bt_interfaces_dummy/bt_interfaces_dummy/srv/tick_condition.h\n'}
[0.302120] (bt_interfaces_dummy) StdoutLine: {'line': b'-- Up-to-date symlink: /convince_ws/install/bt_interfaces_dummy/share/bt_interfaces_dummy/environment/library_path.sh\n'}
[0.302241] (bt_interfaces_dummy) StdoutLine: {'line': b'-- Up-to-date symlink: /convince_ws/install/bt_interfaces_dummy/share/bt_interfaces_dummy/environment/library_path.dsv\n'}
[0.302830] (bt_interfaces_dummy) StdoutLine: {'line': b'-- Up-to-date symlink: /convince_ws/install/bt_interfaces_dummy/include/bt_interfaces_dummy/bt_interfaces_dummy/msg/detail/action_response__rosidl_typesupport_fastrtps_c.h\n'}
[0.302893] (bt_interfaces_dummy) StdoutLine: {'line': b'-- Up-to-date symlink: /convince_ws/install/bt_interfaces_dummy/include/bt_interfaces_dummy/bt_interfaces_dummy/msg/detail/condition_response__rosidl_typesupport_fastrtps_c.h\n'}
[0.302980] (bt_interfaces_dummy) StdoutLine: {'line': b'-- Up-to-date symlink: /convince_ws/install/bt_interfaces_dummy/include/bt_interfaces_dummy/bt_interfaces_dummy/msg/rosidl_typesupport_fastrtps_c__visibility_control.h\n'}
[0.303073] (bt_interfaces_dummy) StdoutLine: {'line': b'-- Up-to-date symlink: /convince_ws/install/bt_interfaces_dummy/include/bt_interfaces_dummy/bt_interfaces_dummy/srv/detail/halt_action__rosidl_typesupport_fastrtps_c.h\n'}
[0.303162] (bt_interfaces_dummy) StdoutLine: {'line': b'-- Up-to-date symlink: /convince_ws/install/bt_interfaces_dummy/include/bt_interfaces_dummy/bt_interfaces_dummy/srv/detail/reload_tree__rosidl_typesupport_fastrtps_c.h\n'}
[0.303248] (bt_interfaces_dummy) StdoutLine: {'line': b'-- Up-to-date symlink: /convince_ws/install/bt_interfaces_dummy/include/bt_interfaces_dummy/bt_interfaces_dummy/srv/detail/tick_action__rosidl_typesupport_fastrtps_c.h\n'}
[0.303335] (bt_interfaces_dummy) StdoutLine: {'line': b'-- Up-to-date symlink: /convince_ws/install/bt_interfaces_dummy/include/bt_interfaces_dummy/bt_interfaces_dummy/srv/detail/tick_condition__rosidl_typesupport_fastrtps_c.h\n'}
[0.303545] (overarching_msgs) StdoutLine: {'line': b'-- Up-to-date: /convince_ws/install/overarching_msgs/lib/liboverarching_msgs__rosidl_generator_py.so\n'}
[0.303652] (bt_interfaces_dummy) StdoutLine: {'line': b'-- Up-to-date symlink: /convince_ws/install/bt_interfaces_dummy/include/bt_interfaces_dummy/bt_interfaces_dummy/msg/detail/action_response__rosidl_typesupport_introspection_c.h\n'}
[0.303694] (overarching_msgs) StdoutLine: {'line': b'-- Up-to-date: /convince_ws/install/overarching_msgs/share/overarching_msgs/cmake/export_overarching_msgs__rosidl_generator_cExport.cmake\n'}
[0.303742] (bt_interfaces_dummy) StdoutLine: {'line': b'-- Up-to-date symlink: /convince_ws/install/bt_interfaces_dummy/include/bt_interfaces_dummy/bt_interfaces_dummy/msg/detail/condition_response__rosidl_typesupport_introspection_c.h\n'}
[0.303771] (overarching_msgs) StdoutLine: {'line': b'-- Up-to-date: /convince_ws/install/overarching_msgs/share/overarching_msgs/cmake/export_overarching_msgs__rosidl_generator_cExport-noconfig.cmake\n'}
[0.303822] (overarching_msgs) StdoutLine: {'line': b'-- Up-to-date: /convince_ws/install/overarching_msgs/share/overarching_msgs/cmake/export_overarching_msgs__rosidl_typesupport_fastrtps_cExport.cmake\n'}
[0.303870] (overarching_msgs) StdoutLine: {'line': b'-- Up-to-date: /convince_ws/install/overarching_msgs/share/overarching_msgs/cmake/export_overarching_msgs__rosidl_typesupport_fastrtps_cExport-noconfig.cmake\n'}
[0.303898] (overarching_msgs) StdoutLine: {'line': b'-- Up-to-date: /convince_ws/install/overarching_msgs/share/overarching_msgs/cmake/overarching_msgs__rosidl_typesupport_introspection_cExport.cmake\n'}
[0.303926] (overarching_msgs) StdoutLine: {'line': b'-- Up-to-date: /convince_ws/install/overarching_msgs/share/overarching_msgs/cmake/overarching_msgs__rosidl_typesupport_introspection_cExport-noconfig.cmake\n'}
[0.303955] (bt_interfaces_dummy) StdoutLine: {'line': b'-- Up-to-date symlink: /convince_ws/install/bt_interfaces_dummy/include/bt_interfaces_dummy/bt_interfaces_dummy/msg/rosidl_typesupport_introspection_c__visibility_control.h\n'}
[0.303983] (overarching_msgs) StdoutLine: {'line': b'-- Up-to-date: /convince_ws/install/overarching_msgs/share/overarching_msgs/cmake/overarching_msgs__rosidl_typesupport_cExport.cmake\n'}
[0.304040] (overarching_msgs) StdoutLine: {'line': b'-- Up-to-date: /convince_ws/install/overarching_msgs/share/overarching_msgs/cmake/overarching_msgs__rosidl_typesupport_cExport-noconfig.cmake\n'}
[0.304073] (overarching_msgs) StdoutLine: {'line': b'-- Up-to-date: /convince_ws/install/overarching_msgs/share/overarching_msgs/cmake/export_overarching_msgs__rosidl_generator_cppExport.cmake\n'}
[0.304101] (overarching_msgs) StdoutLine: {'line': b'-- Up-to-date: /convince_ws/install/overarching_msgs/share/overarching_msgs/cmake/export_overarching_msgs__rosidl_typesupport_fastrtps_cppExport.cmake\n'}
[0.304149] (overarching_msgs) StdoutLine: {'line': b'-- Up-to-date: /convince_ws/install/overarching_msgs/share/overarching_msgs/cmake/export_overarching_msgs__rosidl_typesupport_fastrtps_cppExport-noconfig.cmake\n'}
[0.304178] (overarching_msgs) StdoutLine: {'line': b'-- Up-to-date: /convince_ws/install/overarching_msgs/share/overarching_msgs/cmake/overarching_msgs__rosidl_typesupport_introspection_cppExport.cmake\n'}
[0.304205] (overarching_msgs) StdoutLine: {'line': b'-- Up-to-date: /convince_ws/install/overarching_msgs/share/overarching_msgs/cmake/overarching_msgs__rosidl_typesupport_introspection_cppExport-noconfig.cmake\n'}
[0.304233] (bt_interfaces_dummy) StdoutLine: {'line': b'-- Up-to-date symlink: /convince_ws/install/bt_interfaces_dummy/include/bt_interfaces_dummy/bt_interfaces_dummy/srv/detail/halt_action__rosidl_typesupport_introspection_c.h\n'}
[0.304263] (bt_interfaces_dummy) StdoutLine: {'line': b'-- Up-to-date symlink: /convince_ws/install/bt_interfaces_dummy/include/bt_interfaces_dummy/bt_interfaces_dummy/srv/detail/reload_tree__rosidl_typesupport_introspection_c.h\n'}
[0.304321] (bt_interfaces_dummy) StdoutLine: {'line': b'-- Up-to-date symlink: /convince_ws/install/bt_interfaces_dummy/include/bt_interfaces_dummy/bt_interfaces_dummy/srv/detail/tick_action__rosidl_typesupport_introspection_c.h\n'}
[0.304351] (bt_interfaces_dummy) StdoutLine: {'line': b'-- Up-to-date symlink: /convince_ws/install/bt_interfaces_dummy/include/bt_interfaces_dummy/bt_interfaces_dummy/srv/detail/tick_condition__rosidl_typesupport_introspection_c.h\n'}
[0.304379] (overarching_msgs) StdoutLine: {'line': b'-- Up-to-date: /convince_ws/install/overarching_msgs/share/overarching_msgs/cmake/overarching_msgs__rosidl_typesupport_cppExport.cmake\n'}
[0.304407] (overarching_msgs) StdoutLine: {'line': b'-- Up-to-date: /convince_ws/install/overarching_msgs/share/overarching_msgs/cmake/overarching_msgs__rosidl_typesupport_cppExport-noconfig.cmake\n'}
[0.304436] (overarching_msgs) StdoutLine: {'line': b'-- Up-to-date: /convince_ws/install/overarching_msgs/share/overarching_msgs/cmake/export_overarching_msgs__rosidl_generator_pyExport.cmake\n'}
[0.304466] (overarching_msgs) StdoutLine: {'line': b'-- Up-to-date: /convince_ws/install/overarching_msgs/share/overarching_msgs/cmake/export_overarching_msgs__rosidl_generator_pyExport-noconfig.cmake\n'}
[0.304505] (bt_interfaces_dummy) StdoutLine: {'line': b'-- Up-to-date symlink: /convince_ws/install/bt_interfaces_dummy/include/bt_interfaces_dummy/bt_interfaces_dummy/msg/action_response.hpp\n'}
[0.304552] (bt_interfaces_dummy) StdoutLine: {'line': b'-- Up-to-date symlink: /convince_ws/install/bt_interfaces_dummy/include/bt_interfaces_dummy/bt_interfaces_dummy/msg/condition_response.hpp\n'}
[0.304581] (bt_interfaces_dummy) StdoutLine: {'line': b'-- Up-to-date symlink: /convince_ws/install/bt_interfaces_dummy/include/bt_interfaces_dummy/bt_interfaces_dummy/msg/detail/action_response__builder.hpp\n'}
[0.304610] (bt_interfaces_dummy) StdoutLine: {'line': b'-- Up-to-date symlink: /convince_ws/install/bt_interfaces_dummy/include/bt_interfaces_dummy/bt_interfaces_dummy/msg/detail/action_response__struct.hpp\n'}
[0.304637] (bt_interfaces_dummy) StdoutLine: {'line': b'-- Up-to-date symlink: /convince_ws/install/bt_interfaces_dummy/include/bt_interfaces_dummy/bt_interfaces_dummy/msg/detail/action_response__traits.hpp\n'}
[0.304666] (bt_interfaces_dummy) StdoutLine: {'line': b'-- Up-to-date symlink: /convince_ws/install/bt_interfaces_dummy/include/bt_interfaces_dummy/bt_interfaces_dummy/msg/detail/action_response__type_support.hpp\n'}
[0.304708] (bt_interfaces_dummy) StdoutLine: {'line': b'-- Up-to-date symlink: /convince_ws/install/bt_interfaces_dummy/include/bt_interfaces_dummy/bt_interfaces_dummy/msg/detail/condition_response__builder.hpp\n'}
[0.304765] (bt_interfaces_dummy) StdoutLine: {'line': b'-- Up-to-date symlink: /convince_ws/install/bt_interfaces_dummy/include/bt_interfaces_dummy/bt_interfaces_dummy/msg/detail/condition_response__struct.hpp\n'}
[0.304795] (bt_interfaces_dummy) StdoutLine: {'line': b'-- Up-to-date symlink: /convince_ws/install/bt_interfaces_dummy/include/bt_interfaces_dummy/bt_interfaces_dummy/msg/detail/condition_response__traits.hpp\n'}
[0.304823] (bt_interfaces_dummy) StdoutLine: {'line': b'-- Up-to-date symlink: /convince_ws/install/bt_interfaces_dummy/include/bt_interfaces_dummy/bt_interfaces_dummy/msg/detail/condition_response__type_support.hpp\n'}
[0.304852] (bt_interfaces_dummy) StdoutLine: {'line': b'-- Up-to-date symlink: /convince_ws/install/bt_interfaces_dummy/include/bt_interfaces_dummy/bt_interfaces_dummy/msg/rosidl_generator_cpp__visibility_control.hpp\n'}
[0.304880] (bt_interfaces_dummy) StdoutLine: {'line': b'-- Up-to-date symlink: /convince_ws/install/bt_interfaces_dummy/include/bt_interfaces_dummy/bt_interfaces_dummy/srv/detail/halt_action__builder.hpp\n'}
[0.304908] (bt_interfaces_dummy) StdoutLine: {'line': b'-- Up-to-date symlink: /convince_ws/install/bt_interfaces_dummy/include/bt_interfaces_dummy/bt_interfaces_dummy/srv/detail/halt_action__struct.hpp\n'}
[0.304958] (pyrobosim_msgs) StdoutLine: {'line': b'-- Up-to-date: /convince_ws/install/pyrobosim_msgs/lib/libpyrobosim_msgs__rosidl_generator_py.so\n'}
[0.304991] (bt_interfaces_dummy) StdoutLine: {'line': b'-- Up-to-date symlink: /convince_ws/install/bt_interfaces_dummy/include/bt_interfaces_dummy/bt_interfaces_dummy/srv/detail/halt_action__traits.hpp\n'}
[0.305096] (pyrobosim_msgs) StdoutLine: {'line': b'-- Up-to-date: /convince_ws/install/pyrobosim_msgs/share/pyrobosim_msgs/cmake/export_pyrobosim_msgs__rosidl_generator_cExport.cmake\n'}
[0.305215] (pyrobosim_msgs) StdoutLine: {'line': b'-- Up-to-date: /convince_ws/install/pyrobosim_msgs/share/pyrobosim_msgs/cmake/export_pyrobosim_msgs__rosidl_generator_cExport-noconfig.cmake\n'}
[0.305245] (bt_interfaces_dummy) StdoutLine: {'line': b'-- Up-to-date symlink: /convince_ws/install/bt_interfaces_dummy/include/bt_interfaces_dummy/bt_interfaces_dummy/srv/detail/halt_action__type_support.hpp\n'}
[0.305275] (bt_interfaces_dummy) StdoutLine: {'line': b'-- Up-to-date symlink: /convince_ws/install/bt_interfaces_dummy/include/bt_interfaces_dummy/bt_interfaces_dummy/srv/detail/reload_tree__builder.hpp\n'}
[0.305350] (bt_interfaces_dummy) StdoutLine: {'line': b'-- Up-to-date symlink: /convince_ws/install/bt_interfaces_dummy/include/bt_interfaces_dummy/bt_interfaces_dummy/srv/detail/reload_tree__struct.hpp\n'}
[0.305399] (pyrobosim_msgs) StdoutLine: {'line': b'-- Up-to-date: /convince_ws/install/pyrobosim_msgs/share/pyrobosim_msgs/cmake/export_pyrobosim_msgs__rosidl_typesupport_fastrtps_cExport.cmake\n'}
[0.305428] (pyrobosim_msgs) StdoutLine: {'line': b'-- Up-to-date: /convince_ws/install/pyrobosim_msgs/share/pyrobosim_msgs/cmake/export_pyrobosim_msgs__rosidl_typesupport_fastrtps_cExport-noconfig.cmake\n'}
[0.305456] (pyrobosim_msgs) StdoutLine: {'line': b'-- Up-to-date: /convince_ws/install/pyrobosim_msgs/share/pyrobosim_msgs/cmake/export_pyrobosim_msgs__rosidl_generator_cppExport.cmake\n'}
[0.305484] (pyrobosim_msgs) StdoutLine: {'line': b'-- Up-to-date: /convince_ws/install/pyrobosim_msgs/share/pyrobosim_msgs/cmake/export_pyrobosim_msgs__rosidl_typesupport_fastrtps_cppExport.cmake\n'}
[0.305510] (bt_interfaces_dummy) StdoutLine: {'line': b'-- Up-to-date symlink: /convince_ws/install/bt_interfaces_dummy/include/bt_interfaces_dummy/bt_interfaces_dummy/srv/detail/reload_tree__traits.hpp\n'}
[0.305538] (bt_interfaces_dummy) StdoutLine: {'line': b'-- Up-to-date symlink: /convince_ws/install/bt_interfaces_dummy/include/bt_interfaces_dummy/bt_interfaces_dummy/srv/detail/reload_tree__type_support.hpp\n'}
[0.305567] (bt_interfaces_dummy) StdoutLine: {'line': b'-- Up-to-date symlink: /convince_ws/install/bt_interfaces_dummy/include/bt_interfaces_dummy/bt_interfaces_dummy/srv/detail/tick_action__builder.hpp\n'}
[0.305639] (bt_interfaces_dummy) StdoutLine: {'line': b'-- Up-to-date symlink: /convince_ws/install/bt_interfaces_dummy/include/bt_interfaces_dummy/bt_interfaces_dummy/srv/detail/tick_action__struct.hpp\n'}
[0.305667] (bt_interfaces_dummy) StdoutLine: {'line': b'-- Up-to-date symlink: /convince_ws/install/bt_interfaces_dummy/include/bt_interfaces_dummy/bt_interfaces_dummy/srv/detail/tick_action__traits.hpp\n'}
[0.305695] (bt_interfaces_dummy) StdoutLine: {'line': b'-- Up-to-date symlink: /convince_ws/install/bt_interfaces_dummy/include/bt_interfaces_dummy/bt_interfaces_dummy/srv/detail/tick_action__type_support.hpp\n'}
[0.305723] (pyrobosim_msgs) StdoutLine: {'line': b'-- Up-to-date: /convince_ws/install/pyrobosim_msgs/share/pyrobosim_msgs/cmake/export_pyrobosim_msgs__rosidl_typesupport_fastrtps_cppExport-noconfig.cmake\n'}
[0.305751] (bt_interfaces_dummy) StdoutLine: {'line': b'-- Up-to-date symlink: /convince_ws/install/bt_interfaces_dummy/include/bt_interfaces_dummy/bt_interfaces_dummy/srv/detail/tick_condition__builder.hpp\n'}
[0.305780] (bt_interfaces_dummy) StdoutLine: {'line': b'-- Up-to-date symlink: /convince_ws/install/bt_interfaces_dummy/include/bt_interfaces_dummy/bt_interfaces_dummy/srv/detail/tick_condition__struct.hpp\n'}
[0.305891] (bt_interfaces_dummy) StdoutLine: {'line': b'-- Up-to-date symlink: /convince_ws/install/bt_interfaces_dummy/include/bt_interfaces_dummy/bt_interfaces_dummy/srv/detail/tick_condition__traits.hpp\n'}
[0.305974] (bt_interfaces_dummy) StdoutLine: {'line': b'-- Up-to-date symlink: /convince_ws/install/bt_interfaces_dummy/include/bt_interfaces_dummy/bt_interfaces_dummy/srv/detail/tick_condition__type_support.hpp\n'}
[0.306005] (pyrobosim_msgs) StdoutLine: {'line': b'-- Up-to-date: /convince_ws/install/pyrobosim_msgs/share/pyrobosim_msgs/cmake/pyrobosim_msgs__rosidl_typesupport_introspection_cExport.cmake\n'}
[0.306041] (pyrobosim_msgs) StdoutLine: {'line': b'-- Up-to-date: /convince_ws/install/pyrobosim_msgs/share/pyrobosim_msgs/cmake/pyrobosim_msgs__rosidl_typesupport_introspection_cExport-noconfig.cmake\n'}
[0.306070] (pyrobosim_msgs) StdoutLine: {'line': b'-- Up-to-date: /convince_ws/install/pyrobosim_msgs/share/pyrobosim_msgs/cmake/pyrobosim_msgs__rosidl_typesupport_cExport.cmake\n'}
[0.306098] (pyrobosim_msgs) StdoutLine: {'line': b'-- Up-to-date: /convince_ws/install/pyrobosim_msgs/share/pyrobosim_msgs/cmake/pyrobosim_msgs__rosidl_typesupport_cExport-noconfig.cmake\n'}
[0.306126] (pyrobosim_msgs) StdoutLine: {'line': b'-- Up-to-date: /convince_ws/install/pyrobosim_msgs/share/pyrobosim_msgs/cmake/pyrobosim_msgs__rosidl_typesupport_introspection_cppExport.cmake\n'}
[0.306184] (pyrobosim_msgs) StdoutLine: {'line': b'-- Up-to-date: /convince_ws/install/pyrobosim_msgs/share/pyrobosim_msgs/cmake/pyrobosim_msgs__rosidl_typesupport_introspection_cppExport-noconfig.cmake\n'}
[0.306273] (pyrobosim_msgs) StdoutLine: {'line': b'-- Up-to-date: /convince_ws/install/pyrobosim_msgs/share/pyrobosim_msgs/cmake/pyrobosim_msgs__rosidl_typesupport_cppExport.cmake\n'}
[0.306302] (pyrobosim_msgs) StdoutLine: {'line': b'-- Up-to-date: /convince_ws/install/pyrobosim_msgs/share/pyrobosim_msgs/cmake/pyrobosim_msgs__rosidl_typesupport_cppExport-noconfig.cmake\n'}
[0.306331] (bt_interfaces_dummy) StdoutLine: {'line': b'-- Up-to-date symlink: /convince_ws/install/bt_interfaces_dummy/include/bt_interfaces_dummy/bt_interfaces_dummy/srv/halt_action.hpp\n'}
[0.306362] (bt_interfaces_dummy) StdoutLine: {'line': b'-- Up-to-date symlink: /convince_ws/install/bt_interfaces_dummy/include/bt_interfaces_dummy/bt_interfaces_dummy/srv/reload_tree.hpp\n'}
[0.306390] (bt_interfaces_dummy) StdoutLine: {'line': b'-- Up-to-date symlink: /convince_ws/install/bt_interfaces_dummy/include/bt_interfaces_dummy/bt_interfaces_dummy/srv/tick_action.hpp\n'}
[0.306419] (bt_interfaces_dummy) StdoutLine: {'line': b'-- Up-to-date symlink: /convince_ws/install/bt_interfaces_dummy/include/bt_interfaces_dummy/bt_interfaces_dummy/srv/tick_condition.hpp\n'}
[0.306448] (bt_interfaces_dummy) StdoutLine: {'line': b'-- Up-to-date symlink: /convince_ws/install/bt_interfaces_dummy/include/bt_interfaces_dummy/bt_interfaces_dummy/msg/detail/action_response__rosidl_typesupport_fastrtps_cpp.hpp\n'}
[0.306478] (bt_interfaces_dummy) StdoutLine: {'line': b'-- Up-to-date symlink: /convince_ws/install/bt_interfaces_dummy/include/bt_interfaces_dummy/bt_interfaces_dummy/msg/detail/condition_response__rosidl_typesupport_fastrtps_cpp.hpp\n'}
[0.306506] (bt_interfaces_dummy) StdoutLine: {'line': b'-- Up-to-date symlink: /convince_ws/install/bt_interfaces_dummy/include/bt_interfaces_dummy/bt_interfaces_dummy/msg/rosidl_typesupport_fastrtps_cpp__visibility_control.h\n'}
[0.306535] (pyrobosim_msgs) StdoutLine: {'line': b'-- Up-to-date: /convince_ws/install/pyrobosim_msgs/share/pyrobosim_msgs/cmake/export_pyrobosim_msgs__rosidl_generator_pyExport.cmake\n'}
[0.306563] (pyrobosim_msgs) StdoutLine: {'line': b'-- Up-to-date: /convince_ws/install/pyrobosim_msgs/share/pyrobosim_msgs/cmake/export_pyrobosim_msgs__rosidl_generator_pyExport-noconfig.cmake\n'}
[0.306706] (bt_interfaces_dummy) StdoutLine: {'line': b'-- Up-to-date symlink: /convince_ws/install/bt_interfaces_dummy/include/bt_interfaces_dummy/bt_interfaces_dummy/srv/detail/halt_action__rosidl_typesupport_fastrtps_cpp.hpp\n'}
[0.306737] (bt_interfaces_dummy) StdoutLine: {'line': b'-- Up-to-date symlink: /convince_ws/install/bt_interfaces_dummy/include/bt_interfaces_dummy/bt_interfaces_dummy/srv/detail/reload_tree__rosidl_typesupport_fastrtps_cpp.hpp\n'}
[0.306765] (bt_interfaces_dummy) StdoutLine: {'line': b'-- Up-to-date symlink: /convince_ws/install/bt_interfaces_dummy/include/bt_interfaces_dummy/bt_interfaces_dummy/srv/detail/tick_action__rosidl_typesupport_fastrtps_cpp.hpp\n'}
[0.306794] (bt_interfaces_dummy) StdoutLine: {'line': b'-- Up-to-date symlink: /convince_ws/install/bt_interfaces_dummy/include/bt_interfaces_dummy/bt_interfaces_dummy/srv/detail/tick_condition__rosidl_typesupport_fastrtps_cpp.hpp\n'}
[0.306822] (bt_interfaces_dummy) StdoutLine: {'line': b'-- Up-to-date symlink: /convince_ws/install/bt_interfaces_dummy/include/bt_interfaces_dummy/bt_interfaces_dummy/msg/detail/action_response__rosidl_typesupport_introspection_cpp.hpp\n'}
[0.306850] (bt_interfaces_dummy) StdoutLine: {'line': b'-- Up-to-date symlink: /convince_ws/install/bt_interfaces_dummy/include/bt_interfaces_dummy/bt_interfaces_dummy/msg/detail/condition_response__rosidl_typesupport_introspection_cpp.hpp\n'}
[0.306878] (bt_interfaces_dummy) StdoutLine: {'line': b'-- Up-to-date symlink: /convince_ws/install/bt_interfaces_dummy/include/bt_interfaces_dummy/bt_interfaces_dummy/srv/detail/halt_action__rosidl_typesupport_introspection_cpp.hpp\n'}
[0.306949] (bt_interfaces_dummy) StdoutLine: {'line': b'-- Up-to-date symlink: /convince_ws/install/bt_interfaces_dummy/include/bt_interfaces_dummy/bt_interfaces_dummy/srv/detail/reload_tree__rosidl_typesupport_introspection_cpp.hpp\n'}
[0.307012] (bt_interfaces_dummy) StdoutLine: {'line': b'-- Up-to-date symlink: /convince_ws/install/bt_interfaces_dummy/include/bt_interfaces_dummy/bt_interfaces_dummy/srv/detail/tick_action__rosidl_typesupport_introspection_cpp.hpp\n'}
[0.307044] (bt_interfaces_dummy) StdoutLine: {'line': b'-- Up-to-date symlink: /convince_ws/install/bt_interfaces_dummy/include/bt_interfaces_dummy/bt_interfaces_dummy/srv/detail/tick_condition__rosidl_typesupport_introspection_cpp.hpp\n'}
[0.307072] (bt_interfaces_dummy) StdoutLine: {'line': b'-- Up-to-date symlink: /convince_ws/install/bt_interfaces_dummy/share/bt_interfaces_dummy/environment/pythonpath.sh\n'}
[0.307100] (bt_interfaces_dummy) StdoutLine: {'line': b'-- Up-to-date symlink: /convince_ws/install/bt_interfaces_dummy/share/bt_interfaces_dummy/environment/pythonpath.dsv\n'}
[0.307129] (bt_interfaces_dummy) StdoutLine: {'line': b'-- Up-to-date symlink: /convince_ws/install/bt_interfaces_dummy/lib/python3.12/site-packages/bt_interfaces_dummy-0.0.0-py3.12.egg-info/PKG-INFO\n'}
[0.307158] (bt_interfaces_dummy) StdoutLine: {'line': b'-- Up-to-date symlink: /convince_ws/install/bt_interfaces_dummy/lib/python3.12/site-packages/bt_interfaces_dummy-0.0.0-py3.12.egg-info/SOURCES.txt\n'}
[0.307215] (bt_interfaces_dummy) StdoutLine: {'line': b'-- Up-to-date symlink: /convince_ws/install/bt_interfaces_dummy/lib/python3.12/site-packages/bt_interfaces_dummy-0.0.0-py3.12.egg-info/dependency_links.txt\n'}
[0.307246] (bt_interfaces_dummy) StdoutLine: {'line': b'-- Up-to-date symlink: /convince_ws/install/bt_interfaces_dummy/lib/python3.12/site-packages/bt_interfaces_dummy-0.0.0-py3.12.egg-info/top_level.txt\n'}
[0.307485] (overarching_msgs) CommandEnded: {'returncode': 0}
[0.307852] (btcpp_ros2_interfaces) StdoutLine: {'line': b"Listing '/convince_ws/install/btcpp_ros2_interfaces/lib/python3.12/site-packages/btcpp_ros2_interfaces'...\n"}
[0.307926] (btcpp_ros2_interfaces) StdoutLine: {'line': b"Listing '/convince_ws/install/btcpp_ros2_interfaces/lib/python3.12/site-packages/btcpp_ros2_interfaces/action'...\n"}
[0.307957] (btcpp_ros2_interfaces) StdoutLine: {'line': b"Listing '/convince_ws/install/btcpp_ros2_interfaces/lib/python3.12/site-packages/btcpp_ros2_interfaces/msg'...\n"}
[0.307988] (btcpp_ros2_interfaces) StdoutLine: {'line': b"Listing '/convince_ws/install/btcpp_ros2_interfaces/lib/python3.12/site-packages/btcpp_ros2_interfaces/srv'...\n"}
[0.308173] (bt_interfaces_dummy) StdoutLine: {'line': b'-- Up-to-date symlink: /convince_ws/install/bt_interfaces_dummy/lib/python3.12/site-packages/bt_interfaces_dummy/__init__.py\n'}
[0.308244] (bt_interfaces_dummy) StdoutLine: {'line': b'-- Up-to-date symlink: /convince_ws/install/bt_interfaces_dummy/lib/python3.12/site-packages/bt_interfaces_dummy/_bt_interfaces_dummy_s.ep.rosidl_typesupport_c.c\n'}
[0.308277] (bt_interfaces_dummy) StdoutLine: {'line': b'-- Up-to-date symlink: /convince_ws/install/bt_interfaces_dummy/lib/python3.12/site-packages/bt_interfaces_dummy/_bt_interfaces_dummy_s.ep.rosidl_typesupport_fastrtps_c.c\n'}
[0.308307] (bt_interfaces_dummy) StdoutLine: {'line': b'-- Up-to-date symlink: /convince_ws/install/bt_interfaces_dummy/lib/python3.12/site-packages/bt_interfaces_dummy/_bt_interfaces_dummy_s.ep.rosidl_typesupport_introspection_c.c\n'}
[0.308336] (bt_interfaces_dummy) StdoutLine: {'line': b'-- Up-to-date symlink: /convince_ws/install/bt_interfaces_dummy/lib/python3.12/site-packages/bt_interfaces_dummy/bt_interfaces_dummy_s__rosidl_typesupport_c.so\n'}
[0.308365] (bt_interfaces_dummy) StdoutLine: {'line': b'-- Up-to-date symlink: /convince_ws/install/bt_interfaces_dummy/lib/python3.12/site-packages/bt_interfaces_dummy/bt_interfaces_dummy_s__rosidl_typesupport_fastrtps_c.so\n'}
[0.308396] (bt_interfaces_dummy) StdoutLine: {'line': b'-- Up-to-date symlink: /convince_ws/install/bt_interfaces_dummy/lib/python3.12/site-packages/bt_interfaces_dummy/bt_interfaces_dummy_s__rosidl_typesupport_introspection_c.so\n'}
[0.308441] (bt_interfaces_dummy) StdoutLine: {'line': b'-- Up-to-date symlink: /convince_ws/install/bt_interfaces_dummy/lib/python3.12/site-packages/bt_interfaces_dummy/msg/__init__.py\n'}
[0.308469] (bt_interfaces_dummy) StdoutLine: {'line': b'-- Up-to-date symlink: /convince_ws/install/bt_interfaces_dummy/lib/python3.12/site-packages/bt_interfaces_dummy/msg/_action_response.py\n'}
[0.308497] (bt_interfaces_dummy) StdoutLine: {'line': b'-- Up-to-date symlink: /convince_ws/install/bt_interfaces_dummy/lib/python3.12/site-packages/bt_interfaces_dummy/msg/_action_response_s.c\n'}
[0.308525] (bt_interfaces_dummy) StdoutLine: {'line': b'-- Up-to-date symlink: /convince_ws/install/bt_interfaces_dummy/lib/python3.12/site-packages/bt_interfaces_dummy/msg/_condition_response.py\n'}
[0.308552] (bt_interfaces_dummy) StdoutLine: {'line': b'-- Up-to-date symlink: /convince_ws/install/bt_interfaces_dummy/lib/python3.12/site-packages/bt_interfaces_dummy/msg/_condition_response_s.c\n'}
[0.308610] (bt_interfaces_dummy) StdoutLine: {'line': b'-- Up-to-date symlink: /convince_ws/install/bt_interfaces_dummy/lib/python3.12/site-packages/bt_interfaces_dummy/srv/__init__.py\n'}
[0.308641] (bt_interfaces_dummy) StdoutLine: {'line': b'-- Up-to-date symlink: /convince_ws/install/bt_interfaces_dummy/lib/python3.12/site-packages/bt_interfaces_dummy/srv/_halt_action.py\n'}
[0.308697] (bt_interfaces_dummy) StdoutLine: {'line': b'-- Up-to-date symlink: /convince_ws/install/bt_interfaces_dummy/lib/python3.12/site-packages/bt_interfaces_dummy/srv/_halt_action_s.c\n'}
[0.308729] (bt_interfaces_dummy) StdoutLine: {'line': b'-- Up-to-date symlink: /convince_ws/install/bt_interfaces_dummy/lib/python3.12/site-packages/bt_interfaces_dummy/srv/_reload_tree.py\n'}
[0.308757] (bt_interfaces_dummy) StdoutLine: {'line': b'-- Up-to-date symlink: /convince_ws/install/bt_interfaces_dummy/lib/python3.12/site-packages/bt_interfaces_dummy/srv/_reload_tree_s.c\n'}
[0.308794] (bt_interfaces_dummy) StdoutLine: {'line': b'-- Up-to-date symlink: /convince_ws/install/bt_interfaces_dummy/lib/python3.12/site-packages/bt_interfaces_dummy/srv/_tick_action.py\n'}
[0.308822] (bt_interfaces_dummy) StdoutLine: {'line': b'-- Up-to-date symlink: /convince_ws/install/bt_interfaces_dummy/lib/python3.12/site-packages/bt_interfaces_dummy/srv/_tick_action_s.c\n'}
[0.308849] (bt_interfaces_dummy) StdoutLine: {'line': b'-- Up-to-date symlink: /convince_ws/install/bt_interfaces_dummy/lib/python3.12/site-packages/bt_interfaces_dummy/srv/_tick_condition.py\n'}
[0.308875] (bt_interfaces_dummy) StdoutLine: {'line': b'-- Up-to-date symlink: /convince_ws/install/bt_interfaces_dummy/lib/python3.12/site-packages/bt_interfaces_dummy/srv/_tick_condition_s.c\n'}
[0.308920] (bt_interfaces_dummy) StdoutLine: {'line': b'-- Up-to-date symlink: /convince_ws/install/bt_interfaces_dummy/lib/python3.12/site-packages/bt_interfaces_dummy/bt_interfaces_dummy_s__rosidl_typesupport_fastrtps_c.so\n'}
[0.308971] (bt_interfaces_dummy) StdoutLine: {'line': b'-- Up-to-date symlink: /convince_ws/install/bt_interfaces_dummy/lib/python3.12/site-packages/bt_interfaces_dummy/bt_interfaces_dummy_s__rosidl_typesupport_introspection_c.so\n'}
[0.309008] (bt_interfaces_dummy) StdoutLine: {'line': b'-- Up-to-date symlink: /convince_ws/install/bt_interfaces_dummy/lib/python3.12/site-packages/bt_interfaces_dummy/bt_interfaces_dummy_s__rosidl_typesupport_c.so\n'}
[0.309062] (bt_interfaces_dummy) StdoutLine: {'line': b'-- Up-to-date symlink: /convince_ws/install/bt_interfaces_dummy/share/bt_interfaces_dummy/srv/TickAction.idl\n'}
[0.309091] (bt_interfaces_dummy) StdoutLine: {'line': b'-- Up-to-date symlink: /convince_ws/install/bt_interfaces_dummy/share/bt_interfaces_dummy/msg/ActionResponse.idl\n'}
[0.309142] (bt_interfaces_dummy) StdoutLine: {'line': b'-- Up-to-date symlink: /convince_ws/install/bt_interfaces_dummy/share/bt_interfaces_dummy/msg/ConditionResponse.idl\n'}
[0.309191] (bt_interfaces_dummy) StdoutLine: {'line': b'-- Up-to-date symlink: /convince_ws/install/bt_interfaces_dummy/share/bt_interfaces_dummy/srv/HaltAction.idl\n'}
[0.309236] (bt_interfaces_dummy) StdoutLine: {'line': b'-- Up-to-date symlink: /convince_ws/install/bt_interfaces_dummy/share/bt_interfaces_dummy/srv/TickCondition.idl\n'}
[0.309330] (bt_interfaces_dummy) StdoutLine: {'line': b'-- Up-to-date symlink: /convince_ws/install/bt_interfaces_dummy/share/bt_interfaces_dummy/srv/ReloadTree.idl\n'}
[0.309380] (bt_interfaces_dummy) StdoutLine: {'line': b'-- Up-to-date symlink: /convince_ws/install/bt_interfaces_dummy/share/bt_interfaces_dummy/srv/TickAction.srv\n'}
[0.309425] (bt_interfaces_dummy) StdoutLine: {'line': b'-- Up-to-date symlink: /convince_ws/install/bt_interfaces_dummy/share/bt_interfaces_dummy/msg/ActionResponse.msg\n'}
[0.309463] (bt_interfaces_dummy) StdoutLine: {'line': b'-- Up-to-date symlink: /convince_ws/install/bt_interfaces_dummy/share/bt_interfaces_dummy/msg/ConditionResponse.msg\n'}
[0.309499] (bt_interfaces_dummy) StdoutLine: {'line': b'-- Up-to-date symlink: /convince_ws/install/bt_interfaces_dummy/share/bt_interfaces_dummy/srv/HaltAction.srv\n'}
[0.309563] (bt_interfaces_dummy) StdoutLine: {'line': b'-- Up-to-date symlink: /convince_ws/install/bt_interfaces_dummy/share/bt_interfaces_dummy/srv/TickCondition.srv\n'}
[0.309615] (bt_interfaces_dummy) StdoutLine: {'line': b'-- Up-to-date symlink: /convince_ws/install/bt_interfaces_dummy/share/bt_interfaces_dummy/srv/ReloadTree.srv\n'}
[0.309682] (bt_interfaces_dummy) StdoutLine: {'line': b'-- Up-to-date symlink: /convince_ws/install/bt_interfaces_dummy/share/ament_index/resource_index/package_run_dependencies/bt_interfaces_dummy\n'}
[0.309747] (bt_interfaces_dummy) StdoutLine: {'line': b'-- Up-to-date symlink: /convince_ws/install/bt_interfaces_dummy/share/ament_index/resource_index/parent_prefix_path/bt_interfaces_dummy\n'}
[0.309815] (bt_interfaces_dummy) StdoutLine: {'line': b'-- Up-to-date symlink: /convince_ws/install/bt_interfaces_dummy/share/bt_interfaces_dummy/environment/ament_prefix_path.sh\n'}
[0.309910] (bt_interfaces_dummy) StdoutLine: {'line': b'-- Up-to-date symlink: /convince_ws/install/bt_interfaces_dummy/share/bt_interfaces_dummy/environment/ament_prefix_path.dsv\n'}
[0.309960] (bt_interfaces_dummy) StdoutLine: {'line': b'-- Up-to-date symlink: /convince_ws/install/bt_interfaces_dummy/share/bt_interfaces_dummy/environment/path.sh\n'}
[0.310025] (bt_interfaces_dummy) StdoutLine: {'line': b'-- Up-to-date symlink: /convince_ws/install/bt_interfaces_dummy/share/bt_interfaces_dummy/environment/path.dsv\n'}
[0.310093] (bt_interfaces_dummy) StdoutLine: {'line': b'-- Up-to-date symlink: /convince_ws/install/bt_interfaces_dummy/share/bt_interfaces_dummy/local_setup.bash\n'}
[0.310134] (bt_interfaces_dummy) StdoutLine: {'line': b'-- Up-to-date symlink: /convince_ws/install/bt_interfaces_dummy/share/bt_interfaces_dummy/local_setup.sh\n'}
[0.310184] (bt_interfaces_dummy) StdoutLine: {'line': b'-- Up-to-date symlink: /convince_ws/install/bt_interfaces_dummy/share/bt_interfaces_dummy/local_setup.zsh\n'}
[0.310239] (bt_interfaces_dummy) StdoutLine: {'line': b'-- Up-to-date symlink: /convince_ws/install/bt_interfaces_dummy/share/bt_interfaces_dummy/local_setup.dsv\n'}
[0.310287] (bt_interfaces_dummy) StdoutLine: {'line': b'-- Symlinking: /convince_ws/install/bt_interfaces_dummy/share/bt_interfaces_dummy/package.dsv\n'}
[0.311164] (btcpp_ros2_interfaces) StdoutLine: {'line': b'-- Up-to-date: /convince_ws/install/btcpp_ros2_interfaces/lib/libbtcpp_ros2_interfaces__rosidl_generator_py.so\n'}
[0.311403] (btcpp_ros2_interfaces) StdoutLine: {'line': b'-- Up-to-date: /convince_ws/install/btcpp_ros2_interfaces/share/btcpp_ros2_interfaces/cmake/export_btcpp_ros2_interfaces__rosidl_generator_cExport.cmake\n'}
[0.311458] (btcpp_ros2_interfaces) StdoutLine: {'line': b'-- Up-to-date: /convince_ws/install/btcpp_ros2_interfaces/share/btcpp_ros2_interfaces/cmake/export_btcpp_ros2_interfaces__rosidl_generator_cExport-noconfig.cmake\n'}
[0.311613] (btcpp_ros2_interfaces) StdoutLine: {'line': b'-- Up-to-date: /convince_ws/install/btcpp_ros2_interfaces/share/btcpp_ros2_interfaces/cmake/export_btcpp_ros2_interfaces__rosidl_typesupport_fastrtps_cExport.cmake\n'}
[0.311650] (btcpp_ros2_interfaces) StdoutLine: {'line': b'-- Up-to-date: /convince_ws/install/btcpp_ros2_interfaces/share/btcpp_ros2_interfaces/cmake/export_btcpp_ros2_interfaces__rosidl_typesupport_fastrtps_cExport-noconfig.cmake\n'}
[0.311700] (btcpp_ros2_interfaces) StdoutLine: {'line': b'-- Up-to-date: /convince_ws/install/btcpp_ros2_interfaces/share/btcpp_ros2_interfaces/cmake/btcpp_ros2_interfaces__rosidl_typesupport_introspection_cExport.cmake\n'}
[0.311787] (btcpp_ros2_interfaces) StdoutLine: {'line': b'-- Up-to-date: /convince_ws/install/btcpp_ros2_interfaces/share/btcpp_ros2_interfaces/cmake/btcpp_ros2_interfaces__rosidl_typesupport_introspection_cExport-noconfig.cmake\n'}
[0.311841] (btcpp_ros2_interfaces) StdoutLine: {'line': b'-- Up-to-date: /convince_ws/install/btcpp_ros2_interfaces/share/btcpp_ros2_interfaces/cmake/btcpp_ros2_interfaces__rosidl_typesupport_cExport.cmake\n'}
[0.311889] (btcpp_ros2_interfaces) StdoutLine: {'line': b'-- Up-to-date: /convince_ws/install/btcpp_ros2_interfaces/share/btcpp_ros2_interfaces/cmake/btcpp_ros2_interfaces__rosidl_typesupport_cExport-noconfig.cmake\n'}
[0.311934] (btcpp_ros2_interfaces) StdoutLine: {'line': b'-- Up-to-date: /convince_ws/install/btcpp_ros2_interfaces/share/btcpp_ros2_interfaces/cmake/export_btcpp_ros2_interfaces__rosidl_generator_cppExport.cmake\n'}
[0.311981] (btcpp_ros2_interfaces) StdoutLine: {'line': b'-- Up-to-date: /convince_ws/install/btcpp_ros2_interfaces/share/btcpp_ros2_interfaces/cmake/export_btcpp_ros2_interfaces__rosidl_typesupport_fastrtps_cppExport.cmake\n'}
[0.312047] (btcpp_ros2_interfaces) StdoutLine: {'line': b'-- Up-to-date: /convince_ws/install/btcpp_ros2_interfaces/share/btcpp_ros2_interfaces/cmake/export_btcpp_ros2_interfaces__rosidl_typesupport_fastrtps_cppExport-noconfig.cmake\n'}
[0.312212] (btcpp_ros2_interfaces) StdoutLine: {'line': b'-- Up-to-date: /convince_ws/install/btcpp_ros2_interfaces/share/btcpp_ros2_interfaces/cmake/btcpp_ros2_interfaces__rosidl_typesupport_introspection_cppExport.cmake\n'}
[0.312271] (btcpp_ros2_interfaces) StdoutLine: {'line': b'-- Up-to-date: /convince_ws/install/btcpp_ros2_interfaces/share/btcpp_ros2_interfaces/cmake/btcpp_ros2_interfaces__rosidl_typesupport_introspection_cppExport-noconfig.cmake\n'}
[0.312401] (btcpp_ros2_interfaces) StdoutLine: {'line': b'-- Up-to-date: /convince_ws/install/btcpp_ros2_interfaces/share/btcpp_ros2_interfaces/cmake/btcpp_ros2_interfaces__rosidl_typesupport_cppExport.cmake\n'}
[0.312432] (btcpp_ros2_interfaces) StdoutLine: {'line': b'-- Up-to-date: /convince_ws/install/btcpp_ros2_interfaces/share/btcpp_ros2_interfaces/cmake/btcpp_ros2_interfaces__rosidl_typesupport_cppExport-noconfig.cmake\n'}
[0.312487] (btcpp_ros2_interfaces) StdoutLine: {'line': b'-- Up-to-date: /convince_ws/install/btcpp_ros2_interfaces/share/btcpp_ros2_interfaces/cmake/export_btcpp_ros2_interfaces__rosidl_generator_pyExport.cmake\n'}
[0.312517] (btcpp_ros2_interfaces) StdoutLine: {'line': b'-- Up-to-date: /convince_ws/install/btcpp_ros2_interfaces/share/btcpp_ros2_interfaces/cmake/export_btcpp_ros2_interfaces__rosidl_generator_pyExport-noconfig.cmake\n'}
[0.315293] (bt_interfaces_dummy) StdoutLine: {'line': b'-- Up-to-date symlink: /convince_ws/install/bt_interfaces_dummy/share/ament_index/resource_index/packages/bt_interfaces_dummy\n'}
[0.315495] (bt_interfaces_dummy) StdoutLine: {'line': b'-- Up-to-date symlink: /convince_ws/install/bt_interfaces_dummy/share/bt_interfaces_dummy/cmake/rosidl_cmake-extras.cmake\n'}
[0.315559] (bt_interfaces_dummy) StdoutLine: {'line': b'-- Up-to-date symlink: /convince_ws/install/bt_interfaces_dummy/share/bt_interfaces_dummy/cmake/ament_cmake_export_dependencies-extras.cmake\n'}
[0.315606] (bt_interfaces_dummy) StdoutLine: {'line': b'-- Up-to-date symlink: /convince_ws/install/bt_interfaces_dummy/share/bt_interfaces_dummy/cmake/ament_cmake_export_include_directories-extras.cmake\n'}
[0.315658] (bt_interfaces_dummy) StdoutLine: {'line': b'-- Up-to-date symlink: /convince_ws/install/bt_interfaces_dummy/share/bt_interfaces_dummy/cmake/ament_cmake_export_libraries-extras.cmake\n'}
[0.315732] (bt_interfaces_dummy) StdoutLine: {'line': b'-- Up-to-date symlink: /convince_ws/install/bt_interfaces_dummy/share/bt_interfaces_dummy/cmake/ament_cmake_export_targets-extras.cmake\n'}
[0.315792] (bt_interfaces_dummy) StdoutLine: {'line': b'-- Up-to-date symlink: /convince_ws/install/bt_interfaces_dummy/share/bt_interfaces_dummy/cmake/rosidl_cmake_export_typesupport_targets-extras.cmake\n'}
[0.315831] (bt_interfaces_dummy) StdoutLine: {'line': b'-- Up-to-date symlink: /convince_ws/install/bt_interfaces_dummy/share/bt_interfaces_dummy/cmake/rosidl_cmake_export_typesupport_libraries-extras.cmake\n'}
[0.315861] (bt_interfaces_dummy) StdoutLine: {'line': b'-- Up-to-date symlink: /convince_ws/install/bt_interfaces_dummy/share/bt_interfaces_dummy/cmake/bt_interfaces_dummyConfig.cmake\n'}
[0.315891] (bt_interfaces_dummy) StdoutLine: {'line': b'-- Up-to-date symlink: /convince_ws/install/bt_interfaces_dummy/share/bt_interfaces_dummy/cmake/bt_interfaces_dummyConfig-version.cmake\n'}
[0.315944] (bt_interfaces_dummy) StdoutLine: {'line': b'-- Up-to-date symlink: /convince_ws/install/bt_interfaces_dummy/share/bt_interfaces_dummy/package.xml\n'}
[0.315990] (bt_interfaces_dummy) StdoutLine: {'line': b'-- Up-to-date: /convince_ws/install/bt_interfaces_dummy/lib/libbt_interfaces_dummy__rosidl_generator_c.so\n'}
[0.316047] (bt_interfaces_dummy) StdoutLine: {'line': b'-- Up-to-date: /convince_ws/install/bt_interfaces_dummy/lib/libbt_interfaces_dummy__rosidl_typesupport_fastrtps_c.so\n'}
[0.316145] (bt_interfaces_dummy) StdoutLine: {'line': b'-- Up-to-date: /convince_ws/install/bt_interfaces_dummy/lib/libbt_interfaces_dummy__rosidl_typesupport_introspection_c.so\n'}
[0.316251] (bt_interfaces_dummy) StdoutLine: {'line': b'-- Up-to-date: /convince_ws/install/bt_interfaces_dummy/lib/libbt_interfaces_dummy__rosidl_typesupport_c.so\n'}
[0.316374] (bt_interfaces_dummy) StdoutLine: {'line': b'-- Up-to-date: /convince_ws/install/bt_interfaces_dummy/lib/libbt_interfaces_dummy__rosidl_typesupport_fastrtps_cpp.so\n'}
[0.316469] (bt_interfaces_dummy) StdoutLine: {'line': b'-- Up-to-date: /convince_ws/install/bt_interfaces_dummy/lib/libbt_interfaces_dummy__rosidl_typesupport_introspection_cpp.so\n'}
[0.316585] (bt_interfaces_dummy) StdoutLine: {'line': b'-- Up-to-date: /convince_ws/install/bt_interfaces_dummy/lib/libbt_interfaces_dummy__rosidl_typesupport_cpp.so\n'}
[0.320387] (overarching_msgs) JobEnded: {'identifier': 'overarching_msgs', 'rc': 0}
[0.320899] (pyrobosim_msgs) CommandEnded: {'returncode': 0}
[0.329997] (pyrobosim_msgs) JobEnded: {'identifier': 'pyrobosim_msgs', 'rc': 0}
[0.330659] (pyrobosim_ros) JobStarted: {'identifier': 'pyrobosim_ros'}
[0.331989] (btcpp_ros2_interfaces) CommandEnded: {'returncode': 0}
[0.339034] (bt_interfaces_dummy) StdoutLine: {'line': b"Listing '/convince_ws/install/bt_interfaces_dummy/lib/python3.12/site-packages/bt_interfaces_dummy'...\n"}
[0.339201] (bt_interfaces_dummy) StdoutLine: {'line': b"Listing '/convince_ws/install/bt_interfaces_dummy/lib/python3.12/site-packages/bt_interfaces_dummy/msg'...\n"}
[0.339250] (bt_interfaces_dummy) StdoutLine: {'line': b"Listing '/convince_ws/install/bt_interfaces_dummy/lib/python3.12/site-packages/bt_interfaces_dummy/srv'...\n"}
[0.341128] (btcpp_ros2_interfaces) JobEnded: {'identifier': 'btcpp_ros2_interfaces', 'rc': 0}
[0.341694] (behaviortree_ros2) JobStarted: {'identifier': 'behaviortree_ros2'}
[0.342153] (bt_interfaces_dummy) StdoutLine: {'line': b'-- Up-to-date: /convince_ws/install/bt_interfaces_dummy/lib/libbt_interfaces_dummy__rosidl_generator_py.so\n'}
[0.342296] (bt_interfaces_dummy) StdoutLine: {'line': b'-- Up-to-date: /convince_ws/install/bt_interfaces_dummy/share/bt_interfaces_dummy/cmake/export_bt_interfaces_dummy__rosidl_generator_cExport.cmake\n'}
[0.342415] (bt_interfaces_dummy) StdoutLine: {'line': b'-- Up-to-date: /convince_ws/install/bt_interfaces_dummy/share/bt_interfaces_dummy/cmake/export_bt_interfaces_dummy__rosidl_generator_cExport-noconfig.cmake\n'}
[0.342576] (bt_interfaces_dummy) StdoutLine: {'line': b'-- Up-to-date: /convince_ws/install/bt_interfaces_dummy/share/bt_interfaces_dummy/cmake/export_bt_interfaces_dummy__rosidl_typesupport_fastrtps_cExport.cmake\n'}
[0.342684] (bt_interfaces_dummy) StdoutLine: {'line': b'-- Up-to-date: /convince_ws/install/bt_interfaces_dummy/share/bt_interfaces_dummy/cmake/export_bt_interfaces_dummy__rosidl_typesupport_fastrtps_cExport-noconfig.cmake\n'}
[0.342807] (bt_interfaces_dummy) StdoutLine: {'line': b'-- Up-to-date: /convince_ws/install/bt_interfaces_dummy/share/bt_interfaces_dummy/cmake/bt_interfaces_dummy__rosidl_typesupport_introspection_cExport.cmake\n'}
[0.342890] (bt_interfaces_dummy) StdoutLine: {'line': b'-- Up-to-date: /convince_ws/install/bt_interfaces_dummy/share/bt_interfaces_dummy/cmake/bt_interfaces_dummy__rosidl_typesupport_introspection_cExport-noconfig.cmake\n'}
[0.342972] (bt_interfaces_dummy) StdoutLine: {'line': b'-- Up-to-date: /convince_ws/install/bt_interfaces_dummy/share/bt_interfaces_dummy/cmake/bt_interfaces_dummy__rosidl_typesupport_cExport.cmake\n'}
[0.343065] (bt_interfaces_dummy) StdoutLine: {'line': b'-- Up-to-date: /convince_ws/install/bt_interfaces_dummy/share/bt_interfaces_dummy/cmake/bt_interfaces_dummy__rosidl_typesupport_cExport-noconfig.cmake\n'}
[0.343158] (bt_interfaces_dummy) StdoutLine: {'line': b'-- Up-to-date: /convince_ws/install/bt_interfaces_dummy/share/bt_interfaces_dummy/cmake/export_bt_interfaces_dummy__rosidl_generator_cppExport.cmake\n'}
[0.343244] (bt_interfaces_dummy) StdoutLine: {'line': b'-- Up-to-date: /convince_ws/install/bt_interfaces_dummy/share/bt_interfaces_dummy/cmake/export_bt_interfaces_dummy__rosidl_typesupport_fastrtps_cppExport.cmake\n'}
[0.343324] (bt_interfaces_dummy) StdoutLine: {'line': b'-- Up-to-date: /convince_ws/install/bt_interfaces_dummy/share/bt_interfaces_dummy/cmake/export_bt_interfaces_dummy__rosidl_typesupport_fastrtps_cppExport-noconfig.cmake\n'}
[0.343408] (bt_interfaces_dummy) StdoutLine: {'line': b'-- Up-to-date: /convince_ws/install/bt_interfaces_dummy/share/bt_interfaces_dummy/cmake/bt_interfaces_dummy__rosidl_typesupport_introspection_cppExport.cmake\n'}
[0.343500] (bt_interfaces_dummy) StdoutLine: {'line': b'-- Up-to-date: /convince_ws/install/bt_interfaces_dummy/share/bt_interfaces_dummy/cmake/bt_interfaces_dummy__rosidl_typesupport_introspection_cppExport-noconfig.cmake\n'}
[0.343602] (bt_interfaces_dummy) StdoutLine: {'line': b'-- Up-to-date: /convince_ws/install/bt_interfaces_dummy/share/bt_interfaces_dummy/cmake/bt_interfaces_dummy__rosidl_typesupport_cppExport.cmake\n'}
[0.343691] (bt_interfaces_dummy) StdoutLine: {'line': b'-- Up-to-date: /convince_ws/install/bt_interfaces_dummy/share/bt_interfaces_dummy/cmake/bt_interfaces_dummy__rosidl_typesupport_cppExport-noconfig.cmake\n'}
[0.343781] (bt_interfaces_dummy) StdoutLine: {'line': b'-- Up-to-date: /convince_ws/install/bt_interfaces_dummy/share/bt_interfaces_dummy/cmake/export_bt_interfaces_dummy__rosidl_generator_pyExport.cmake\n'}
[0.343870] (bt_interfaces_dummy) StdoutLine: {'line': b'-- Up-to-date: /convince_ws/install/bt_interfaces_dummy/share/bt_interfaces_dummy/cmake/export_bt_interfaces_dummy__rosidl_generator_pyExport-noconfig.cmake\n'}
[0.345600] (pyrobosim_ros) JobProgress: {'identifier': 'pyrobosim_ros', 'progress': 'cmake'}
[0.346080] (pyrobosim_ros) JobProgress: {'identifier': 'pyrobosim_ros', 'progress': 'build'}
[0.346269] (pyrobosim_ros) Command: {'cmd': ['/usr/bin/cmake', '--build', '/convince_ws/build/pyrobosim_ros', '--', '-j20', '-l20'], 'cwd': '/convince_ws/build/pyrobosim_ros', 'env': OrderedDict({'PYTHONWARNINGS': 'ignore:setup.py install is deprecated,ignore:easy_install command is deprecated', 'HOSTNAME': 'b06978b1e607', 'SHLVL': '1', 'LD_LIBRARY_PATH': '/convince_ws/install/pyrobosim_msgs/lib:/opt/ros/jazzy/opt/zmqpp_vendor/lib:/opt/ros/jazzy/lib/x86_64-linux-gnu:/opt/ros/jazzy/lib', 'HOME': '/root', 'OLDPWD': '/convince_ws', 'ROS_PYTHON_VERSION': '3', 'ROS_DISTRO': 'jazzy', '_': '/usr/bin/colcon', 'ROS_VERSION': '2', 'TERM': 'xterm', 'QT_X11_NO_MITSHM': '1', 'PATH': '/opt/ros/jazzy/bin:/usr/local/sbin:/usr/local/bin:/usr/sbin:/usr/bin:/sbin:/bin', 'DISPLAY': ':1', 'LANG': 'C.UTF-8', 'AMENT_PREFIX_PATH': '/convince_ws/install/pyrobosim_msgs:/opt/ros/jazzy', 'ROS_WS': '/convince_ws', 'ROS_AUTOMATIC_DISCOVERY_RANGE': 'SUBNET', 'PWD': '/convince_ws/build/pyrobosim_ros', 'LC_ALL': 'C.UTF-8', 'PYTHONPATH': '/convince_ws/install/pyrobosim_msgs/lib/python3.12/site-packages:/opt/ros/jazzy/lib/python3.12/site-packages', 'COLCON': '1', 'CMAKE_PREFIX_PATH': '/convince_ws/install/pyrobosim_msgs:/opt/ros/jazzy'}), 'shell': False}
[0.347693] (bt_interfaces_dummy) CommandEnded: {'returncode': 0}
[0.357538] (bt_interfaces_dummy) JobEnded: {'identifier': 'bt_interfaces_dummy', 'rc': 0}
[0.358463] (bt_nodes) JobStarted: {'identifier': 'bt_nodes'}
[0.360894] (place_object_skill) JobStarted: {'identifier': 'place_object_skill'}
[0.363021] (behaviortree_ros2) JobProgress: {'identifier': 'behaviortree_ros2', 'progress': 'cmake'}
[0.363308] (behaviortree_ros2) JobProgress: {'identifier': 'behaviortree_ros2', 'progress': 'build'}
[0.363528] (behaviortree_ros2) Command: {'cmd': ['/usr/bin/cmake', '--build', '/convince_ws/build/behaviortree_ros2', '--', '-j20', '-l20'], 'cwd': '/convince_ws/build/behaviortree_ros2', 'env': OrderedDict({'PYTHONWARNINGS': 'ignore:setup.py install is deprecated,ignore:easy_install command is deprecated', 'HOSTNAME': 'b06978b1e607', 'SHLVL': '1', 'LD_LIBRARY_PATH': '/convince_ws/install/btcpp_ros2_interfaces/lib:/opt/ros/jazzy/opt/zmqpp_vendor/lib:/opt/ros/jazzy/lib/x86_64-linux-gnu:/opt/ros/jazzy/lib', 'HOME': '/root', 'OLDPWD': '/convince_ws', 'ROS_PYTHON_VERSION': '3', 'ROS_DISTRO': 'jazzy', '_': '/usr/bin/colcon', 'ROS_VERSION': '2', 'TERM': 'xterm', 'QT_X11_NO_MITSHM': '1', 'PATH': '/opt/ros/jazzy/bin:/usr/local/sbin:/usr/local/bin:/usr/sbin:/usr/bin:/sbin:/bin', 'DISPLAY': ':1', 'LANG': 'C.UTF-8', 'AMENT_PREFIX_PATH': '/convince_ws/install/btcpp_ros2_interfaces:/opt/ros/jazzy', 'ROS_WS': '/convince_ws', 'ROS_AUTOMATIC_DISCOVERY_RANGE': 'SUBNET', 'PWD': '/convince_ws/build/behaviortree_ros2', 'LC_ALL': 'C.UTF-8', 'PYTHONPATH': '/convince_ws/install/btcpp_ros2_interfaces/lib/python3.12/site-packages:/opt/ros/jazzy/lib/python3.12/site-packages', 'COLCON': '1', 'CMAKE_PREFIX_PATH': '/convince_ws/install/btcpp_ros2_interfaces:/opt/ros/jazzy'}), 'shell': False}
[0.364522] (bt_nodes) JobProgress: {'identifier': 'bt_nodes', 'progress': 'cmake'}
[0.364606] (bt_nodes) JobProgress: {'identifier': 'bt_nodes', 'progress': 'build'}
[0.364806] (bt_nodes) Command: {'cmd': ['/usr/bin/cmake', '--build', '/convince_ws/build/bt_nodes', '--', '-j20', '-l20'], 'cwd': '/convince_ws/build/bt_nodes', 'env': OrderedDict({'PYTHONWARNINGS': 'ignore:setup.py install is deprecated,ignore:easy_install command is deprecated', 'HOSTNAME': 'b06978b1e607', 'SHLVL': '1', 'LD_LIBRARY_PATH': '/convince_ws/install/bt_interfaces_dummy/lib:/opt/ros/jazzy/opt/zmqpp_vendor/lib:/opt/ros/jazzy/lib/x86_64-linux-gnu:/opt/ros/jazzy/lib', 'HOME': '/root', 'OLDPWD': '/convince_ws', 'ROS_PYTHON_VERSION': '3', 'ROS_DISTRO': 'jazzy', '_': '/usr/bin/colcon', 'ROS_VERSION': '2', 'TERM': 'xterm', 'QT_X11_NO_MITSHM': '1', 'PATH': '/opt/ros/jazzy/bin:/usr/local/sbin:/usr/local/bin:/usr/sbin:/usr/bin:/sbin:/bin', 'DISPLAY': ':1', 'LANG': 'C.UTF-8', 'AMENT_PREFIX_PATH': '/convince_ws/install/bt_interfaces_dummy:/opt/ros/jazzy', 'ROS_WS': '/convince_ws', 'ROS_AUTOMATIC_DISCOVERY_RANGE': 'SUBNET', 'PWD': '/convince_ws/build/bt_nodes', 'LC_ALL': 'C.UTF-8', 'PYTHONPATH': '/convince_ws/install/bt_interfaces_dummy/lib/python3.12/site-packages:/opt/ros/jazzy/lib/python3.12/site-packages', 'COLCON': '1', 'CMAKE_PREFIX_PATH': '/convince_ws/install/bt_interfaces_dummy:/opt/ros/jazzy'}), 'shell': False}
[0.367851] (place_object_skill) JobProgress: {'identifier': 'place_object_skill', 'progress': 'cmake'}
[0.368497] (place_object_skill) JobProgress: {'identifier': 'place_object_skill', 'progress': 'build'}
[0.368742] (place_object_skill) Command: {'cmd': ['/usr/bin/cmake', '--build', '/convince_ws/build/place_object_skill', '--', '-j20', '-l20'], 'cwd': '/convince_ws/build/place_object_skill', 'env': OrderedDict({'PYTHONWARNINGS': 'ignore:setup.py install is deprecated,ignore:easy_install command is deprecated', 'HOSTNAME': 'b06978b1e607', 'SHLVL': '1', 'LD_LIBRARY_PATH': '/convince_ws/install/overarching_msgs/lib:/convince_ws/install/bt_interfaces_dummy/lib:/opt/ros/jazzy/opt/zmqpp_vendor/lib:/opt/ros/jazzy/lib/x86_64-linux-gnu:/opt/ros/jazzy/lib', 'HOME': '/root', 'OLDPWD': '/convince_ws', 'ROS_PYTHON_VERSION': '3', 'ROS_DISTRO': 'jazzy', '_': '/usr/bin/colcon', 'ROS_VERSION': '2', 'TERM': 'xterm', 'QT_X11_NO_MITSHM': '1', 'PATH': '/opt/ros/jazzy/bin:/usr/local/sbin:/usr/local/bin:/usr/sbin:/usr/bin:/sbin:/bin', 'DISPLAY': ':1', 'LANG': 'C.UTF-8', 'AMENT_PREFIX_PATH': '/convince_ws/install/overarching_msgs:/convince_ws/install/bt_interfaces_dummy:/opt/ros/jazzy', 'ROS_WS': '/convince_ws', 'ROS_AUTOMATIC_DISCOVERY_RANGE': 'SUBNET', 'PWD': '/convince_ws/build/place_object_skill', 'LC_ALL': 'C.UTF-8', 'PYTHONPATH': '/convince_ws/install/overarching_msgs/lib/python3.12/site-packages:/convince_ws/install/bt_interfaces_dummy/lib/python3.12/site-packages:/opt/ros/jazzy/lib/python3.12/site-packages', 'COLCON': '1', 'CMAKE_PREFIX_PATH': '/convince_ws/install/overarching_msgs:/convince_ws/install/bt_interfaces_dummy:/opt/ros/jazzy'}), 'shell': False}
[0.387434] (pyrobosim_ros) StdoutLine: {'line': b'Built target ament_cmake_python_symlink_pyrobosim_ros\n'}
[0.400128] (-) TimerEvent: {}
[0.402288] (behaviortree_ros2) StdoutLine: {'line': b'[ 28%] Built target bt_executor_parameters\n'}
[0.410449] (bt_nodes) StdoutLine: {'line': b'[100%] Built target bt_nodes\n'}
[0.414187] (pyrobosim) Command: {'cmd': ['/usr/bin/python3', '-W', 'ignore:setup.py install is deprecated', '-W', 'ignore:easy_install command is deprecated', 'setup.py', 'develop', '--editable', '--build-directory', '/convince_ws/build/pyrobosim/build', '--no-deps'], 'cwd': '/convince_ws/build/pyrobosim', 'env': {'PYTHONWARNINGS': 'ignore:setup.py install is deprecated,ignore:easy_install command is deprecated', 'HOSTNAME': 'b06978b1e607', 'SHLVL': '1', 'LD_LIBRARY_PATH': '/opt/ros/jazzy/opt/zmqpp_vendor/lib:/opt/ros/jazzy/lib/x86_64-linux-gnu:/opt/ros/jazzy/lib', 'HOME': '/root', 'OLDPWD': '/convince_ws', 'ROS_PYTHON_VERSION': '3', 'ROS_DISTRO': 'jazzy', '_': '/usr/bin/colcon', 'ROS_VERSION': '2', 'TERM': 'xterm', 'QT_X11_NO_MITSHM': '1', 'PATH': '/opt/ros/jazzy/bin:/usr/local/sbin:/usr/local/bin:/usr/sbin:/usr/bin:/sbin:/bin', 'DISPLAY': ':1', 'LANG': 'C.UTF-8', 'AMENT_PREFIX_PATH': '/opt/ros/jazzy', 'ROS_WS': '/convince_ws', 'ROS_AUTOMATIC_DISCOVERY_RANGE': 'SUBNET', 'PWD': '/convince_ws/build/pyrobosim', 'LC_ALL': 'C.UTF-8', 'PYTHONPATH': '/convince_ws/build/pyrobosim/prefix_override:/usr/lib/python3/dist-packages/colcon_core/task/python/colcon_distutils_commands:/convince_ws/install/pyrobosim/lib/python3.12/site-packages:/opt/ros/jazzy/lib/python3.12/site-packages', 'COLCON': '1'}, 'shell': False}
[0.418914] (bt_nodes) CommandEnded: {'returncode': 0}
[0.419216] (bt_nodes) JobProgress: {'identifier': 'bt_nodes', 'progress': 'install'}
[0.419448] (bt_nodes) Command: {'cmd': ['/usr/bin/cmake', '--install', '/convince_ws/build/bt_nodes'], 'cwd': '/convince_ws/build/bt_nodes', 'env': OrderedDict({'PYTHONWARNINGS': 'ignore:setup.py install is deprecated,ignore:easy_install command is deprecated', 'HOSTNAME': 'b06978b1e607', 'SHLVL': '1', 'LD_LIBRARY_PATH': '/convince_ws/install/bt_interfaces_dummy/lib:/opt/ros/jazzy/opt/zmqpp_vendor/lib:/opt/ros/jazzy/lib/x86_64-linux-gnu:/opt/ros/jazzy/lib', 'HOME': '/root', 'OLDPWD': '/convince_ws', 'ROS_PYTHON_VERSION': '3', 'ROS_DISTRO': 'jazzy', '_': '/usr/bin/colcon', 'ROS_VERSION': '2', 'TERM': 'xterm', 'QT_X11_NO_MITSHM': '1', 'PATH': '/opt/ros/jazzy/bin:/usr/local/sbin:/usr/local/bin:/usr/sbin:/usr/bin:/sbin:/bin', 'DISPLAY': ':1', 'LANG': 'C.UTF-8', 'AMENT_PREFIX_PATH': '/convince_ws/install/bt_interfaces_dummy:/opt/ros/jazzy', 'ROS_WS': '/convince_ws', 'ROS_AUTOMATIC_DISCOVERY_RANGE': 'SUBNET', 'PWD': '/convince_ws/build/bt_nodes', 'LC_ALL': 'C.UTF-8', 'PYTHONPATH': '/convince_ws/install/bt_interfaces_dummy/lib/python3.12/site-packages:/opt/ros/jazzy/lib/python3.12/site-packages', 'COLCON': '1', 'CMAKE_PREFIX_PATH': '/convince_ws/install/bt_interfaces_dummy:/opt/ros/jazzy'}), 'shell': False}
[0.420050] (place_object_skill) StdoutLine: {'line': b'[100%] Built target place_object_skill\n'}
[0.425463] (bt_nodes) StdoutLine: {'line': b'-- Install configuration: ""\n'}
[0.425705] (bt_nodes) StdoutLine: {'line': b'-- Execute custom install script\n'}
[0.425830] (bt_nodes) StdoutLine: {'line': b'-- Up-to-date symlink: /convince_ws/install/bt_nodes/share/bt_nodes/environment/library_path.sh\n'}
[0.425917] (bt_nodes) StdoutLine: {'line': b'-- Up-to-date symlink: /convince_ws/install/bt_nodes/share/bt_nodes/environment/library_path.dsv\n'}
[0.426091] (bt_nodes) StdoutLine: {'line': b'-- Up-to-date symlink: /convince_ws/install/bt_nodes/include/ROS2Action.h\n'}
[0.426187] (bt_nodes) StdoutLine: {'line': b'-- Up-to-date symlink: /convince_ws/install/bt_nodes/share/ament_index/resource_index/package_run_dependencies/bt_nodes\n'}
[0.426265] (bt_nodes) StdoutLine: {'line': b'-- Up-to-date symlink: /convince_ws/install/bt_nodes/share/ament_index/resource_index/parent_prefix_path/bt_nodes\n'}
[0.426343] (bt_nodes) StdoutLine: {'line': b'-- Up-to-date symlink: /convince_ws/install/bt_nodes/share/bt_nodes/environment/ament_prefix_path.sh\n'}
[0.426419] (bt_nodes) StdoutLine: {'line': b'-- Up-to-date symlink: /convince_ws/install/bt_nodes/share/bt_nodes/environment/ament_prefix_path.dsv\n'}
[0.426492] (bt_nodes) StdoutLine: {'line': b'-- Up-to-date symlink: /convince_ws/install/bt_nodes/share/bt_nodes/environment/path.sh\n'}
[0.426570] (bt_nodes) StdoutLine: {'line': b'-- Up-to-date symlink: /convince_ws/install/bt_nodes/share/bt_nodes/environment/path.dsv\n'}
[0.426643] (bt_nodes) StdoutLine: {'line': b'-- Up-to-date symlink: /convince_ws/install/bt_nodes/share/bt_nodes/local_setup.bash\n'}
[0.426715] (bt_nodes) StdoutLine: {'line': b'-- Up-to-date symlink: /convince_ws/install/bt_nodes/share/bt_nodes/local_setup.sh\n'}
[0.426792] (bt_nodes) StdoutLine: {'line': b'-- Up-to-date symlink: /convince_ws/install/bt_nodes/share/bt_nodes/local_setup.zsh\n'}
[0.426855] (bt_nodes) StdoutLine: {'line': b'-- Up-to-date symlink: /convince_ws/install/bt_nodes/share/bt_nodes/local_setup.dsv\n'}
[0.426918] (bt_nodes) StdoutLine: {'line': b'-- Symlinking: /convince_ws/install/bt_nodes/share/bt_nodes/package.dsv\n'}
[0.428398] (place_object_skill) CommandEnded: {'returncode': 0}
[0.428861] (place_object_skill) JobProgress: {'identifier': 'place_object_skill', 'progress': 'install'}
[0.429251] (place_object_skill) Command: {'cmd': ['/usr/bin/cmake', '--install', '/convince_ws/build/place_object_skill'], 'cwd': '/convince_ws/build/place_object_skill', 'env': OrderedDict({'PYTHONWARNINGS': 'ignore:setup.py install is deprecated,ignore:easy_install command is deprecated', 'HOSTNAME': 'b06978b1e607', 'SHLVL': '1', 'LD_LIBRARY_PATH': '/convince_ws/install/overarching_msgs/lib:/convince_ws/install/bt_interfaces_dummy/lib:/opt/ros/jazzy/opt/zmqpp_vendor/lib:/opt/ros/jazzy/lib/x86_64-linux-gnu:/opt/ros/jazzy/lib', 'HOME': '/root', 'OLDPWD': '/convince_ws', 'ROS_PYTHON_VERSION': '3', 'ROS_DISTRO': 'jazzy', '_': '/usr/bin/colcon', 'ROS_VERSION': '2', 'TERM': 'xterm', 'QT_X11_NO_MITSHM': '1', 'PATH': '/opt/ros/jazzy/bin:/usr/local/sbin:/usr/local/bin:/usr/sbin:/usr/bin:/sbin:/bin', 'DISPLAY': ':1', 'LANG': 'C.UTF-8', 'AMENT_PREFIX_PATH': '/convince_ws/install/overarching_msgs:/convince_ws/install/bt_interfaces_dummy:/opt/ros/jazzy', 'ROS_WS': '/convince_ws', 'ROS_AUTOMATIC_DISCOVERY_RANGE': 'SUBNET', 'PWD': '/convince_ws/build/place_object_skill', 'LC_ALL': 'C.UTF-8', 'PYTHONPATH': '/convince_ws/install/overarching_msgs/lib/python3.12/site-packages:/convince_ws/install/bt_interfaces_dummy/lib/python3.12/site-packages:/opt/ros/jazzy/lib/python3.12/site-packages', 'COLCON': '1', 'CMAKE_PREFIX_PATH': '/convince_ws/install/overarching_msgs:/convince_ws/install/bt_interfaces_dummy:/opt/ros/jazzy'}), 'shell': False}
[0.431955] (behaviortree_ros2) StdoutLine: {'line': b'[100%] Built target behaviortree_ros2\n'}
[0.433537] (bt_nodes) StdoutLine: {'line': b'-- Up-to-date symlink: /convince_ws/install/bt_nodes/share/ament_index/resource_index/packages/bt_nodes\n'}
[0.433646] (bt_nodes) StdoutLine: {'line': b'-- Up-to-date symlink: /convince_ws/install/bt_nodes/share/bt_nodes/cmake/ament_cmake_export_targets-extras.cmake\n'}
[0.433725] (bt_nodes) StdoutLine: {'line': b'-- Up-to-date symlink: /convince_ws/install/bt_nodes/share/bt_nodes/cmake/bt_nodesConfig.cmake\n'}
[0.433805] (bt_nodes) StdoutLine: {'line': b'-- Up-to-date symlink: /convince_ws/install/bt_nodes/share/bt_nodes/cmake/bt_nodesConfig-version.cmake\n'}
[0.433884] (bt_nodes) StdoutLine: {'line': b'-- Up-to-date symlink: /convince_ws/install/bt_nodes/share/bt_nodes/package.xml\n'}
[0.433948] (bt_nodes) StdoutLine: {'line': b'-- Up-to-date: /convince_ws/install/bt_nodes/lib/libbt_nodes.a\n'}
[0.434022] (bt_nodes) StdoutLine: {'line': b'-- Up-to-date: /convince_ws/install/bt_nodes/share/bt_nodes/cmake/bt_nodesExport.cmake\n'}
[0.434093] (bt_nodes) StdoutLine: {'line': b'-- Up-to-date: /convince_ws/install/bt_nodes/share/bt_nodes/cmake/bt_nodesExport-noconfig.cmake\n'}
[0.434847] (bt_nodes) CommandEnded: {'returncode': 0}
[0.435426] (place_object_skill) StdoutLine: {'line': b'-- Install configuration: ""\n'}
[0.435630] (place_object_skill) StdoutLine: {'line': b'-- Execute custom install script\n'}
[0.435824] (place_object_skill) StdoutLine: {'line': b'-- Up-to-date symlink: /convince_ws/install/place_object_skill/lib/place_object_skill/place_object_skill\n'}
[0.436087] (place_object_skill) StdoutLine: {'line': b'-- Up-to-date symlink: /convince_ws/install/place_object_skill/share/ament_index/resource_index/package_run_dependencies/place_object_skill\n'}
[0.436197] (place_object_skill) StdoutLine: {'line': b'-- Up-to-date symlink: /convince_ws/install/place_object_skill/share/ament_index/resource_index/parent_prefix_path/place_object_skill\n'}
[0.436380] (place_object_skill) StdoutLine: {'line': b'-- Up-to-date symlink: /convince_ws/install/place_object_skill/share/place_object_skill/environment/ament_prefix_path.sh\n'}
[0.436484] (place_object_skill) StdoutLine: {'line': b'-- Up-to-date symlink: /convince_ws/install/place_object_skill/share/place_object_skill/environment/ament_prefix_path.dsv\n'}
[0.436636] (place_object_skill) StdoutLine: {'line': b'-- Up-to-date symlink: /convince_ws/install/place_object_skill/share/place_object_skill/environment/path.sh\n'}
[0.436912] (place_object_skill) StdoutLine: {'line': b'-- Up-to-date symlink: /convince_ws/install/place_object_skill/share/place_object_skill/environment/path.dsv\n'}
[0.436990] (place_object_skill) StdoutLine: {'line': b'-- Up-to-date symlink: /convince_ws/install/place_object_skill/share/place_object_skill/local_setup.bash\n'}
[0.437131] (place_object_skill) StdoutLine: {'line': b'-- Up-to-date symlink: /convince_ws/install/place_object_skill/share/place_object_skill/local_setup.sh\n'}
[0.437355] (place_object_skill) StdoutLine: {'line': b'-- Up-to-date symlink: /convince_ws/install/place_object_skill/share/place_object_skill/local_setup.zsh\n'}
[0.437397] (place_object_skill) StdoutLine: {'line': b'-- Up-to-date symlink: /convince_ws/install/place_object_skill/share/place_object_skill/local_setup.dsv\n'}
[0.437438] (place_object_skill) StdoutLine: {'line': b'-- Symlinking: /convince_ws/install/place_object_skill/share/place_object_skill/package.dsv\n'}
[0.444916] (place_object_skill) StdoutLine: {'line': b'-- Up-to-date symlink: /convince_ws/install/place_object_skill/share/ament_index/resource_index/packages/place_object_skill\n'}
[0.444990] (place_object_skill) StdoutLine: {'line': b'-- Up-to-date symlink: /convince_ws/install/place_object_skill/share/place_object_skill/cmake/place_object_skillConfig.cmake\n'}
[0.445028] (place_object_skill) StdoutLine: {'line': b'-- Up-to-date symlink: /convince_ws/install/place_object_skill/share/place_object_skill/cmake/place_object_skillConfig-version.cmake\n'}
[0.445096] (place_object_skill) StdoutLine: {'line': b'-- Up-to-date symlink: /convince_ws/install/place_object_skill/share/place_object_skill/package.xml\n'}
[0.446258] (bt_nodes) JobEnded: {'identifier': 'bt_nodes', 'rc': 0}
[0.446848] (behaviortree_ros2) CommandEnded: {'returncode': 0}
[0.447089] (behaviortree_ros2) JobProgress: {'identifier': 'behaviortree_ros2', 'progress': 'install'}
[0.447188] (behaviortree_ros2) Command: {'cmd': ['/usr/bin/cmake', '--install', '/convince_ws/build/behaviortree_ros2'], 'cwd': '/convince_ws/build/behaviortree_ros2', 'env': OrderedDict({'PYTHONWARNINGS': 'ignore:setup.py install is deprecated,ignore:easy_install command is deprecated', 'HOSTNAME': 'b06978b1e607', 'SHLVL': '1', 'LD_LIBRARY_PATH': '/convince_ws/install/btcpp_ros2_interfaces/lib:/opt/ros/jazzy/opt/zmqpp_vendor/lib:/opt/ros/jazzy/lib/x86_64-linux-gnu:/opt/ros/jazzy/lib', 'HOME': '/root', 'OLDPWD': '/convince_ws', 'ROS_PYTHON_VERSION': '3', 'ROS_DISTRO': 'jazzy', '_': '/usr/bin/colcon', 'ROS_VERSION': '2', 'TERM': 'xterm', 'QT_X11_NO_MITSHM': '1', 'PATH': '/opt/ros/jazzy/bin:/usr/local/sbin:/usr/local/bin:/usr/sbin:/usr/bin:/sbin:/bin', 'DISPLAY': ':1', 'LANG': 'C.UTF-8', 'AMENT_PREFIX_PATH': '/convince_ws/install/btcpp_ros2_interfaces:/opt/ros/jazzy', 'ROS_WS': '/convince_ws', 'ROS_AUTOMATIC_DISCOVERY_RANGE': 'SUBNET', 'PWD': '/convince_ws/build/behaviortree_ros2', 'LC_ALL': 'C.UTF-8', 'PYTHONPATH': '/convince_ws/install/btcpp_ros2_interfaces/lib/python3.12/site-packages:/opt/ros/jazzy/lib/python3.12/site-packages', 'COLCON': '1', 'CMAKE_PREFIX_PATH': '/convince_ws/install/btcpp_ros2_interfaces:/opt/ros/jazzy'}), 'shell': False}
[0.447600] (place_object_skill) CommandEnded: {'returncode': 0}
[0.453140] (place_object_skill) JobEnded: {'identifier': 'place_object_skill', 'rc': 0}
[0.453850] (behaviortree_ros2) StdoutLine: {'line': b'-- Install configuration: ""\n'}
[0.454314] (behaviortree_ros2) StdoutLine: {'line': b'-- Execute custom install script\n'}
[0.454683] (behaviortree_ros2) StdoutLine: {'line': b'-- Up-to-date symlink: /convince_ws/install/behaviortree_ros2/include/behaviortree_ros2/bt_executor_parameters.hpp\n'}
[0.455101] (behaviortree_ros2) StdoutLine: {'line': b'-- Up-to-date symlink: /convince_ws/install/behaviortree_ros2/include//behaviortree_ros2/bt_action_node.hpp\n'}
[0.455360] (behaviortree_ros2) StdoutLine: {'line': b'-- Up-to-date symlink: /convince_ws/install/behaviortree_ros2/include//behaviortree_ros2/bt_ros_logger.hpp\n'}
[0.455407] (behaviortree_ros2) StdoutLine: {'line': b'-- Up-to-date symlink: /convince_ws/install/behaviortree_ros2/include//behaviortree_ros2/bt_service_node.hpp\n'}
[0.455457] (behaviortree_ros2) StdoutLine: {'line': b'-- Up-to-date symlink: /convince_ws/install/behaviortree_ros2/include//behaviortree_ros2/bt_topic_pub_node.hpp\n'}
[0.455498] (behaviortree_ros2) StdoutLine: {'line': b'-- Up-to-date symlink: /convince_ws/install/behaviortree_ros2/include//behaviortree_ros2/bt_topic_sub_node.hpp\n'}
[0.455539] (behaviortree_ros2) StdoutLine: {'line': b'-- Up-to-date symlink: /convince_ws/install/behaviortree_ros2/include//behaviortree_ros2/bt_utils.hpp\n'}
[0.455577] (behaviortree_ros2) StdoutLine: {'line': b'-- Up-to-date symlink: /convince_ws/install/behaviortree_ros2/include//behaviortree_ros2/plugins.hpp\n'}
[0.455617] (behaviortree_ros2) StdoutLine: {'line': b'-- Up-to-date symlink: /convince_ws/install/behaviortree_ros2/include//behaviortree_ros2/ros_node_params.hpp\n'}
[0.455657] (behaviortree_ros2) StdoutLine: {'line': b'-- Up-to-date symlink: /convince_ws/install/behaviortree_ros2/include//behaviortree_ros2/tree_execution_server.hpp\n'}
[0.455747] (behaviortree_ros2) StdoutLine: {'line': b'-- Up-to-date symlink: /convince_ws/install/behaviortree_ros2/share/behaviortree_ros2/environment/library_path.sh\n'}
[0.455812] (behaviortree_ros2) StdoutLine: {'line': b'-- Up-to-date symlink: /convince_ws/install/behaviortree_ros2/share/behaviortree_ros2/environment/library_path.dsv\n'}
[0.455885] (behaviortree_ros2) StdoutLine: {'line': b'-- Up-to-date symlink: /convince_ws/install/behaviortree_ros2/share/ament_index/resource_index/package_run_dependencies/behaviortree_ros2\n'}
[0.456096] (behaviortree_ros2) StdoutLine: {'line': b'-- Up-to-date symlink: /convince_ws/install/behaviortree_ros2/share/ament_index/resource_index/parent_prefix_path/behaviortree_ros2\n'}
[0.456170] (behaviortree_ros2) StdoutLine: {'line': b'-- Up-to-date symlink: /convince_ws/install/behaviortree_ros2/share/behaviortree_ros2/environment/ament_prefix_path.sh\n'}
[0.456211] (behaviortree_ros2) StdoutLine: {'line': b'-- Up-to-date symlink: /convince_ws/install/behaviortree_ros2/share/behaviortree_ros2/environment/ament_prefix_path.dsv\n'}
[0.456256] (behaviortree_ros2) StdoutLine: {'line': b'-- Up-to-date symlink: /convince_ws/install/behaviortree_ros2/share/behaviortree_ros2/environment/path.sh\n'}
[0.456298] (behaviortree_ros2) StdoutLine: {'line': b'-- Up-to-date symlink: /convince_ws/install/behaviortree_ros2/share/behaviortree_ros2/environment/path.dsv\n'}
[0.456355] (behaviortree_ros2) StdoutLine: {'line': b'-- Up-to-date symlink: /convince_ws/install/behaviortree_ros2/share/behaviortree_ros2/local_setup.bash\n'}
[0.456411] (behaviortree_ros2) StdoutLine: {'line': b'-- Up-to-date symlink: /convince_ws/install/behaviortree_ros2/share/behaviortree_ros2/local_setup.sh\n'}
[0.456466] (behaviortree_ros2) StdoutLine: {'line': b'-- Up-to-date symlink: /convince_ws/install/behaviortree_ros2/share/behaviortree_ros2/local_setup.zsh\n'}
[0.456520] (behaviortree_ros2) StdoutLine: {'line': b'-- Up-to-date symlink: /convince_ws/install/behaviortree_ros2/share/behaviortree_ros2/local_setup.dsv\n'}
[0.456564] (behaviortree_ros2) StdoutLine: {'line': b'-- Symlinking: /convince_ws/install/behaviortree_ros2/share/behaviortree_ros2/package.dsv\n'}
[0.463659] (behaviortree_ros2) StdoutLine: {'line': b'-- Up-to-date symlink: /convince_ws/install/behaviortree_ros2/share/ament_index/resource_index/packages/behaviortree_ros2\n'}
[0.463754] (behaviortree_ros2) StdoutLine: {'line': b'-- Up-to-date symlink: /convince_ws/install/behaviortree_ros2/share/behaviortree_ros2/cmake/ament_cmake_export_dependencies-extras.cmake\n'}
[0.463786] (behaviortree_ros2) StdoutLine: {'line': b'-- Up-to-date symlink: /convince_ws/install/behaviortree_ros2/share/behaviortree_ros2/cmake/ament_cmake_export_targets-extras.cmake\n'}
[0.463823] (behaviortree_ros2) StdoutLine: {'line': b'-- Up-to-date symlink: /convince_ws/install/behaviortree_ros2/share/behaviortree_ros2/cmake/ament_cmake_export_include_directories-extras.cmake\n'}
[0.463865] (behaviortree_ros2) StdoutLine: {'line': b'-- Up-to-date symlink: /convince_ws/install/behaviortree_ros2/share/behaviortree_ros2/cmake/ament_cmake_export_libraries-extras.cmake\n'}
[0.463919] (behaviortree_ros2) StdoutLine: {'line': b'-- Up-to-date symlink: /convince_ws/install/behaviortree_ros2/share/behaviortree_ros2/cmake/behaviortree_ros2Config.cmake\n'}
[0.463961] (behaviortree_ros2) StdoutLine: {'line': b'-- Up-to-date symlink: /convince_ws/install/behaviortree_ros2/share/behaviortree_ros2/cmake/behaviortree_ros2Config-version.cmake\n'}
[0.464030] (behaviortree_ros2) StdoutLine: {'line': b'-- Up-to-date symlink: /convince_ws/install/behaviortree_ros2/share/behaviortree_ros2/package.xml\n'}
[0.464077] (behaviortree_ros2) StdoutLine: {'line': b'-- Up-to-date: /convince_ws/install/behaviortree_ros2/lib/libbehaviortree_ros2.a\n'}
[0.464150] (behaviortree_ros2) StdoutLine: {'line': b'-- Up-to-date: /convince_ws/install/behaviortree_ros2/share/behaviortree_ros2/cmake/behaviortree_ros2TargetsExport.cmake\n'}
[0.464194] (behaviortree_ros2) StdoutLine: {'line': b'-- Up-to-date: /convince_ws/install/behaviortree_ros2/share/behaviortree_ros2/cmake/behaviortree_ros2TargetsExport-noconfig.cmake\n'}
[0.465272] (behaviortree_ros2) CommandEnded: {'returncode': 0}
[0.475835] (behaviortree_ros2) JobEnded: {'identifier': 'behaviortree_ros2', 'rc': 0}
[0.476294] (bt_executor) JobStarted: {'identifier': 'bt_executor'}
[0.477683] (btcpp_ros2_samples) JobStarted: {'identifier': 'btcpp_ros2_samples'}
[0.483242] (btcpp_ros2_samples) JobProgress: {'identifier': 'btcpp_ros2_samples', 'progress': 'cmake'}
[0.483732] (btcpp_ros2_samples) JobProgress: {'identifier': 'btcpp_ros2_samples', 'progress': 'build'}
[0.483902] (btcpp_ros2_samples) Command: {'cmd': ['/usr/bin/cmake', '--build', '/convince_ws/build/btcpp_ros2_samples', '--', '-j20', '-l20'], 'cwd': '/convince_ws/build/btcpp_ros2_samples', 'env': OrderedDict({'PYTHONWARNINGS': 'ignore:setup.py install is deprecated,ignore:easy_install command is deprecated', 'HOSTNAME': 'b06978b1e607', 'SHLVL': '1', 'LD_LIBRARY_PATH': '/convince_ws/install/behaviortree_ros2/lib:/convince_ws/install/btcpp_ros2_interfaces/lib:/opt/ros/jazzy/opt/zmqpp_vendor/lib:/opt/ros/jazzy/lib/x86_64-linux-gnu:/opt/ros/jazzy/lib', 'HOME': '/root', 'OLDPWD': '/convince_ws', 'ROS_PYTHON_VERSION': '3', 'ROS_DISTRO': 'jazzy', '_': '/usr/bin/colcon', 'ROS_VERSION': '2', 'TERM': 'xterm', 'QT_X11_NO_MITSHM': '1', 'PATH': '/opt/ros/jazzy/bin:/usr/local/sbin:/usr/local/bin:/usr/sbin:/usr/bin:/sbin:/bin', 'DISPLAY': ':1', 'LANG': 'C.UTF-8', 'AMENT_PREFIX_PATH': '/convince_ws/install/behaviortree_ros2:/convince_ws/install/btcpp_ros2_interfaces:/opt/ros/jazzy', 'ROS_WS': '/convince_ws', 'ROS_AUTOMATIC_DISCOVERY_RANGE': 'SUBNET', 'PWD': '/convince_ws/build/btcpp_ros2_samples', 'LC_ALL': 'C.UTF-8', 'PYTHONPATH': '/convince_ws/install/btcpp_ros2_interfaces/lib/python3.12/site-packages:/opt/ros/jazzy/lib/python3.12/site-packages', 'COLCON': '1', 'CMAKE_PREFIX_PATH': '/convince_ws/install/behaviortree_ros2:/convince_ws/install/btcpp_ros2_interfaces:/opt/ros/jazzy'}), 'shell': False}
[0.488293] (bt_executor) JobProgress: {'identifier': 'bt_executor', 'progress': 'cmake'}
[0.488801] (bt_executor) JobProgress: {'identifier': 'bt_executor', 'progress': 'build'}
[0.488975] (bt_executor) Command: {'cmd': ['/usr/bin/cmake', '--build', '/convince_ws/build/bt_executor', '--', '-j20', '-l20'], 'cwd': '/convince_ws/build/bt_executor', 'env': OrderedDict({'PYTHONWARNINGS': 'ignore:setup.py install is deprecated,ignore:easy_install command is deprecated', 'HOSTNAME': 'b06978b1e607', 'SHLVL': '1', 'LD_LIBRARY_PATH': '/convince_ws/install/bt_nodes/lib:/convince_ws/install/behaviortree_ros2/lib:/convince_ws/install/pyrobosim_msgs/lib:/convince_ws/install/overarching_msgs/lib:/convince_ws/install/btcpp_ros2_interfaces/lib:/convince_ws/install/bt_interfaces_dummy/lib:/opt/ros/jazzy/opt/zmqpp_vendor/lib:/opt/ros/jazzy/lib/x86_64-linux-gnu:/opt/ros/jazzy/lib', 'HOME': '/root', 'OLDPWD': '/convince_ws', 'ROS_PYTHON_VERSION': '3', 'ROS_DISTRO': 'jazzy', '_': '/usr/bin/colcon', 'ROS_VERSION': '2', 'TERM': 'xterm', 'QT_X11_NO_MITSHM': '1', 'PATH': '/opt/ros/jazzy/bin:/usr/local/sbin:/usr/local/bin:/usr/sbin:/usr/bin:/sbin:/bin', 'DISPLAY': ':1', 'LANG': 'C.UTF-8', 'AMENT_PREFIX_PATH': '/convince_ws/install/bt_nodes:/convince_ws/install/behaviortree_ros2:/convince_ws/install/pyrobosim_msgs:/convince_ws/install/overarching_msgs:/convince_ws/install/btcpp_ros2_interfaces:/convince_ws/install/bt_interfaces_dummy:/opt/ros/jazzy', 'ROS_WS': '/convince_ws', 'ROS_AUTOMATIC_DISCOVERY_RANGE': 'SUBNET', 'PWD': '/convince_ws/build/bt_executor', 'LC_ALL': 'C.UTF-8', 'PYTHONPATH': '/convince_ws/install/pyrobosim_msgs/lib/python3.12/site-packages:/convince_ws/install/overarching_msgs/lib/python3.12/site-packages:/convince_ws/install/btcpp_ros2_interfaces/lib/python3.12/site-packages:/convince_ws/install/bt_interfaces_dummy/lib/python3.12/site-packages:/opt/ros/jazzy/lib/python3.12/site-packages', 'COLCON': '1', 'CMAKE_PREFIX_PATH': '/convince_ws/install/bt_nodes:/convince_ws/install/behaviortree_ros2:/convince_ws/install/pyrobosim_msgs:/convince_ws/install/overarching_msgs:/convince_ws/install/btcpp_ros2_interfaces:/convince_ws/install/bt_interfaces_dummy:/opt/ros/jazzy'}), 'shell': False}
[0.495392] (pyrobosim_ros) StdoutLine: {'line': b'running egg_info\n'}
[0.500234] (-) TimerEvent: {}
[0.502689] (pyrobosim_ros) StdoutLine: {'line': b'writing pyrobosim_ros.egg-info/PKG-INFO\n'}
[0.502781] (pyrobosim_ros) StdoutLine: {'line': b'writing dependency_links to pyrobosim_ros.egg-info/dependency_links.txt\n'}
[0.502867] (pyrobosim_ros) StdoutLine: {'line': b'writing top-level names to pyrobosim_ros.egg-info/top_level.txt\n'}
[0.521828] (btcpp_ros2_samples) StdoutLine: {'line': b'[ 11%] Built target sleep_server\n'}
[0.522046] (btcpp_ros2_samples) StdoutLine: {'line': b'[ 22%] Built target sleep_plugin\n'}
[0.522799] (btcpp_ros2_samples) StdoutLine: {'line': b'[ 38%] Built target bool_client\n'}
[0.523328] (pyrobosim_ros) StdoutLine: {'line': b"reading manifest file 'pyrobosim_ros.egg-info/SOURCES.txt'\n"}
[0.523670] (pyrobosim_ros) StdoutLine: {'line': b"writing manifest file 'pyrobosim_ros.egg-info/SOURCES.txt'\n"}
[0.524593] (bt_executor) StdoutLine: {'line': b'[100%] Built target btcpp_executor\n'}
[0.525936] (btcpp_ros2_samples) StdoutLine: {'line': b'[ 50%] Built target sample_bt_executor\n'}
[0.526134] (btcpp_ros2_samples) StdoutLine: {'line': b'[ 61%] Built target subscriber_test\n'}
[0.526520] (btcpp_ros2_samples) StdoutLine: {'line': b'[ 72%] Built target bool_server\n'}
[0.527270] (btcpp_ros2_samples) StdoutLine: {'line': b'[ 88%] Built target sleep_client\n'}
[0.530328] (bt_executor) CommandEnded: {'returncode': 0}
[0.530684] (bt_executor) JobProgress: {'identifier': 'bt_executor', 'progress': 'install'}
[0.530942] (bt_executor) Command: {'cmd': ['/usr/bin/cmake', '--install', '/convince_ws/build/bt_executor'], 'cwd': '/convince_ws/build/bt_executor', 'env': OrderedDict({'PYTHONWARNINGS': 'ignore:setup.py install is deprecated,ignore:easy_install command is deprecated', 'HOSTNAME': 'b06978b1e607', 'SHLVL': '1', 'LD_LIBRARY_PATH': '/convince_ws/install/bt_nodes/lib:/convince_ws/install/behaviortree_ros2/lib:/convince_ws/install/pyrobosim_msgs/lib:/convince_ws/install/overarching_msgs/lib:/convince_ws/install/btcpp_ros2_interfaces/lib:/convince_ws/install/bt_interfaces_dummy/lib:/opt/ros/jazzy/opt/zmqpp_vendor/lib:/opt/ros/jazzy/lib/x86_64-linux-gnu:/opt/ros/jazzy/lib', 'HOME': '/root', 'OLDPWD': '/convince_ws', 'ROS_PYTHON_VERSION': '3', 'ROS_DISTRO': 'jazzy', '_': '/usr/bin/colcon', 'ROS_VERSION': '2', 'TERM': 'xterm', 'QT_X11_NO_MITSHM': '1', 'PATH': '/opt/ros/jazzy/bin:/usr/local/sbin:/usr/local/bin:/usr/sbin:/usr/bin:/sbin:/bin', 'DISPLAY': ':1', 'LANG': 'C.UTF-8', 'AMENT_PREFIX_PATH': '/convince_ws/install/bt_nodes:/convince_ws/install/behaviortree_ros2:/convince_ws/install/pyrobosim_msgs:/convince_ws/install/overarching_msgs:/convince_ws/install/btcpp_ros2_interfaces:/convince_ws/install/bt_interfaces_dummy:/opt/ros/jazzy', 'ROS_WS': '/convince_ws', 'ROS_AUTOMATIC_DISCOVERY_RANGE': 'SUBNET', 'PWD': '/convince_ws/build/bt_executor', 'LC_ALL': 'C.UTF-8', 'PYTHONPATH': '/convince_ws/install/pyrobosim_msgs/lib/python3.12/site-packages:/convince_ws/install/overarching_msgs/lib/python3.12/site-packages:/convince_ws/install/btcpp_ros2_interfaces/lib/python3.12/site-packages:/convince_ws/install/bt_interfaces_dummy/lib/python3.12/site-packages:/opt/ros/jazzy/lib/python3.12/site-packages', 'COLCON': '1', 'CMAKE_PREFIX_PATH': '/convince_ws/install/bt_nodes:/convince_ws/install/behaviortree_ros2:/convince_ws/install/pyrobosim_msgs:/convince_ws/install/overarching_msgs:/convince_ws/install/btcpp_ros2_interfaces:/convince_ws/install/bt_interfaces_dummy:/opt/ros/jazzy'}), 'shell': False}
[0.535233] (bt_executor) StdoutLine: {'line': b'-- Install configuration: ""\n'}
[0.535531] (bt_executor) StdoutLine: {'line': b'-- Execute custom install script\n'}
[0.535710] (bt_executor) StdoutLine: {'line': b'-- Up-to-date symlink: /convince_ws/install/bt_executor/share/bt_executor/trees/navigation_demo.xml\n'}
[0.535790] (bt_executor) StdoutLine: {'line': b'-- Up-to-date symlink: /convince_ws/install/bt_executor/share/bt_executor/trees/pyrobosim_btcpp_model.xml\n'}
[0.535880] (bt_executor) StdoutLine: {'line': b'-- Up-to-date symlink: /convince_ws/install/bt_executor/share/bt_executor/trees/roscon2024.btproj\n'}
[0.535965] (bt_executor) StdoutLine: {'line': b'-- Up-to-date symlink: /convince_ws/install/bt_executor/share/bt_executor/trees/solution/problem1.xml\n'}
[0.536039] (bt_executor) StdoutLine: {'line': b'-- Up-to-date symlink: /convince_ws/install/bt_executor/share/bt_executor/trees/solution/problem2.xml\n'}
[0.536122] (bt_executor) StdoutLine: {'line': b'-- Up-to-date symlink: /convince_ws/install/bt_executor/share/bt_executor/trees/solution/problem3.xml\n'}
[0.536186] (bt_executor) StdoutLine: {'line': b'-- Up-to-date symlink: /convince_ws/install/bt_executor/share/bt_executor/trees/solution/problem4.xml\n'}
[0.536249] (bt_executor) StdoutLine: {'line': b'-- Up-to-date symlink: /convince_ws/install/bt_executor/lib/bt_executor/btcpp_executor\n'}
[0.536326] (bt_executor) StdoutLine: {'line': b'-- Up-to-date symlink: /convince_ws/install/bt_executor/include//pyrobosim_btcpp/nodes/battery_nodes.hpp\n'}
[0.536398] (bt_executor) StdoutLine: {'line': b'-- Up-to-date symlink: /convince_ws/install/bt_executor/include//pyrobosim_btcpp/nodes/close_node.hpp\n'}
[0.536474] (bt_executor) StdoutLine: {'line': b'-- Up-to-date symlink: /convince_ws/install/bt_executor/include//pyrobosim_btcpp/nodes/detect_object_node.hpp\n'}
[0.536553] (bt_executor) StdoutLine: {'line': b'-- Up-to-date symlink: /convince_ws/install/bt_executor/include//pyrobosim_btcpp/nodes/execute_task_node.hpp\n'}
[0.536630] (bt_executor) StdoutLine: {'line': b'-- Up-to-date symlink: /convince_ws/install/bt_executor/include//pyrobosim_btcpp/nodes/get_current_location_node.hpp\n'}
[0.536700] (bt_executor) StdoutLine: {'line': b'-- Up-to-date symlink: /convince_ws/install/bt_executor/include//pyrobosim_btcpp/nodes/get_next_location_node.hpp\n'}
[0.536770] (bt_executor) StdoutLine: {'line': b'-- Up-to-date symlink: /convince_ws/install/bt_executor/include//pyrobosim_btcpp/nodes/navigate_node.hpp\n'}
[0.536840] (bt_executor) StdoutLine: {'line': b'-- Up-to-date symlink: /convince_ws/install/bt_executor/include//pyrobosim_btcpp/nodes/open_node.hpp\n'}
[0.536916] (bt_executor) StdoutLine: {'line': b'-- Up-to-date symlink: /convince_ws/install/bt_executor/include//pyrobosim_btcpp/nodes/pick_object_node.hpp\n'}
[0.536986] (bt_executor) StdoutLine: {'line': b'-- Up-to-date symlink: /convince_ws/install/bt_executor/include//pyrobosim_btcpp/nodes/place_object_node.hpp\n'}
[0.537060] (bt_executor) StdoutLine: {'line': b'-- Up-to-date symlink: /convince_ws/install/bt_executor/share/ament_index/resource_index/package_run_dependencies/bt_executor\n'}
[0.537128] (bt_executor) StdoutLine: {'line': b'-- Up-to-date symlink: /convince_ws/install/bt_executor/share/ament_index/resource_index/parent_prefix_path/bt_executor\n'}
[0.537195] (bt_executor) StdoutLine: {'line': b'-- Up-to-date symlink: /convince_ws/install/bt_executor/share/bt_executor/environment/ament_prefix_path.sh\n'}
[0.537261] (bt_executor) StdoutLine: {'line': b'-- Up-to-date symlink: /convince_ws/install/bt_executor/share/bt_executor/environment/ament_prefix_path.dsv\n'}
[0.537327] (bt_executor) StdoutLine: {'line': b'-- Up-to-date symlink: /convince_ws/install/bt_executor/share/bt_executor/environment/path.sh\n'}
[0.537416] (bt_executor) StdoutLine: {'line': b'-- Up-to-date symlink: /convince_ws/install/bt_executor/share/bt_executor/environment/path.dsv\n'}
[0.537504] (bt_executor) StdoutLine: {'line': b'-- Up-to-date symlink: /convince_ws/install/bt_executor/share/bt_executor/local_setup.bash\n'}
[0.537567] (bt_executor) StdoutLine: {'line': b'-- Up-to-date symlink: /convince_ws/install/bt_executor/share/bt_executor/local_setup.sh\n'}
[0.537629] (bt_executor) StdoutLine: {'line': b'-- Up-to-date symlink: /convince_ws/install/bt_executor/share/bt_executor/local_setup.zsh\n'}
[0.537691] (bt_executor) StdoutLine: {'line': b'-- Up-to-date symlink: /convince_ws/install/bt_executor/share/bt_executor/local_setup.dsv\n'}
[0.537752] (bt_executor) StdoutLine: {'line': b'-- Symlinking: /convince_ws/install/bt_executor/share/bt_executor/package.dsv\n'}
[0.539105] (btcpp_ros2_samples) StdoutLine: {'line': b'[100%] Built target sleep_client_dyn\n'}
[0.540695] (pyrobosim_ros) StdoutLine: {'line': b'Built target ament_cmake_python_build_pyrobosim_ros_egg\n'}
[0.541291] (bt_executor) StdoutLine: {'line': b'-- Up-to-date symlink: /convince_ws/install/bt_executor/share/ament_index/resource_index/packages/bt_executor\n'}
[0.541394] (bt_executor) StdoutLine: {'line': b'-- Up-to-date symlink: /convince_ws/install/bt_executor/share/bt_executor/cmake/ament_cmake_export_dependencies-extras.cmake\n'}
[0.541460] (bt_executor) StdoutLine: {'line': b'-- Up-to-date symlink: /convince_ws/install/bt_executor/share/bt_executor/cmake/ament_cmake_export_include_directories-extras.cmake\n'}
[0.541602] (bt_executor) StdoutLine: {'line': b'-- Up-to-date symlink: /convince_ws/install/bt_executor/share/bt_executor/cmake/bt_executorConfig.cmake\n'}
[0.541682] (bt_executor) StdoutLine: {'line': b'-- Up-to-date symlink: /convince_ws/install/bt_executor/share/bt_executor/cmake/bt_executorConfig-version.cmake\n'}
[0.541755] (bt_executor) StdoutLine: {'line': b'-- Up-to-date symlink: /convince_ws/install/bt_executor/share/bt_executor/package.xml\n'}
[0.542473] (bt_executor) CommandEnded: {'returncode': 0}
[0.548239] (bt_executor) JobEnded: {'identifier': 'bt_executor', 'rc': 0}
[0.548949] (btcpp_ros2_samples) CommandEnded: {'returncode': 0}
[0.549213] (btcpp_ros2_samples) JobProgress: {'identifier': 'btcpp_ros2_samples', 'progress': 'install'}
[0.549382] (btcpp_ros2_samples) Command: {'cmd': ['/usr/bin/cmake', '--install', '/convince_ws/build/btcpp_ros2_samples'], 'cwd': '/convince_ws/build/btcpp_ros2_samples', 'env': OrderedDict({'PYTHONWARNINGS': 'ignore:setup.py install is deprecated,ignore:easy_install command is deprecated', 'HOSTNAME': 'b06978b1e607', 'SHLVL': '1', 'LD_LIBRARY_PATH': '/convince_ws/install/behaviortree_ros2/lib:/convince_ws/install/btcpp_ros2_interfaces/lib:/opt/ros/jazzy/opt/zmqpp_vendor/lib:/opt/ros/jazzy/lib/x86_64-linux-gnu:/opt/ros/jazzy/lib', 'HOME': '/root', 'OLDPWD': '/convince_ws', 'ROS_PYTHON_VERSION': '3', 'ROS_DISTRO': 'jazzy', '_': '/usr/bin/colcon', 'ROS_VERSION': '2', 'TERM': 'xterm', 'QT_X11_NO_MITSHM': '1', 'PATH': '/opt/ros/jazzy/bin:/usr/local/sbin:/usr/local/bin:/usr/sbin:/usr/bin:/sbin:/bin', 'DISPLAY': ':1', 'LANG': 'C.UTF-8', 'AMENT_PREFIX_PATH': '/convince_ws/install/behaviortree_ros2:/convince_ws/install/btcpp_ros2_interfaces:/opt/ros/jazzy', 'ROS_WS': '/convince_ws', 'ROS_AUTOMATIC_DISCOVERY_RANGE': 'SUBNET', 'PWD': '/convince_ws/build/btcpp_ros2_samples', 'LC_ALL': 'C.UTF-8', 'PYTHONPATH': '/convince_ws/install/btcpp_ros2_interfaces/lib/python3.12/site-packages:/opt/ros/jazzy/lib/python3.12/site-packages', 'COLCON': '1', 'CMAKE_PREFIX_PATH': '/convince_ws/install/behaviortree_ros2:/convince_ws/install/btcpp_ros2_interfaces:/opt/ros/jazzy'}), 'shell': False}
[0.549951] (pyrobosim_ros) CommandEnded: {'returncode': 0}
[0.550210] (pyrobosim_ros) JobProgress: {'identifier': 'pyrobosim_ros', 'progress': 'install'}
[0.550346] (pyrobosim_ros) Command: {'cmd': ['/usr/bin/cmake', '--install', '/convince_ws/build/pyrobosim_ros'], 'cwd': '/convince_ws/build/pyrobosim_ros', 'env': OrderedDict({'PYTHONWARNINGS': 'ignore:setup.py install is deprecated,ignore:easy_install command is deprecated', 'HOSTNAME': 'b06978b1e607', 'SHLVL': '1', 'LD_LIBRARY_PATH': '/convince_ws/install/pyrobosim_msgs/lib:/opt/ros/jazzy/opt/zmqpp_vendor/lib:/opt/ros/jazzy/lib/x86_64-linux-gnu:/opt/ros/jazzy/lib', 'HOME': '/root', 'OLDPWD': '/convince_ws', 'ROS_PYTHON_VERSION': '3', 'ROS_DISTRO': 'jazzy', '_': '/usr/bin/colcon', 'ROS_VERSION': '2', 'TERM': 'xterm', 'QT_X11_NO_MITSHM': '1', 'PATH': '/opt/ros/jazzy/bin:/usr/local/sbin:/usr/local/bin:/usr/sbin:/usr/bin:/sbin:/bin', 'DISPLAY': ':1', 'LANG': 'C.UTF-8', 'AMENT_PREFIX_PATH': '/convince_ws/install/pyrobosim_msgs:/opt/ros/jazzy', 'ROS_WS': '/convince_ws', 'ROS_AUTOMATIC_DISCOVERY_RANGE': 'SUBNET', 'PWD': '/convince_ws/build/pyrobosim_ros', 'LC_ALL': 'C.UTF-8', 'PYTHONPATH': '/convince_ws/install/pyrobosim_msgs/lib/python3.12/site-packages:/opt/ros/jazzy/lib/python3.12/site-packages', 'COLCON': '1', 'CMAKE_PREFIX_PATH': '/convince_ws/install/pyrobosim_msgs:/opt/ros/jazzy'}), 'shell': False}
[0.555502] (pyrobosim_ros) StdoutLine: {'line': b'-- Install configuration: ""\n'}
[0.555646] (btcpp_ros2_samples) StdoutLine: {'line': b'-- Install configuration: ""\n'}
[0.555816] (pyrobosim_ros) StdoutLine: {'line': b'-- Execute custom install script\n'}
[0.555915] (btcpp_ros2_samples) StdoutLine: {'line': b'-- Execute custom install script\n'}
[0.555990] (pyrobosim_ros) StdoutLine: {'line': b'-- Up-to-date symlink: /convince_ws/install/pyrobosim_ros/lib/pyrobosim_ros/demo.py\n'}
[0.556089] (pyrobosim_ros) StdoutLine: {'line': b'-- Up-to-date symlink: /convince_ws/install/pyrobosim_ros/lib/pyrobosim_ros/demo_commands.py\n'}
[0.556158] (pyrobosim_ros) StdoutLine: {'line': b'-- Up-to-date symlink: /convince_ws/install/pyrobosim_ros/lib/pyrobosim_ros/demo_pddl_world.py\n'}
[0.556232] (btcpp_ros2_samples) StdoutLine: {'line': b'-- Up-to-date symlink: /convince_ws/install/btcpp_ros2_samples/lib/btcpp_ros2_samples/sleep_client\n'}
[0.556309] (pyrobosim_ros) StdoutLine: {'line': b'-- Up-to-date symlink: /convince_ws/install/pyrobosim_ros/lib/pyrobosim_ros/demo_pddl_planner.py\n'}
[0.556388] (btcpp_ros2_samples) StdoutLine: {'line': b'-- Up-to-date symlink: /convince_ws/install/btcpp_ros2_samples/lib/btcpp_ros2_samples/sleep_client_dyn\n'}
[0.556444] (pyrobosim_ros) StdoutLine: {'line': b'-- Up-to-date symlink: /convince_ws/install/pyrobosim_ros/lib/pyrobosim_ros/demo_pddl_goal_publisher.py\n'}
[0.556522] (pyrobosim_ros) StdoutLine: {'line': b'-- Up-to-date symlink: /convince_ws/install/pyrobosim_ros/lib/pyrobosim_ros/demo_velocity_publisher.py\n'}
[0.556574] (btcpp_ros2_samples) StdoutLine: {'line': b'-- Up-to-date symlink: /convince_ws/install/btcpp_ros2_samples/lib/btcpp_ros2_samples/sleep_server\n'}
[0.556679] (btcpp_ros2_samples) StdoutLine: {'line': b'-- Up-to-date symlink: /convince_ws/install/btcpp_ros2_samples/lib/btcpp_ros2_samples/libsleep_plugin.so\n'}
[0.556733] (pyrobosim_ros) StdoutLine: {'line': b'-- Up-to-date symlink: /convince_ws/install/pyrobosim_ros/share/pyrobosim_ros/environment/pythonpath.sh\n'}
[0.556791] (btcpp_ros2_samples) StdoutLine: {'line': b'-- Up-to-date symlink: /convince_ws/install/btcpp_ros2_samples/lib/btcpp_ros2_samples/subscriber_test\n'}
[0.556866] (pyrobosim_ros) StdoutLine: {'line': b'-- Up-to-date symlink: /convince_ws/install/pyrobosim_ros/share/pyrobosim_ros/environment/pythonpath.dsv\n'}
[0.556918] (btcpp_ros2_samples) StdoutLine: {'line': b'-- Up-to-date symlink: /convince_ws/install/btcpp_ros2_samples/lib/btcpp_ros2_samples/sample_bt_executor\n'}
[0.556993] (pyrobosim_ros) StdoutLine: {'line': b'-- Up-to-date symlink: /convince_ws/install/pyrobosim_ros/lib/python3.12/site-packages/pyrobosim_ros-4.3.3-py3.12.egg-info/PKG-INFO\n'}
[0.557138] (btcpp_ros2_samples) StdoutLine: {'line': b'-- Up-to-date symlink: /convince_ws/install/btcpp_ros2_samples/lib/btcpp_ros2_samples/bool_client\n'}
[0.557195] (pyrobosim_ros) StdoutLine: {'line': b'-- Up-to-date symlink: /convince_ws/install/pyrobosim_ros/lib/python3.12/site-packages/pyrobosim_ros-4.3.3-py3.12.egg-info/SOURCES.txt\n'}
[0.557231] (pyrobosim_ros) StdoutLine: {'line': b'-- Up-to-date symlink: /convince_ws/install/pyrobosim_ros/lib/python3.12/site-packages/pyrobosim_ros-4.3.3-py3.12.egg-info/dependency_links.txt\n'}
[0.557263] (btcpp_ros2_samples) StdoutLine: {'line': b'-- Up-to-date symlink: /convince_ws/install/btcpp_ros2_samples/lib/btcpp_ros2_samples/bool_server\n'}
[0.557306] (btcpp_ros2_samples) StdoutLine: {'line': b'-- Up-to-date symlink: /convince_ws/install/btcpp_ros2_samples/share/btcpp_ros2_samples/bt_plugins/libsleep_plugin.so\n'}
[0.557361] (pyrobosim_ros) StdoutLine: {'line': b'-- Up-to-date symlink: /convince_ws/install/pyrobosim_ros/lib/python3.12/site-packages/pyrobosim_ros-4.3.3-py3.12.egg-info/top_level.txt\n'}
[0.557393] (pyrobosim_ros) StdoutLine: {'line': b'-- Up-to-date symlink: /convince_ws/install/pyrobosim_ros/lib/python3.12/site-packages/pyrobosim_ros/__init__.py\n'}
[0.557424] (pyrobosim_ros) StdoutLine: {'line': b'-- Up-to-date symlink: /convince_ws/install/pyrobosim_ros/lib/python3.12/site-packages/pyrobosim_ros/ros_conversions.py\n'}
[0.557467] (pyrobosim_ros) StdoutLine: {'line': b'-- Up-to-date symlink: /convince_ws/install/pyrobosim_ros/lib/python3.12/site-packages/pyrobosim_ros/ros_interface.py\n'}
[0.557558] (pyrobosim_ros) StdoutLine: {'line': b'-- Up-to-date symlink: /convince_ws/install/pyrobosim_ros/share/pyrobosim_ros/launch/demo.launch.py\n'}
[0.557601] (pyrobosim_ros) StdoutLine: {'line': b'-- Up-to-date symlink: /convince_ws/install/pyrobosim_ros/share/pyrobosim_ros/launch/demo_commands.launch.py\n'}
[0.557676] (btcpp_ros2_samples) StdoutLine: {'line': b'-- Up-to-date symlink: /convince_ws/install/btcpp_ros2_samples/share/btcpp_ros2_samples//behavior_trees/cross_door.xml\n'}
[0.557708] (pyrobosim_ros) StdoutLine: {'line': b'-- Up-to-date symlink: /convince_ws/install/pyrobosim_ros/share/pyrobosim_ros/launch/demo_commands_multirobot.launch.py\n'}
[0.557746] (btcpp_ros2_samples) StdoutLine: {'line': b'-- Up-to-date symlink: /convince_ws/install/btcpp_ros2_samples/share/btcpp_ros2_samples//behavior_trees/door_closed.xml\n'}
[0.557794] (pyrobosim_ros) StdoutLine: {'line': b'-- Up-to-date symlink: /convince_ws/install/pyrobosim_ros/share/pyrobosim_ros/launch/demo_pddl.launch.py\n'}
[0.557838] (btcpp_ros2_samples) StdoutLine: {'line': b'-- Up-to-date symlink: /convince_ws/install/btcpp_ros2_samples/share/btcpp_ros2_samples//behavior_trees/sleep_action.xml\n'}
[0.557866] (pyrobosim_ros) StdoutLine: {'line': b'-- Up-to-date symlink: /convince_ws/install/pyrobosim_ros/share/ament_index/resource_index/package_run_dependencies/pyrobosim_ros\n'}
[0.557903] (pyrobosim_ros) StdoutLine: {'line': b'-- Up-to-date symlink: /convince_ws/install/pyrobosim_ros/share/ament_index/resource_index/parent_prefix_path/pyrobosim_ros\n'}
[0.557930] (pyrobosim_ros) StdoutLine: {'line': b'-- Up-to-date symlink: /convince_ws/install/pyrobosim_ros/share/pyrobosim_ros/environment/ament_prefix_path.sh\n'}
[0.557965] (pyrobosim_ros) StdoutLine: {'line': b'-- Up-to-date symlink: /convince_ws/install/pyrobosim_ros/share/pyrobosim_ros/environment/ament_prefix_path.dsv\n'}
[0.558003] (btcpp_ros2_samples) StdoutLine: {'line': b'-- Up-to-date symlink: /convince_ws/install/btcpp_ros2_samples/share/btcpp_ros2_samples//config/sample_bt_executor.yaml\n'}
[0.558056] (pyrobosim_ros) StdoutLine: {'line': b'-- Up-to-date symlink: /convince_ws/install/pyrobosim_ros/share/pyrobosim_ros/environment/path.sh\n'}
[0.558095] (pyrobosim_ros) StdoutLine: {'line': b'-- Up-to-date symlink: /convince_ws/install/pyrobosim_ros/share/pyrobosim_ros/environment/path.dsv\n'}
[0.558134] (pyrobosim_ros) StdoutLine: {'line': b'-- Up-to-date symlink: /convince_ws/install/pyrobosim_ros/share/pyrobosim_ros/local_setup.bash\n'}
[0.558189] (pyrobosim_ros) StdoutLine: {'line': b'-- Up-to-date symlink: /convince_ws/install/pyrobosim_ros/share/pyrobosim_ros/local_setup.sh\n'}
[0.558227] (btcpp_ros2_samples) StdoutLine: {'line': b'-- Up-to-date symlink: /convince_ws/install/btcpp_ros2_samples/share/btcpp_ros2_samples//launch/sample_bt_executor.launch.xml\n'}
[0.558272] (pyrobosim_ros) StdoutLine: {'line': b'-- Up-to-date symlink: /convince_ws/install/pyrobosim_ros/share/pyrobosim_ros/local_setup.zsh\n'}
[0.558314] (pyrobosim_ros) StdoutLine: {'line': b'-- Up-to-date symlink: /convince_ws/install/pyrobosim_ros/share/pyrobosim_ros/local_setup.dsv\n'}
[0.558361] (pyrobosim_ros) StdoutLine: {'line': b'-- Symlinking: /convince_ws/install/pyrobosim_ros/share/pyrobosim_ros/package.dsv\n'}
[0.558389] (btcpp_ros2_samples) StdoutLine: {'line': b'-- Up-to-date symlink: /convince_ws/install/btcpp_ros2_samples/share/ament_index/resource_index/package_run_dependencies/btcpp_ros2_samples\n'}
[0.558486] (btcpp_ros2_samples) StdoutLine: {'line': b'-- Up-to-date symlink: /convince_ws/install/btcpp_ros2_samples/share/ament_index/resource_index/parent_prefix_path/btcpp_ros2_samples\n'}
[0.558621] (btcpp_ros2_samples) StdoutLine: {'line': b'-- Up-to-date symlink: /convince_ws/install/btcpp_ros2_samples/share/btcpp_ros2_samples/environment/ament_prefix_path.sh\n'}
[0.558786] (btcpp_ros2_samples) StdoutLine: {'line': b'-- Up-to-date symlink: /convince_ws/install/btcpp_ros2_samples/share/btcpp_ros2_samples/environment/ament_prefix_path.dsv\n'}
[0.558871] (btcpp_ros2_samples) StdoutLine: {'line': b'-- Up-to-date symlink: /convince_ws/install/btcpp_ros2_samples/share/btcpp_ros2_samples/environment/path.sh\n'}
[0.558989] (btcpp_ros2_samples) StdoutLine: {'line': b'-- Up-to-date symlink: /convince_ws/install/btcpp_ros2_samples/share/btcpp_ros2_samples/environment/path.dsv\n'}
[0.559114] (btcpp_ros2_samples) StdoutLine: {'line': b'-- Up-to-date symlink: /convince_ws/install/btcpp_ros2_samples/share/btcpp_ros2_samples/local_setup.bash\n'}
[0.559229] (btcpp_ros2_samples) StdoutLine: {'line': b'-- Up-to-date symlink: /convince_ws/install/btcpp_ros2_samples/share/btcpp_ros2_samples/local_setup.sh\n'}
[0.559383] (btcpp_ros2_samples) StdoutLine: {'line': b'-- Up-to-date symlink: /convince_ws/install/btcpp_ros2_samples/share/btcpp_ros2_samples/local_setup.zsh\n'}
[0.559461] (btcpp_ros2_samples) StdoutLine: {'line': b'-- Up-to-date symlink: /convince_ws/install/btcpp_ros2_samples/share/btcpp_ros2_samples/local_setup.dsv\n'}
[0.559550] (btcpp_ros2_samples) StdoutLine: {'line': b'-- Symlinking: /convince_ws/install/btcpp_ros2_samples/share/btcpp_ros2_samples/package.dsv\n'}
[0.564972] (pyrobosim_ros) StdoutLine: {'line': b'-- Up-to-date symlink: /convince_ws/install/pyrobosim_ros/share/ament_index/resource_index/packages/pyrobosim_ros\n'}
[0.565057] (pyrobosim_ros) StdoutLine: {'line': b'-- Up-to-date symlink: /convince_ws/install/pyrobosim_ros/share/pyrobosim_ros/cmake/pyrobosim_rosConfig.cmake\n'}
[0.565096] (pyrobosim_ros) StdoutLine: {'line': b'-- Up-to-date symlink: /convince_ws/install/pyrobosim_ros/share/pyrobosim_ros/cmake/pyrobosim_rosConfig-version.cmake\n'}
[0.565124] (pyrobosim_ros) StdoutLine: {'line': b'-- Up-to-date symlink: /convince_ws/install/pyrobosim_ros/share/pyrobosim_ros/package.xml\n'}
[0.566096] (btcpp_ros2_samples) StdoutLine: {'line': b'-- Up-to-date symlink: /convince_ws/install/btcpp_ros2_samples/share/ament_index/resource_index/packages/btcpp_ros2_samples\n'}
[0.566230] (btcpp_ros2_samples) StdoutLine: {'line': b'-- Up-to-date symlink: /convince_ws/install/btcpp_ros2_samples/share/btcpp_ros2_samples/cmake/ament_cmake_export_dependencies-extras.cmake\n'}
[0.566358] (btcpp_ros2_samples) StdoutLine: {'line': b'-- Up-to-date symlink: /convince_ws/install/btcpp_ros2_samples/share/btcpp_ros2_samples/cmake/btcpp_ros2_samplesConfig.cmake\n'}
[0.566443] (btcpp_ros2_samples) StdoutLine: {'line': b'-- Up-to-date symlink: /convince_ws/install/btcpp_ros2_samples/share/btcpp_ros2_samples/cmake/btcpp_ros2_samplesConfig-version.cmake\n'}
[0.566565] (btcpp_ros2_samples) StdoutLine: {'line': b'-- Up-to-date symlink: /convince_ws/install/btcpp_ros2_samples/share/btcpp_ros2_samples/package.xml\n'}
[0.567818] (btcpp_ros2_samples) CommandEnded: {'returncode': 0}
[0.574161] (btcpp_ros2_samples) JobEnded: {'identifier': 'btcpp_ros2_samples', 'rc': 0}
[0.586359] (pyrobosim_ros) StdoutLine: {'line': b"Listing '/convince_ws/install/pyrobosim_ros/lib/python3.12/site-packages/pyrobosim_ros'...\n"}
[0.590693] (pyrobosim_ros) CommandEnded: {'returncode': 0}
[0.592320] (pyrobosim) StdoutLine: {'line': b'running develop\n'}
[0.598136] (pyrobosim_ros) JobEnded: {'identifier': 'pyrobosim_ros', 'rc': 0}
[0.598794] (tutorial_sim) JobStarted: {'identifier': 'tutorial_sim'}
[0.600306] (-) TimerEvent: {}
[0.655162] (pyrobosim) StdoutLine: {'line': b'running egg_info\n'}
[0.661092] (pyrobosim) StdoutLine: {'line': b'writing pyrobosim.egg-info/PKG-INFO\n'}
[0.661194] (pyrobosim) StdoutLine: {'line': b'writing dependency_links to pyrobosim.egg-info/dependency_links.txt\n'}
[0.661271] (pyrobosim) StdoutLine: {'line': b'writing requirements to pyrobosim.egg-info/requires.txt\n'}
[0.661340] (pyrobosim) StdoutLine: {'line': b'writing top-level names to pyrobosim.egg-info/top_level.txt\n'}
[0.674647] (pyrobosim) StdoutLine: {'line': b"reading manifest file 'pyrobosim.egg-info/SOURCES.txt'\n"}
[0.675437] (pyrobosim) StdoutLine: {'line': b"writing manifest file 'pyrobosim.egg-info/SOURCES.txt'\n"}
[0.682099] (pyrobosim) StdoutLine: {'line': b'running build_ext\n'}
[0.682204] (pyrobosim) StdoutLine: {'line': b'Creating /convince_ws/install/pyrobosim/lib/python3.12/site-packages/pyrobosim.egg-link (link to .)\n'}
[0.682384] (pyrobosim) StdoutLine: {'line': b'\n'}
[0.682476] (pyrobosim) StdoutLine: {'line': b'Installed /convince_ws/build/pyrobosim\n'}
[0.700446] (-) TimerEvent: {}
[0.704031] (pyrobosim) CommandEnded: {'returncode': 0}
[0.707393] (pyrobosim) JobEnded: {'identifier': 'pyrobosim', 'rc': 0}
[0.800631] (-) TimerEvent: {}
[0.900859] (-) TimerEvent: {}
[0.932210] (tutorial_sim) Command: {'cmd': ['/usr/bin/python3', '-W', 'ignore:setup.py install is deprecated', '-W', 'ignore:easy_install command is deprecated', 'setup.py', 'develop', '--editable', '--build-directory', '/convince_ws/build/tutorial_sim/build', '--no-deps', 'symlink_data'], 'cwd': '/convince_ws/build/tutorial_sim', 'env': {'PYTHONWARNINGS': 'ignore:setup.py install is deprecated,ignore:easy_install command is deprecated', 'HOSTNAME': 'b06978b1e607', 'SHLVL': '1', 'LD_LIBRARY_PATH': '/convince_ws/install/pyrobosim_msgs/lib:/convince_ws/install/overarching_msgs/lib:/opt/ros/jazzy/opt/zmqpp_vendor/lib:/opt/ros/jazzy/lib/x86_64-linux-gnu:/opt/ros/jazzy/lib', 'HOME': '/root', 'OLDPWD': '/convince_ws', 'ROS_PYTHON_VERSION': '3', 'ROS_DISTRO': 'jazzy', '_': '/usr/bin/colcon', 'ROS_VERSION': '2', 'TERM': 'xterm', 'QT_X11_NO_MITSHM': '1', 'PATH': '/opt/ros/jazzy/bin:/usr/local/sbin:/usr/local/bin:/usr/sbin:/usr/bin:/sbin:/bin', 'DISPLAY': ':1', 'LANG': 'C.UTF-8', 'AMENT_PREFIX_PATH': '/convince_ws/install/pyrobosim_ros:/convince_ws/install/pyrobosim_msgs:/convince_ws/install/overarching_msgs:/opt/ros/jazzy', 'ROS_WS': '/convince_ws', 'ROS_AUTOMATIC_DISCOVERY_RANGE': 'SUBNET', 'PWD': '/convince_ws/build/tutorial_sim', 'LC_ALL': 'C.UTF-8', 'PYTHONPATH': '/convince_ws/build/tutorial_sim/prefix_override:/usr/lib/python3/dist-packages/colcon_core/task/python/colcon_distutils_commands:/convince_ws/install/tutorial_sim/lib/python3.12/site-packages:/convince_ws/install/pyrobosim_ros/lib/python3.12/site-packages:/convince_ws/install/pyrobosim_msgs/lib/python3.12/site-packages:/convince_ws/install/overarching_msgs/lib/python3.12/site-packages:/opt/ros/jazzy/lib/python3.12/site-packages', 'COLCON': '1', 'CMAKE_PREFIX_PATH': '/convince_ws/install/pyrobosim_ros:/convince_ws/install/pyrobosim_msgs:/convince_ws/install/overarching_msgs'}, 'shell': False}
[1.001097] (-) TimerEvent: {}
[1.059846] (tutorial_sim) StdoutLine: {'line': b'running develop\n'}
[1.101168] (-) TimerEvent: {}
[1.117790] (tutorial_sim) StdoutLine: {'line': b'running egg_info\n'}
[1.123475] (tutorial_sim) StdoutLine: {'line': b'writing tutorial_sim.egg-info/PKG-INFO\n'}
[1.123564] (tutorial_sim) StdoutLine: {'line': b'writing dependency_links to tutorial_sim.egg-info/dependency_links.txt\n'}
[1.123624] (tutorial_sim) StdoutLine: {'line': b'writing entry points to tutorial_sim.egg-info/entry_points.txt\n'}
[1.123681] (tutorial_sim) StdoutLine: {'line': b'writing requirements to tutorial_sim.egg-info/requires.txt\n'}
[1.123732] (tutorial_sim) StdoutLine: {'line': b'writing top-level names to tutorial_sim.egg-info/top_level.txt\n'}
[1.135858] (tutorial_sim) StdoutLine: {'line': b"reading manifest file 'tutorial_sim.egg-info/SOURCES.txt'\n"}
[1.136136] (tutorial_sim) StdoutLine: {'line': b"writing manifest file 'tutorial_sim.egg-info/SOURCES.txt'\n"}
[1.142721] (tutorial_sim) StdoutLine: {'line': b'running build_ext\n'}
[1.142774] (tutorial_sim) StdoutLine: {'line': b'Creating /convince_ws/install/tutorial_sim/lib/python3.12/site-packages/tutorial-sim.egg-link (link to .)\n'}
[1.143043] (tutorial_sim) StdoutLine: {'line': b'Installing run script to /convince_ws/install/tutorial_sim/lib/tutorial_sim\n'}
[1.143145] (tutorial_sim) StdoutLine: {'line': b'Installing translate_component script to /convince_ws/install/tutorial_sim/lib/tutorial_sim\n'}
[1.143240] (tutorial_sim) StdoutLine: {'line': b'\n'}
[1.143290] (tutorial_sim) StdoutLine: {'line': b'Installed /convince_ws/build/tutorial_sim\n'}
[1.143346] (tutorial_sim) StdoutLine: {'line': b'running symlink_data\n'}
[1.155937] (tutorial_sim) CommandEnded: {'returncode': 0}
[1.159597] (tutorial_sim) JobEnded: {'identifier': 'tutorial_sim', 'rc': 0}
[1.160039] (-) EventReactorShutdown: {}
