[0.000000] (-) TimerEvent: {}
[0.000104] (behaviortree_cpp_v3) JobQueued: {'identifier': 'behaviortree_cpp_v3', 'dependencies': OrderedDict()}
[0.000153] (bt_interfaces_dummy) JobQueued: {'identifier': 'bt_interfaces_dummy', 'dependencies': OrderedDict()}
[0.000171] (btcpp_ros2_interfaces) JobQueued: {'identifier': 'btcpp_ros2_interfaces', 'dependencies': OrderedDict()}
[0.000189] (overarching_msgs) JobQueued: {'identifier': 'overarching_msgs', 'dependencies': OrderedDict()}
[0.000208] (pyrobosim) JobQueued: {'identifier': 'pyrobosim', 'dependencies': OrderedDict()}
[0.000223] (pyrobosim_msgs) JobQueued: {'identifier': 'pyrobosim_msgs', 'dependencies': OrderedDict()}
[0.000235] (behaviortree_ros2) JobQueued: {'identifier': 'behaviortree_ros2', 'dependencies': OrderedDict({'btcpp_ros2_interfaces': '/convince_ws/install/btcpp_ros2_interfaces'})}
[0.000290] (bt_nodes) JobQueued: {'identifier': 'bt_nodes', 'dependencies': OrderedDict({'bt_interfaces_dummy': '/convince_ws/install/bt_interfaces_dummy'})}
[0.000305] (place_object_skill) JobQueued: {'identifier': 'place_object_skill', 'dependencies': OrderedDict({'bt_interfaces_dummy': '/convince_ws/install/bt_interfaces_dummy', 'overarching_msgs': '/convince_ws/install/overarching_msgs'})}
[0.000329] (pyrobosim_ros) JobQueued: {'identifier': 'pyrobosim_ros', 'dependencies': OrderedDict({'pyrobosim_msgs': '/convince_ws/install/pyrobosim_msgs'})}
[0.000352] (bt_executor) JobQueued: {'identifier': 'bt_executor', 'dependencies': OrderedDict({'bt_interfaces_dummy': '/convince_ws/install/bt_interfaces_dummy', 'btcpp_ros2_interfaces': '/convince_ws/install/btcpp_ros2_interfaces', 'overarching_msgs': '/convince_ws/install/overarching_msgs', 'pyrobosim_msgs': '/convince_ws/install/pyrobosim_msgs', 'behaviortree_ros2': '/convince_ws/install/behaviortree_ros2', 'bt_nodes': '/convince_ws/install/bt_nodes'})}
[0.000379] (btcpp_ros2_samples) JobQueued: {'identifier': 'btcpp_ros2_samples', 'dependencies': OrderedDict({'btcpp_ros2_interfaces': '/convince_ws/install/btcpp_ros2_interfaces', 'behaviortree_ros2': '/convince_ws/install/behaviortree_ros2'})}
[0.000403] (tutorial_sim) JobQueued: {'identifier': 'tutorial_sim', 'dependencies': OrderedDict({'overarching_msgs': '/convince_ws/install/overarching_msgs', 'pyrobosim_msgs': '/convince_ws/install/pyrobosim_msgs', 'pyrobosim_ros': '/convince_ws/install/pyrobosim_ros'})}
[0.000438] (tutorial_run) JobQueued: {'identifier': 'tutorial_run', 'dependencies': OrderedDict({'bt_interfaces_dummy': '/convince_ws/install/bt_interfaces_dummy', 'btcpp_ros2_interfaces': '/convince_ws/install/btcpp_ros2_interfaces', 'overarching_msgs': '/convince_ws/install/overarching_msgs', 'pyrobosim_msgs': '/convince_ws/install/pyrobosim_msgs', 'behaviortree_ros2': '/convince_ws/install/behaviortree_ros2', 'bt_nodes': '/convince_ws/install/bt_nodes', 'place_object_skill': '/convince_ws/install/place_object_skill', 'pyrobosim_ros': '/convince_ws/install/pyrobosim_ros', 'bt_executor': '/convince_ws/install/bt_executor', 'tutorial_sim': '/convince_ws/install/tutorial_sim'})}
[0.000460] (bt_interfaces_dummy) JobStarted: {'identifier': 'bt_interfaces_dummy'}
[0.003237] (btcpp_ros2_interfaces) JobStarted: {'identifier': 'btcpp_ros2_interfaces'}
[0.004388] (overarching_msgs) JobStarted: {'identifier': 'overarching_msgs'}
[0.005692] (pyrobosim_msgs) JobStarted: {'identifier': 'pyrobosim_msgs'}
[0.007169] (behaviortree_cpp_v3) JobStarted: {'identifier': 'behaviortree_cpp_v3'}
[0.008458] (pyrobosim) JobStarted: {'identifier': 'pyrobosim'}
[0.010184] (bt_interfaces_dummy) JobProgress: {'identifier': 'bt_interfaces_dummy', 'progress': 'cmake'}
[0.010438] (bt_interfaces_dummy) JobProgress: {'identifier': 'bt_interfaces_dummy', 'progress': 'build'}
[0.010697] (bt_interfaces_dummy) Command: {'cmd': ['/usr/bin/cmake', '--build', '/convince_ws/build/bt_interfaces_dummy', '--', '-j20', '-l20'], 'cwd': '/convince_ws/build/bt_interfaces_dummy', 'env': OrderedDict({'PYTHONWARNINGS': 'ignore:setup.py install is deprecated,ignore:easy_install command is deprecated', 'HOSTNAME': '8a792cd6aa65', 'SHLVL': '1', 'LD_LIBRARY_PATH': '/opt/ros/jazzy/opt/zmqpp_vendor/lib:/opt/ros/jazzy/lib/x86_64-linux-gnu:/opt/ros/jazzy/lib', 'HOME': '/root', 'OLDPWD': '/convince_ws', 'ROS_PYTHON_VERSION': '3', 'ROS_DISTRO': 'jazzy', '_': '/usr/bin/colcon', 'ROS_VERSION': '2', 'TERM': 'xterm', 'QT_X11_NO_MITSHM': '1', 'PATH': '/opt/ros/jazzy/bin:/usr/local/sbin:/usr/local/bin:/usr/sbin:/usr/bin:/sbin:/bin', 'DISPLAY': ':1', 'LANG': 'C.UTF-8', 'AMENT_PREFIX_PATH': '/opt/ros/jazzy', 'ROS_WS': '/convince_ws', 'ROS_AUTOMATIC_DISCOVERY_RANGE': 'SUBNET', 'PWD': '/convince_ws/build/bt_interfaces_dummy', 'LC_ALL': 'C.UTF-8', 'PYTHONPATH': '/opt/ros/jazzy/lib/python3.12/site-packages', 'COLCON': '1', 'CMAKE_PREFIX_PATH': '/opt/ros/jazzy'}), 'shell': False}
[0.011663] (btcpp_ros2_interfaces) JobProgress: {'identifier': 'btcpp_ros2_interfaces', 'progress': 'cmake'}
[0.011885] (btcpp_ros2_interfaces) JobProgress: {'identifier': 'btcpp_ros2_interfaces', 'progress': 'build'}
[0.012054] (btcpp_ros2_interfaces) Command: {'cmd': ['/usr/bin/cmake', '--build', '/convince_ws/build/btcpp_ros2_interfaces', '--', '-j20', '-l20'], 'cwd': '/convince_ws/build/btcpp_ros2_interfaces', 'env': OrderedDict({'PYTHONWARNINGS': 'ignore:setup.py install is deprecated,ignore:easy_install command is deprecated', 'HOSTNAME': '8a792cd6aa65', 'SHLVL': '1', 'LD_LIBRARY_PATH': '/opt/ros/jazzy/opt/zmqpp_vendor/lib:/opt/ros/jazzy/lib/x86_64-linux-gnu:/opt/ros/jazzy/lib', 'HOME': '/root', 'OLDPWD': '/convince_ws', 'ROS_PYTHON_VERSION': '3', 'ROS_DISTRO': 'jazzy', '_': '/usr/bin/colcon', 'ROS_VERSION': '2', 'TERM': 'xterm', 'QT_X11_NO_MITSHM': '1', 'PATH': '/opt/ros/jazzy/bin:/usr/local/sbin:/usr/local/bin:/usr/sbin:/usr/bin:/sbin:/bin', 'DISPLAY': ':1', 'LANG': 'C.UTF-8', 'AMENT_PREFIX_PATH': '/opt/ros/jazzy', 'ROS_WS': '/convince_ws', 'ROS_AUTOMATIC_DISCOVERY_RANGE': 'SUBNET', 'PWD': '/convince_ws/build/btcpp_ros2_interfaces', 'LC_ALL': 'C.UTF-8', 'PYTHONPATH': '/opt/ros/jazzy/lib/python3.12/site-packages', 'COLCON': '1', 'CMAKE_PREFIX_PATH': '/opt/ros/jazzy'}), 'shell': False}
[0.012406] (overarching_msgs) JobProgress: {'identifier': 'overarching_msgs', 'progress': 'cmake'}
[0.012624] (overarching_msgs) JobProgress: {'identifier': 'overarching_msgs', 'progress': 'build'}
[0.012771] (overarching_msgs) Command: {'cmd': ['/usr/bin/cmake', '--build', '/convince_ws/build/overarching_msgs', '--', '-j20', '-l20'], 'cwd': '/convince_ws/build/overarching_msgs', 'env': OrderedDict({'PYTHONWARNINGS': 'ignore:setup.py install is deprecated,ignore:easy_install command is deprecated', 'HOSTNAME': '8a792cd6aa65', 'SHLVL': '1', 'LD_LIBRARY_PATH': '/opt/ros/jazzy/opt/zmqpp_vendor/lib:/opt/ros/jazzy/lib/x86_64-linux-gnu:/opt/ros/jazzy/lib', 'HOME': '/root', 'OLDPWD': '/convince_ws', 'ROS_PYTHON_VERSION': '3', 'ROS_DISTRO': 'jazzy', '_': '/usr/bin/colcon', 'ROS_VERSION': '2', 'TERM': 'xterm', 'QT_X11_NO_MITSHM': '1', 'PATH': '/opt/ros/jazzy/bin:/usr/local/sbin:/usr/local/bin:/usr/sbin:/usr/bin:/sbin:/bin', 'DISPLAY': ':1', 'LANG': 'C.UTF-8', 'AMENT_PREFIX_PATH': '/opt/ros/jazzy', 'ROS_WS': '/convince_ws', 'ROS_AUTOMATIC_DISCOVERY_RANGE': 'SUBNET', 'PWD': '/convince_ws/build/overarching_msgs', 'LC_ALL': 'C.UTF-8', 'PYTHONPATH': '/opt/ros/jazzy/lib/python3.12/site-packages', 'COLCON': '1', 'CMAKE_PREFIX_PATH': '/opt/ros/jazzy'}), 'shell': False}
[0.013155] (pyrobosim_msgs) JobProgress: {'identifier': 'pyrobosim_msgs', 'progress': 'cmake'}
[0.013393] (pyrobosim_msgs) JobProgress: {'identifier': 'pyrobosim_msgs', 'progress': 'build'}
[0.013549] (pyrobosim_msgs) Command: {'cmd': ['/usr/bin/cmake', '--build', '/convince_ws/build/pyrobosim_msgs', '--', '-j20', '-l20'], 'cwd': '/convince_ws/build/pyrobosim_msgs', 'env': OrderedDict({'PYTHONWARNINGS': 'ignore:setup.py install is deprecated,ignore:easy_install command is deprecated', 'HOSTNAME': '8a792cd6aa65', 'SHLVL': '1', 'LD_LIBRARY_PATH': '/opt/ros/jazzy/opt/zmqpp_vendor/lib:/opt/ros/jazzy/lib/x86_64-linux-gnu:/opt/ros/jazzy/lib', 'HOME': '/root', 'OLDPWD': '/convince_ws', 'ROS_PYTHON_VERSION': '3', 'ROS_DISTRO': 'jazzy', '_': '/usr/bin/colcon', 'ROS_VERSION': '2', 'TERM': 'xterm', 'QT_X11_NO_MITSHM': '1', 'PATH': '/opt/ros/jazzy/bin:/usr/local/sbin:/usr/local/bin:/usr/sbin:/usr/bin:/sbin:/bin', 'DISPLAY': ':1', 'LANG': 'C.UTF-8', 'AMENT_PREFIX_PATH': '/opt/ros/jazzy', 'ROS_WS': '/convince_ws', 'ROS_AUTOMATIC_DISCOVERY_RANGE': 'SUBNET', 'PWD': '/convince_ws/build/pyrobosim_msgs', 'LC_ALL': 'C.UTF-8', 'PYTHONPATH': '/opt/ros/jazzy/lib/python3.12/site-packages', 'COLCON': '1', 'CMAKE_PREFIX_PATH': '/opt/ros/jazzy'}), 'shell': False}
[0.013869] (behaviortree_cpp_v3) JobProgress: {'identifier': 'behaviortree_cpp_v3', 'progress': 'cmake'}
[0.014074] (behaviortree_cpp_v3) JobProgress: {'identifier': 'behaviortree_cpp_v3', 'progress': 'build'}
[0.014216] (behaviortree_cpp_v3) Command: {'cmd': ['/usr/bin/cmake', '--build', '/convince_ws/build/behaviortree_cpp_v3', '--', '-j20', '-l20'], 'cwd': '/convince_ws/build/behaviortree_cpp_v3', 'env': OrderedDict({'PYTHONWARNINGS': 'ignore:setup.py install is deprecated,ignore:easy_install command is deprecated', 'HOSTNAME': '8a792cd6aa65', 'SHLVL': '1', 'LD_LIBRARY_PATH': '/opt/ros/jazzy/opt/zmqpp_vendor/lib:/opt/ros/jazzy/lib/x86_64-linux-gnu:/opt/ros/jazzy/lib', 'HOME': '/root', 'OLDPWD': '/convince_ws', 'ROS_PYTHON_VERSION': '3', 'ROS_DISTRO': 'jazzy', '_': '/usr/bin/colcon', 'ROS_VERSION': '2', 'TERM': 'xterm', 'QT_X11_NO_MITSHM': '1', 'PATH': '/opt/ros/jazzy/bin:/usr/local/sbin:/usr/local/bin:/usr/sbin:/usr/bin:/sbin:/bin', 'DISPLAY': ':1', 'LANG': 'C.UTF-8', 'AMENT_PREFIX_PATH': '/opt/ros/jazzy', 'ROS_WS': '/convince_ws', 'ROS_AUTOMATIC_DISCOVERY_RANGE': 'SUBNET', 'PWD': '/convince_ws/build/behaviortree_cpp_v3', 'LC_ALL': 'C.UTF-8', 'PYTHONPATH': '/opt/ros/jazzy/lib/python3.12/site-packages', 'COLCON': '1', 'CMAKE_PREFIX_PATH': '/opt/ros/jazzy'}), 'shell': False}
[0.042464] (bt_interfaces_dummy) StdoutLine: {'line': b'[  1%] Built target bt_interfaces_dummy__rosidl_generator_type_description\n'}
[0.045978] (overarching_msgs) StdoutLine: {'line': b'[  1%] Built target overarching_msgs__rosidl_generator_type_description\n'}
[0.046212] (bt_interfaces_dummy) StdoutLine: {'line': b'[  1%] Built target ament_cmake_python_symlink_bt_interfaces_dummy\n'}
[0.046379] (btcpp_ros2_interfaces) StdoutLine: {'line': b'[  1%] Built target btcpp_ros2_interfaces__rosidl_generator_type_description\n'}
[0.047438] (btcpp_ros2_interfaces) StdoutLine: {'line': b'[  1%] Built target ament_cmake_python_symlink_btcpp_ros2_interfaces\n'}
[0.048209] (behaviortree_cpp_v3) StdoutLine: {'line': b'[  2%] Built target gtest_main\n'}
[0.051946] (behaviortree_cpp_v3) StdoutLine: {'line': b'[  4%] Built target gtest\n'}
[0.053292] (overarching_msgs) StdoutLine: {'line': b'[  1%] Built target ament_cmake_python_symlink_overarching_msgs\n'}
[0.055505] (bt_interfaces_dummy) StdoutLine: {'line': b'[  2%] Built target bt_interfaces_dummy__cpp\n'}
[0.057863] (pyrobosim_msgs) StdoutLine: {'line': b'[  0%] Built target pyrobosim_msgs__rosidl_generator_type_description\n'}
[0.058022] (btcpp_ros2_interfaces) StdoutLine: {'line': b'[  3%] Built target btcpp_ros2_interfaces__cpp\n'}
[0.061048] (overarching_msgs) StdoutLine: {'line': b'[  2%] Built target overarching_msgs__cpp\n'}
[0.061832] (behaviortree_cpp_v3) StdoutLine: {'line': b'[ 38%] Built target behaviortree_cpp_v3\n'}
[0.063139] (bt_interfaces_dummy) StdoutLine: {'line': b'[ 26%] Built target bt_interfaces_dummy__rosidl_generator_c\n'}
[0.063291] (pyrobosim_msgs) StdoutLine: {'line': b'[  0%] Built target ament_cmake_python_symlink_pyrobosim_msgs\n'}
[0.067345] (overarching_msgs) StdoutLine: {'line': b'[ 25%] Built target overarching_msgs__rosidl_generator_c\n'}
[0.067541] (btcpp_ros2_interfaces) StdoutLine: {'line': b'[ 25%] Built target btcpp_ros2_interfaces__rosidl_generator_c\n'}
[0.076519] (pyrobosim_msgs) StdoutLine: {'line': b'[  0%] Built target pyrobosim_msgs__cpp\n'}
[0.086349] (behaviortree_cpp_v3) StdoutLine: {'line': b'[ 40%] Built target dummy_nodes_dyn\n'}
[0.089090] (behaviortree_cpp_v3) StdoutLine: {'line': b'[ 42%] Built target movebase_node_dyn\n'}
[0.089282] (behaviortree_cpp_v3) StdoutLine: {'line': b'[ 46%] Built target bt_sample_nodes\n'}
[0.089409] (bt_interfaces_dummy) StdoutLine: {'line': b'[ 35%] Built target bt_interfaces_dummy__rosidl_typesupport_c\n'}
[0.089512] (bt_interfaces_dummy) StdoutLine: {'line': b'[ 45%] Built target bt_interfaces_dummy__rosidl_typesupport_introspection_c\n'}
[0.089598] (bt_interfaces_dummy) StdoutLine: {'line': b'[ 54%] Built target bt_interfaces_dummy__rosidl_typesupport_fastrtps_c\n'}
[0.089705] (bt_interfaces_dummy) StdoutLine: {'line': b'[ 64%] Built target bt_interfaces_dummy__rosidl_typesupport_fastrtps_cpp\n'}
[0.090124] (btcpp_ros2_interfaces) StdoutLine: {'line': b'[ 34%] Built target btcpp_ros2_interfaces__rosidl_typesupport_cpp\n'}
[0.090263] (behaviortree_cpp_v3) StdoutLine: {'line': b'[ 48%] Built target bt3_log_cat\n'}
[0.091371] (btcpp_ros2_interfaces) StdoutLine: {'line': b'[ 43%] Built target btcpp_ros2_interfaces__rosidl_typesupport_fastrtps_cpp\n'}
[0.092553] (behaviortree_cpp_v3) StdoutLine: {'line': b'[ 50%] Built target crossdoor_nodes_dyn\n'}
[0.093127] (pyrobosim_msgs) StdoutLine: {'line': b'[ 28%] Built target pyrobosim_msgs__rosidl_generator_c\n'}
[0.093368] (bt_interfaces_dummy) StdoutLine: {'line': b'[ 73%] Built target bt_interfaces_dummy__rosidl_typesupport_cpp\n'}
[0.093522] (bt_interfaces_dummy) StdoutLine: {'line': b'[ 83%] Built target bt_interfaces_dummy__rosidl_typesupport_introspection_cpp\n'}
[0.097052] (overarching_msgs) StdoutLine: {'line': b'[ 35%] Built target overarching_msgs__rosidl_typesupport_cpp\n'}
[0.098587] (behaviortree_cpp_v3) StdoutLine: {'line': b'[ 52%] Built target bt3_recorder\n'}
[0.098746] (behaviortree_cpp_v3) StdoutLine: {'line': b'[ 54%] Built target t01_first_tree_dynamic\n'}
[0.099564] (-) TimerEvent: {}
[0.099729] (btcpp_ros2_interfaces) StdoutLine: {'line': b'[ 53%] Built target btcpp_ros2_interfaces__rosidl_typesupport_introspection_cpp\n'}
[0.099994] (behaviortree_cpp_v3) StdoutLine: {'line': b'[ 56%] Built target bt3_plugin_manifest\n'}
[0.103602] (overarching_msgs) StdoutLine: {'line': b'[ 44%] Built target overarching_msgs__rosidl_typesupport_fastrtps_c\n'}
[0.103783] (btcpp_ros2_interfaces) StdoutLine: {'line': b'[ 62%] Built target btcpp_ros2_interfaces__rosidl_typesupport_fastrtps_c\n'}
[0.108627] (overarching_msgs) StdoutLine: {'line': b'[ 54%] Built target overarching_msgs__rosidl_typesupport_c\n'}
[0.110149] (overarching_msgs) StdoutLine: {'line': b'[ 63%] Built target overarching_msgs__rosidl_typesupport_fastrtps_cpp\n'}
[0.111112] (btcpp_ros2_interfaces) StdoutLine: {'line': b'[ 71%] Built target btcpp_ros2_interfaces__rosidl_typesupport_introspection_c\n'}
[0.112512] (behaviortree_cpp_v3) StdoutLine: {'line': b'[ 58%] Built target t01_first_tree_static\n'}
[0.112801] (btcpp_ros2_interfaces) StdoutLine: {'line': b'[ 81%] Built target btcpp_ros2_interfaces__rosidl_typesupport_c\n'}
[0.113935] (overarching_msgs) StdoutLine: {'line': b'[ 72%] Built target overarching_msgs__rosidl_typesupport_introspection_cpp\n'}
[0.114074] (overarching_msgs) StdoutLine: {'line': b'[ 82%] Built target overarching_msgs__rosidl_typesupport_introspection_c\n'}
[0.117879] (bt_interfaces_dummy) StdoutLine: {'line': b'[ 83%] Built target bt_interfaces_dummy\n'}
[0.120896] (behaviortree_cpp_v3) StdoutLine: {'line': b'[ 60%] Built target t02_basic_ports\n'}
[0.122908] (behaviortree_cpp_v3) StdoutLine: {'line': b'[ 62%] Built target t06_subtree_port_remapping\n'}
[0.126478] (behaviortree_cpp_v3) StdoutLine: {'line': b'[ 64%] Built target ex03_ncurses_manual_selector\n'}
[0.126643] (behaviortree_cpp_v3) StdoutLine: {'line': b'[ 67%] Built target t05_crossdoor\n'}
[0.126716] (behaviortree_cpp_v3) StdoutLine: {'line': b'[ 71%] Built target t07_load_multiple_xml\n'}
[0.126771] (behaviortree_cpp_v3) StdoutLine: {'line': b'[ 70%] Built target t03_generic_ports\n'}
[0.129252] (overarching_msgs) StdoutLine: {'line': b'[ 82%] Built target overarching_msgs\n'}
[0.129437] (behaviortree_cpp_v3) StdoutLine: {'line': b'[ 89%] Built target behaviortree_cpp_v3_test\n'}
[0.129506] (behaviortree_cpp_v3) StdoutLine: {'line': b'[ 91%] Built target ex02_runtime_ports\n'}
[0.130275] (behaviortree_cpp_v3) StdoutLine: {'line': b'[ 94%] Built target ex04_waypoints\n'}
[0.131724] (btcpp_ros2_interfaces) StdoutLine: {'line': b'[ 81%] Built target btcpp_ros2_interfaces\n'}
[0.132367] (behaviortree_cpp_v3) StdoutLine: {'line': b'[ 95%] Built target t04_reactive_sequence\n'}
[0.132488] (behaviortree_cpp_v3) StdoutLine: {'line': b'[ 98%] Built target t08_additional_node_args\n'}
[0.132548] (behaviortree_cpp_v3) StdoutLine: {'line': b'[100%] Built target ex01_wrap_legacy\n'}
[0.134575] (pyrobosim_msgs) StdoutLine: {'line': b'[ 38%] Built target pyrobosim_msgs__rosidl_typesupport_introspection_c\n'}
[0.136121] (pyrobosim_msgs) StdoutLine: {'line': b'[ 48%] Built target pyrobosim_msgs__rosidl_typesupport_cpp\n'}
[0.136969] (pyrobosim_msgs) StdoutLine: {'line': b'[ 57%] Built target pyrobosim_msgs__rosidl_typesupport_fastrtps_c\n'}
[0.137376] (bt_interfaces_dummy) StdoutLine: {'line': b'[ 84%] Built target bt_interfaces_dummy__py\n'}
[0.137576] (pyrobosim_msgs) StdoutLine: {'line': b'[ 67%] Built target pyrobosim_msgs__rosidl_typesupport_c\n'}
[0.140068] (pyrobosim_msgs) StdoutLine: {'line': b'[ 77%] Built target pyrobosim_msgs__rosidl_typesupport_fastrtps_cpp\n'}
[0.141054] (pyrobosim_msgs) StdoutLine: {'line': b'[ 87%] Built target pyrobosim_msgs__rosidl_typesupport_introspection_cpp\n'}
[0.144095] (btcpp_ros2_interfaces) StdoutLine: {'line': b'[ 82%] Built target btcpp_ros2_interfaces__py\n'}
[0.145608] (overarching_msgs) StdoutLine: {'line': b'[ 83%] Built target overarching_msgs__py\n'}
[0.152792] (bt_interfaces_dummy) StdoutLine: {'line': b'[ 92%] Built target bt_interfaces_dummy__rosidl_generator_py\n'}
[0.152927] (pyrobosim_msgs) StdoutLine: {'line': b'[ 87%] Built target pyrobosim_msgs\n'}
[0.158698] (btcpp_ros2_interfaces) StdoutLine: {'line': b'[ 90%] Built target btcpp_ros2_interfaces__rosidl_generator_py\n'}
[0.166256] (overarching_msgs) StdoutLine: {'line': b'[ 91%] Built target overarching_msgs__rosidl_generator_py\n'}
[0.166730] (bt_interfaces_dummy) StdoutLine: {'line': b'[ 95%] Built target bt_interfaces_dummy_s__rosidl_typesupport_c\n'}
[0.166937] (pyrobosim_msgs) StdoutLine: {'line': b'[ 87%] Built target pyrobosim_msgs__py\n'}
[0.168659] (bt_interfaces_dummy) StdoutLine: {'line': b'[ 97%] Built target bt_interfaces_dummy_s__rosidl_typesupport_fastrtps_c\n'}
[0.170033] (behaviortree_cpp_v3) CommandEnded: {'returncode': 0}
[0.170271] (bt_interfaces_dummy) StdoutLine: {'line': b'[100%] Built target bt_interfaces_dummy_s__rosidl_typesupport_introspection_c\n'}
[0.170662] (behaviortree_cpp_v3) JobProgress: {'identifier': 'behaviortree_cpp_v3', 'progress': 'install'}
[0.171322] (btcpp_ros2_interfaces) StdoutLine: {'line': b'[ 93%] Built target btcpp_ros2_interfaces_s__rosidl_typesupport_fastrtps_c\n'}
[0.172819] (btcpp_ros2_interfaces) StdoutLine: {'line': b'[ 96%] Built target btcpp_ros2_interfaces_s__rosidl_typesupport_introspection_c\n'}
[0.176824] (btcpp_ros2_interfaces) StdoutLine: {'line': b'[100%] Built target btcpp_ros2_interfaces_s__rosidl_typesupport_c\n'}
[0.177198] (overarching_msgs) StdoutLine: {'line': b'[ 94%] Built target overarching_msgs_s__rosidl_typesupport_fastrtps_c\n'}
[0.177734] (behaviortree_cpp_v3) Command: {'cmd': ['/usr/bin/cmake', '--install', '/convince_ws/build/behaviortree_cpp_v3'], 'cwd': '/convince_ws/build/behaviortree_cpp_v3', 'env': OrderedDict({'PYTHONWARNINGS': 'ignore:setup.py install is deprecated,ignore:easy_install command is deprecated', 'HOSTNAME': '8a792cd6aa65', 'SHLVL': '1', 'LD_LIBRARY_PATH': '/opt/ros/jazzy/opt/zmqpp_vendor/lib:/opt/ros/jazzy/lib/x86_64-linux-gnu:/opt/ros/jazzy/lib', 'HOME': '/root', 'OLDPWD': '/convince_ws', 'ROS_PYTHON_VERSION': '3', 'ROS_DISTRO': 'jazzy', '_': '/usr/bin/colcon', 'ROS_VERSION': '2', 'TERM': 'xterm', 'QT_X11_NO_MITSHM': '1', 'PATH': '/opt/ros/jazzy/bin:/usr/local/sbin:/usr/local/bin:/usr/sbin:/usr/bin:/sbin:/bin', 'DISPLAY': ':1', 'LANG': 'C.UTF-8', 'AMENT_PREFIX_PATH': '/opt/ros/jazzy', 'ROS_WS': '/convince_ws', 'ROS_AUTOMATIC_DISCOVERY_RANGE': 'SUBNET', 'PWD': '/convince_ws/build/behaviortree_cpp_v3', 'LC_ALL': 'C.UTF-8', 'PYTHONPATH': '/opt/ros/jazzy/lib/python3.12/site-packages', 'COLCON': '1', 'CMAKE_PREFIX_PATH': '/opt/ros/jazzy'}), 'shell': False}
[0.178655] (overarching_msgs) StdoutLine: {'line': b'[ 97%] Built target overarching_msgs_s__rosidl_typesupport_c\n'}
[0.180905] (overarching_msgs) StdoutLine: {'line': b'[100%] Built target overarching_msgs_s__rosidl_typesupport_introspection_c\n'}
[0.181417] (behaviortree_cpp_v3) StdoutLine: {'line': b'-- Install configuration: ""\n'}
[0.181647] (behaviortree_cpp_v3) StdoutLine: {'line': b'-- Execute custom install script\n'}
[0.181765] (behaviortree_cpp_v3) StdoutLine: {'line': b'-- Up-to-date symlink: /convince_ws/install/behaviortree_cpp_v3/share/behaviortree_cpp_v3/environment/library_path.sh\n'}
[0.181850] (behaviortree_cpp_v3) StdoutLine: {'line': b'-- Up-to-date symlink: /convince_ws/install/behaviortree_cpp_v3/share/behaviortree_cpp_v3/environment/library_path.dsv\n'}
[0.181935] (behaviortree_cpp_v3) StdoutLine: {'line': b'-- Up-to-date symlink: /convince_ws/install/behaviortree_cpp_v3/share/ament_index/resource_index/package_run_dependencies/behaviortree_cpp_v3\n'}
[0.182019] (behaviortree_cpp_v3) StdoutLine: {'line': b'-- Up-to-date symlink: /convince_ws/install/behaviortree_cpp_v3/share/ament_index/resource_index/parent_prefix_path/behaviortree_cpp_v3\n'}
[0.182102] (behaviortree_cpp_v3) StdoutLine: {'line': b'-- Up-to-date symlink: /convince_ws/install/behaviortree_cpp_v3/share/behaviortree_cpp_v3/environment/ament_prefix_path.sh\n'}
[0.182187] (behaviortree_cpp_v3) StdoutLine: {'line': b'-- Up-to-date symlink: /convince_ws/install/behaviortree_cpp_v3/share/behaviortree_cpp_v3/environment/ament_prefix_path.dsv\n'}
[0.182264] (behaviortree_cpp_v3) StdoutLine: {'line': b'-- Up-to-date symlink: /convince_ws/install/behaviortree_cpp_v3/share/behaviortree_cpp_v3/environment/path.sh\n'}
[0.182359] (behaviortree_cpp_v3) StdoutLine: {'line': b'-- Up-to-date symlink: /convince_ws/install/behaviortree_cpp_v3/share/behaviortree_cpp_v3/environment/path.dsv\n'}
[0.182446] (behaviortree_cpp_v3) StdoutLine: {'line': b'-- Up-to-date symlink: /convince_ws/install/behaviortree_cpp_v3/share/behaviortree_cpp_v3/local_setup.bash\n'}
[0.182540] (behaviortree_cpp_v3) StdoutLine: {'line': b'-- Up-to-date symlink: /convince_ws/install/behaviortree_cpp_v3/share/behaviortree_cpp_v3/local_setup.sh\n'}
[0.182607] (behaviortree_cpp_v3) StdoutLine: {'line': b'-- Up-to-date symlink: /convince_ws/install/behaviortree_cpp_v3/share/behaviortree_cpp_v3/local_setup.zsh\n'}
[0.182672] (behaviortree_cpp_v3) StdoutLine: {'line': b'-- Up-to-date symlink: /convince_ws/install/behaviortree_cpp_v3/share/behaviortree_cpp_v3/local_setup.dsv\n'}
[0.182737] (behaviortree_cpp_v3) StdoutLine: {'line': b'-- Symlinking: /convince_ws/install/behaviortree_cpp_v3/share/behaviortree_cpp_v3/package.dsv\n'}
[0.186626] (behaviortree_cpp_v3) StdoutLine: {'line': b'-- Up-to-date symlink: /convince_ws/install/behaviortree_cpp_v3/share/ament_index/resource_index/packages/behaviortree_cpp_v3\n'}
[0.186723] (behaviortree_cpp_v3) StdoutLine: {'line': b'-- Up-to-date symlink: /convince_ws/install/behaviortree_cpp_v3/share/behaviortree_cpp_v3/cmake/ament_cmake_export_dependencies-extras.cmake\n'}
[0.186841] (bt_interfaces_dummy) StdoutLine: {'line': b'running egg_info\n'}
[0.186934] (behaviortree_cpp_v3) StdoutLine: {'line': b'-- Up-to-date symlink: /convince_ws/install/behaviortree_cpp_v3/share/behaviortree_cpp_v3/cmake/ament_cmake_export_include_directories-extras.cmake\n'}
[0.187020] (behaviortree_cpp_v3) StdoutLine: {'line': b'-- Up-to-date symlink: /convince_ws/install/behaviortree_cpp_v3/share/behaviortree_cpp_v3/cmake/ament_cmake_export_libraries-extras.cmake\n'}
[0.187101] (behaviortree_cpp_v3) StdoutLine: {'line': b'-- Up-to-date symlink: /convince_ws/install/behaviortree_cpp_v3/share/behaviortree_cpp_v3/cmake/ament_cmake_export_targets-extras.cmake\n'}
[0.187183] (behaviortree_cpp_v3) StdoutLine: {'line': b'-- Up-to-date symlink: /convince_ws/install/behaviortree_cpp_v3/share/behaviortree_cpp_v3/cmake/behaviortree_cpp_v3Config.cmake\n'}
[0.187264] (behaviortree_cpp_v3) StdoutLine: {'line': b'-- Up-to-date symlink: /convince_ws/install/behaviortree_cpp_v3/share/behaviortree_cpp_v3/cmake/behaviortree_cpp_v3Config-version.cmake\n'}
[0.187346] (behaviortree_cpp_v3) StdoutLine: {'line': b'-- Up-to-date symlink: /convince_ws/install/behaviortree_cpp_v3/share/behaviortree_cpp_v3/package.xml\n'}
[0.187415] (behaviortree_cpp_v3) StdoutLine: {'line': b'-- Up-to-date symlink: /convince_ws/install/behaviortree_cpp_v3/lib/cmake/behaviortree_cpp_v3/behaviortree_cpp_v3Config.cmake\n'}
[0.187492] (behaviortree_cpp_v3) StdoutLine: {'line': b'-- Up-to-date symlink: /convince_ws/install/behaviortree_cpp_v3/bin/bt3_log_cat\n'}
[0.187585] (behaviortree_cpp_v3) StdoutLine: {'line': b'-- Up-to-date symlink: /convince_ws/install/behaviortree_cpp_v3/bin/bt3_recorder\n'}
[0.187654] (behaviortree_cpp_v3) StdoutLine: {'line': b'-- Up-to-date symlink: /convince_ws/install/behaviortree_cpp_v3/bin/bt3_plugin_manifest\n'}
[0.187782] (behaviortree_cpp_v3) StdoutLine: {'line': b'-- Up-to-date: /convince_ws/install/behaviortree_cpp_v3/share/behaviortree_cpp_v3/cmake/behaviortree_cpp_v3TargetsExport.cmake\n'}
[0.187876] (behaviortree_cpp_v3) StdoutLine: {'line': b'-- Up-to-date: /convince_ws/install/behaviortree_cpp_v3/share/behaviortree_cpp_v3/cmake/behaviortree_cpp_v3TargetsExport-noconfig.cmake\n'}
[0.188000] (behaviortree_cpp_v3) StdoutLine: {'line': b'-- Up-to-date: /convince_ws/install/behaviortree_cpp_v3/include\n'}
[0.188112] (behaviortree_cpp_v3) StdoutLine: {'line': b'-- Up-to-date: /convince_ws/install/behaviortree_cpp_v3/include/behaviortree_cpp_v3\n'}
[0.188248] (behaviortree_cpp_v3) StdoutLine: {'line': b'-- Up-to-date: /convince_ws/install/behaviortree_cpp_v3/include/behaviortree_cpp_v3/actions\n'}
[0.188387] (behaviortree_cpp_v3) StdoutLine: {'line': b'-- Up-to-date: /convince_ws/install/behaviortree_cpp_v3/include/behaviortree_cpp_v3/actions/always_failure_node.h\n'}
[0.188503] (behaviortree_cpp_v3) StdoutLine: {'line': b'-- Up-to-date: /convince_ws/install/behaviortree_cpp_v3/include/behaviortree_cpp_v3/actions/pop_from_queue.hpp\n'}
[0.188567] (behaviortree_cpp_v3) StdoutLine: {'line': b'-- Up-to-date: /convince_ws/install/behaviortree_cpp_v3/include/behaviortree_cpp_v3/actions/always_success_node.h\n'}
[0.188642] (behaviortree_cpp_v3) StdoutLine: {'line': b'-- Up-to-date: /convince_ws/install/behaviortree_cpp_v3/include/behaviortree_cpp_v3/actions/set_blackboard_node.h\n'}
[0.188727] (behaviortree_cpp_v3) StdoutLine: {'line': b'-- Up-to-date: /convince_ws/install/behaviortree_cpp_v3/include/behaviortree_cpp_v3/action_node.h\n'}
[0.188792] (behaviortree_cpp_v3) StdoutLine: {'line': b'-- Up-to-date: /convince_ws/install/behaviortree_cpp_v3/include/behaviortree_cpp_v3/controls\n'}
[0.188857] (behaviortree_cpp_v3) StdoutLine: {'line': b'-- Up-to-date: /convince_ws/install/behaviortree_cpp_v3/include/behaviortree_cpp_v3/controls/parallel_node.h\n'}
[0.188920] (behaviortree_cpp_v3) StdoutLine: {'line': b'-- Up-to-date: /convince_ws/install/behaviortree_cpp_v3/include/behaviortree_cpp_v3/controls/reactive_fallback.h\n'}
[0.188984] (behaviortree_cpp_v3) StdoutLine: {'line': b'-- Up-to-date: /convince_ws/install/behaviortree_cpp_v3/include/behaviortree_cpp_v3/controls/sequence_star_node.h\n'}
[0.189047] (behaviortree_cpp_v3) StdoutLine: {'line': b'-- Up-to-date: /convince_ws/install/behaviortree_cpp_v3/include/behaviortree_cpp_v3/controls/if_then_else_node.h\n'}
[0.189111] (behaviortree_cpp_v3) StdoutLine: {'line': b'-- Up-to-date: /convince_ws/install/behaviortree_cpp_v3/include/behaviortree_cpp_v3/controls/reactive_sequence.h\n'}
[0.189175] (behaviortree_cpp_v3) StdoutLine: {'line': b'-- Up-to-date: /convince_ws/install/behaviortree_cpp_v3/include/behaviortree_cpp_v3/controls/sequence_node.h\n'}
[0.189239] (behaviortree_cpp_v3) StdoutLine: {'line': b'-- Up-to-date: /convince_ws/install/behaviortree_cpp_v3/include/behaviortree_cpp_v3/controls/while_do_else_node.h\n'}
[0.189302] (behaviortree_cpp_v3) StdoutLine: {'line': b'-- Up-to-date: /convince_ws/install/behaviortree_cpp_v3/include/behaviortree_cpp_v3/controls/switch_node.h\n'}
[0.189381] (behaviortree_cpp_v3) StdoutLine: {'line': b'-- Up-to-date: /convince_ws/install/behaviortree_cpp_v3/include/behaviortree_cpp_v3/controls/fallback_node.h\n'}
[0.189447] (behaviortree_cpp_v3) StdoutLine: {'line': b'-- Up-to-date: /convince_ws/install/behaviortree_cpp_v3/include/behaviortree_cpp_v3/controls/manual_node.h\n'}
[0.189511] (behaviortree_cpp_v3) StdoutLine: {'line': b'-- Up-to-date: /convince_ws/install/behaviortree_cpp_v3/include/behaviortree_cpp_v3/basic_types.h\n'}
[0.189575] (behaviortree_cpp_v3) StdoutLine: {'line': b'-- Up-to-date: /convince_ws/install/behaviortree_cpp_v3/include/behaviortree_cpp_v3/control_node.h\n'}
[0.189642] (behaviortree_cpp_v3) StdoutLine: {'line': b'-- Up-to-date: /convince_ws/install/behaviortree_cpp_v3/include/behaviortree_cpp_v3/leaf_node.h\n'}
[0.189748] (behaviortree_cpp_v3) StdoutLine: {'line': b'-- Up-to-date: /convince_ws/install/behaviortree_cpp_v3/include/behaviortree_cpp_v3/decorator_node.h\n'}
[0.189816] (behaviortree_cpp_v3) StdoutLine: {'line': b'-- Up-to-date: /convince_ws/install/behaviortree_cpp_v3/include/behaviortree_cpp_v3/utils\n'}
[0.189883] (behaviortree_cpp_v3) StdoutLine: {'line': b'-- Up-to-date: /convince_ws/install/behaviortree_cpp_v3/include/behaviortree_cpp_v3/utils/make_unique.hpp\n'}
[0.189950] (behaviortree_cpp_v3) StdoutLine: {'line': b'-- Up-to-date: /convince_ws/install/behaviortree_cpp_v3/include/behaviortree_cpp_v3/utils/shared_library.h\n'}
[0.190018] (behaviortree_cpp_v3) StdoutLine: {'line': b'-- Up-to-date: /convince_ws/install/behaviortree_cpp_v3/include/behaviortree_cpp_v3/utils/expected.hpp\n'}
[0.190089] (behaviortree_cpp_v3) StdoutLine: {'line': b'-- Up-to-date: /convince_ws/install/behaviortree_cpp_v3/include/behaviortree_cpp_v3/utils/simple_string.hpp\n'}
[0.190158] (behaviortree_cpp_v3) StdoutLine: {'line': b'-- Up-to-date: /convince_ws/install/behaviortree_cpp_v3/include/behaviortree_cpp_v3/utils/strcat.hpp\n'}
[0.190226] (behaviortree_cpp_v3) StdoutLine: {'line': b'-- Up-to-date: /convince_ws/install/behaviortree_cpp_v3/include/behaviortree_cpp_v3/utils/any.hpp\n'}
[0.190294] (behaviortree_cpp_v3) StdoutLine: {'line': b'-- Up-to-date: /convince_ws/install/behaviortree_cpp_v3/include/behaviortree_cpp_v3/utils/string_view.hpp\n'}
[0.190464] (behaviortree_cpp_v3) StdoutLine: {'line': b'-- Up-to-date: /convince_ws/install/behaviortree_cpp_v3/include/behaviortree_cpp_v3/utils/platform.hpp\n'}
[0.190651] (behaviortree_cpp_v3) StdoutLine: {'line': b'-- Up-to-date: /convince_ws/install/behaviortree_cpp_v3/include/behaviortree_cpp_v3/utils/signal.h\n'}
[0.190718] (behaviortree_cpp_v3) StdoutLine: {'line': b'-- Up-to-date: /convince_ws/install/behaviortree_cpp_v3/include/behaviortree_cpp_v3/utils/safe_any.hpp\n'}
[0.190823] (behaviortree_cpp_v3) StdoutLine: {'line': b'-- Up-to-date: /convince_ws/install/behaviortree_cpp_v3/include/behaviortree_cpp_v3/utils/wakeup_signal.hpp\n'}
[0.190892] (behaviortree_cpp_v3) StdoutLine: {'line': b'-- Up-to-date: /convince_ws/install/behaviortree_cpp_v3/include/behaviortree_cpp_v3/utils/demangle_util.h\n'}
[0.190980] (behaviortree_cpp_v3) StdoutLine: {'line': b'-- Up-to-date: /convince_ws/install/behaviortree_cpp_v3/include/behaviortree_cpp_v3/utils/convert_impl.hpp\n'}
[0.191079] (behaviortree_cpp_v3) StdoutLine: {'line': b'-- Up-to-date: /convince_ws/install/behaviortree_cpp_v3/include/behaviortree_cpp_v3/xml_parsing.h\n'}
[0.191147] (behaviortree_cpp_v3) StdoutLine: {'line': b'-- Up-to-date: /convince_ws/install/behaviortree_cpp_v3/include/behaviortree_cpp_v3/bt_parser.h\n'}
[0.191471] (behaviortree_cpp_v3) StdoutLine: {'line': b'-- Up-to-date: /convince_ws/install/behaviortree_cpp_v3/include/behaviortree_cpp_v3/flatbuffers\n'}
[0.191565] (behaviortree_cpp_v3) StdoutLine: {'line': b'-- Up-to-date: /convince_ws/install/behaviortree_cpp_v3/include/behaviortree_cpp_v3/flatbuffers/stl_emulation.h\n'}
[0.191633] (behaviortree_cpp_v3) StdoutLine: {'line': b'-- Up-to-date: /convince_ws/install/behaviortree_cpp_v3/include/behaviortree_cpp_v3/flatbuffers/flatbuffers.h\n'}
[0.191711] (behaviortree_cpp_v3) StdoutLine: {'line': b'-- Up-to-date: /convince_ws/install/behaviortree_cpp_v3/include/behaviortree_cpp_v3/flatbuffers/base.h\n'}
[0.191779] (behaviortree_cpp_v3) StdoutLine: {'line': b'-- Up-to-date: /convince_ws/install/behaviortree_cpp_v3/include/behaviortree_cpp_v3/flatbuffers/BT_logger_generated.h\n'}
[0.191845] (behaviortree_cpp_v3) StdoutLine: {'line': b'-- Up-to-date: /convince_ws/install/behaviortree_cpp_v3/include/behaviortree_cpp_v3/flatbuffers/bt_flatbuffer_helper.h\n'}
[0.191912] (behaviortree_cpp_v3) StdoutLine: {'line': b'-- Up-to-date: /convince_ws/install/behaviortree_cpp_v3/include/behaviortree_cpp_v3/tree_node.h\n'}
[0.191978] (behaviortree_cpp_v3) StdoutLine: {'line': b'-- Up-to-date: /convince_ws/install/behaviortree_cpp_v3/include/behaviortree_cpp_v3/blackboard.h\n'}
[0.192044] (behaviortree_cpp_v3) StdoutLine: {'line': b'-- Up-to-date: /convince_ws/install/behaviortree_cpp_v3/include/behaviortree_cpp_v3/bt_factory.h\n'}
[0.192109] (behaviortree_cpp_v3) StdoutLine: {'line': b'-- Up-to-date: /convince_ws/install/behaviortree_cpp_v3/include/behaviortree_cpp_v3/behavior_tree.h\n'}
[0.192175] (behaviortree_cpp_v3) StdoutLine: {'line': b'-- Up-to-date: /convince_ws/install/behaviortree_cpp_v3/include/behaviortree_cpp_v3/loggers\n'}
[0.192252] (behaviortree_cpp_v3) StdoutLine: {'line': b'-- Up-to-date: /convince_ws/install/behaviortree_cpp_v3/include/behaviortree_cpp_v3/loggers/abstract_logger.h\n'}
[0.192477] (behaviortree_cpp_v3) StdoutLine: {'line': b'-- Up-to-date: /convince_ws/install/behaviortree_cpp_v3/include/behaviortree_cpp_v3/loggers/bt_file_logger.h\n'}
[0.192619] (behaviortree_cpp_v3) StdoutLine: {'line': b'-- Up-to-date: /convince_ws/install/behaviortree_cpp_v3/include/behaviortree_cpp_v3/loggers/bt_minitrace_logger.h\n'}
[0.192706] (behaviortree_cpp_v3) StdoutLine: {'line': b'-- Up-to-date: /convince_ws/install/behaviortree_cpp_v3/include/behaviortree_cpp_v3/loggers/bt_cout_logger.h\n'}
[0.192824] (behaviortree_cpp_v3) StdoutLine: {'line': b'-- Up-to-date: /convince_ws/install/behaviortree_cpp_v3/include/behaviortree_cpp_v3/loggers/bt_zmq_publisher.h\n'}
[0.192962] (behaviortree_cpp_v3) StdoutLine: {'line': b'-- Up-to-date: /convince_ws/install/behaviortree_cpp_v3/include/behaviortree_cpp_v3/decorators\n'}
[0.193035] (behaviortree_cpp_v3) StdoutLine: {'line': b'-- Up-to-date: /convince_ws/install/behaviortree_cpp_v3/include/behaviortree_cpp_v3/decorators/repeat_node.h\n'}
[0.193116] (behaviortree_cpp_v3) StdoutLine: {'line': b'-- Up-to-date: /convince_ws/install/behaviortree_cpp_v3/include/behaviortree_cpp_v3/decorators/retry_node.h\n'}
[0.193211] (behaviortree_cpp_v3) StdoutLine: {'line': b'-- Up-to-date: /convince_ws/install/behaviortree_cpp_v3/include/behaviortree_cpp_v3/decorators/inverter_node.h\n'}
[0.193289] (behaviortree_cpp_v3) StdoutLine: {'line': b'-- Up-to-date: /convince_ws/install/behaviortree_cpp_v3/include/behaviortree_cpp_v3/decorators/blackboard_precondition.h\n'}
[0.193529] (behaviortree_cpp_v3) StdoutLine: {'line': b'-- Up-to-date: /convince_ws/install/behaviortree_cpp_v3/include/behaviortree_cpp_v3/decorators/timeout_node.h\n'}
[0.193600] (behaviortree_cpp_v3) StdoutLine: {'line': b'-- Up-to-date: /convince_ws/install/behaviortree_cpp_v3/include/behaviortree_cpp_v3/decorators/subtree_node.h\n'}
[0.193793] (behaviortree_cpp_v3) StdoutLine: {'line': b'-- Up-to-date: /convince_ws/install/behaviortree_cpp_v3/include/behaviortree_cpp_v3/decorators/consume_queue.h\n'}
[0.193892] (behaviortree_cpp_v3) StdoutLine: {'line': b'-- Up-to-date: /convince_ws/install/behaviortree_cpp_v3/include/behaviortree_cpp_v3/decorators/keep_running_until_failure_node.h\n'}
[0.193962] (behaviortree_cpp_v3) StdoutLine: {'line': b'-- Up-to-date: /convince_ws/install/behaviortree_cpp_v3/include/behaviortree_cpp_v3/decorators/timer_queue.h\n'}
[0.194142] (behaviortree_cpp_v3) StdoutLine: {'line': b'-- Up-to-date: /convince_ws/install/behaviortree_cpp_v3/include/behaviortree_cpp_v3/decorators/force_failure_node.h\n'}
[0.194257] (behaviortree_cpp_v3) StdoutLine: {'line': b'-- Up-to-date: /convince_ws/install/behaviortree_cpp_v3/include/behaviortree_cpp_v3/decorators/force_success_node.h\n'}
[0.194391] (behaviortree_cpp_v3) StdoutLine: {'line': b'-- Up-to-date: /convince_ws/install/behaviortree_cpp_v3/include/behaviortree_cpp_v3/decorators/delay_node.h\n'}
[0.194485] (behaviortree_cpp_v3) StdoutLine: {'line': b'-- Up-to-date: /convince_ws/install/behaviortree_cpp_v3/include/behaviortree_cpp_v3/exceptions.h\n'}
[0.194623] (behaviortree_cpp_v3) StdoutLine: {'line': b'-- Up-to-date: /convince_ws/install/behaviortree_cpp_v3/include/behaviortree_cpp_v3/condition_node.h\n'}
[0.194703] (behaviortree_cpp_v3) StdoutLine: {'line': b'-- Up-to-date: /convince_ws/install/behaviortree_cpp_v3/lib/libbehaviortree_cpp_v3.so\n'}
[0.194779] (behaviortree_cpp_v3) StdoutLine: {'line': b'-- Up-to-date: /convince_ws/install/behaviortree_cpp_v3/lib/cmake/behaviortree_cpp_v3/behaviortree_cpp_v3Targets.cmake\n'}
[0.194855] (behaviortree_cpp_v3) StdoutLine: {'line': b'-- Up-to-date: /convince_ws/install/behaviortree_cpp_v3/lib/cmake/behaviortree_cpp_v3/behaviortree_cpp_v3Targets-noconfig.cmake\n'}
[0.194934] (pyrobosim_msgs) StdoutLine: {'line': b'running egg_info\n'}
[0.195121] (behaviortree_cpp_v3) CommandEnded: {'returncode': 0}
[0.195313] (overarching_msgs) StdoutLine: {'line': b'running egg_info\n'}
[0.195416] (bt_interfaces_dummy) StdoutLine: {'line': b'writing bt_interfaces_dummy.egg-info/PKG-INFO\n'}
[0.195550] (pyrobosim_msgs) StdoutLine: {'line': b'[ 97%] Built target pyrobosim_msgs__rosidl_generator_py\n'}
[0.195641] (bt_interfaces_dummy) StdoutLine: {'line': b'writing dependency_links to bt_interfaces_dummy.egg-info/dependency_links.txt\n'}
[0.195832] (bt_interfaces_dummy) StdoutLine: {'line': b'writing top-level names to bt_interfaces_dummy.egg-info/top_level.txt\n'}
[0.197370] (pyrobosim_msgs) StdoutLine: {'line': b'writing pyrobosim_msgs.egg-info/PKG-INFO\n'}
[0.197632] (pyrobosim_msgs) StdoutLine: {'line': b'writing dependency_links to pyrobosim_msgs.egg-info/dependency_links.txt\n'}
[0.197743] (pyrobosim_msgs) StdoutLine: {'line': b'writing top-level names to pyrobosim_msgs.egg-info/top_level.txt\n'}
[0.199764] (-) TimerEvent: {}
[0.200070] (overarching_msgs) StdoutLine: {'line': b'writing overarching_msgs.egg-info/PKG-INFO\n'}
[0.200255] (overarching_msgs) StdoutLine: {'line': b'writing dependency_links to overarching_msgs.egg-info/dependency_links.txt\n'}
[0.200570] (overarching_msgs) StdoutLine: {'line': b'writing top-level names to overarching_msgs.egg-info/top_level.txt\n'}
[0.207048] (btcpp_ros2_interfaces) StdoutLine: {'line': b'running egg_info\n'}
[0.211658] (pyrobosim_msgs) StdoutLine: {'line': b'[ 98%] Built target pyrobosim_msgs_s__rosidl_typesupport_c\n'}
[0.213557] (bt_interfaces_dummy) StdoutLine: {'line': b"reading manifest file 'bt_interfaces_dummy.egg-info/SOURCES.txt'\n"}
[0.213860] (pyrobosim_msgs) StdoutLine: {'line': b'[100%] Built target pyrobosim_msgs_s__rosidl_typesupport_fastrtps_c\n'}
[0.214005] (pyrobosim_msgs) StdoutLine: {'line': b'[100%] Built target pyrobosim_msgs_s__rosidl_typesupport_introspection_c\n'}
[0.214180] (bt_interfaces_dummy) StdoutLine: {'line': b"writing manifest file 'bt_interfaces_dummy.egg-info/SOURCES.txt'\n"}
[0.214921] (btcpp_ros2_interfaces) StdoutLine: {'line': b'writing btcpp_ros2_interfaces.egg-info/PKG-INFO\n'}
[0.215032] (btcpp_ros2_interfaces) StdoutLine: {'line': b'writing dependency_links to btcpp_ros2_interfaces.egg-info/dependency_links.txt\n'}
[0.215363] (btcpp_ros2_interfaces) StdoutLine: {'line': b'writing top-level names to btcpp_ros2_interfaces.egg-info/top_level.txt\n'}
[0.217768] (pyrobosim_msgs) StdoutLine: {'line': b"reading manifest file 'pyrobosim_msgs.egg-info/SOURCES.txt'\n"}
[0.218350] (pyrobosim_msgs) StdoutLine: {'line': b"writing manifest file 'pyrobosim_msgs.egg-info/SOURCES.txt'\n"}
[0.219386] (behaviortree_cpp_v3) JobEnded: {'identifier': 'behaviortree_cpp_v3', 'rc': 0}
[0.220348] (overarching_msgs) StdoutLine: {'line': b"reading manifest file 'overarching_msgs.egg-info/SOURCES.txt'\n"}
[0.220740] (overarching_msgs) StdoutLine: {'line': b"writing manifest file 'overarching_msgs.egg-info/SOURCES.txt'\n"}
[0.230985] (bt_interfaces_dummy) StdoutLine: {'line': b'[100%] Built target ament_cmake_python_build_bt_interfaces_dummy_egg\n'}
[0.234831] (btcpp_ros2_interfaces) StdoutLine: {'line': b"reading manifest file 'btcpp_ros2_interfaces.egg-info/SOURCES.txt'\n"}
[0.235210] (btcpp_ros2_interfaces) StdoutLine: {'line': b"writing manifest file 'btcpp_ros2_interfaces.egg-info/SOURCES.txt'\n"}
[0.236168] (overarching_msgs) StdoutLine: {'line': b'[100%] Built target ament_cmake_python_build_overarching_msgs_egg\n'}
[0.236607] (pyrobosim_msgs) StdoutLine: {'line': b'[100%] Built target ament_cmake_python_build_pyrobosim_msgs_egg\n'}
[0.240443] (bt_interfaces_dummy) CommandEnded: {'returncode': 0}
[0.240899] (bt_interfaces_dummy) JobProgress: {'identifier': 'bt_interfaces_dummy', 'progress': 'install'}
[0.241083] (bt_interfaces_dummy) Command: {'cmd': ['/usr/bin/cmake', '--install', '/convince_ws/build/bt_interfaces_dummy'], 'cwd': '/convince_ws/build/bt_interfaces_dummy', 'env': OrderedDict({'PYTHONWARNINGS': 'ignore:setup.py install is deprecated,ignore:easy_install command is deprecated', 'HOSTNAME': '8a792cd6aa65', 'SHLVL': '1', 'LD_LIBRARY_PATH': '/opt/ros/jazzy/opt/zmqpp_vendor/lib:/opt/ros/jazzy/lib/x86_64-linux-gnu:/opt/ros/jazzy/lib', 'HOME': '/root', 'OLDPWD': '/convince_ws', 'ROS_PYTHON_VERSION': '3', 'ROS_DISTRO': 'jazzy', '_': '/usr/bin/colcon', 'ROS_VERSION': '2', 'TERM': 'xterm', 'QT_X11_NO_MITSHM': '1', 'PATH': '/opt/ros/jazzy/bin:/usr/local/sbin:/usr/local/bin:/usr/sbin:/usr/bin:/sbin:/bin', 'DISPLAY': ':1', 'LANG': 'C.UTF-8', 'AMENT_PREFIX_PATH': '/opt/ros/jazzy', 'ROS_WS': '/convince_ws', 'ROS_AUTOMATIC_DISCOVERY_RANGE': 'SUBNET', 'PWD': '/convince_ws/build/bt_interfaces_dummy', 'LC_ALL': 'C.UTF-8', 'PYTHONPATH': '/opt/ros/jazzy/lib/python3.12/site-packages', 'COLCON': '1', 'CMAKE_PREFIX_PATH': '/opt/ros/jazzy'}), 'shell': False}
[0.242780] (overarching_msgs) CommandEnded: {'returncode': 0}
[0.243231] (overarching_msgs) JobProgress: {'identifier': 'overarching_msgs', 'progress': 'install'}
[0.243403] (overarching_msgs) Command: {'cmd': ['/usr/bin/cmake', '--install', '/convince_ws/build/overarching_msgs'], 'cwd': '/convince_ws/build/overarching_msgs', 'env': OrderedDict({'PYTHONWARNINGS': 'ignore:setup.py install is deprecated,ignore:easy_install command is deprecated', 'HOSTNAME': '8a792cd6aa65', 'SHLVL': '1', 'LD_LIBRARY_PATH': '/opt/ros/jazzy/opt/zmqpp_vendor/lib:/opt/ros/jazzy/lib/x86_64-linux-gnu:/opt/ros/jazzy/lib', 'HOME': '/root', 'OLDPWD': '/convince_ws', 'ROS_PYTHON_VERSION': '3', 'ROS_DISTRO': 'jazzy', '_': '/usr/bin/colcon', 'ROS_VERSION': '2', 'TERM': 'xterm', 'QT_X11_NO_MITSHM': '1', 'PATH': '/opt/ros/jazzy/bin:/usr/local/sbin:/usr/local/bin:/usr/sbin:/usr/bin:/sbin:/bin', 'DISPLAY': ':1', 'LANG': 'C.UTF-8', 'AMENT_PREFIX_PATH': '/opt/ros/jazzy', 'ROS_WS': '/convince_ws', 'ROS_AUTOMATIC_DISCOVERY_RANGE': 'SUBNET', 'PWD': '/convince_ws/build/overarching_msgs', 'LC_ALL': 'C.UTF-8', 'PYTHONPATH': '/opt/ros/jazzy/lib/python3.12/site-packages', 'COLCON': '1', 'CMAKE_PREFIX_PATH': '/opt/ros/jazzy'}), 'shell': False}
[0.244515] (pyrobosim_msgs) CommandEnded: {'returncode': 0}
[0.244978] (pyrobosim_msgs) JobProgress: {'identifier': 'pyrobosim_msgs', 'progress': 'install'}
[0.245162] (pyrobosim_msgs) Command: {'cmd': ['/usr/bin/cmake', '--install', '/convince_ws/build/pyrobosim_msgs'], 'cwd': '/convince_ws/build/pyrobosim_msgs', 'env': OrderedDict({'PYTHONWARNINGS': 'ignore:setup.py install is deprecated,ignore:easy_install command is deprecated', 'HOSTNAME': '8a792cd6aa65', 'SHLVL': '1', 'LD_LIBRARY_PATH': '/opt/ros/jazzy/opt/zmqpp_vendor/lib:/opt/ros/jazzy/lib/x86_64-linux-gnu:/opt/ros/jazzy/lib', 'HOME': '/root', 'OLDPWD': '/convince_ws', 'ROS_PYTHON_VERSION': '3', 'ROS_DISTRO': 'jazzy', '_': '/usr/bin/colcon', 'ROS_VERSION': '2', 'TERM': 'xterm', 'QT_X11_NO_MITSHM': '1', 'PATH': '/opt/ros/jazzy/bin:/usr/local/sbin:/usr/local/bin:/usr/sbin:/usr/bin:/sbin:/bin', 'DISPLAY': ':1', 'LANG': 'C.UTF-8', 'AMENT_PREFIX_PATH': '/opt/ros/jazzy', 'ROS_WS': '/convince_ws', 'ROS_AUTOMATIC_DISCOVERY_RANGE': 'SUBNET', 'PWD': '/convince_ws/build/pyrobosim_msgs', 'LC_ALL': 'C.UTF-8', 'PYTHONPATH': '/opt/ros/jazzy/lib/python3.12/site-packages', 'COLCON': '1', 'CMAKE_PREFIX_PATH': '/opt/ros/jazzy'}), 'shell': False}
[0.247133] (bt_interfaces_dummy) StdoutLine: {'line': b'-- Install configuration: ""\n'}
[0.247498] (bt_interfaces_dummy) StdoutLine: {'line': b'-- Execute custom install script\n'}
[0.247621] (bt_interfaces_dummy) StdoutLine: {'line': b'-- Up-to-date symlink: /convince_ws/install/bt_interfaces_dummy/share/ament_index/resource_index/rosidl_interfaces/bt_interfaces_dummy\n'}
[0.247712] (bt_interfaces_dummy) StdoutLine: {'line': b'-- Up-to-date symlink: /convince_ws/install/bt_interfaces_dummy/share/bt_interfaces_dummy/srv/TickAction.json\n'}
[0.247799] (bt_interfaces_dummy) StdoutLine: {'line': b'-- Up-to-date symlink: /convince_ws/install/bt_interfaces_dummy/share/bt_interfaces_dummy/msg/ActionResponse.json\n'}
[0.247883] (bt_interfaces_dummy) StdoutLine: {'line': b'-- Up-to-date symlink: /convince_ws/install/bt_interfaces_dummy/share/bt_interfaces_dummy/msg/ConditionResponse.json\n'}
[0.248051] (bt_interfaces_dummy) StdoutLine: {'line': b'-- Up-to-date symlink: /convince_ws/install/bt_interfaces_dummy/share/bt_interfaces_dummy/srv/HaltAction.json\n'}
[0.248125] (bt_interfaces_dummy) StdoutLine: {'line': b'-- Up-to-date symlink: /convince_ws/install/bt_interfaces_dummy/share/bt_interfaces_dummy/srv/TickCondition.json\n'}
[0.248192] (bt_interfaces_dummy) StdoutLine: {'line': b'-- Up-to-date symlink: /convince_ws/install/bt_interfaces_dummy/share/bt_interfaces_dummy/srv/ReloadTree.json\n'}
[0.248478] (bt_interfaces_dummy) StdoutLine: {'line': b'-- Up-to-date symlink: /convince_ws/install/bt_interfaces_dummy/include/bt_interfaces_dummy/bt_interfaces_dummy/msg/action_response.h\n'}
[0.248603] (bt_interfaces_dummy) StdoutLine: {'line': b'-- Up-to-date symlink: /convince_ws/install/bt_interfaces_dummy/include/bt_interfaces_dummy/bt_interfaces_dummy/msg/condition_response.h\n'}
[0.248676] (bt_interfaces_dummy) StdoutLine: {'line': b'-- Up-to-date symlink: /convince_ws/install/bt_interfaces_dummy/include/bt_interfaces_dummy/bt_interfaces_dummy/msg/detail/action_response__functions.h\n'}
[0.248775] (bt_interfaces_dummy) StdoutLine: {'line': b'-- Up-to-date symlink: /convince_ws/install/bt_interfaces_dummy/include/bt_interfaces_dummy/bt_interfaces_dummy/msg/detail/action_response__struct.h\n'}
[0.248938] (bt_interfaces_dummy) StdoutLine: {'line': b'-- Up-to-date symlink: /convince_ws/install/bt_interfaces_dummy/include/bt_interfaces_dummy/bt_interfaces_dummy/msg/detail/action_response__type_support.h\n'}
[0.249050] (bt_interfaces_dummy) StdoutLine: {'line': b'-- Up-to-date symlink: /convince_ws/install/bt_interfaces_dummy/include/bt_interfaces_dummy/bt_interfaces_dummy/msg/detail/condition_response__functions.h\n'}
[0.249129] (bt_interfaces_dummy) StdoutLine: {'line': b'-- Up-to-date symlink: /convince_ws/install/bt_interfaces_dummy/include/bt_interfaces_dummy/bt_interfaces_dummy/msg/detail/condition_response__struct.h\n'}
[0.249245] (bt_interfaces_dummy) StdoutLine: {'line': b'-- Up-to-date symlink: /convince_ws/install/bt_interfaces_dummy/include/bt_interfaces_dummy/bt_interfaces_dummy/msg/detail/condition_response__type_support.h\n'}
[0.249349] (bt_interfaces_dummy) StdoutLine: {'line': b'-- Up-to-date symlink: /convince_ws/install/bt_interfaces_dummy/include/bt_interfaces_dummy/bt_interfaces_dummy/msg/rosidl_generator_c__visibility_control.h\n'}
[0.249458] (bt_interfaces_dummy) StdoutLine: {'line': b'-- Up-to-date symlink: /convince_ws/install/bt_interfaces_dummy/include/bt_interfaces_dummy/bt_interfaces_dummy/srv/detail/halt_action__functions.h\n'}
[0.249540] (bt_interfaces_dummy) StdoutLine: {'line': b'-- Up-to-date symlink: /convince_ws/install/bt_interfaces_dummy/include/bt_interfaces_dummy/bt_interfaces_dummy/srv/detail/halt_action__struct.h\n'}
[0.249696] (bt_interfaces_dummy) StdoutLine: {'line': b'-- Up-to-date symlink: /convince_ws/install/bt_interfaces_dummy/include/bt_interfaces_dummy/bt_interfaces_dummy/srv/detail/halt_action__type_support.h\n'}
[0.249798] (bt_interfaces_dummy) StdoutLine: {'line': b'-- Up-to-date symlink: /convince_ws/install/bt_interfaces_dummy/include/bt_interfaces_dummy/bt_interfaces_dummy/srv/detail/reload_tree__functions.h\n'}
[0.249871] (bt_interfaces_dummy) StdoutLine: {'line': b'-- Up-to-date symlink: /convince_ws/install/bt_interfaces_dummy/include/bt_interfaces_dummy/bt_interfaces_dummy/srv/detail/reload_tree__struct.h\n'}
[0.249941] (bt_interfaces_dummy) StdoutLine: {'line': b'-- Up-to-date symlink: /convince_ws/install/bt_interfaces_dummy/include/bt_interfaces_dummy/bt_interfaces_dummy/srv/detail/reload_tree__type_support.h\n'}
[0.250013] (bt_interfaces_dummy) StdoutLine: {'line': b'-- Up-to-date symlink: /convince_ws/install/bt_interfaces_dummy/include/bt_interfaces_dummy/bt_interfaces_dummy/srv/detail/tick_action__functions.h\n'}
[0.250084] (bt_interfaces_dummy) StdoutLine: {'line': b'-- Up-to-date symlink: /convince_ws/install/bt_interfaces_dummy/include/bt_interfaces_dummy/bt_interfaces_dummy/srv/detail/tick_action__struct.h\n'}
[0.250154] (bt_interfaces_dummy) StdoutLine: {'line': b'-- Up-to-date symlink: /convince_ws/install/bt_interfaces_dummy/include/bt_interfaces_dummy/bt_interfaces_dummy/srv/detail/tick_action__type_support.h\n'}
[0.250224] (bt_interfaces_dummy) StdoutLine: {'line': b'-- Up-to-date symlink: /convince_ws/install/bt_interfaces_dummy/include/bt_interfaces_dummy/bt_interfaces_dummy/srv/detail/tick_condition__functions.h\n'}
[0.250292] (bt_interfaces_dummy) StdoutLine: {'line': b'-- Up-to-date symlink: /convince_ws/install/bt_interfaces_dummy/include/bt_interfaces_dummy/bt_interfaces_dummy/srv/detail/tick_condition__struct.h\n'}
[0.250422] (bt_interfaces_dummy) StdoutLine: {'line': b'-- Up-to-date symlink: /convince_ws/install/bt_interfaces_dummy/include/bt_interfaces_dummy/bt_interfaces_dummy/srv/detail/tick_condition__type_support.h\n'}
[0.250492] (bt_interfaces_dummy) StdoutLine: {'line': b'-- Up-to-date symlink: /convince_ws/install/bt_interfaces_dummy/include/bt_interfaces_dummy/bt_interfaces_dummy/srv/halt_action.h\n'}
[0.250558] (bt_interfaces_dummy) StdoutLine: {'line': b'-- Up-to-date symlink: /convince_ws/install/bt_interfaces_dummy/include/bt_interfaces_dummy/bt_interfaces_dummy/srv/reload_tree.h\n'}
[0.250658] (bt_interfaces_dummy) StdoutLine: {'line': b'-- Up-to-date symlink: /convince_ws/install/bt_interfaces_dummy/include/bt_interfaces_dummy/bt_interfaces_dummy/srv/tick_action.h\n'}
[0.250732] (bt_interfaces_dummy) StdoutLine: {'line': b'-- Up-to-date symlink: /convince_ws/install/bt_interfaces_dummy/include/bt_interfaces_dummy/bt_interfaces_dummy/srv/tick_condition.h\n'}
[0.250830] (bt_interfaces_dummy) StdoutLine: {'line': b'-- Up-to-date symlink: /convince_ws/install/bt_interfaces_dummy/share/bt_interfaces_dummy/environment/library_path.sh\n'}
[0.250916] (bt_interfaces_dummy) StdoutLine: {'line': b'-- Up-to-date symlink: /convince_ws/install/bt_interfaces_dummy/share/bt_interfaces_dummy/environment/library_path.dsv\n'}
[0.250983] (overarching_msgs) StdoutLine: {'line': b'-- Install configuration: ""\n'}
[0.251065] (bt_interfaces_dummy) StdoutLine: {'line': b'-- Up-to-date symlink: /convince_ws/install/bt_interfaces_dummy/include/bt_interfaces_dummy/bt_interfaces_dummy/msg/detail/action_response__rosidl_typesupport_fastrtps_c.h\n'}
[0.251136] (bt_interfaces_dummy) StdoutLine: {'line': b'-- Up-to-date symlink: /convince_ws/install/bt_interfaces_dummy/include/bt_interfaces_dummy/bt_interfaces_dummy/msg/detail/condition_response__rosidl_typesupport_fastrtps_c.h\n'}
[0.251207] (bt_interfaces_dummy) StdoutLine: {'line': b'-- Up-to-date symlink: /convince_ws/install/bt_interfaces_dummy/include/bt_interfaces_dummy/bt_interfaces_dummy/msg/rosidl_typesupport_fastrtps_c__visibility_control.h\n'}
[0.251324] (bt_interfaces_dummy) StdoutLine: {'line': b'-- Up-to-date symlink: /convince_ws/install/bt_interfaces_dummy/include/bt_interfaces_dummy/bt_interfaces_dummy/srv/detail/halt_action__rosidl_typesupport_fastrtps_c.h\n'}
[0.251433] (bt_interfaces_dummy) StdoutLine: {'line': b'-- Up-to-date symlink: /convince_ws/install/bt_interfaces_dummy/include/bt_interfaces_dummy/bt_interfaces_dummy/srv/detail/reload_tree__rosidl_typesupport_fastrtps_c.h\n'}
[0.251535] (bt_interfaces_dummy) StdoutLine: {'line': b'-- Up-to-date symlink: /convince_ws/install/bt_interfaces_dummy/include/bt_interfaces_dummy/bt_interfaces_dummy/srv/detail/tick_action__rosidl_typesupport_fastrtps_c.h\n'}
[0.251649] (bt_interfaces_dummy) StdoutLine: {'line': b'-- Up-to-date symlink: /convince_ws/install/bt_interfaces_dummy/include/bt_interfaces_dummy/bt_interfaces_dummy/srv/detail/tick_condition__rosidl_typesupport_fastrtps_c.h\n'}
[0.251759] (bt_interfaces_dummy) StdoutLine: {'line': b'-- Up-to-date symlink: /convince_ws/install/bt_interfaces_dummy/include/bt_interfaces_dummy/bt_interfaces_dummy/msg/detail/action_response__rosidl_typesupport_introspection_c.h\n'}
[0.251845] (bt_interfaces_dummy) StdoutLine: {'line': b'-- Up-to-date symlink: /convince_ws/install/bt_interfaces_dummy/include/bt_interfaces_dummy/bt_interfaces_dummy/msg/detail/condition_response__rosidl_typesupport_introspection_c.h\n'}
[0.251919] (overarching_msgs) StdoutLine: {'line': b'-- Execute custom install script\n'}
[0.252021] (bt_interfaces_dummy) StdoutLine: {'line': b'-- Up-to-date symlink: /convince_ws/install/bt_interfaces_dummy/include/bt_interfaces_dummy/bt_interfaces_dummy/msg/rosidl_typesupport_introspection_c__visibility_control.h\n'}
[0.252127] (bt_interfaces_dummy) StdoutLine: {'line': b'-- Up-to-date symlink: /convince_ws/install/bt_interfaces_dummy/include/bt_interfaces_dummy/bt_interfaces_dummy/srv/detail/halt_action__rosidl_typesupport_introspection_c.h\n'}
[0.252245] (bt_interfaces_dummy) StdoutLine: {'line': b'-- Up-to-date symlink: /convince_ws/install/bt_interfaces_dummy/include/bt_interfaces_dummy/bt_interfaces_dummy/srv/detail/reload_tree__rosidl_typesupport_introspection_c.h\n'}
[0.252482] (bt_interfaces_dummy) StdoutLine: {'line': b'-- Up-to-date symlink: /convince_ws/install/bt_interfaces_dummy/include/bt_interfaces_dummy/bt_interfaces_dummy/srv/detail/tick_action__rosidl_typesupport_introspection_c.h\n'}
[0.252678] (bt_interfaces_dummy) StdoutLine: {'line': b'-- Up-to-date symlink: /convince_ws/install/bt_interfaces_dummy/include/bt_interfaces_dummy/bt_interfaces_dummy/srv/detail/tick_condition__rosidl_typesupport_introspection_c.h\n'}
[0.252784] (overarching_msgs) StdoutLine: {'line': b'-- Up-to-date symlink: /convince_ws/install/overarching_msgs/share/ament_index/resource_index/rosidl_interfaces/overarching_msgs\n'}
[0.252871] (overarching_msgs) StdoutLine: {'line': b'-- Up-to-date symlink: /convince_ws/install/overarching_msgs/share/overarching_msgs/msg/Location.json\n'}
[0.253010] (overarching_msgs) StdoutLine: {'line': b'-- Up-to-date symlink: /convince_ws/install/overarching_msgs/share/overarching_msgs/action/Navigate.json\n'}
[0.253093] (bt_interfaces_dummy) StdoutLine: {'line': b'-- Up-to-date symlink: /convince_ws/install/bt_interfaces_dummy/include/bt_interfaces_dummy/bt_interfaces_dummy/msg/action_response.hpp\n'}
[0.253273] (bt_interfaces_dummy) StdoutLine: {'line': b'-- Up-to-date symlink: /convince_ws/install/bt_interfaces_dummy/include/bt_interfaces_dummy/bt_interfaces_dummy/msg/condition_response.hpp\n'}
[0.253399] (bt_interfaces_dummy) StdoutLine: {'line': b'-- Up-to-date symlink: /convince_ws/install/bt_interfaces_dummy/include/bt_interfaces_dummy/bt_interfaces_dummy/msg/detail/action_response__builder.hpp\n'}
[0.253513] (overarching_msgs) StdoutLine: {'line': b'-- Up-to-date symlink: /convince_ws/install/overarching_msgs/share/overarching_msgs/action/Pick.json\n'}
[0.253651] (bt_interfaces_dummy) StdoutLine: {'line': b'-- Up-to-date symlink: /convince_ws/install/bt_interfaces_dummy/include/bt_interfaces_dummy/bt_interfaces_dummy/msg/detail/action_response__struct.hpp\n'}
[0.253769] (bt_interfaces_dummy) StdoutLine: {'line': b'-- Up-to-date symlink: /convince_ws/install/bt_interfaces_dummy/include/bt_interfaces_dummy/bt_interfaces_dummy/msg/detail/action_response__traits.hpp\n'}
[0.253868] (overarching_msgs) StdoutLine: {'line': b'-- Up-to-date symlink: /convince_ws/install/overarching_msgs/share/overarching_msgs/action/Place.json\n'}
[0.253960] (bt_interfaces_dummy) StdoutLine: {'line': b'-- Up-to-date symlink: /convince_ws/install/bt_interfaces_dummy/include/bt_interfaces_dummy/bt_interfaces_dummy/msg/detail/action_response__type_support.hpp\n'}
[0.254065] (bt_interfaces_dummy) StdoutLine: {'line': b'-- Up-to-date symlink: /convince_ws/install/bt_interfaces_dummy/include/bt_interfaces_dummy/bt_interfaces_dummy/msg/detail/condition_response__builder.hpp\n'}
[0.254160] (bt_interfaces_dummy) StdoutLine: {'line': b'-- Up-to-date symlink: /convince_ws/install/bt_interfaces_dummy/include/bt_interfaces_dummy/bt_interfaces_dummy/msg/detail/condition_response__struct.hpp\n'}
[0.254256] (bt_interfaces_dummy) StdoutLine: {'line': b'-- Up-to-date symlink: /convince_ws/install/bt_interfaces_dummy/include/bt_interfaces_dummy/bt_interfaces_dummy/msg/detail/condition_response__traits.hpp\n'}
[0.254346] (overarching_msgs) StdoutLine: {'line': b'-- Up-to-date symlink: /convince_ws/install/overarching_msgs/share/overarching_msgs/action/Detect.json\n'}
[0.254416] (bt_interfaces_dummy) StdoutLine: {'line': b'-- Up-to-date symlink: /convince_ws/install/bt_interfaces_dummy/include/bt_interfaces_dummy/bt_interfaces_dummy/msg/detail/condition_response__type_support.hpp\n'}
[0.254503] (bt_interfaces_dummy) StdoutLine: {'line': b'-- Up-to-date symlink: /convince_ws/install/bt_interfaces_dummy/include/bt_interfaces_dummy/bt_interfaces_dummy/msg/rosidl_generator_cpp__visibility_control.hpp\n'}
[0.254583] (bt_interfaces_dummy) StdoutLine: {'line': b'-- Up-to-date symlink: /convince_ws/install/bt_interfaces_dummy/include/bt_interfaces_dummy/bt_interfaces_dummy/srv/detail/halt_action__builder.hpp\n'}
[0.254743] (bt_interfaces_dummy) StdoutLine: {'line': b'-- Up-to-date symlink: /convince_ws/install/bt_interfaces_dummy/include/bt_interfaces_dummy/bt_interfaces_dummy/srv/detail/halt_action__struct.hpp\n'}
[0.254859] (bt_interfaces_dummy) StdoutLine: {'line': b'-- Up-to-date symlink: /convince_ws/install/bt_interfaces_dummy/include/bt_interfaces_dummy/bt_interfaces_dummy/srv/detail/halt_action__traits.hpp\n'}
[0.254985] (bt_interfaces_dummy) StdoutLine: {'line': b'-- Up-to-date symlink: /convince_ws/install/bt_interfaces_dummy/include/bt_interfaces_dummy/bt_interfaces_dummy/srv/detail/halt_action__type_support.hpp\n'}
[0.255110] (bt_interfaces_dummy) StdoutLine: {'line': b'-- Up-to-date symlink: /convince_ws/install/bt_interfaces_dummy/include/bt_interfaces_dummy/bt_interfaces_dummy/srv/detail/reload_tree__builder.hpp\n'}
[0.255224] (bt_interfaces_dummy) StdoutLine: {'line': b'-- Up-to-date symlink: /convince_ws/install/bt_interfaces_dummy/include/bt_interfaces_dummy/bt_interfaces_dummy/srv/detail/reload_tree__struct.hpp\n'}
[0.255374] (bt_interfaces_dummy) StdoutLine: {'line': b'-- Up-to-date symlink: /convince_ws/install/bt_interfaces_dummy/include/bt_interfaces_dummy/bt_interfaces_dummy/srv/detail/reload_tree__traits.hpp\n'}
[0.255490] (bt_interfaces_dummy) StdoutLine: {'line': b'-- Up-to-date symlink: /convince_ws/install/bt_interfaces_dummy/include/bt_interfaces_dummy/bt_interfaces_dummy/srv/detail/reload_tree__type_support.hpp\n'}
[0.255583] (bt_interfaces_dummy) StdoutLine: {'line': b'-- Up-to-date symlink: /convince_ws/install/bt_interfaces_dummy/include/bt_interfaces_dummy/bt_interfaces_dummy/srv/detail/tick_action__builder.hpp\n'}
[0.255684] (bt_interfaces_dummy) StdoutLine: {'line': b'-- Up-to-date symlink: /convince_ws/install/bt_interfaces_dummy/include/bt_interfaces_dummy/bt_interfaces_dummy/srv/detail/tick_action__struct.hpp\n'}
[0.255759] (bt_interfaces_dummy) StdoutLine: {'line': b'-- Up-to-date symlink: /convince_ws/install/bt_interfaces_dummy/include/bt_interfaces_dummy/bt_interfaces_dummy/srv/detail/tick_action__traits.hpp\n'}
[0.255837] (bt_interfaces_dummy) StdoutLine: {'line': b'-- Up-to-date symlink: /convince_ws/install/bt_interfaces_dummy/include/bt_interfaces_dummy/bt_interfaces_dummy/srv/detail/tick_action__type_support.hpp\n'}
[0.255928] (overarching_msgs) StdoutLine: {'line': b'-- Up-to-date symlink: /convince_ws/install/overarching_msgs/include/overarching_msgs/overarching_msgs/action/detail/detect__functions.h\n'}
[0.256021] (bt_interfaces_dummy) StdoutLine: {'line': b'-- Up-to-date symlink: /convince_ws/install/bt_interfaces_dummy/include/bt_interfaces_dummy/bt_interfaces_dummy/srv/detail/tick_condition__builder.hpp\n'}
[0.256124] (pyrobosim_msgs) StdoutLine: {'line': b'-- Install configuration: ""\n'}
[0.256227] (overarching_msgs) StdoutLine: {'line': b'-- Up-to-date symlink: /convince_ws/install/overarching_msgs/include/overarching_msgs/overarching_msgs/action/detail/detect__struct.h\n'}
[0.256304] (bt_interfaces_dummy) StdoutLine: {'line': b'-- Up-to-date symlink: /convince_ws/install/bt_interfaces_dummy/include/bt_interfaces_dummy/bt_interfaces_dummy/srv/detail/tick_condition__struct.hpp\n'}
[0.256407] (bt_interfaces_dummy) StdoutLine: {'line': b'-- Up-to-date symlink: /convince_ws/install/bt_interfaces_dummy/include/bt_interfaces_dummy/bt_interfaces_dummy/srv/detail/tick_condition__traits.hpp\n'}
[0.256501] (bt_interfaces_dummy) StdoutLine: {'line': b'-- Up-to-date symlink: /convince_ws/install/bt_interfaces_dummy/include/bt_interfaces_dummy/bt_interfaces_dummy/srv/detail/tick_condition__type_support.hpp\n'}
[0.256599] (bt_interfaces_dummy) StdoutLine: {'line': b'-- Up-to-date symlink: /convince_ws/install/bt_interfaces_dummy/include/bt_interfaces_dummy/bt_interfaces_dummy/srv/halt_action.hpp\n'}
[0.256699] (overarching_msgs) StdoutLine: {'line': b'-- Up-to-date symlink: /convince_ws/install/overarching_msgs/include/overarching_msgs/overarching_msgs/action/detail/detect__type_support.h\n'}
[0.256789] (overarching_msgs) StdoutLine: {'line': b'-- Up-to-date symlink: /convince_ws/install/overarching_msgs/include/overarching_msgs/overarching_msgs/action/detail/navigate__functions.h\n'}
[0.256878] (overarching_msgs) StdoutLine: {'line': b'-- Up-to-date symlink: /convince_ws/install/overarching_msgs/include/overarching_msgs/overarching_msgs/action/detail/navigate__struct.h\n'}
[0.256978] (overarching_msgs) StdoutLine: {'line': b'-- Up-to-date symlink: /convince_ws/install/overarching_msgs/include/overarching_msgs/overarching_msgs/action/detail/navigate__type_support.h\n'}
[0.257051] (bt_interfaces_dummy) StdoutLine: {'line': b'-- Up-to-date symlink: /convince_ws/install/bt_interfaces_dummy/include/bt_interfaces_dummy/bt_interfaces_dummy/srv/reload_tree.hpp\n'}
[0.257124] (overarching_msgs) StdoutLine: {'line': b'-- Up-to-date symlink: /convince_ws/install/overarching_msgs/include/overarching_msgs/overarching_msgs/action/detail/pick__functions.h\n'}
[0.257188] (bt_interfaces_dummy) StdoutLine: {'line': b'-- Up-to-date symlink: /convince_ws/install/bt_interfaces_dummy/include/bt_interfaces_dummy/bt_interfaces_dummy/srv/tick_action.hpp\n'}
[0.257253] (bt_interfaces_dummy) StdoutLine: {'line': b'-- Up-to-date symlink: /convince_ws/install/bt_interfaces_dummy/include/bt_interfaces_dummy/bt_interfaces_dummy/srv/tick_condition.hpp\n'}
[0.257333] (overarching_msgs) StdoutLine: {'line': b'-- Up-to-date symlink: /convince_ws/install/overarching_msgs/include/overarching_msgs/overarching_msgs/action/detail/pick__struct.h\n'}
[0.257418] (overarching_msgs) StdoutLine: {'line': b'-- Up-to-date symlink: /convince_ws/install/overarching_msgs/include/overarching_msgs/overarching_msgs/action/detail/pick__type_support.h\n'}
[0.257518] (overarching_msgs) StdoutLine: {'line': b'-- Up-to-date symlink: /convince_ws/install/overarching_msgs/include/overarching_msgs/overarching_msgs/action/detail/place__functions.h\n'}
[0.257607] (overarching_msgs) StdoutLine: {'line': b'-- Up-to-date symlink: /convince_ws/install/overarching_msgs/include/overarching_msgs/overarching_msgs/action/detail/place__struct.h\n'}
[0.257703] (overarching_msgs) StdoutLine: {'line': b'-- Up-to-date symlink: /convince_ws/install/overarching_msgs/include/overarching_msgs/overarching_msgs/action/detail/place__type_support.h\n'}
[0.257895] (overarching_msgs) StdoutLine: {'line': b'-- Up-to-date symlink: /convince_ws/install/overarching_msgs/include/overarching_msgs/overarching_msgs/action/detect.h\n'}
[0.258025] (overarching_msgs) StdoutLine: {'line': b'-- Up-to-date symlink: /convince_ws/install/overarching_msgs/include/overarching_msgs/overarching_msgs/action/navigate.h\n'}
[0.258126] (overarching_msgs) StdoutLine: {'line': b'-- Up-to-date symlink: /convince_ws/install/overarching_msgs/include/overarching_msgs/overarching_msgs/action/pick.h\n'}
[0.258207] (overarching_msgs) StdoutLine: {'line': b'-- Up-to-date symlink: /convince_ws/install/overarching_msgs/include/overarching_msgs/overarching_msgs/action/place.h\n'}
[0.258303] (pyrobosim_msgs) StdoutLine: {'line': b'-- Execute custom install script\n'}
[0.258401] (overarching_msgs) StdoutLine: {'line': b'-- Up-to-date symlink: /convince_ws/install/overarching_msgs/include/overarching_msgs/overarching_msgs/msg/detail/location__functions.h\n'}
[0.258489] (bt_interfaces_dummy) StdoutLine: {'line': b'-- Up-to-date symlink: /convince_ws/install/bt_interfaces_dummy/include/bt_interfaces_dummy/bt_interfaces_dummy/msg/detail/action_response__rosidl_typesupport_fastrtps_cpp.hpp\n'}
[0.258578] (bt_interfaces_dummy) StdoutLine: {'line': b'-- Up-to-date symlink: /convince_ws/install/bt_interfaces_dummy/include/bt_interfaces_dummy/bt_interfaces_dummy/msg/detail/condition_response__rosidl_typesupport_fastrtps_cpp.hpp\n'}
[0.258673] (overarching_msgs) StdoutLine: {'line': b'-- Up-to-date symlink: /convince_ws/install/overarching_msgs/include/overarching_msgs/overarching_msgs/msg/detail/location__struct.h\n'}
[0.258758] (overarching_msgs) StdoutLine: {'line': b'-- Up-to-date symlink: /convince_ws/install/overarching_msgs/include/overarching_msgs/overarching_msgs/msg/detail/location__type_support.h\n'}
[0.258858] (overarching_msgs) StdoutLine: {'line': b'-- Up-to-date symlink: /convince_ws/install/overarching_msgs/include/overarching_msgs/overarching_msgs/msg/location.h\n'}
[0.258948] (pyrobosim_msgs) StdoutLine: {'line': b'-- Up-to-date symlink: /convince_ws/install/pyrobosim_msgs/share/ament_index/resource_index/rosidl_interfaces/pyrobosim_msgs\n'}
[0.259042] (bt_interfaces_dummy) StdoutLine: {'line': b'-- Up-to-date symlink: /convince_ws/install/bt_interfaces_dummy/include/bt_interfaces_dummy/bt_interfaces_dummy/msg/rosidl_typesupport_fastrtps_cpp__visibility_control.h\n'}
[0.259126] (overarching_msgs) StdoutLine: {'line': b'-- Up-to-date symlink: /convince_ws/install/overarching_msgs/include/overarching_msgs/overarching_msgs/msg/rosidl_generator_c__visibility_control.h\n'}
[0.259222] (overarching_msgs) StdoutLine: {'line': b'-- Up-to-date symlink: /convince_ws/install/overarching_msgs/share/overarching_msgs/environment/library_path.sh\n'}
[0.259309] (bt_interfaces_dummy) StdoutLine: {'line': b'-- Up-to-date symlink: /convince_ws/install/bt_interfaces_dummy/include/bt_interfaces_dummy/bt_interfaces_dummy/srv/detail/halt_action__rosidl_typesupport_fastrtps_cpp.hpp\n'}
[0.259433] (bt_interfaces_dummy) StdoutLine: {'line': b'-- Up-to-date symlink: /convince_ws/install/bt_interfaces_dummy/include/bt_interfaces_dummy/bt_interfaces_dummy/srv/detail/reload_tree__rosidl_typesupport_fastrtps_cpp.hpp\n'}
[0.259518] (bt_interfaces_dummy) StdoutLine: {'line': b'-- Up-to-date symlink: /convince_ws/install/bt_interfaces_dummy/include/bt_interfaces_dummy/bt_interfaces_dummy/srv/detail/tick_action__rosidl_typesupport_fastrtps_cpp.hpp\n'}
[0.259613] (bt_interfaces_dummy) StdoutLine: {'line': b'-- Up-to-date symlink: /convince_ws/install/bt_interfaces_dummy/include/bt_interfaces_dummy/bt_interfaces_dummy/srv/detail/tick_condition__rosidl_typesupport_fastrtps_cpp.hpp\n'}
[0.259696] (pyrobosim_msgs) StdoutLine: {'line': b'-- Up-to-date symlink: /convince_ws/install/pyrobosim_msgs/share/pyrobosim_msgs/msg/ExecutionResult.json\n'}
[0.259794] (overarching_msgs) StdoutLine: {'line': b'-- Up-to-date symlink: /convince_ws/install/overarching_msgs/share/overarching_msgs/environment/library_path.dsv\n'}
[0.259876] (pyrobosim_msgs) StdoutLine: {'line': b'-- Up-to-date symlink: /convince_ws/install/pyrobosim_msgs/share/pyrobosim_msgs/msg/GoalPredicate.json\n'}
[0.259945] (bt_interfaces_dummy) StdoutLine: {'line': b'-- Up-to-date symlink: /convince_ws/install/bt_interfaces_dummy/include/bt_interfaces_dummy/bt_interfaces_dummy/msg/detail/action_response__rosidl_typesupport_introspection_cpp.hpp\n'}
[0.260016] (bt_interfaces_dummy) StdoutLine: {'line': b'-- Up-to-date symlink: /convince_ws/install/bt_interfaces_dummy/include/bt_interfaces_dummy/bt_interfaces_dummy/msg/detail/condition_response__rosidl_typesupport_introspection_cpp.hpp\n'}
[0.260084] (bt_interfaces_dummy) StdoutLine: {'line': b'-- Up-to-date symlink: /convince_ws/install/bt_interfaces_dummy/include/bt_interfaces_dummy/bt_interfaces_dummy/srv/detail/halt_action__rosidl_typesupport_introspection_cpp.hpp\n'}
[0.260159] (bt_interfaces_dummy) StdoutLine: {'line': b'-- Up-to-date symlink: /convince_ws/install/bt_interfaces_dummy/include/bt_interfaces_dummy/bt_interfaces_dummy/srv/detail/reload_tree__rosidl_typesupport_introspection_cpp.hpp\n'}
[0.260232] (pyrobosim_msgs) StdoutLine: {'line': b'-- Up-to-date symlink: /convince_ws/install/pyrobosim_msgs/share/pyrobosim_msgs/msg/GoalSpecification.json\n'}
[0.260309] (bt_interfaces_dummy) StdoutLine: {'line': b'-- Up-to-date symlink: /convince_ws/install/bt_interfaces_dummy/include/bt_interfaces_dummy/bt_interfaces_dummy/srv/detail/tick_action__rosidl_typesupport_introspection_cpp.hpp\n'}
[0.260413] (overarching_msgs) StdoutLine: {'line': b'-- Up-to-date symlink: /convince_ws/install/overarching_msgs/include/overarching_msgs/overarching_msgs/action/detail/detect__rosidl_typesupport_fastrtps_c.h\n'}
[0.260500] (bt_interfaces_dummy) StdoutLine: {'line': b'-- Up-to-date symlink: /convince_ws/install/bt_interfaces_dummy/include/bt_interfaces_dummy/bt_interfaces_dummy/srv/detail/tick_condition__rosidl_typesupport_introspection_cpp.hpp\n'}
[0.260578] (overarching_msgs) StdoutLine: {'line': b'-- Up-to-date symlink: /convince_ws/install/overarching_msgs/include/overarching_msgs/overarching_msgs/action/detail/navigate__rosidl_typesupport_fastrtps_c.h\n'}
[0.260654] (pyrobosim_msgs) StdoutLine: {'line': b'-- Up-to-date symlink: /convince_ws/install/pyrobosim_msgs/share/pyrobosim_msgs/msg/HallwayState.json\n'}
[0.260733] (bt_interfaces_dummy) StdoutLine: {'line': b'-- Up-to-date symlink: /convince_ws/install/bt_interfaces_dummy/share/bt_interfaces_dummy/environment/pythonpath.sh\n'}
[0.260804] (overarching_msgs) StdoutLine: {'line': b'-- Up-to-date symlink: /convince_ws/install/overarching_msgs/include/overarching_msgs/overarching_msgs/action/detail/pick__rosidl_typesupport_fastrtps_c.h\n'}
[0.260881] (overarching_msgs) StdoutLine: {'line': b'-- Up-to-date symlink: /convince_ws/install/overarching_msgs/include/overarching_msgs/overarching_msgs/action/detail/place__rosidl_typesupport_fastrtps_c.h\n'}
[0.260960] (bt_interfaces_dummy) StdoutLine: {'line': b'-- Up-to-date symlink: /convince_ws/install/bt_interfaces_dummy/share/bt_interfaces_dummy/environment/pythonpath.dsv\n'}
[0.261038] (overarching_msgs) StdoutLine: {'line': b'-- Up-to-date symlink: /convince_ws/install/overarching_msgs/include/overarching_msgs/overarching_msgs/msg/detail/location__rosidl_typesupport_fastrtps_c.h\n'}
[0.261115] (pyrobosim_msgs) StdoutLine: {'line': b'-- Up-to-date symlink: /convince_ws/install/pyrobosim_msgs/share/pyrobosim_msgs/msg/LocationState.json\n'}
[0.261194] (overarching_msgs) StdoutLine: {'line': b'-- Up-to-date symlink: /convince_ws/install/overarching_msgs/include/overarching_msgs/overarching_msgs/msg/rosidl_typesupport_fastrtps_c__visibility_control.h\n'}
[0.261266] (bt_interfaces_dummy) StdoutLine: {'line': b'-- Up-to-date symlink: /convince_ws/install/bt_interfaces_dummy/lib/python3.12/site-packages/bt_interfaces_dummy-0.0.0-py3.12.egg-info/PKG-INFO\n'}
[0.261356] (pyrobosim_msgs) StdoutLine: {'line': b'-- Up-to-date symlink: /convince_ws/install/pyrobosim_msgs/share/pyrobosim_msgs/msg/ObjectState.json\n'}
[0.261441] (bt_interfaces_dummy) StdoutLine: {'line': b'-- Up-to-date symlink: /convince_ws/install/bt_interfaces_dummy/lib/python3.12/site-packages/bt_interfaces_dummy-0.0.0-py3.12.egg-info/SOURCES.txt\n'}
[0.261522] (bt_interfaces_dummy) StdoutLine: {'line': b'-- Up-to-date symlink: /convince_ws/install/bt_interfaces_dummy/lib/python3.12/site-packages/bt_interfaces_dummy-0.0.0-py3.12.egg-info/dependency_links.txt\n'}
[0.261602] (overarching_msgs) StdoutLine: {'line': b'-- Up-to-date symlink: /convince_ws/install/overarching_msgs/include/overarching_msgs/overarching_msgs/action/detail/detect__rosidl_typesupport_introspection_c.h\n'}
[0.261683] (bt_interfaces_dummy) StdoutLine: {'line': b'-- Up-to-date symlink: /convince_ws/install/bt_interfaces_dummy/lib/python3.12/site-packages/bt_interfaces_dummy-0.0.0-py3.12.egg-info/top_level.txt\n'}
[0.261755] (overarching_msgs) StdoutLine: {'line': b'-- Up-to-date symlink: /convince_ws/install/overarching_msgs/include/overarching_msgs/overarching_msgs/action/detail/navigate__rosidl_typesupport_introspection_c.h\n'}
[0.261832] (pyrobosim_msgs) StdoutLine: {'line': b'-- Up-to-date symlink: /convince_ws/install/pyrobosim_msgs/share/pyrobosim_msgs/msg/Path.json\n'}
[0.261917] (overarching_msgs) StdoutLine: {'line': b'-- Up-to-date symlink: /convince_ws/install/overarching_msgs/include/overarching_msgs/overarching_msgs/action/detail/pick__rosidl_typesupport_introspection_c.h\n'}
[0.261995] (overarching_msgs) StdoutLine: {'line': b'-- Up-to-date symlink: /convince_ws/install/overarching_msgs/include/overarching_msgs/overarching_msgs/action/detail/place__rosidl_typesupport_introspection_c.h\n'}
[0.262071] (pyrobosim_msgs) StdoutLine: {'line': b'-- Up-to-date symlink: /convince_ws/install/pyrobosim_msgs/share/pyrobosim_msgs/msg/RobotState.json\n'}
[0.262141] (overarching_msgs) StdoutLine: {'line': b'-- Up-to-date symlink: /convince_ws/install/overarching_msgs/include/overarching_msgs/overarching_msgs/msg/detail/location__rosidl_typesupport_introspection_c.h\n'}
[0.262239] (overarching_msgs) StdoutLine: {'line': b'-- Up-to-date symlink: /convince_ws/install/overarching_msgs/include/overarching_msgs/overarching_msgs/msg/rosidl_typesupport_introspection_c__visibility_control.h\n'}
[0.262356] (pyrobosim_msgs) StdoutLine: {'line': b'-- Up-to-date symlink: /convince_ws/install/pyrobosim_msgs/share/pyrobosim_msgs/msg/TaskAction.json\n'}
[0.262474] (pyrobosim_msgs) StdoutLine: {'line': b'-- Up-to-date symlink: /convince_ws/install/pyrobosim_msgs/share/pyrobosim_msgs/msg/TaskPlan.json\n'}
[0.262551] (bt_interfaces_dummy) StdoutLine: {'line': b'-- Up-to-date symlink: /convince_ws/install/bt_interfaces_dummy/lib/python3.12/site-packages/bt_interfaces_dummy/__init__.py\n'}
[0.262681] (bt_interfaces_dummy) StdoutLine: {'line': b'-- Up-to-date symlink: /convince_ws/install/bt_interfaces_dummy/lib/python3.12/site-packages/bt_interfaces_dummy/_bt_interfaces_dummy_s.ep.rosidl_typesupport_c.c\n'}
[0.262909] (pyrobosim_msgs) StdoutLine: {'line': b'-- Up-to-date symlink: /convince_ws/install/pyrobosim_msgs/share/pyrobosim_msgs/msg/WorldInfo.json\n'}
[0.262973] (bt_interfaces_dummy) StdoutLine: {'line': b'-- Up-to-date symlink: /convince_ws/install/bt_interfaces_dummy/lib/python3.12/site-packages/bt_interfaces_dummy/_bt_interfaces_dummy_s.ep.rosidl_typesupport_fastrtps_c.c\n'}
[0.263041] (bt_interfaces_dummy) StdoutLine: {'line': b'-- Up-to-date symlink: /convince_ws/install/bt_interfaces_dummy/lib/python3.12/site-packages/bt_interfaces_dummy/_bt_interfaces_dummy_s.ep.rosidl_typesupport_introspection_c.c\n'}
[0.263107] (overarching_msgs) StdoutLine: {'line': b'-- Up-to-date symlink: /convince_ws/install/overarching_msgs/include/overarching_msgs/overarching_msgs/action/detail/detect__builder.hpp\n'}
[0.263205] (overarching_msgs) StdoutLine: {'line': b'-- Up-to-date symlink: /convince_ws/install/overarching_msgs/include/overarching_msgs/overarching_msgs/action/detail/detect__struct.hpp\n'}
[0.263240] (overarching_msgs) StdoutLine: {'line': b'-- Up-to-date symlink: /convince_ws/install/overarching_msgs/include/overarching_msgs/overarching_msgs/action/detail/detect__traits.hpp\n'}
[0.263283] (bt_interfaces_dummy) StdoutLine: {'line': b'-- Up-to-date symlink: /convince_ws/install/bt_interfaces_dummy/lib/python3.12/site-packages/bt_interfaces_dummy/bt_interfaces_dummy_s__rosidl_typesupport_c.so\n'}
[0.263320] (overarching_msgs) StdoutLine: {'line': b'-- Up-to-date symlink: /convince_ws/install/overarching_msgs/include/overarching_msgs/overarching_msgs/action/detail/detect__type_support.hpp\n'}
[0.263353] (bt_interfaces_dummy) StdoutLine: {'line': b'-- Up-to-date symlink: /convince_ws/install/bt_interfaces_dummy/lib/python3.12/site-packages/bt_interfaces_dummy/bt_interfaces_dummy_s__rosidl_typesupport_fastrtps_c.so\n'}
[0.263385] (pyrobosim_msgs) StdoutLine: {'line': b'-- Up-to-date symlink: /convince_ws/install/pyrobosim_msgs/share/pyrobosim_msgs/msg/WorldState.json\n'}
[0.263418] (bt_interfaces_dummy) StdoutLine: {'line': b'-- Up-to-date symlink: /convince_ws/install/bt_interfaces_dummy/lib/python3.12/site-packages/bt_interfaces_dummy/bt_interfaces_dummy_s__rosidl_typesupport_introspection_c.so\n'}
[0.263447] (overarching_msgs) StdoutLine: {'line': b'-- Up-to-date symlink: /convince_ws/install/overarching_msgs/include/overarching_msgs/overarching_msgs/action/detail/navigate__builder.hpp\n'}
[0.263476] (overarching_msgs) StdoutLine: {'line': b'-- Up-to-date symlink: /convince_ws/install/overarching_msgs/include/overarching_msgs/overarching_msgs/action/detail/navigate__struct.hpp\n'}
[0.263505] (bt_interfaces_dummy) StdoutLine: {'line': b'-- Up-to-date symlink: /convince_ws/install/bt_interfaces_dummy/lib/python3.12/site-packages/bt_interfaces_dummy/msg/__init__.py\n'}
[0.263533] (bt_interfaces_dummy) StdoutLine: {'line': b'-- Up-to-date symlink: /convince_ws/install/bt_interfaces_dummy/lib/python3.12/site-packages/bt_interfaces_dummy/msg/_action_response.py\n'}
[0.263561] (overarching_msgs) StdoutLine: {'line': b'-- Up-to-date symlink: /convince_ws/install/overarching_msgs/include/overarching_msgs/overarching_msgs/action/detail/navigate__traits.hpp\n'}
[0.263590] (overarching_msgs) StdoutLine: {'line': b'-- Up-to-date symlink: /convince_ws/install/overarching_msgs/include/overarching_msgs/overarching_msgs/action/detail/navigate__type_support.hpp\n'}
[0.263619] (overarching_msgs) StdoutLine: {'line': b'-- Up-to-date symlink: /convince_ws/install/overarching_msgs/include/overarching_msgs/overarching_msgs/action/detail/pick__builder.hpp\n'}
[0.263694] (pyrobosim_msgs) StdoutLine: {'line': b'-- Up-to-date symlink: /convince_ws/install/pyrobosim_msgs/share/pyrobosim_msgs/srv/RequestWorldInfo.json\n'}
[0.263726] (bt_interfaces_dummy) StdoutLine: {'line': b'-- Up-to-date symlink: /convince_ws/install/bt_interfaces_dummy/lib/python3.12/site-packages/bt_interfaces_dummy/msg/_action_response_s.c\n'}
[0.263756] (bt_interfaces_dummy) StdoutLine: {'line': b'-- Up-to-date symlink: /convince_ws/install/bt_interfaces_dummy/lib/python3.12/site-packages/bt_interfaces_dummy/msg/_condition_response.py\n'}
[0.263783] (bt_interfaces_dummy) StdoutLine: {'line': b'-- Up-to-date symlink: /convince_ws/install/bt_interfaces_dummy/lib/python3.12/site-packages/bt_interfaces_dummy/msg/_condition_response_s.c\n'}
[0.263811] (overarching_msgs) StdoutLine: {'line': b'-- Up-to-date symlink: /convince_ws/install/overarching_msgs/include/overarching_msgs/overarching_msgs/action/detail/pick__struct.hpp\n'}
[0.263839] (pyrobosim_msgs) StdoutLine: {'line': b'-- Up-to-date symlink: /convince_ws/install/pyrobosim_msgs/share/pyrobosim_msgs/srv/RequestWorldState.json\n'}
[0.263868] (overarching_msgs) StdoutLine: {'line': b'-- Up-to-date symlink: /convince_ws/install/overarching_msgs/include/overarching_msgs/overarching_msgs/action/detail/pick__traits.hpp\n'}
[0.263895] (bt_interfaces_dummy) StdoutLine: {'line': b'-- Up-to-date symlink: /convince_ws/install/bt_interfaces_dummy/lib/python3.12/site-packages/bt_interfaces_dummy/srv/__init__.py\n'}
[0.263925] (overarching_msgs) StdoutLine: {'line': b'-- Up-to-date symlink: /convince_ws/install/overarching_msgs/include/overarching_msgs/overarching_msgs/action/detail/pick__type_support.hpp\n'}
[0.263993] (bt_interfaces_dummy) StdoutLine: {'line': b'-- Up-to-date symlink: /convince_ws/install/bt_interfaces_dummy/lib/python3.12/site-packages/bt_interfaces_dummy/srv/_halt_action.py\n'}
[0.264022] (bt_interfaces_dummy) StdoutLine: {'line': b'-- Up-to-date symlink: /convince_ws/install/bt_interfaces_dummy/lib/python3.12/site-packages/bt_interfaces_dummy/srv/_halt_action_s.c\n'}
[0.264051] (overarching_msgs) StdoutLine: {'line': b'-- Up-to-date symlink: /convince_ws/install/overarching_msgs/include/overarching_msgs/overarching_msgs/action/detail/place__builder.hpp\n'}
[0.264079] (pyrobosim_msgs) StdoutLine: {'line': b'-- Up-to-date symlink: /convince_ws/install/pyrobosim_msgs/share/pyrobosim_msgs/srv/ResetWorld.json\n'}
[0.264107] (overarching_msgs) StdoutLine: {'line': b'-- Up-to-date symlink: /convince_ws/install/overarching_msgs/include/overarching_msgs/overarching_msgs/action/detail/place__struct.hpp\n'}
[0.264135] (bt_interfaces_dummy) StdoutLine: {'line': b'-- Up-to-date symlink: /convince_ws/install/bt_interfaces_dummy/lib/python3.12/site-packages/bt_interfaces_dummy/srv/_reload_tree.py\n'}
[0.264166] (overarching_msgs) StdoutLine: {'line': b'-- Up-to-date symlink: /convince_ws/install/overarching_msgs/include/overarching_msgs/overarching_msgs/action/detail/place__traits.hpp\n'}
[0.264194] (bt_interfaces_dummy) StdoutLine: {'line': b'-- Up-to-date symlink: /convince_ws/install/bt_interfaces_dummy/lib/python3.12/site-packages/bt_interfaces_dummy/srv/_reload_tree_s.c\n'}
[0.264245] (overarching_msgs) StdoutLine: {'line': b'-- Up-to-date symlink: /convince_ws/install/overarching_msgs/include/overarching_msgs/overarching_msgs/action/detail/place__type_support.hpp\n'}
[0.264277] (bt_interfaces_dummy) StdoutLine: {'line': b'-- Up-to-date symlink: /convince_ws/install/bt_interfaces_dummy/lib/python3.12/site-packages/bt_interfaces_dummy/srv/_tick_action.py\n'}
[0.264307] (pyrobosim_msgs) StdoutLine: {'line': b'-- Up-to-date symlink: /convince_ws/install/pyrobosim_msgs/share/pyrobosim_msgs/srv/SetLocationState.json\n'}
[0.264343] (bt_interfaces_dummy) StdoutLine: {'line': b'-- Up-to-date symlink: /convince_ws/install/bt_interfaces_dummy/lib/python3.12/site-packages/bt_interfaces_dummy/srv/_tick_action_s.c\n'}
[0.264374] (overarching_msgs) StdoutLine: {'line': b'-- Up-to-date symlink: /convince_ws/install/overarching_msgs/include/overarching_msgs/overarching_msgs/action/detect.hpp\n'}
[0.264405] (overarching_msgs) StdoutLine: {'line': b'-- Up-to-date symlink: /convince_ws/install/overarching_msgs/include/overarching_msgs/overarching_msgs/action/navigate.hpp\n'}
[0.264433] (overarching_msgs) StdoutLine: {'line': b'-- Up-to-date symlink: /convince_ws/install/overarching_msgs/include/overarching_msgs/overarching_msgs/action/pick.hpp\n'}
[0.264462] (bt_interfaces_dummy) StdoutLine: {'line': b'-- Up-to-date symlink: /convince_ws/install/bt_interfaces_dummy/lib/python3.12/site-packages/bt_interfaces_dummy/srv/_tick_condition.py\n'}
[0.264492] (bt_interfaces_dummy) StdoutLine: {'line': b'-- Up-to-date symlink: /convince_ws/install/bt_interfaces_dummy/lib/python3.12/site-packages/bt_interfaces_dummy/srv/_tick_condition_s.c\n'}
[0.264522] (pyrobosim_msgs) StdoutLine: {'line': b'-- Up-to-date symlink: /convince_ws/install/pyrobosim_msgs/share/pyrobosim_msgs/action/DetectObjects.json\n'}
[0.264577] (overarching_msgs) StdoutLine: {'line': b'-- Up-to-date symlink: /convince_ws/install/overarching_msgs/include/overarching_msgs/overarching_msgs/action/place.hpp\n'}
[0.264610] (overarching_msgs) StdoutLine: {'line': b'-- Up-to-date symlink: /convince_ws/install/overarching_msgs/include/overarching_msgs/overarching_msgs/msg/detail/location__builder.hpp\n'}
[0.264641] (overarching_msgs) StdoutLine: {'line': b'-- Up-to-date symlink: /convince_ws/install/overarching_msgs/include/overarching_msgs/overarching_msgs/msg/detail/location__struct.hpp\n'}
[0.264670] (bt_interfaces_dummy) StdoutLine: {'line': b'-- Up-to-date symlink: /convince_ws/install/bt_interfaces_dummy/lib/python3.12/site-packages/bt_interfaces_dummy/bt_interfaces_dummy_s__rosidl_typesupport_fastrtps_c.so\n'}
[0.264712] (overarching_msgs) StdoutLine: {'line': b'-- Up-to-date symlink: /convince_ws/install/overarching_msgs/include/overarching_msgs/overarching_msgs/msg/detail/location__traits.hpp\n'}
[0.264742] (pyrobosim_msgs) StdoutLine: {'line': b'-- Up-to-date symlink: /convince_ws/install/pyrobosim_msgs/share/pyrobosim_msgs/action/ExecuteTaskAction.json\n'}
[0.264772] (overarching_msgs) StdoutLine: {'line': b'-- Up-to-date symlink: /convince_ws/install/overarching_msgs/include/overarching_msgs/overarching_msgs/msg/detail/location__type_support.hpp\n'}
[0.264800] (overarching_msgs) StdoutLine: {'line': b'-- Up-to-date symlink: /convince_ws/install/overarching_msgs/include/overarching_msgs/overarching_msgs/msg/location.hpp\n'}
[0.264828] (bt_interfaces_dummy) StdoutLine: {'line': b'-- Up-to-date symlink: /convince_ws/install/bt_interfaces_dummy/lib/python3.12/site-packages/bt_interfaces_dummy/bt_interfaces_dummy_s__rosidl_typesupport_introspection_c.so\n'}
[0.264858] (overarching_msgs) StdoutLine: {'line': b'-- Up-to-date symlink: /convince_ws/install/overarching_msgs/include/overarching_msgs/overarching_msgs/msg/rosidl_generator_cpp__visibility_control.hpp\n'}
[0.264888] (pyrobosim_msgs) StdoutLine: {'line': b'-- Up-to-date symlink: /convince_ws/install/pyrobosim_msgs/share/pyrobosim_msgs/action/ExecuteTaskPlan.json\n'}
[0.264918] (bt_interfaces_dummy) StdoutLine: {'line': b'-- Up-to-date symlink: /convince_ws/install/bt_interfaces_dummy/lib/python3.12/site-packages/bt_interfaces_dummy/bt_interfaces_dummy_s__rosidl_typesupport_c.so\n'}
[0.264949] (pyrobosim_msgs) StdoutLine: {'line': b'-- Up-to-date symlink: /convince_ws/install/pyrobosim_msgs/share/pyrobosim_msgs/action/FollowPath.json\n'}
[0.264978] (bt_interfaces_dummy) StdoutLine: {'line': b'-- Up-to-date symlink: /convince_ws/install/bt_interfaces_dummy/share/bt_interfaces_dummy/srv/TickAction.idl\n'}
[0.265011] (bt_interfaces_dummy) StdoutLine: {'line': b'-- Up-to-date symlink: /convince_ws/install/bt_interfaces_dummy/share/bt_interfaces_dummy/msg/ActionResponse.idl\n'}
[0.265042] (pyrobosim_msgs) StdoutLine: {'line': b'-- Up-to-date symlink: /convince_ws/install/pyrobosim_msgs/share/pyrobosim_msgs/action/PlanPath.json\n'}
[0.265072] (bt_interfaces_dummy) StdoutLine: {'line': b'-- Up-to-date symlink: /convince_ws/install/bt_interfaces_dummy/share/bt_interfaces_dummy/msg/ConditionResponse.idl\n'}
[0.265102] (overarching_msgs) StdoutLine: {'line': b'-- Up-to-date symlink: /convince_ws/install/overarching_msgs/include/overarching_msgs/overarching_msgs/action/detail/detect__rosidl_typesupport_fastrtps_cpp.hpp\n'}
[0.265132] (bt_interfaces_dummy) StdoutLine: {'line': b'-- Up-to-date symlink: /convince_ws/install/bt_interfaces_dummy/share/bt_interfaces_dummy/srv/HaltAction.idl\n'}
[0.265162] (overarching_msgs) StdoutLine: {'line': b'-- Up-to-date symlink: /convince_ws/install/overarching_msgs/include/overarching_msgs/overarching_msgs/action/detail/navigate__rosidl_typesupport_fastrtps_cpp.hpp\n'}
[0.265227] (bt_interfaces_dummy) StdoutLine: {'line': b'-- Up-to-date symlink: /convince_ws/install/bt_interfaces_dummy/share/bt_interfaces_dummy/srv/TickCondition.idl\n'}
[0.265260] (overarching_msgs) StdoutLine: {'line': b'-- Up-to-date symlink: /convince_ws/install/overarching_msgs/include/overarching_msgs/overarching_msgs/action/detail/pick__rosidl_typesupport_fastrtps_cpp.hpp\n'}
[0.265326] (bt_interfaces_dummy) StdoutLine: {'line': b'-- Up-to-date symlink: /convince_ws/install/bt_interfaces_dummy/share/bt_interfaces_dummy/srv/ReloadTree.idl\n'}
[0.265365] (overarching_msgs) StdoutLine: {'line': b'-- Up-to-date symlink: /convince_ws/install/overarching_msgs/include/overarching_msgs/overarching_msgs/action/detail/place__rosidl_typesupport_fastrtps_cpp.hpp\n'}
[0.265394] (overarching_msgs) StdoutLine: {'line': b'-- Up-to-date symlink: /convince_ws/install/overarching_msgs/include/overarching_msgs/overarching_msgs/msg/detail/location__rosidl_typesupport_fastrtps_cpp.hpp\n'}
[0.265423] (bt_interfaces_dummy) StdoutLine: {'line': b'-- Up-to-date symlink: /convince_ws/install/bt_interfaces_dummy/share/bt_interfaces_dummy/srv/TickAction.srv\n'}
[0.265452] (overarching_msgs) StdoutLine: {'line': b'-- Up-to-date symlink: /convince_ws/install/overarching_msgs/include/overarching_msgs/overarching_msgs/msg/rosidl_typesupport_fastrtps_cpp__visibility_control.h\n'}
[0.265481] (bt_interfaces_dummy) StdoutLine: {'line': b'-- Up-to-date symlink: /convince_ws/install/bt_interfaces_dummy/share/bt_interfaces_dummy/msg/ActionResponse.msg\n'}
[0.265509] (bt_interfaces_dummy) StdoutLine: {'line': b'-- Up-to-date symlink: /convince_ws/install/bt_interfaces_dummy/share/bt_interfaces_dummy/msg/ConditionResponse.msg\n'}
[0.265537] (bt_interfaces_dummy) StdoutLine: {'line': b'-- Up-to-date symlink: /convince_ws/install/bt_interfaces_dummy/share/bt_interfaces_dummy/srv/HaltAction.srv\n'}
[0.265565] (bt_interfaces_dummy) StdoutLine: {'line': b'-- Up-to-date symlink: /convince_ws/install/bt_interfaces_dummy/share/bt_interfaces_dummy/srv/TickCondition.srv\n'}
[0.265595] (overarching_msgs) StdoutLine: {'line': b'-- Up-to-date symlink: /convince_ws/install/overarching_msgs/include/overarching_msgs/overarching_msgs/action/detail/detect__rosidl_typesupport_introspection_cpp.hpp\n'}
[0.265623] (bt_interfaces_dummy) StdoutLine: {'line': b'-- Up-to-date symlink: /convince_ws/install/bt_interfaces_dummy/share/bt_interfaces_dummy/srv/ReloadTree.srv\n'}
[0.265651] (overarching_msgs) StdoutLine: {'line': b'-- Up-to-date symlink: /convince_ws/install/overarching_msgs/include/overarching_msgs/overarching_msgs/action/detail/navigate__rosidl_typesupport_introspection_cpp.hpp\n'}
[0.265680] (overarching_msgs) StdoutLine: {'line': b'-- Up-to-date symlink: /convince_ws/install/overarching_msgs/include/overarching_msgs/overarching_msgs/action/detail/pick__rosidl_typesupport_introspection_cpp.hpp\n'}
[0.265710] (bt_interfaces_dummy) StdoutLine: {'line': b'-- Up-to-date symlink: /convince_ws/install/bt_interfaces_dummy/share/ament_index/resource_index/package_run_dependencies/bt_interfaces_dummy\n'}
[0.265740] (overarching_msgs) StdoutLine: {'line': b'-- Up-to-date symlink: /convince_ws/install/overarching_msgs/include/overarching_msgs/overarching_msgs/action/detail/place__rosidl_typesupport_introspection_cpp.hpp\n'}
[0.265771] (bt_interfaces_dummy) StdoutLine: {'line': b'-- Up-to-date symlink: /convince_ws/install/bt_interfaces_dummy/share/ament_index/resource_index/parent_prefix_path/bt_interfaces_dummy\n'}
[0.265800] (overarching_msgs) StdoutLine: {'line': b'-- Up-to-date symlink: /convince_ws/install/overarching_msgs/include/overarching_msgs/overarching_msgs/msg/detail/location__rosidl_typesupport_introspection_cpp.hpp\n'}
[0.265879] (btcpp_ros2_interfaces) StdoutLine: {'line': b'[100%] Built target ament_cmake_python_build_btcpp_ros2_interfaces_egg\n'}
[0.265973] (bt_interfaces_dummy) StdoutLine: {'line': b'-- Up-to-date symlink: /convince_ws/install/bt_interfaces_dummy/share/bt_interfaces_dummy/environment/ament_prefix_path.sh\n'}
[0.266008] (bt_interfaces_dummy) StdoutLine: {'line': b'-- Up-to-date symlink: /convince_ws/install/bt_interfaces_dummy/share/bt_interfaces_dummy/environment/ament_prefix_path.dsv\n'}
[0.266037] (overarching_msgs) StdoutLine: {'line': b'-- Up-to-date symlink: /convince_ws/install/overarching_msgs/share/overarching_msgs/environment/pythonpath.sh\n'}
[0.266100] (overarching_msgs) StdoutLine: {'line': b'-- Up-to-date symlink: /convince_ws/install/overarching_msgs/share/overarching_msgs/environment/pythonpath.dsv\n'}
[0.266129] (bt_interfaces_dummy) StdoutLine: {'line': b'-- Up-to-date symlink: /convince_ws/install/bt_interfaces_dummy/share/bt_interfaces_dummy/environment/path.sh\n'}
[0.266159] (bt_interfaces_dummy) StdoutLine: {'line': b'-- Up-to-date symlink: /convince_ws/install/bt_interfaces_dummy/share/bt_interfaces_dummy/environment/path.dsv\n'}
[0.266186] (overarching_msgs) StdoutLine: {'line': b'-- Up-to-date symlink: /convince_ws/install/overarching_msgs/lib/python3.12/site-packages/overarching_msgs-0.0.0-py3.12.egg-info/PKG-INFO\n'}
[0.266254] (bt_interfaces_dummy) StdoutLine: {'line': b'-- Up-to-date symlink: /convince_ws/install/bt_interfaces_dummy/share/bt_interfaces_dummy/local_setup.bash\n'}
[0.266284] (overarching_msgs) StdoutLine: {'line': b'-- Up-to-date symlink: /convince_ws/install/overarching_msgs/lib/python3.12/site-packages/overarching_msgs-0.0.0-py3.12.egg-info/SOURCES.txt\n'}
[0.266317] (bt_interfaces_dummy) StdoutLine: {'line': b'-- Up-to-date symlink: /convince_ws/install/bt_interfaces_dummy/share/bt_interfaces_dummy/local_setup.sh\n'}
[0.266349] (overarching_msgs) StdoutLine: {'line': b'-- Up-to-date symlink: /convince_ws/install/overarching_msgs/lib/python3.12/site-packages/overarching_msgs-0.0.0-py3.12.egg-info/dependency_links.txt\n'}
[0.266378] (bt_interfaces_dummy) StdoutLine: {'line': b'-- Up-to-date symlink: /convince_ws/install/bt_interfaces_dummy/share/bt_interfaces_dummy/local_setup.zsh\n'}
[0.266407] (overarching_msgs) StdoutLine: {'line': b'-- Up-to-date symlink: /convince_ws/install/overarching_msgs/lib/python3.12/site-packages/overarching_msgs-0.0.0-py3.12.egg-info/top_level.txt\n'}
[0.266435] (bt_interfaces_dummy) StdoutLine: {'line': b'-- Up-to-date symlink: /convince_ws/install/bt_interfaces_dummy/share/bt_interfaces_dummy/local_setup.dsv\n'}
[0.266463] (bt_interfaces_dummy) StdoutLine: {'line': b'-- Symlinking: /convince_ws/install/bt_interfaces_dummy/share/bt_interfaces_dummy/package.dsv\n'}
[0.266490] (pyrobosim_msgs) StdoutLine: {'line': b'-- Up-to-date symlink: /convince_ws/install/pyrobosim_msgs/include/pyrobosim_msgs/pyrobosim_msgs/action/detail/detect_objects__functions.h\n'}
[0.266521] (overarching_msgs) StdoutLine: {'line': b'-- Up-to-date symlink: /convince_ws/install/overarching_msgs/lib/python3.12/site-packages/overarching_msgs/__init__.py\n'}
[0.266550] (overarching_msgs) StdoutLine: {'line': b'-- Up-to-date symlink: /convince_ws/install/overarching_msgs/lib/python3.12/site-packages/overarching_msgs/_overarching_msgs_s.ep.rosidl_typesupport_c.c\n'}
[0.266579] (pyrobosim_msgs) StdoutLine: {'line': b'-- Up-to-date symlink: /convince_ws/install/pyrobosim_msgs/include/pyrobosim_msgs/pyrobosim_msgs/action/detail/detect_objects__struct.h\n'}
[0.266609] (overarching_msgs) StdoutLine: {'line': b'-- Up-to-date symlink: /convince_ws/install/overarching_msgs/lib/python3.12/site-packages/overarching_msgs/_overarching_msgs_s.ep.rosidl_typesupport_fastrtps_c.c\n'}
[0.266638] (pyrobosim_msgs) StdoutLine: {'line': b'-- Up-to-date symlink: /convince_ws/install/pyrobosim_msgs/include/pyrobosim_msgs/pyrobosim_msgs/action/detail/detect_objects__type_support.h\n'}
[0.266667] (overarching_msgs) StdoutLine: {'line': b'-- Up-to-date symlink: /convince_ws/install/overarching_msgs/lib/python3.12/site-packages/overarching_msgs/_overarching_msgs_s.ep.rosidl_typesupport_introspection_c.c\n'}
[0.266695] (overarching_msgs) StdoutLine: {'line': b'-- Up-to-date symlink: /convince_ws/install/overarching_msgs/lib/python3.12/site-packages/overarching_msgs/action/__init__.py\n'}
[0.266723] (pyrobosim_msgs) StdoutLine: {'line': b'-- Up-to-date symlink: /convince_ws/install/pyrobosim_msgs/include/pyrobosim_msgs/pyrobosim_msgs/action/detail/execute_task_action__functions.h\n'}
[0.266861] (overarching_msgs) StdoutLine: {'line': b'-- Up-to-date symlink: /convince_ws/install/overarching_msgs/lib/python3.12/site-packages/overarching_msgs/action/_detect.py\n'}
[0.266892] (overarching_msgs) StdoutLine: {'line': b'-- Up-to-date symlink: /convince_ws/install/overarching_msgs/lib/python3.12/site-packages/overarching_msgs/action/_detect_s.c\n'}
[0.266923] (overarching_msgs) StdoutLine: {'line': b'-- Up-to-date symlink: /convince_ws/install/overarching_msgs/lib/python3.12/site-packages/overarching_msgs/action/_navigate.py\n'}
[0.266952] (pyrobosim_msgs) StdoutLine: {'line': b'-- Up-to-date symlink: /convince_ws/install/pyrobosim_msgs/include/pyrobosim_msgs/pyrobosim_msgs/action/detail/execute_task_action__struct.h\n'}
[0.266981] (overarching_msgs) StdoutLine: {'line': b'-- Up-to-date symlink: /convince_ws/install/overarching_msgs/lib/python3.12/site-packages/overarching_msgs/action/_navigate_s.c\n'}
[0.267146] (overarching_msgs) StdoutLine: {'line': b'-- Up-to-date symlink: /convince_ws/install/overarching_msgs/lib/python3.12/site-packages/overarching_msgs/action/_pick.py\n'}
[0.267187] (overarching_msgs) StdoutLine: {'line': b'-- Up-to-date symlink: /convince_ws/install/overarching_msgs/lib/python3.12/site-packages/overarching_msgs/action/_pick_s.c\n'}
[0.267219] (pyrobosim_msgs) StdoutLine: {'line': b'-- Up-to-date symlink: /convince_ws/install/pyrobosim_msgs/include/pyrobosim_msgs/pyrobosim_msgs/action/detail/execute_task_action__type_support.h\n'}
[0.267252] (overarching_msgs) StdoutLine: {'line': b'-- Up-to-date symlink: /convince_ws/install/overarching_msgs/lib/python3.12/site-packages/overarching_msgs/action/_place.py\n'}
[0.267283] (pyrobosim_msgs) StdoutLine: {'line': b'-- Up-to-date symlink: /convince_ws/install/pyrobosim_msgs/include/pyrobosim_msgs/pyrobosim_msgs/action/detail/execute_task_plan__functions.h\n'}
[0.267319] (overarching_msgs) StdoutLine: {'line': b'-- Up-to-date symlink: /convince_ws/install/overarching_msgs/lib/python3.12/site-packages/overarching_msgs/action/_place_s.c\n'}
[0.267445] (overarching_msgs) StdoutLine: {'line': b'-- Up-to-date symlink: /convince_ws/install/overarching_msgs/lib/python3.12/site-packages/overarching_msgs/msg/__init__.py\n'}
[0.267621] (pyrobosim_msgs) StdoutLine: {'line': b'-- Up-to-date symlink: /convince_ws/install/pyrobosim_msgs/include/pyrobosim_msgs/pyrobosim_msgs/action/detail/execute_task_plan__struct.h\n'}
[0.267713] (overarching_msgs) StdoutLine: {'line': b'-- Up-to-date symlink: /convince_ws/install/overarching_msgs/lib/python3.12/site-packages/overarching_msgs/msg/_location.py\n'}
[0.267816] (overarching_msgs) StdoutLine: {'line': b'-- Up-to-date symlink: /convince_ws/install/overarching_msgs/lib/python3.12/site-packages/overarching_msgs/msg/_location_s.c\n'}
[0.267945] (pyrobosim_msgs) StdoutLine: {'line': b'-- Up-to-date symlink: /convince_ws/install/pyrobosim_msgs/include/pyrobosim_msgs/pyrobosim_msgs/action/detail/execute_task_plan__type_support.h\n'}
[0.268141] (overarching_msgs) StdoutLine: {'line': b'-- Up-to-date symlink: /convince_ws/install/overarching_msgs/lib/python3.12/site-packages/overarching_msgs/overarching_msgs_s__rosidl_typesupport_c.so\n'}
[0.268462] (overarching_msgs) StdoutLine: {'line': b'-- Up-to-date symlink: /convince_ws/install/overarching_msgs/lib/python3.12/site-packages/overarching_msgs/overarching_msgs_s__rosidl_typesupport_fastrtps_c.so\n'}
[0.268660] (overarching_msgs) StdoutLine: {'line': b'-- Up-to-date symlink: /convince_ws/install/overarching_msgs/lib/python3.12/site-packages/overarching_msgs/overarching_msgs_s__rosidl_typesupport_introspection_c.so\n'}
[0.268731] (pyrobosim_msgs) StdoutLine: {'line': b'-- Up-to-date symlink: /convince_ws/install/pyrobosim_msgs/include/pyrobosim_msgs/pyrobosim_msgs/action/detail/follow_path__functions.h\n'}
[0.268908] (pyrobosim_msgs) StdoutLine: {'line': b'-- Up-to-date symlink: /convince_ws/install/pyrobosim_msgs/include/pyrobosim_msgs/pyrobosim_msgs/action/detail/follow_path__struct.h\n'}
[0.268981] (overarching_msgs) StdoutLine: {'line': b'-- Up-to-date symlink: /convince_ws/install/overarching_msgs/lib/python3.12/site-packages/overarching_msgs/overarching_msgs_s__rosidl_typesupport_fastrtps_c.so\n'}
[0.269051] (pyrobosim_msgs) StdoutLine: {'line': b'-- Up-to-date symlink: /convince_ws/install/pyrobosim_msgs/include/pyrobosim_msgs/pyrobosim_msgs/action/detail/follow_path__type_support.h\n'}
[0.269120] (overarching_msgs) StdoutLine: {'line': b'-- Up-to-date symlink: /convince_ws/install/overarching_msgs/lib/python3.12/site-packages/overarching_msgs/overarching_msgs_s__rosidl_typesupport_introspection_c.so\n'}
[0.269189] (pyrobosim_msgs) StdoutLine: {'line': b'-- Up-to-date symlink: /convince_ws/install/pyrobosim_msgs/include/pyrobosim_msgs/pyrobosim_msgs/action/detail/plan_path__functions.h\n'}
[0.269261] (overarching_msgs) StdoutLine: {'line': b'-- Up-to-date symlink: /convince_ws/install/overarching_msgs/lib/python3.12/site-packages/overarching_msgs/overarching_msgs_s__rosidl_typesupport_c.so\n'}
[0.269346] (pyrobosim_msgs) StdoutLine: {'line': b'-- Up-to-date symlink: /convince_ws/install/pyrobosim_msgs/include/pyrobosim_msgs/pyrobosim_msgs/action/detail/plan_path__struct.h\n'}
[0.269417] (overarching_msgs) StdoutLine: {'line': b'-- Up-to-date symlink: /convince_ws/install/overarching_msgs/share/overarching_msgs/msg/Location.idl\n'}
[0.269484] (pyrobosim_msgs) StdoutLine: {'line': b'-- Up-to-date symlink: /convince_ws/install/pyrobosim_msgs/include/pyrobosim_msgs/pyrobosim_msgs/action/detail/plan_path__type_support.h\n'}
[0.269549] (overarching_msgs) StdoutLine: {'line': b'-- Up-to-date symlink: /convince_ws/install/overarching_msgs/share/overarching_msgs/action/Navigate.idl\n'}
[0.269613] (pyrobosim_msgs) StdoutLine: {'line': b'-- Up-to-date symlink: /convince_ws/install/pyrobosim_msgs/include/pyrobosim_msgs/pyrobosim_msgs/action/detect_objects.h\n'}
[0.269677] (overarching_msgs) StdoutLine: {'line': b'-- Up-to-date symlink: /convince_ws/install/overarching_msgs/share/overarching_msgs/action/Pick.idl\n'}
[0.269752] (pyrobosim_msgs) StdoutLine: {'line': b'-- Up-to-date symlink: /convince_ws/install/pyrobosim_msgs/include/pyrobosim_msgs/pyrobosim_msgs/action/execute_task_action.h\n'}
[0.269817] (overarching_msgs) StdoutLine: {'line': b'-- Up-to-date symlink: /convince_ws/install/overarching_msgs/share/overarching_msgs/action/Place.idl\n'}
[0.269882] (overarching_msgs) StdoutLine: {'line': b'-- Up-to-date symlink: /convince_ws/install/overarching_msgs/share/overarching_msgs/action/Detect.idl\n'}
[0.269947] (pyrobosim_msgs) StdoutLine: {'line': b'-- Up-to-date symlink: /convince_ws/install/pyrobosim_msgs/include/pyrobosim_msgs/pyrobosim_msgs/action/execute_task_plan.h\n'}
[0.270011] (overarching_msgs) StdoutLine: {'line': b'-- Up-to-date symlink: /convince_ws/install/overarching_msgs/share/overarching_msgs/msg/Location.msg\n'}
[0.270078] (overarching_msgs) StdoutLine: {'line': b'-- Up-to-date symlink: /convince_ws/install/overarching_msgs/share/overarching_msgs/action/Navigate.action\n'}
[0.270161] (pyrobosim_msgs) StdoutLine: {'line': b'-- Up-to-date symlink: /convince_ws/install/pyrobosim_msgs/include/pyrobosim_msgs/pyrobosim_msgs/action/follow_path.h\n'}
[0.270229] (overarching_msgs) StdoutLine: {'line': b'-- Up-to-date symlink: /convince_ws/install/overarching_msgs/share/overarching_msgs/action/Pick.action\n'}
[0.270312] (pyrobosim_msgs) StdoutLine: {'line': b'-- Up-to-date symlink: /convince_ws/install/pyrobosim_msgs/include/pyrobosim_msgs/pyrobosim_msgs/action/plan_path.h\n'}
[0.270410] (overarching_msgs) StdoutLine: {'line': b'-- Up-to-date symlink: /convince_ws/install/overarching_msgs/share/overarching_msgs/action/Place.action\n'}
[0.270481] (overarching_msgs) StdoutLine: {'line': b'-- Up-to-date symlink: /convince_ws/install/overarching_msgs/share/overarching_msgs/action/Detect.action\n'}
[0.270550] (pyrobosim_msgs) StdoutLine: {'line': b'-- Up-to-date symlink: /convince_ws/install/pyrobosim_msgs/include/pyrobosim_msgs/pyrobosim_msgs/msg/detail/execution_result__functions.h\n'}
[0.270634] (overarching_msgs) StdoutLine: {'line': b'-- Up-to-date symlink: /convince_ws/install/overarching_msgs/share/ament_index/resource_index/package_run_dependencies/overarching_msgs\n'}
[0.270702] (pyrobosim_msgs) StdoutLine: {'line': b'-- Up-to-date symlink: /convince_ws/install/pyrobosim_msgs/include/pyrobosim_msgs/pyrobosim_msgs/msg/detail/execution_result__struct.h\n'}
[0.270771] (overarching_msgs) StdoutLine: {'line': b'-- Up-to-date symlink: /convince_ws/install/overarching_msgs/share/ament_index/resource_index/parent_prefix_path/overarching_msgs\n'}
[0.270838] (pyrobosim_msgs) StdoutLine: {'line': b'-- Up-to-date symlink: /convince_ws/install/pyrobosim_msgs/include/pyrobosim_msgs/pyrobosim_msgs/msg/detail/execution_result__type_support.h\n'}
[0.270904] (overarching_msgs) StdoutLine: {'line': b'-- Up-to-date symlink: /convince_ws/install/overarching_msgs/share/overarching_msgs/environment/ament_prefix_path.sh\n'}
[0.271010] (overarching_msgs) StdoutLine: {'line': b'-- Up-to-date symlink: /convince_ws/install/overarching_msgs/share/overarching_msgs/environment/ament_prefix_path.dsv\n'}
[0.271075] (pyrobosim_msgs) StdoutLine: {'line': b'-- Up-to-date symlink: /convince_ws/install/pyrobosim_msgs/include/pyrobosim_msgs/pyrobosim_msgs/msg/detail/goal_predicate__functions.h\n'}
[0.271142] (overarching_msgs) StdoutLine: {'line': b'-- Up-to-date symlink: /convince_ws/install/overarching_msgs/share/overarching_msgs/environment/path.sh\n'}
[0.271212] (pyrobosim_msgs) StdoutLine: {'line': b'-- Up-to-date symlink: /convince_ws/install/pyrobosim_msgs/include/pyrobosim_msgs/pyrobosim_msgs/msg/detail/goal_predicate__struct.h\n'}
[0.271297] (overarching_msgs) StdoutLine: {'line': b'-- Up-to-date symlink: /convince_ws/install/overarching_msgs/share/overarching_msgs/environment/path.dsv\n'}
[0.271385] (overarching_msgs) StdoutLine: {'line': b'-- Up-to-date symlink: /convince_ws/install/overarching_msgs/share/overarching_msgs/local_setup.bash\n'}
[0.271453] (pyrobosim_msgs) StdoutLine: {'line': b'-- Up-to-date symlink: /convince_ws/install/pyrobosim_msgs/include/pyrobosim_msgs/pyrobosim_msgs/msg/detail/goal_predicate__type_support.h\n'}
[0.271543] (overarching_msgs) StdoutLine: {'line': b'-- Up-to-date symlink: /convince_ws/install/overarching_msgs/share/overarching_msgs/local_setup.sh\n'}
[0.271609] (pyrobosim_msgs) StdoutLine: {'line': b'-- Up-to-date symlink: /convince_ws/install/pyrobosim_msgs/include/pyrobosim_msgs/pyrobosim_msgs/msg/detail/goal_specification__functions.h\n'}
[0.271687] (overarching_msgs) StdoutLine: {'line': b'-- Up-to-date symlink: /convince_ws/install/overarching_msgs/share/overarching_msgs/local_setup.zsh\n'}
[0.271756] (overarching_msgs) StdoutLine: {'line': b'-- Up-to-date symlink: /convince_ws/install/overarching_msgs/share/overarching_msgs/local_setup.dsv\n'}
[0.271823] (pyrobosim_msgs) StdoutLine: {'line': b'-- Up-to-date symlink: /convince_ws/install/pyrobosim_msgs/include/pyrobosim_msgs/pyrobosim_msgs/msg/detail/goal_specification__struct.h\n'}
[0.271890] (overarching_msgs) StdoutLine: {'line': b'-- Symlinking: /convince_ws/install/overarching_msgs/share/overarching_msgs/package.dsv\n'}
[0.271978] (pyrobosim_msgs) StdoutLine: {'line': b'-- Up-to-date symlink: /convince_ws/install/pyrobosim_msgs/include/pyrobosim_msgs/pyrobosim_msgs/msg/detail/goal_specification__type_support.h\n'}
[0.272044] (pyrobosim_msgs) StdoutLine: {'line': b'-- Up-to-date symlink: /convince_ws/install/pyrobosim_msgs/include/pyrobosim_msgs/pyrobosim_msgs/msg/detail/hallway_state__functions.h\n'}
[0.272113] (pyrobosim_msgs) StdoutLine: {'line': b'-- Up-to-date symlink: /convince_ws/install/pyrobosim_msgs/include/pyrobosim_msgs/pyrobosim_msgs/msg/detail/hallway_state__struct.h\n'}
[0.272182] (pyrobosim_msgs) StdoutLine: {'line': b'-- Up-to-date symlink: /convince_ws/install/pyrobosim_msgs/include/pyrobosim_msgs/pyrobosim_msgs/msg/detail/hallway_state__type_support.h\n'}
[0.272249] (pyrobosim_msgs) StdoutLine: {'line': b'-- Up-to-date symlink: /convince_ws/install/pyrobosim_msgs/include/pyrobosim_msgs/pyrobosim_msgs/msg/detail/location_state__functions.h\n'}
[0.272339] (pyrobosim_msgs) StdoutLine: {'line': b'-- Up-to-date symlink: /convince_ws/install/pyrobosim_msgs/include/pyrobosim_msgs/pyrobosim_msgs/msg/detail/location_state__struct.h\n'}
[0.272424] (pyrobosim_msgs) StdoutLine: {'line': b'-- Up-to-date symlink: /convince_ws/install/pyrobosim_msgs/include/pyrobosim_msgs/pyrobosim_msgs/msg/detail/location_state__type_support.h\n'}
[0.272523] (pyrobosim_msgs) StdoutLine: {'line': b'-- Up-to-date symlink: /convince_ws/install/pyrobosim_msgs/include/pyrobosim_msgs/pyrobosim_msgs/msg/detail/object_state__functions.h\n'}
[0.272608] (pyrobosim_msgs) StdoutLine: {'line': b'-- Up-to-date symlink: /convince_ws/install/pyrobosim_msgs/include/pyrobosim_msgs/pyrobosim_msgs/msg/detail/object_state__struct.h\n'}
[0.272679] (pyrobosim_msgs) StdoutLine: {'line': b'-- Up-to-date symlink: /convince_ws/install/pyrobosim_msgs/include/pyrobosim_msgs/pyrobosim_msgs/msg/detail/object_state__type_support.h\n'}
[0.272762] (pyrobosim_msgs) StdoutLine: {'line': b'-- Up-to-date symlink: /convince_ws/install/pyrobosim_msgs/include/pyrobosim_msgs/pyrobosim_msgs/msg/detail/path__functions.h\n'}
[0.272840] (pyrobosim_msgs) StdoutLine: {'line': b'-- Up-to-date symlink: /convince_ws/install/pyrobosim_msgs/include/pyrobosim_msgs/pyrobosim_msgs/msg/detail/path__struct.h\n'}
[0.272910] (pyrobosim_msgs) StdoutLine: {'line': b'-- Up-to-date symlink: /convince_ws/install/pyrobosim_msgs/include/pyrobosim_msgs/pyrobosim_msgs/msg/detail/path__type_support.h\n'}
[0.272978] (pyrobosim_msgs) StdoutLine: {'line': b'-- Up-to-date symlink: /convince_ws/install/pyrobosim_msgs/include/pyrobosim_msgs/pyrobosim_msgs/msg/detail/robot_state__functions.h\n'}
[0.273047] (pyrobosim_msgs) StdoutLine: {'line': b'-- Up-to-date symlink: /convince_ws/install/pyrobosim_msgs/include/pyrobosim_msgs/pyrobosim_msgs/msg/detail/robot_state__struct.h\n'}
[0.273115] (pyrobosim_msgs) StdoutLine: {'line': b'-- Up-to-date symlink: /convince_ws/install/pyrobosim_msgs/include/pyrobosim_msgs/pyrobosim_msgs/msg/detail/robot_state__type_support.h\n'}
[0.273186] (pyrobosim_msgs) StdoutLine: {'line': b'-- Up-to-date symlink: /convince_ws/install/pyrobosim_msgs/include/pyrobosim_msgs/pyrobosim_msgs/msg/detail/task_action__functions.h\n'}
[0.273254] (pyrobosim_msgs) StdoutLine: {'line': b'-- Up-to-date symlink: /convince_ws/install/pyrobosim_msgs/include/pyrobosim_msgs/pyrobosim_msgs/msg/detail/task_action__struct.h\n'}
[0.273328] (pyrobosim_msgs) StdoutLine: {'line': b'-- Up-to-date symlink: /convince_ws/install/pyrobosim_msgs/include/pyrobosim_msgs/pyrobosim_msgs/msg/detail/task_action__type_support.h\n'}
[0.273470] (pyrobosim_msgs) StdoutLine: {'line': b'-- Up-to-date symlink: /convince_ws/install/pyrobosim_msgs/include/pyrobosim_msgs/pyrobosim_msgs/msg/detail/task_plan__functions.h\n'}
[0.273541] (bt_interfaces_dummy) StdoutLine: {'line': b'-- Up-to-date symlink: /convince_ws/install/bt_interfaces_dummy/share/ament_index/resource_index/packages/bt_interfaces_dummy\n'}
[0.273645] (pyrobosim_msgs) StdoutLine: {'line': b'-- Up-to-date symlink: /convince_ws/install/pyrobosim_msgs/include/pyrobosim_msgs/pyrobosim_msgs/msg/detail/task_plan__struct.h\n'}
[0.273733] (bt_interfaces_dummy) StdoutLine: {'line': b'-- Up-to-date symlink: /convince_ws/install/bt_interfaces_dummy/share/bt_interfaces_dummy/cmake/rosidl_cmake-extras.cmake\n'}
[0.273801] (pyrobosim_msgs) StdoutLine: {'line': b'-- Up-to-date symlink: /convince_ws/install/pyrobosim_msgs/include/pyrobosim_msgs/pyrobosim_msgs/msg/detail/task_plan__type_support.h\n'}
[0.273867] (bt_interfaces_dummy) StdoutLine: {'line': b'-- Up-to-date symlink: /convince_ws/install/bt_interfaces_dummy/share/bt_interfaces_dummy/cmake/ament_cmake_export_dependencies-extras.cmake\n'}
[0.273934] (pyrobosim_msgs) StdoutLine: {'line': b'-- Up-to-date symlink: /convince_ws/install/pyrobosim_msgs/include/pyrobosim_msgs/pyrobosim_msgs/msg/detail/world_info__functions.h\n'}
[0.273999] (bt_interfaces_dummy) StdoutLine: {'line': b'-- Up-to-date symlink: /convince_ws/install/bt_interfaces_dummy/share/bt_interfaces_dummy/cmake/ament_cmake_export_include_directories-extras.cmake\n'}
[0.274199] (bt_interfaces_dummy) StdoutLine: {'line': b'-- Up-to-date symlink: /convince_ws/install/bt_interfaces_dummy/share/bt_interfaces_dummy/cmake/ament_cmake_export_libraries-extras.cmake\n'}
[0.274336] (pyrobosim_msgs) StdoutLine: {'line': b'-- Up-to-date symlink: /convince_ws/install/pyrobosim_msgs/include/pyrobosim_msgs/pyrobosim_msgs/msg/detail/world_info__struct.h\n'}
[0.274457] (bt_interfaces_dummy) StdoutLine: {'line': b'-- Up-to-date symlink: /convince_ws/install/bt_interfaces_dummy/share/bt_interfaces_dummy/cmake/ament_cmake_export_targets-extras.cmake\n'}
[0.274544] (pyrobosim_msgs) StdoutLine: {'line': b'-- Up-to-date symlink: /convince_ws/install/pyrobosim_msgs/include/pyrobosim_msgs/pyrobosim_msgs/msg/detail/world_info__type_support.h\n'}
[0.274616] (bt_interfaces_dummy) StdoutLine: {'line': b'-- Up-to-date symlink: /convince_ws/install/bt_interfaces_dummy/share/bt_interfaces_dummy/cmake/rosidl_cmake_export_typesupport_targets-extras.cmake\n'}
[0.274695] (bt_interfaces_dummy) StdoutLine: {'line': b'-- Up-to-date symlink: /convince_ws/install/bt_interfaces_dummy/share/bt_interfaces_dummy/cmake/rosidl_cmake_export_typesupport_libraries-extras.cmake\n'}
[0.274766] (pyrobosim_msgs) StdoutLine: {'line': b'-- Up-to-date symlink: /convince_ws/install/pyrobosim_msgs/include/pyrobosim_msgs/pyrobosim_msgs/msg/detail/world_state__functions.h\n'}
[0.274907] (bt_interfaces_dummy) StdoutLine: {'line': b'-- Up-to-date symlink: /convince_ws/install/bt_interfaces_dummy/share/bt_interfaces_dummy/cmake/bt_interfaces_dummyConfig.cmake\n'}
[0.274986] (bt_interfaces_dummy) StdoutLine: {'line': b'-- Up-to-date symlink: /convince_ws/install/bt_interfaces_dummy/share/bt_interfaces_dummy/cmake/bt_interfaces_dummyConfig-version.cmake\n'}
[0.275055] (bt_interfaces_dummy) StdoutLine: {'line': b'-- Up-to-date symlink: /convince_ws/install/bt_interfaces_dummy/share/bt_interfaces_dummy/package.xml\n'}
[0.275125] (bt_interfaces_dummy) StdoutLine: {'line': b'-- Up-to-date: /convince_ws/install/bt_interfaces_dummy/lib/libbt_interfaces_dummy__rosidl_generator_c.so\n'}
[0.275208] (pyrobosim_msgs) StdoutLine: {'line': b'-- Up-to-date symlink: /convince_ws/install/pyrobosim_msgs/include/pyrobosim_msgs/pyrobosim_msgs/msg/detail/world_state__struct.h\n'}
[0.275298] (pyrobosim_msgs) StdoutLine: {'line': b'-- Up-to-date symlink: /convince_ws/install/pyrobosim_msgs/include/pyrobosim_msgs/pyrobosim_msgs/msg/detail/world_state__type_support.h\n'}
[0.275394] (pyrobosim_msgs) StdoutLine: {'line': b'-- Up-to-date symlink: /convince_ws/install/pyrobosim_msgs/include/pyrobosim_msgs/pyrobosim_msgs/msg/execution_result.h\n'}
[0.275475] (pyrobosim_msgs) StdoutLine: {'line': b'-- Up-to-date symlink: /convince_ws/install/pyrobosim_msgs/include/pyrobosim_msgs/pyrobosim_msgs/msg/goal_predicate.h\n'}
[0.275551] (bt_interfaces_dummy) StdoutLine: {'line': b'-- Up-to-date: /convince_ws/install/bt_interfaces_dummy/lib/libbt_interfaces_dummy__rosidl_typesupport_fastrtps_c.so\n'}
[0.275655] (pyrobosim_msgs) StdoutLine: {'line': b'-- Up-to-date symlink: /convince_ws/install/pyrobosim_msgs/include/pyrobosim_msgs/pyrobosim_msgs/msg/goal_specification.h\n'}
[0.275732] (bt_interfaces_dummy) StdoutLine: {'line': b'-- Up-to-date: /convince_ws/install/bt_interfaces_dummy/lib/libbt_interfaces_dummy__rosidl_typesupport_introspection_c.so\n'}
[0.275844] (bt_interfaces_dummy) StdoutLine: {'line': b'-- Up-to-date: /convince_ws/install/bt_interfaces_dummy/lib/libbt_interfaces_dummy__rosidl_typesupport_c.so\n'}
[0.275921] (bt_interfaces_dummy) StdoutLine: {'line': b'-- Up-to-date: /convince_ws/install/bt_interfaces_dummy/lib/libbt_interfaces_dummy__rosidl_typesupport_fastrtps_cpp.so\n'}
[0.275988] (bt_interfaces_dummy) StdoutLine: {'line': b'-- Up-to-date: /convince_ws/install/bt_interfaces_dummy/lib/libbt_interfaces_dummy__rosidl_typesupport_introspection_cpp.so\n'}
[0.276107] (pyrobosim_msgs) StdoutLine: {'line': b'-- Up-to-date symlink: /convince_ws/install/pyrobosim_msgs/include/pyrobosim_msgs/pyrobosim_msgs/msg/hallway_state.h\n'}
[0.276175] (bt_interfaces_dummy) StdoutLine: {'line': b'-- Up-to-date: /convince_ws/install/bt_interfaces_dummy/lib/libbt_interfaces_dummy__rosidl_typesupport_cpp.so\n'}
[0.276242] (pyrobosim_msgs) StdoutLine: {'line': b'-- Up-to-date symlink: /convince_ws/install/pyrobosim_msgs/include/pyrobosim_msgs/pyrobosim_msgs/msg/location_state.h\n'}
[0.276363] (pyrobosim_msgs) StdoutLine: {'line': b'-- Up-to-date symlink: /convince_ws/install/pyrobosim_msgs/include/pyrobosim_msgs/pyrobosim_msgs/msg/object_state.h\n'}
[0.276476] (pyrobosim_msgs) StdoutLine: {'line': b'-- Up-to-date symlink: /convince_ws/install/pyrobosim_msgs/include/pyrobosim_msgs/pyrobosim_msgs/msg/path.h\n'}
[0.276544] (pyrobosim_msgs) StdoutLine: {'line': b'-- Up-to-date symlink: /convince_ws/install/pyrobosim_msgs/include/pyrobosim_msgs/pyrobosim_msgs/msg/robot_state.h\n'}
[0.276610] (overarching_msgs) StdoutLine: {'line': b'-- Up-to-date symlink: /convince_ws/install/overarching_msgs/share/ament_index/resource_index/packages/overarching_msgs\n'}
[0.276691] (overarching_msgs) StdoutLine: {'line': b'-- Up-to-date symlink: /convince_ws/install/overarching_msgs/share/overarching_msgs/cmake/rosidl_cmake-extras.cmake\n'}
[0.276759] (overarching_msgs) StdoutLine: {'line': b'-- Up-to-date symlink: /convince_ws/install/overarching_msgs/share/overarching_msgs/cmake/ament_cmake_export_dependencies-extras.cmake\n'}
[0.276837] (overarching_msgs) StdoutLine: {'line': b'-- Up-to-date symlink: /convince_ws/install/overarching_msgs/share/overarching_msgs/cmake/ament_cmake_export_include_directories-extras.cmake\n'}
[0.276912] (overarching_msgs) StdoutLine: {'line': b'-- Up-to-date symlink: /convince_ws/install/overarching_msgs/share/overarching_msgs/cmake/ament_cmake_export_libraries-extras.cmake\n'}
[0.276985] (pyrobosim_msgs) StdoutLine: {'line': b'-- Up-to-date symlink: /convince_ws/install/pyrobosim_msgs/include/pyrobosim_msgs/pyrobosim_msgs/msg/rosidl_generator_c__visibility_control.h\n'}
[0.277052] (pyrobosim_msgs) StdoutLine: {'line': b'-- Up-to-date symlink: /convince_ws/install/pyrobosim_msgs/include/pyrobosim_msgs/pyrobosim_msgs/msg/task_action.h\n'}
[0.277151] (pyrobosim_msgs) StdoutLine: {'line': b'-- Up-to-date symlink: /convince_ws/install/pyrobosim_msgs/include/pyrobosim_msgs/pyrobosim_msgs/msg/task_plan.h\n'}
[0.277232] (pyrobosim_msgs) StdoutLine: {'line': b'-- Up-to-date symlink: /convince_ws/install/pyrobosim_msgs/include/pyrobosim_msgs/pyrobosim_msgs/msg/world_info.h\n'}
[0.277318] (pyrobosim_msgs) StdoutLine: {'line': b'-- Up-to-date symlink: /convince_ws/install/pyrobosim_msgs/include/pyrobosim_msgs/pyrobosim_msgs/msg/world_state.h\n'}
[0.277420] (pyrobosim_msgs) StdoutLine: {'line': b'-- Up-to-date symlink: /convince_ws/install/pyrobosim_msgs/include/pyrobosim_msgs/pyrobosim_msgs/srv/detail/request_world_info__functions.h\n'}
[0.277497] (pyrobosim_msgs) StdoutLine: {'line': b'-- Up-to-date symlink: /convince_ws/install/pyrobosim_msgs/include/pyrobosim_msgs/pyrobosim_msgs/srv/detail/request_world_info__struct.h\n'}
[0.277563] (pyrobosim_msgs) StdoutLine: {'line': b'-- Up-to-date symlink: /convince_ws/install/pyrobosim_msgs/include/pyrobosim_msgs/pyrobosim_msgs/srv/detail/request_world_info__type_support.h\n'}
[0.277650] (pyrobosim_msgs) StdoutLine: {'line': b'-- Up-to-date symlink: /convince_ws/install/pyrobosim_msgs/include/pyrobosim_msgs/pyrobosim_msgs/srv/detail/request_world_state__functions.h\n'}
[0.277738] (overarching_msgs) StdoutLine: {'line': b'-- Up-to-date symlink: /convince_ws/install/overarching_msgs/share/overarching_msgs/cmake/ament_cmake_export_targets-extras.cmake\n'}
[0.277825] (pyrobosim_msgs) StdoutLine: {'line': b'-- Up-to-date symlink: /convince_ws/install/pyrobosim_msgs/include/pyrobosim_msgs/pyrobosim_msgs/srv/detail/request_world_state__struct.h\n'}
[0.277890] (pyrobosim_msgs) StdoutLine: {'line': b'-- Up-to-date symlink: /convince_ws/install/pyrobosim_msgs/include/pyrobosim_msgs/pyrobosim_msgs/srv/detail/request_world_state__type_support.h\n'}
[0.277972] (overarching_msgs) StdoutLine: {'line': b'-- Up-to-date symlink: /convince_ws/install/overarching_msgs/share/overarching_msgs/cmake/rosidl_cmake_export_typesupport_targets-extras.cmake\n'}
[0.278037] (overarching_msgs) StdoutLine: {'line': b'-- Up-to-date symlink: /convince_ws/install/overarching_msgs/share/overarching_msgs/cmake/rosidl_cmake_export_typesupport_libraries-extras.cmake\n'}
[0.278124] (overarching_msgs) StdoutLine: {'line': b'-- Up-to-date symlink: /convince_ws/install/overarching_msgs/share/overarching_msgs/cmake/overarching_msgsConfig.cmake\n'}
[0.278213] (overarching_msgs) StdoutLine: {'line': b'-- Up-to-date symlink: /convince_ws/install/overarching_msgs/share/overarching_msgs/cmake/overarching_msgsConfig-version.cmake\n'}
[0.278293] (overarching_msgs) StdoutLine: {'line': b'-- Up-to-date symlink: /convince_ws/install/overarching_msgs/share/overarching_msgs/package.xml\n'}
[0.278407] (overarching_msgs) StdoutLine: {'line': b'-- Up-to-date: /convince_ws/install/overarching_msgs/lib/liboverarching_msgs__rosidl_generator_c.so\n'}
[0.278487] (overarching_msgs) StdoutLine: {'line': b'-- Up-to-date: /convince_ws/install/overarching_msgs/lib/liboverarching_msgs__rosidl_typesupport_fastrtps_c.so\n'}
[0.278572] (overarching_msgs) StdoutLine: {'line': b'-- Up-to-date: /convince_ws/install/overarching_msgs/lib/liboverarching_msgs__rosidl_typesupport_introspection_c.so\n'}
[0.278671] (overarching_msgs) StdoutLine: {'line': b'-- Up-to-date: /convince_ws/install/overarching_msgs/lib/liboverarching_msgs__rosidl_typesupport_c.so\n'}
[0.278748] (overarching_msgs) StdoutLine: {'line': b'-- Up-to-date: /convince_ws/install/overarching_msgs/lib/liboverarching_msgs__rosidl_typesupport_fastrtps_cpp.so\n'}
[0.278830] (pyrobosim_msgs) StdoutLine: {'line': b'-- Up-to-date symlink: /convince_ws/install/pyrobosim_msgs/include/pyrobosim_msgs/pyrobosim_msgs/srv/detail/reset_world__functions.h\n'}
[0.278921] (pyrobosim_msgs) StdoutLine: {'line': b'-- Up-to-date symlink: /convince_ws/install/pyrobosim_msgs/include/pyrobosim_msgs/pyrobosim_msgs/srv/detail/reset_world__struct.h\n'}
[0.278987] (pyrobosim_msgs) StdoutLine: {'line': b'-- Up-to-date symlink: /convince_ws/install/pyrobosim_msgs/include/pyrobosim_msgs/pyrobosim_msgs/srv/detail/reset_world__type_support.h\n'}
[0.279068] (pyrobosim_msgs) StdoutLine: {'line': b'-- Up-to-date symlink: /convince_ws/install/pyrobosim_msgs/include/pyrobosim_msgs/pyrobosim_msgs/srv/detail/set_location_state__functions.h\n'}
[0.279149] (pyrobosim_msgs) StdoutLine: {'line': b'-- Up-to-date symlink: /convince_ws/install/pyrobosim_msgs/include/pyrobosim_msgs/pyrobosim_msgs/srv/detail/set_location_state__struct.h\n'}
[0.279231] (overarching_msgs) StdoutLine: {'line': b'-- Up-to-date: /convince_ws/install/overarching_msgs/lib/liboverarching_msgs__rosidl_typesupport_introspection_cpp.so\n'}
[0.279329] (pyrobosim_msgs) StdoutLine: {'line': b'-- Up-to-date symlink: /convince_ws/install/pyrobosim_msgs/include/pyrobosim_msgs/pyrobosim_msgs/srv/detail/set_location_state__type_support.h\n'}
[0.279405] (pyrobosim_msgs) StdoutLine: {'line': b'-- Up-to-date symlink: /convince_ws/install/pyrobosim_msgs/include/pyrobosim_msgs/pyrobosim_msgs/srv/request_world_info.h\n'}
[0.279486] (overarching_msgs) StdoutLine: {'line': b'-- Up-to-date: /convince_ws/install/overarching_msgs/lib/liboverarching_msgs__rosidl_typesupport_cpp.so\n'}
[0.279572] (pyrobosim_msgs) StdoutLine: {'line': b'-- Up-to-date symlink: /convince_ws/install/pyrobosim_msgs/include/pyrobosim_msgs/pyrobosim_msgs/srv/request_world_state.h\n'}
[0.279643] (pyrobosim_msgs) StdoutLine: {'line': b'-- Up-to-date symlink: /convince_ws/install/pyrobosim_msgs/include/pyrobosim_msgs/pyrobosim_msgs/srv/reset_world.h\n'}
[0.279722] (pyrobosim_msgs) StdoutLine: {'line': b'-- Up-to-date symlink: /convince_ws/install/pyrobosim_msgs/include/pyrobosim_msgs/pyrobosim_msgs/srv/set_location_state.h\n'}
[0.279794] (pyrobosim_msgs) StdoutLine: {'line': b'-- Up-to-date symlink: /convince_ws/install/pyrobosim_msgs/share/pyrobosim_msgs/environment/library_path.sh\n'}
[0.279870] (pyrobosim_msgs) StdoutLine: {'line': b'-- Up-to-date symlink: /convince_ws/install/pyrobosim_msgs/share/pyrobosim_msgs/environment/library_path.dsv\n'}
[0.279942] (btcpp_ros2_interfaces) CommandEnded: {'returncode': 0}
[0.280116] (pyrobosim_msgs) StdoutLine: {'line': b'-- Up-to-date symlink: /convince_ws/install/pyrobosim_msgs/include/pyrobosim_msgs/pyrobosim_msgs/action/detail/detect_objects__rosidl_typesupport_fastrtps_c.h\n'}
[0.280197] (pyrobosim_msgs) StdoutLine: {'line': b'-- Up-to-date symlink: /convince_ws/install/pyrobosim_msgs/include/pyrobosim_msgs/pyrobosim_msgs/action/detail/execute_task_action__rosidl_typesupport_fastrtps_c.h\n'}
[0.280277] (pyrobosim_msgs) StdoutLine: {'line': b'-- Up-to-date symlink: /convince_ws/install/pyrobosim_msgs/include/pyrobosim_msgs/pyrobosim_msgs/action/detail/execute_task_plan__rosidl_typesupport_fastrtps_c.h\n'}
[0.280353] (pyrobosim_msgs) StdoutLine: {'line': b'-- Up-to-date symlink: /convince_ws/install/pyrobosim_msgs/include/pyrobosim_msgs/pyrobosim_msgs/action/detail/follow_path__rosidl_typesupport_fastrtps_c.h\n'}
[0.280423] (pyrobosim_msgs) StdoutLine: {'line': b'-- Up-to-date symlink: /convince_ws/install/pyrobosim_msgs/include/pyrobosim_msgs/pyrobosim_msgs/action/detail/plan_path__rosidl_typesupport_fastrtps_c.h\n'}
[0.280487] (pyrobosim_msgs) StdoutLine: {'line': b'-- Up-to-date symlink: /convince_ws/install/pyrobosim_msgs/include/pyrobosim_msgs/pyrobosim_msgs/msg/detail/execution_result__rosidl_typesupport_fastrtps_c.h\n'}
[0.280550] (pyrobosim_msgs) StdoutLine: {'line': b'-- Up-to-date symlink: /convince_ws/install/pyrobosim_msgs/include/pyrobosim_msgs/pyrobosim_msgs/msg/detail/goal_predicate__rosidl_typesupport_fastrtps_c.h\n'}
[0.280613] (pyrobosim_msgs) StdoutLine: {'line': b'-- Up-to-date symlink: /convince_ws/install/pyrobosim_msgs/include/pyrobosim_msgs/pyrobosim_msgs/msg/detail/goal_specification__rosidl_typesupport_fastrtps_c.h\n'}
[0.280694] (pyrobosim_msgs) StdoutLine: {'line': b'-- Up-to-date symlink: /convince_ws/install/pyrobosim_msgs/include/pyrobosim_msgs/pyrobosim_msgs/msg/detail/hallway_state__rosidl_typesupport_fastrtps_c.h\n'}
[0.280794] (pyrobosim_msgs) StdoutLine: {'line': b'-- Up-to-date symlink: /convince_ws/install/pyrobosim_msgs/include/pyrobosim_msgs/pyrobosim_msgs/msg/detail/location_state__rosidl_typesupport_fastrtps_c.h\n'}
[0.280863] (pyrobosim_msgs) StdoutLine: {'line': b'-- Up-to-date symlink: /convince_ws/install/pyrobosim_msgs/include/pyrobosim_msgs/pyrobosim_msgs/msg/detail/object_state__rosidl_typesupport_fastrtps_c.h\n'}
[0.280935] (btcpp_ros2_interfaces) JobProgress: {'identifier': 'btcpp_ros2_interfaces', 'progress': 'install'}
[0.280951] (pyrobosim_msgs) StdoutLine: {'line': b'-- Up-to-date symlink: /convince_ws/install/pyrobosim_msgs/include/pyrobosim_msgs/pyrobosim_msgs/msg/detail/path__rosidl_typesupport_fastrtps_c.h\n'}
[0.281021] (pyrobosim_msgs) StdoutLine: {'line': b'-- Up-to-date symlink: /convince_ws/install/pyrobosim_msgs/include/pyrobosim_msgs/pyrobosim_msgs/msg/detail/robot_state__rosidl_typesupport_fastrtps_c.h\n'}
[0.281092] (btcpp_ros2_interfaces) Command: {'cmd': ['/usr/bin/cmake', '--install', '/convince_ws/build/btcpp_ros2_interfaces'], 'cwd': '/convince_ws/build/btcpp_ros2_interfaces', 'env': OrderedDict({'PYTHONWARNINGS': 'ignore:setup.py install is deprecated,ignore:easy_install command is deprecated', 'HOSTNAME': '8a792cd6aa65', 'SHLVL': '1', 'LD_LIBRARY_PATH': '/opt/ros/jazzy/opt/zmqpp_vendor/lib:/opt/ros/jazzy/lib/x86_64-linux-gnu:/opt/ros/jazzy/lib', 'HOME': '/root', 'OLDPWD': '/convince_ws', 'ROS_PYTHON_VERSION': '3', 'ROS_DISTRO': 'jazzy', '_': '/usr/bin/colcon', 'ROS_VERSION': '2', 'TERM': 'xterm', 'QT_X11_NO_MITSHM': '1', 'PATH': '/opt/ros/jazzy/bin:/usr/local/sbin:/usr/local/bin:/usr/sbin:/usr/bin:/sbin:/bin', 'DISPLAY': ':1', 'LANG': 'C.UTF-8', 'AMENT_PREFIX_PATH': '/opt/ros/jazzy', 'ROS_WS': '/convince_ws', 'ROS_AUTOMATIC_DISCOVERY_RANGE': 'SUBNET', 'PWD': '/convince_ws/build/btcpp_ros2_interfaces', 'LC_ALL': 'C.UTF-8', 'PYTHONPATH': '/opt/ros/jazzy/lib/python3.12/site-packages', 'COLCON': '1', 'CMAKE_PREFIX_PATH': '/opt/ros/jazzy'}), 'shell': False}
[0.281236] (pyrobosim_msgs) StdoutLine: {'line': b'-- Up-to-date symlink: /convince_ws/install/pyrobosim_msgs/include/pyrobosim_msgs/pyrobosim_msgs/msg/detail/task_action__rosidl_typesupport_fastrtps_c.h\n'}
[0.281321] (pyrobosim_msgs) StdoutLine: {'line': b'-- Up-to-date symlink: /convince_ws/install/pyrobosim_msgs/include/pyrobosim_msgs/pyrobosim_msgs/msg/detail/task_plan__rosidl_typesupport_fastrtps_c.h\n'}
[0.281396] (pyrobosim_msgs) StdoutLine: {'line': b'-- Up-to-date symlink: /convince_ws/install/pyrobosim_msgs/include/pyrobosim_msgs/pyrobosim_msgs/msg/detail/world_info__rosidl_typesupport_fastrtps_c.h\n'}
[0.281471] (pyrobosim_msgs) StdoutLine: {'line': b'-- Up-to-date symlink: /convince_ws/install/pyrobosim_msgs/include/pyrobosim_msgs/pyrobosim_msgs/msg/detail/world_state__rosidl_typesupport_fastrtps_c.h\n'}
[0.281534] (pyrobosim_msgs) StdoutLine: {'line': b'-- Up-to-date symlink: /convince_ws/install/pyrobosim_msgs/include/pyrobosim_msgs/pyrobosim_msgs/msg/rosidl_typesupport_fastrtps_c__visibility_control.h\n'}
[0.281630] (pyrobosim_msgs) StdoutLine: {'line': b'-- Up-to-date symlink: /convince_ws/install/pyrobosim_msgs/include/pyrobosim_msgs/pyrobosim_msgs/srv/detail/request_world_info__rosidl_typesupport_fastrtps_c.h\n'}
[0.281694] (pyrobosim_msgs) StdoutLine: {'line': b'-- Up-to-date symlink: /convince_ws/install/pyrobosim_msgs/include/pyrobosim_msgs/pyrobosim_msgs/srv/detail/request_world_state__rosidl_typesupport_fastrtps_c.h\n'}
[0.281764] (pyrobosim_msgs) StdoutLine: {'line': b'-- Up-to-date symlink: /convince_ws/install/pyrobosim_msgs/include/pyrobosim_msgs/pyrobosim_msgs/srv/detail/reset_world__rosidl_typesupport_fastrtps_c.h\n'}
[0.281838] (pyrobosim_msgs) StdoutLine: {'line': b'-- Up-to-date symlink: /convince_ws/install/pyrobosim_msgs/include/pyrobosim_msgs/pyrobosim_msgs/srv/detail/set_location_state__rosidl_typesupport_fastrtps_c.h\n'}
[0.281909] (pyrobosim_msgs) StdoutLine: {'line': b'-- Up-to-date symlink: /convince_ws/install/pyrobosim_msgs/include/pyrobosim_msgs/pyrobosim_msgs/action/detail/detect_objects__builder.hpp\n'}
[0.281978] (pyrobosim_msgs) StdoutLine: {'line': b'-- Up-to-date symlink: /convince_ws/install/pyrobosim_msgs/include/pyrobosim_msgs/pyrobosim_msgs/action/detail/detect_objects__struct.hpp\n'}
[0.282042] (pyrobosim_msgs) StdoutLine: {'line': b'-- Up-to-date symlink: /convince_ws/install/pyrobosim_msgs/include/pyrobosim_msgs/pyrobosim_msgs/action/detail/detect_objects__traits.hpp\n'}
[0.282113] (pyrobosim_msgs) StdoutLine: {'line': b'-- Up-to-date symlink: /convince_ws/install/pyrobosim_msgs/include/pyrobosim_msgs/pyrobosim_msgs/action/detail/detect_objects__type_support.hpp\n'}
[0.282184] (pyrobosim_msgs) StdoutLine: {'line': b'-- Up-to-date symlink: /convince_ws/install/pyrobosim_msgs/include/pyrobosim_msgs/pyrobosim_msgs/action/detail/execute_task_action__builder.hpp\n'}
[0.282253] (pyrobosim_msgs) StdoutLine: {'line': b'-- Up-to-date symlink: /convince_ws/install/pyrobosim_msgs/include/pyrobosim_msgs/pyrobosim_msgs/action/detail/execute_task_action__struct.hpp\n'}
[0.282331] (pyrobosim_msgs) StdoutLine: {'line': b'-- Up-to-date symlink: /convince_ws/install/pyrobosim_msgs/include/pyrobosim_msgs/pyrobosim_msgs/action/detail/execute_task_action__traits.hpp\n'}
[0.282404] (pyrobosim_msgs) StdoutLine: {'line': b'-- Up-to-date symlink: /convince_ws/install/pyrobosim_msgs/include/pyrobosim_msgs/pyrobosim_msgs/action/detail/execute_task_action__type_support.hpp\n'}
[0.282476] (pyrobosim_msgs) StdoutLine: {'line': b'-- Up-to-date symlink: /convince_ws/install/pyrobosim_msgs/include/pyrobosim_msgs/pyrobosim_msgs/action/detail/execute_task_plan__builder.hpp\n'}
[0.282547] (pyrobosim_msgs) StdoutLine: {'line': b'-- Up-to-date symlink: /convince_ws/install/pyrobosim_msgs/include/pyrobosim_msgs/pyrobosim_msgs/action/detail/execute_task_plan__struct.hpp\n'}
[0.282610] (pyrobosim_msgs) StdoutLine: {'line': b'-- Up-to-date symlink: /convince_ws/install/pyrobosim_msgs/include/pyrobosim_msgs/pyrobosim_msgs/action/detail/execute_task_plan__traits.hpp\n'}
[0.282673] (pyrobosim_msgs) StdoutLine: {'line': b'-- Up-to-date symlink: /convince_ws/install/pyrobosim_msgs/include/pyrobosim_msgs/pyrobosim_msgs/action/detail/execute_task_plan__type_support.hpp\n'}
[0.282735] (pyrobosim_msgs) StdoutLine: {'line': b'-- Up-to-date symlink: /convince_ws/install/pyrobosim_msgs/include/pyrobosim_msgs/pyrobosim_msgs/action/detail/follow_path__builder.hpp\n'}
[0.282798] (pyrobosim_msgs) StdoutLine: {'line': b'-- Up-to-date symlink: /convince_ws/install/pyrobosim_msgs/include/pyrobosim_msgs/pyrobosim_msgs/action/detail/follow_path__struct.hpp\n'}
[0.282869] (pyrobosim_msgs) StdoutLine: {'line': b'-- Up-to-date symlink: /convince_ws/install/pyrobosim_msgs/include/pyrobosim_msgs/pyrobosim_msgs/action/detail/follow_path__traits.hpp\n'}
[0.282931] (pyrobosim_msgs) StdoutLine: {'line': b'-- Up-to-date symlink: /convince_ws/install/pyrobosim_msgs/include/pyrobosim_msgs/pyrobosim_msgs/action/detail/follow_path__type_support.hpp\n'}
[0.282998] (pyrobosim_msgs) StdoutLine: {'line': b'-- Up-to-date symlink: /convince_ws/install/pyrobosim_msgs/include/pyrobosim_msgs/pyrobosim_msgs/action/detail/plan_path__builder.hpp\n'}
[0.283063] (pyrobosim_msgs) StdoutLine: {'line': b'-- Up-to-date symlink: /convince_ws/install/pyrobosim_msgs/include/pyrobosim_msgs/pyrobosim_msgs/action/detail/plan_path__struct.hpp\n'}
[0.283131] (pyrobosim_msgs) StdoutLine: {'line': b'-- Up-to-date symlink: /convince_ws/install/pyrobosim_msgs/include/pyrobosim_msgs/pyrobosim_msgs/action/detail/plan_path__traits.hpp\n'}
[0.283196] (pyrobosim_msgs) StdoutLine: {'line': b'-- Up-to-date symlink: /convince_ws/install/pyrobosim_msgs/include/pyrobosim_msgs/pyrobosim_msgs/action/detail/plan_path__type_support.hpp\n'}
[0.283270] (pyrobosim_msgs) StdoutLine: {'line': b'-- Up-to-date symlink: /convince_ws/install/pyrobosim_msgs/include/pyrobosim_msgs/pyrobosim_msgs/action/detect_objects.hpp\n'}
[0.283343] (pyrobosim_msgs) StdoutLine: {'line': b'-- Up-to-date symlink: /convince_ws/install/pyrobosim_msgs/include/pyrobosim_msgs/pyrobosim_msgs/action/execute_task_action.hpp\n'}
[0.283419] (pyrobosim_msgs) StdoutLine: {'line': b'-- Up-to-date symlink: /convince_ws/install/pyrobosim_msgs/include/pyrobosim_msgs/pyrobosim_msgs/action/execute_task_plan.hpp\n'}
[0.283492] (pyrobosim_msgs) StdoutLine: {'line': b'-- Up-to-date symlink: /convince_ws/install/pyrobosim_msgs/include/pyrobosim_msgs/pyrobosim_msgs/action/follow_path.hpp\n'}
[0.283563] (pyrobosim_msgs) StdoutLine: {'line': b'-- Up-to-date symlink: /convince_ws/install/pyrobosim_msgs/include/pyrobosim_msgs/pyrobosim_msgs/action/plan_path.hpp\n'}
[0.283634] (pyrobosim_msgs) StdoutLine: {'line': b'-- Up-to-date symlink: /convince_ws/install/pyrobosim_msgs/include/pyrobosim_msgs/pyrobosim_msgs/msg/detail/execution_result__builder.hpp\n'}
[0.283704] (pyrobosim_msgs) StdoutLine: {'line': b'-- Up-to-date symlink: /convince_ws/install/pyrobosim_msgs/include/pyrobosim_msgs/pyrobosim_msgs/msg/detail/execution_result__struct.hpp\n'}
[0.283768] (btcpp_ros2_interfaces) StdoutLine: {'line': b'-- Install configuration: ""\n'}
[0.283845] (pyrobosim_msgs) StdoutLine: {'line': b'-- Up-to-date symlink: /convince_ws/install/pyrobosim_msgs/include/pyrobosim_msgs/pyrobosim_msgs/msg/detail/execution_result__traits.hpp\n'}
[0.283915] (pyrobosim_msgs) StdoutLine: {'line': b'-- Up-to-date symlink: /convince_ws/install/pyrobosim_msgs/include/pyrobosim_msgs/pyrobosim_msgs/msg/detail/execution_result__type_support.hpp\n'}
[0.283997] (pyrobosim_msgs) StdoutLine: {'line': b'-- Up-to-date symlink: /convince_ws/install/pyrobosim_msgs/include/pyrobosim_msgs/pyrobosim_msgs/msg/detail/goal_predicate__builder.hpp\n'}
[0.284060] (pyrobosim_msgs) StdoutLine: {'line': b'-- Up-to-date symlink: /convince_ws/install/pyrobosim_msgs/include/pyrobosim_msgs/pyrobosim_msgs/msg/detail/goal_predicate__struct.hpp\n'}
[0.284175] (pyrobosim_msgs) StdoutLine: {'line': b'-- Up-to-date symlink: /convince_ws/install/pyrobosim_msgs/include/pyrobosim_msgs/pyrobosim_msgs/msg/detail/goal_predicate__traits.hpp\n'}
[0.284244] (pyrobosim_msgs) StdoutLine: {'line': b'-- Up-to-date symlink: /convince_ws/install/pyrobosim_msgs/include/pyrobosim_msgs/pyrobosim_msgs/msg/detail/goal_predicate__type_support.hpp\n'}
[0.284307] (pyrobosim_msgs) StdoutLine: {'line': b'-- Up-to-date symlink: /convince_ws/install/pyrobosim_msgs/include/pyrobosim_msgs/pyrobosim_msgs/msg/detail/goal_specification__builder.hpp\n'}
[0.284383] (pyrobosim_msgs) StdoutLine: {'line': b'-- Up-to-date symlink: /convince_ws/install/pyrobosim_msgs/include/pyrobosim_msgs/pyrobosim_msgs/msg/detail/goal_specification__struct.hpp\n'}
[0.284455] (pyrobosim_msgs) StdoutLine: {'line': b'-- Up-to-date symlink: /convince_ws/install/pyrobosim_msgs/include/pyrobosim_msgs/pyrobosim_msgs/msg/detail/goal_specification__traits.hpp\n'}
[0.284525] (pyrobosim_msgs) StdoutLine: {'line': b'-- Up-to-date symlink: /convince_ws/install/pyrobosim_msgs/include/pyrobosim_msgs/pyrobosim_msgs/msg/detail/goal_specification__type_support.hpp\n'}
[0.284588] (pyrobosim_msgs) StdoutLine: {'line': b'-- Up-to-date symlink: /convince_ws/install/pyrobosim_msgs/include/pyrobosim_msgs/pyrobosim_msgs/msg/detail/hallway_state__builder.hpp\n'}
[0.284658] (btcpp_ros2_interfaces) StdoutLine: {'line': b'-- Execute custom install script\n'}
[0.284730] (pyrobosim_msgs) StdoutLine: {'line': b'-- Up-to-date symlink: /convince_ws/install/pyrobosim_msgs/include/pyrobosim_msgs/pyrobosim_msgs/msg/detail/hallway_state__struct.hpp\n'}
[0.284800] (btcpp_ros2_interfaces) StdoutLine: {'line': b'-- Up-to-date symlink: /convince_ws/install/btcpp_ros2_interfaces/share/ament_index/resource_index/rosidl_interfaces/btcpp_ros2_interfaces\n'}
[0.284870] (btcpp_ros2_interfaces) StdoutLine: {'line': b'-- Up-to-date symlink: /convince_ws/install/btcpp_ros2_interfaces/share/btcpp_ros2_interfaces/msg/NodeStatus.json\n'}
[0.284939] (btcpp_ros2_interfaces) StdoutLine: {'line': b'-- Up-to-date symlink: /convince_ws/install/btcpp_ros2_interfaces/share/btcpp_ros2_interfaces/srv/GetTrees.json\n'}
[0.285003] (btcpp_ros2_interfaces) StdoutLine: {'line': b'-- Up-to-date symlink: /convince_ws/install/btcpp_ros2_interfaces/share/btcpp_ros2_interfaces/action/ExecuteTree.json\n'}
[0.285074] (btcpp_ros2_interfaces) StdoutLine: {'line': b'-- Up-to-date symlink: /convince_ws/install/btcpp_ros2_interfaces/share/btcpp_ros2_interfaces/action/Sleep.json\n'}
[0.285146] (pyrobosim_msgs) StdoutLine: {'line': b'-- Up-to-date symlink: /convince_ws/install/pyrobosim_msgs/include/pyrobosim_msgs/pyrobosim_msgs/msg/detail/hallway_state__traits.hpp\n'}
[0.285211] (pyrobosim_msgs) StdoutLine: {'line': b'-- Up-to-date symlink: /convince_ws/install/pyrobosim_msgs/include/pyrobosim_msgs/pyrobosim_msgs/msg/detail/hallway_state__type_support.hpp\n'}
[0.285274] (btcpp_ros2_interfaces) StdoutLine: {'line': b'-- Up-to-date symlink: /convince_ws/install/btcpp_ros2_interfaces/include/btcpp_ros2_interfaces/btcpp_ros2_interfaces/action/detail/execute_tree__functions.h\n'}
[0.285407] (btcpp_ros2_interfaces) StdoutLine: {'line': b'-- Up-to-date symlink: /convince_ws/install/btcpp_ros2_interfaces/include/btcpp_ros2_interfaces/btcpp_ros2_interfaces/action/detail/execute_tree__struct.h\n'}
[0.285457] (pyrobosim_msgs) StdoutLine: {'line': b'-- Up-to-date symlink: /convince_ws/install/pyrobosim_msgs/include/pyrobosim_msgs/pyrobosim_msgs/msg/detail/location_state__builder.hpp\n'}
[0.285494] (btcpp_ros2_interfaces) StdoutLine: {'line': b'-- Up-to-date symlink: /convince_ws/install/btcpp_ros2_interfaces/include/btcpp_ros2_interfaces/btcpp_ros2_interfaces/action/detail/execute_tree__type_support.h\n'}
[0.285525] (btcpp_ros2_interfaces) StdoutLine: {'line': b'-- Up-to-date symlink: /convince_ws/install/btcpp_ros2_interfaces/include/btcpp_ros2_interfaces/btcpp_ros2_interfaces/action/detail/sleep__functions.h\n'}
[0.285553] (pyrobosim_msgs) StdoutLine: {'line': b'-- Up-to-date symlink: /convince_ws/install/pyrobosim_msgs/include/pyrobosim_msgs/pyrobosim_msgs/msg/detail/location_state__struct.hpp\n'}
[0.285580] (pyrobosim_msgs) StdoutLine: {'line': b'-- Up-to-date symlink: /convince_ws/install/pyrobosim_msgs/include/pyrobosim_msgs/pyrobosim_msgs/msg/detail/location_state__traits.hpp\n'}
[0.285606] (pyrobosim_msgs) StdoutLine: {'line': b'-- Up-to-date symlink: /convince_ws/install/pyrobosim_msgs/include/pyrobosim_msgs/pyrobosim_msgs/msg/detail/location_state__type_support.hpp\n'}
[0.285641] (pyrobosim_msgs) StdoutLine: {'line': b'-- Up-to-date symlink: /convince_ws/install/pyrobosim_msgs/include/pyrobosim_msgs/pyrobosim_msgs/msg/detail/object_state__builder.hpp\n'}
[0.285667] (btcpp_ros2_interfaces) StdoutLine: {'line': b'-- Up-to-date symlink: /convince_ws/install/btcpp_ros2_interfaces/include/btcpp_ros2_interfaces/btcpp_ros2_interfaces/action/detail/sleep__struct.h\n'}
[0.285693] (btcpp_ros2_interfaces) StdoutLine: {'line': b'-- Up-to-date symlink: /convince_ws/install/btcpp_ros2_interfaces/include/btcpp_ros2_interfaces/btcpp_ros2_interfaces/action/detail/sleep__type_support.h\n'}
[0.285718] (btcpp_ros2_interfaces) StdoutLine: {'line': b'-- Up-to-date symlink: /convince_ws/install/btcpp_ros2_interfaces/include/btcpp_ros2_interfaces/btcpp_ros2_interfaces/action/execute_tree.h\n'}
[0.285744] (btcpp_ros2_interfaces) StdoutLine: {'line': b'-- Up-to-date symlink: /convince_ws/install/btcpp_ros2_interfaces/include/btcpp_ros2_interfaces/btcpp_ros2_interfaces/action/sleep.h\n'}
[0.285797] (btcpp_ros2_interfaces) StdoutLine: {'line': b'-- Up-to-date symlink: /convince_ws/install/btcpp_ros2_interfaces/include/btcpp_ros2_interfaces/btcpp_ros2_interfaces/msg/detail/node_status__functions.h\n'}
[0.285826] (btcpp_ros2_interfaces) StdoutLine: {'line': b'-- Up-to-date symlink: /convince_ws/install/btcpp_ros2_interfaces/include/btcpp_ros2_interfaces/btcpp_ros2_interfaces/msg/detail/node_status__struct.h\n'}
[0.285855] (btcpp_ros2_interfaces) StdoutLine: {'line': b'-- Up-to-date symlink: /convince_ws/install/btcpp_ros2_interfaces/include/btcpp_ros2_interfaces/btcpp_ros2_interfaces/msg/detail/node_status__type_support.h\n'}
[0.285882] (btcpp_ros2_interfaces) StdoutLine: {'line': b'-- Up-to-date symlink: /convince_ws/install/btcpp_ros2_interfaces/include/btcpp_ros2_interfaces/btcpp_ros2_interfaces/msg/node_status.h\n'}
[0.285910] (pyrobosim_msgs) StdoutLine: {'line': b'-- Up-to-date symlink: /convince_ws/install/pyrobosim_msgs/include/pyrobosim_msgs/pyrobosim_msgs/msg/detail/object_state__struct.hpp\n'}
[0.285939] (btcpp_ros2_interfaces) StdoutLine: {'line': b'-- Up-to-date symlink: /convince_ws/install/btcpp_ros2_interfaces/include/btcpp_ros2_interfaces/btcpp_ros2_interfaces/msg/rosidl_generator_c__visibility_control.h\n'}
[0.285992] (btcpp_ros2_interfaces) StdoutLine: {'line': b'-- Up-to-date symlink: /convince_ws/install/btcpp_ros2_interfaces/include/btcpp_ros2_interfaces/btcpp_ros2_interfaces/srv/detail/get_trees__functions.h\n'}
[0.286020] (pyrobosim_msgs) StdoutLine: {'line': b'-- Up-to-date symlink: /convince_ws/install/pyrobosim_msgs/include/pyrobosim_msgs/pyrobosim_msgs/msg/detail/object_state__traits.hpp\n'}
[0.286048] (btcpp_ros2_interfaces) StdoutLine: {'line': b'-- Up-to-date symlink: /convince_ws/install/btcpp_ros2_interfaces/include/btcpp_ros2_interfaces/btcpp_ros2_interfaces/srv/detail/get_trees__struct.h\n'}
[0.286077] (btcpp_ros2_interfaces) StdoutLine: {'line': b'-- Up-to-date symlink: /convince_ws/install/btcpp_ros2_interfaces/include/btcpp_ros2_interfaces/btcpp_ros2_interfaces/srv/detail/get_trees__type_support.h\n'}
[0.286105] (pyrobosim_msgs) StdoutLine: {'line': b'-- Up-to-date symlink: /convince_ws/install/pyrobosim_msgs/include/pyrobosim_msgs/pyrobosim_msgs/msg/detail/object_state__type_support.hpp\n'}
[0.286134] (btcpp_ros2_interfaces) StdoutLine: {'line': b'-- Up-to-date symlink: /convince_ws/install/btcpp_ros2_interfaces/include/btcpp_ros2_interfaces/btcpp_ros2_interfaces/srv/get_trees.h\n'}
[0.286163] (pyrobosim_msgs) StdoutLine: {'line': b'-- Up-to-date symlink: /convince_ws/install/pyrobosim_msgs/include/pyrobosim_msgs/pyrobosim_msgs/msg/detail/path__builder.hpp\n'}
[0.286191] (btcpp_ros2_interfaces) StdoutLine: {'line': b'-- Up-to-date symlink: /convince_ws/install/btcpp_ros2_interfaces/share/btcpp_ros2_interfaces/environment/library_path.sh\n'}
[0.286220] (pyrobosim_msgs) StdoutLine: {'line': b'-- Up-to-date symlink: /convince_ws/install/pyrobosim_msgs/include/pyrobosim_msgs/pyrobosim_msgs/msg/detail/path__struct.hpp\n'}
[0.286249] (btcpp_ros2_interfaces) StdoutLine: {'line': b'-- Up-to-date symlink: /convince_ws/install/btcpp_ros2_interfaces/share/btcpp_ros2_interfaces/environment/library_path.dsv\n'}
[0.286278] (pyrobosim_msgs) StdoutLine: {'line': b'-- Up-to-date symlink: /convince_ws/install/pyrobosim_msgs/include/pyrobosim_msgs/pyrobosim_msgs/msg/detail/path__traits.hpp\n'}
[0.286305] (pyrobosim_msgs) StdoutLine: {'line': b'-- Up-to-date symlink: /convince_ws/install/pyrobosim_msgs/include/pyrobosim_msgs/pyrobosim_msgs/msg/detail/path__type_support.hpp\n'}
[0.286348] (btcpp_ros2_interfaces) StdoutLine: {'line': b'-- Up-to-date symlink: /convince_ws/install/btcpp_ros2_interfaces/include/btcpp_ros2_interfaces/btcpp_ros2_interfaces/action/detail/execute_tree__rosidl_typesupport_fastrtps_c.h\n'}
[0.286378] (btcpp_ros2_interfaces) StdoutLine: {'line': b'-- Up-to-date symlink: /convince_ws/install/btcpp_ros2_interfaces/include/btcpp_ros2_interfaces/btcpp_ros2_interfaces/action/detail/sleep__rosidl_typesupport_fastrtps_c.h\n'}
[0.286406] (pyrobosim_msgs) StdoutLine: {'line': b'-- Up-to-date symlink: /convince_ws/install/pyrobosim_msgs/include/pyrobosim_msgs/pyrobosim_msgs/msg/detail/robot_state__builder.hpp\n'}
[0.286434] (pyrobosim_msgs) StdoutLine: {'line': b'-- Up-to-date symlink: /convince_ws/install/pyrobosim_msgs/include/pyrobosim_msgs/pyrobosim_msgs/msg/detail/robot_state__struct.hpp\n'}
[0.286469] (pyrobosim_msgs) StdoutLine: {'line': b'-- Up-to-date symlink: /convince_ws/install/pyrobosim_msgs/include/pyrobosim_msgs/pyrobosim_msgs/msg/detail/robot_state__traits.hpp\n'}
[0.286498] (btcpp_ros2_interfaces) StdoutLine: {'line': b'-- Up-to-date symlink: /convince_ws/install/btcpp_ros2_interfaces/include/btcpp_ros2_interfaces/btcpp_ros2_interfaces/msg/detail/node_status__rosidl_typesupport_fastrtps_c.h\n'}
[0.286527] (btcpp_ros2_interfaces) StdoutLine: {'line': b'-- Up-to-date symlink: /convince_ws/install/btcpp_ros2_interfaces/include/btcpp_ros2_interfaces/btcpp_ros2_interfaces/msg/rosidl_typesupport_fastrtps_c__visibility_control.h\n'}
[0.286555] (btcpp_ros2_interfaces) StdoutLine: {'line': b'-- Up-to-date symlink: /convince_ws/install/btcpp_ros2_interfaces/include/btcpp_ros2_interfaces/btcpp_ros2_interfaces/srv/detail/get_trees__rosidl_typesupport_fastrtps_c.h\n'}
[0.286584] (pyrobosim_msgs) StdoutLine: {'line': b'-- Up-to-date symlink: /convince_ws/install/pyrobosim_msgs/include/pyrobosim_msgs/pyrobosim_msgs/msg/detail/robot_state__type_support.hpp\n'}
[0.286629] (btcpp_ros2_interfaces) StdoutLine: {'line': b'-- Up-to-date symlink: /convince_ws/install/btcpp_ros2_interfaces/include/btcpp_ros2_interfaces/btcpp_ros2_interfaces/action/detail/execute_tree__rosidl_typesupport_introspection_c.h\n'}
[0.286657] (btcpp_ros2_interfaces) StdoutLine: {'line': b'-- Up-to-date symlink: /convince_ws/install/btcpp_ros2_interfaces/include/btcpp_ros2_interfaces/btcpp_ros2_interfaces/action/detail/sleep__rosidl_typesupport_introspection_c.h\n'}
[0.286684] (pyrobosim_msgs) StdoutLine: {'line': b'-- Up-to-date symlink: /convince_ws/install/pyrobosim_msgs/include/pyrobosim_msgs/pyrobosim_msgs/msg/detail/task_action__builder.hpp\n'}
[0.286712] (pyrobosim_msgs) StdoutLine: {'line': b'-- Up-to-date symlink: /convince_ws/install/pyrobosim_msgs/include/pyrobosim_msgs/pyrobosim_msgs/msg/detail/task_action__struct.hpp\n'}
[0.286741] (pyrobosim_msgs) StdoutLine: {'line': b'-- Up-to-date symlink: /convince_ws/install/pyrobosim_msgs/include/pyrobosim_msgs/pyrobosim_msgs/msg/detail/task_action__traits.hpp\n'}
[0.286770] (pyrobosim_msgs) StdoutLine: {'line': b'-- Up-to-date symlink: /convince_ws/install/pyrobosim_msgs/include/pyrobosim_msgs/pyrobosim_msgs/msg/detail/task_action__type_support.hpp\n'}
[0.286799] (btcpp_ros2_interfaces) StdoutLine: {'line': b'-- Up-to-date symlink: /convince_ws/install/btcpp_ros2_interfaces/include/btcpp_ros2_interfaces/btcpp_ros2_interfaces/msg/detail/node_status__rosidl_typesupport_introspection_c.h\n'}
[0.286827] (btcpp_ros2_interfaces) StdoutLine: {'line': b'-- Up-to-date symlink: /convince_ws/install/btcpp_ros2_interfaces/include/btcpp_ros2_interfaces/btcpp_ros2_interfaces/msg/rosidl_typesupport_introspection_c__visibility_control.h\n'}
[0.286854] (btcpp_ros2_interfaces) StdoutLine: {'line': b'-- Up-to-date symlink: /convince_ws/install/btcpp_ros2_interfaces/include/btcpp_ros2_interfaces/btcpp_ros2_interfaces/srv/detail/get_trees__rosidl_typesupport_introspection_c.h\n'}
[0.286882] (pyrobosim_msgs) StdoutLine: {'line': b'-- Up-to-date symlink: /convince_ws/install/pyrobosim_msgs/include/pyrobosim_msgs/pyrobosim_msgs/msg/detail/task_plan__builder.hpp\n'}
[0.286911] (pyrobosim_msgs) StdoutLine: {'line': b'-- Up-to-date symlink: /convince_ws/install/pyrobosim_msgs/include/pyrobosim_msgs/pyrobosim_msgs/msg/detail/task_plan__struct.hpp\n'}
[0.286955] (pyrobosim_msgs) StdoutLine: {'line': b'-- Up-to-date symlink: /convince_ws/install/pyrobosim_msgs/include/pyrobosim_msgs/pyrobosim_msgs/msg/detail/task_plan__traits.hpp\n'}
[0.287092] (btcpp_ros2_interfaces) StdoutLine: {'line': b'-- Up-to-date symlink: /convince_ws/install/btcpp_ros2_interfaces/include/btcpp_ros2_interfaces/btcpp_ros2_interfaces/action/detail/execute_tree__builder.hpp\n'}
[0.287143] (btcpp_ros2_interfaces) StdoutLine: {'line': b'-- Up-to-date symlink: /convince_ws/install/btcpp_ros2_interfaces/include/btcpp_ros2_interfaces/btcpp_ros2_interfaces/action/detail/execute_tree__struct.hpp\n'}
[0.287176] (pyrobosim_msgs) StdoutLine: {'line': b'-- Up-to-date symlink: /convince_ws/install/pyrobosim_msgs/include/pyrobosim_msgs/pyrobosim_msgs/msg/detail/task_plan__type_support.hpp\n'}
[0.287207] (btcpp_ros2_interfaces) StdoutLine: {'line': b'-- Up-to-date symlink: /convince_ws/install/btcpp_ros2_interfaces/include/btcpp_ros2_interfaces/btcpp_ros2_interfaces/action/detail/execute_tree__traits.hpp\n'}
[0.287259] (btcpp_ros2_interfaces) StdoutLine: {'line': b'-- Up-to-date symlink: /convince_ws/install/btcpp_ros2_interfaces/include/btcpp_ros2_interfaces/btcpp_ros2_interfaces/action/detail/execute_tree__type_support.hpp\n'}
[0.287288] (btcpp_ros2_interfaces) StdoutLine: {'line': b'-- Up-to-date symlink: /convince_ws/install/btcpp_ros2_interfaces/include/btcpp_ros2_interfaces/btcpp_ros2_interfaces/action/detail/sleep__builder.hpp\n'}
[0.287319] (pyrobosim_msgs) StdoutLine: {'line': b'-- Up-to-date symlink: /convince_ws/install/pyrobosim_msgs/include/pyrobosim_msgs/pyrobosim_msgs/msg/detail/world_info__builder.hpp\n'}
[0.287360] (pyrobosim_msgs) StdoutLine: {'line': b'-- Up-to-date symlink: /convince_ws/install/pyrobosim_msgs/include/pyrobosim_msgs/pyrobosim_msgs/msg/detail/world_info__struct.hpp\n'}
[0.287389] (btcpp_ros2_interfaces) StdoutLine: {'line': b'-- Up-to-date symlink: /convince_ws/install/btcpp_ros2_interfaces/include/btcpp_ros2_interfaces/btcpp_ros2_interfaces/action/detail/sleep__struct.hpp\n'}
[0.287525] (btcpp_ros2_interfaces) StdoutLine: {'line': b'-- Up-to-date symlink: /convince_ws/install/btcpp_ros2_interfaces/include/btcpp_ros2_interfaces/btcpp_ros2_interfaces/action/detail/sleep__traits.hpp\n'}
[0.287607] (btcpp_ros2_interfaces) StdoutLine: {'line': b'-- Up-to-date symlink: /convince_ws/install/btcpp_ros2_interfaces/include/btcpp_ros2_interfaces/btcpp_ros2_interfaces/action/detail/sleep__type_support.hpp\n'}
[0.287641] (btcpp_ros2_interfaces) StdoutLine: {'line': b'-- Up-to-date symlink: /convince_ws/install/btcpp_ros2_interfaces/include/btcpp_ros2_interfaces/btcpp_ros2_interfaces/action/execute_tree.hpp\n'}
[0.287672] (btcpp_ros2_interfaces) StdoutLine: {'line': b'-- Up-to-date symlink: /convince_ws/install/btcpp_ros2_interfaces/include/btcpp_ros2_interfaces/btcpp_ros2_interfaces/action/sleep.hpp\n'}
[0.287729] (btcpp_ros2_interfaces) StdoutLine: {'line': b'-- Up-to-date symlink: /convince_ws/install/btcpp_ros2_interfaces/include/btcpp_ros2_interfaces/btcpp_ros2_interfaces/msg/detail/node_status__builder.hpp\n'}
[0.287759] (pyrobosim_msgs) StdoutLine: {'line': b'-- Up-to-date symlink: /convince_ws/install/pyrobosim_msgs/include/pyrobosim_msgs/pyrobosim_msgs/msg/detail/world_info__traits.hpp\n'}
[0.287791] (pyrobosim_msgs) StdoutLine: {'line': b'-- Up-to-date symlink: /convince_ws/install/pyrobosim_msgs/include/pyrobosim_msgs/pyrobosim_msgs/msg/detail/world_info__type_support.hpp\n'}
[0.287821] (pyrobosim_msgs) StdoutLine: {'line': b'-- Up-to-date symlink: /convince_ws/install/pyrobosim_msgs/include/pyrobosim_msgs/pyrobosim_msgs/msg/detail/world_state__builder.hpp\n'}
[0.287885] (btcpp_ros2_interfaces) StdoutLine: {'line': b'-- Up-to-date symlink: /convince_ws/install/btcpp_ros2_interfaces/include/btcpp_ros2_interfaces/btcpp_ros2_interfaces/msg/detail/node_status__struct.hpp\n'}
[0.287914] (btcpp_ros2_interfaces) StdoutLine: {'line': b'-- Up-to-date symlink: /convince_ws/install/btcpp_ros2_interfaces/include/btcpp_ros2_interfaces/btcpp_ros2_interfaces/msg/detail/node_status__traits.hpp\n'}
[0.287942] (btcpp_ros2_interfaces) StdoutLine: {'line': b'-- Up-to-date symlink: /convince_ws/install/btcpp_ros2_interfaces/include/btcpp_ros2_interfaces/btcpp_ros2_interfaces/msg/detail/node_status__type_support.hpp\n'}
[0.287999] (btcpp_ros2_interfaces) StdoutLine: {'line': b'-- Up-to-date symlink: /convince_ws/install/btcpp_ros2_interfaces/include/btcpp_ros2_interfaces/btcpp_ros2_interfaces/msg/node_status.hpp\n'}
[0.288027] (btcpp_ros2_interfaces) StdoutLine: {'line': b'-- Up-to-date symlink: /convince_ws/install/btcpp_ros2_interfaces/include/btcpp_ros2_interfaces/btcpp_ros2_interfaces/msg/rosidl_generator_cpp__visibility_control.hpp\n'}
[0.288055] (btcpp_ros2_interfaces) StdoutLine: {'line': b'-- Up-to-date symlink: /convince_ws/install/btcpp_ros2_interfaces/include/btcpp_ros2_interfaces/btcpp_ros2_interfaces/srv/detail/get_trees__builder.hpp\n'}
[0.288083] (btcpp_ros2_interfaces) StdoutLine: {'line': b'-- Up-to-date symlink: /convince_ws/install/btcpp_ros2_interfaces/include/btcpp_ros2_interfaces/btcpp_ros2_interfaces/srv/detail/get_trees__struct.hpp\n'}
[0.288112] (pyrobosim_msgs) StdoutLine: {'line': b'-- Up-to-date symlink: /convince_ws/install/pyrobosim_msgs/include/pyrobosim_msgs/pyrobosim_msgs/msg/detail/world_state__struct.hpp\n'}
[0.288141] (pyrobosim_msgs) StdoutLine: {'line': b'-- Up-to-date symlink: /convince_ws/install/pyrobosim_msgs/include/pyrobosim_msgs/pyrobosim_msgs/msg/detail/world_state__traits.hpp\n'}
[0.288169] (pyrobosim_msgs) StdoutLine: {'line': b'-- Up-to-date symlink: /convince_ws/install/pyrobosim_msgs/include/pyrobosim_msgs/pyrobosim_msgs/msg/detail/world_state__type_support.hpp\n'}
[0.288197] (btcpp_ros2_interfaces) StdoutLine: {'line': b'-- Up-to-date symlink: /convince_ws/install/btcpp_ros2_interfaces/include/btcpp_ros2_interfaces/btcpp_ros2_interfaces/srv/detail/get_trees__traits.hpp\n'}
[0.288225] (btcpp_ros2_interfaces) StdoutLine: {'line': b'-- Up-to-date symlink: /convince_ws/install/btcpp_ros2_interfaces/include/btcpp_ros2_interfaces/btcpp_ros2_interfaces/srv/detail/get_trees__type_support.hpp\n'}
[0.288252] (pyrobosim_msgs) StdoutLine: {'line': b'-- Up-to-date symlink: /convince_ws/install/pyrobosim_msgs/include/pyrobosim_msgs/pyrobosim_msgs/msg/execution_result.hpp\n'}
[0.288281] (btcpp_ros2_interfaces) StdoutLine: {'line': b'-- Up-to-date symlink: /convince_ws/install/btcpp_ros2_interfaces/include/btcpp_ros2_interfaces/btcpp_ros2_interfaces/srv/get_trees.hpp\n'}
[0.288309] (pyrobosim_msgs) StdoutLine: {'line': b'-- Up-to-date symlink: /convince_ws/install/pyrobosim_msgs/include/pyrobosim_msgs/pyrobosim_msgs/msg/goal_predicate.hpp\n'}
[0.288368] (btcpp_ros2_interfaces) StdoutLine: {'line': b'-- Up-to-date symlink: /convince_ws/install/btcpp_ros2_interfaces/include/btcpp_ros2_interfaces/btcpp_ros2_interfaces/action/detail/execute_tree__rosidl_typesupport_fastrtps_cpp.hpp\n'}
[0.288426] (btcpp_ros2_interfaces) StdoutLine: {'line': b'-- Up-to-date symlink: /convince_ws/install/btcpp_ros2_interfaces/include/btcpp_ros2_interfaces/btcpp_ros2_interfaces/action/detail/sleep__rosidl_typesupport_fastrtps_cpp.hpp\n'}
[0.288455] (btcpp_ros2_interfaces) StdoutLine: {'line': b'-- Up-to-date symlink: /convince_ws/install/btcpp_ros2_interfaces/include/btcpp_ros2_interfaces/btcpp_ros2_interfaces/msg/detail/node_status__rosidl_typesupport_fastrtps_cpp.hpp\n'}
[0.288483] (btcpp_ros2_interfaces) StdoutLine: {'line': b'-- Up-to-date symlink: /convince_ws/install/btcpp_ros2_interfaces/include/btcpp_ros2_interfaces/btcpp_ros2_interfaces/msg/rosidl_typesupport_fastrtps_cpp__visibility_control.h\n'}
[0.288511] (btcpp_ros2_interfaces) StdoutLine: {'line': b'-- Up-to-date symlink: /convince_ws/install/btcpp_ros2_interfaces/include/btcpp_ros2_interfaces/btcpp_ros2_interfaces/srv/detail/get_trees__rosidl_typesupport_fastrtps_cpp.hpp\n'}
[0.288538] (pyrobosim_msgs) StdoutLine: {'line': b'-- Up-to-date symlink: /convince_ws/install/pyrobosim_msgs/include/pyrobosim_msgs/pyrobosim_msgs/msg/goal_specification.hpp\n'}
[0.288584] (pyrobosim_msgs) StdoutLine: {'line': b'-- Up-to-date symlink: /convince_ws/install/pyrobosim_msgs/include/pyrobosim_msgs/pyrobosim_msgs/msg/hallway_state.hpp\n'}
[0.288613] (pyrobosim_msgs) StdoutLine: {'line': b'-- Up-to-date symlink: /convince_ws/install/pyrobosim_msgs/include/pyrobosim_msgs/pyrobosim_msgs/msg/location_state.hpp\n'}
[0.288639] (btcpp_ros2_interfaces) StdoutLine: {'line': b'-- Up-to-date symlink: /convince_ws/install/btcpp_ros2_interfaces/include/btcpp_ros2_interfaces/btcpp_ros2_interfaces/action/detail/execute_tree__rosidl_typesupport_introspection_cpp.hpp\n'}
[0.288666] (btcpp_ros2_interfaces) StdoutLine: {'line': b'-- Up-to-date symlink: /convince_ws/install/btcpp_ros2_interfaces/include/btcpp_ros2_interfaces/btcpp_ros2_interfaces/action/detail/sleep__rosidl_typesupport_introspection_cpp.hpp\n'}
[0.288693] (btcpp_ros2_interfaces) StdoutLine: {'line': b'-- Up-to-date symlink: /convince_ws/install/btcpp_ros2_interfaces/include/btcpp_ros2_interfaces/btcpp_ros2_interfaces/msg/detail/node_status__rosidl_typesupport_introspection_cpp.hpp\n'}
[0.288720] (pyrobosim_msgs) StdoutLine: {'line': b'-- Up-to-date symlink: /convince_ws/install/pyrobosim_msgs/include/pyrobosim_msgs/pyrobosim_msgs/msg/object_state.hpp\n'}
[0.288748] (btcpp_ros2_interfaces) StdoutLine: {'line': b'-- Up-to-date symlink: /convince_ws/install/btcpp_ros2_interfaces/include/btcpp_ros2_interfaces/btcpp_ros2_interfaces/srv/detail/get_trees__rosidl_typesupport_introspection_cpp.hpp\n'}
[0.288776] (pyrobosim_msgs) StdoutLine: {'line': b'-- Up-to-date symlink: /convince_ws/install/pyrobosim_msgs/include/pyrobosim_msgs/pyrobosim_msgs/msg/path.hpp\n'}
[0.288804] (btcpp_ros2_interfaces) StdoutLine: {'line': b'-- Up-to-date symlink: /convince_ws/install/btcpp_ros2_interfaces/share/btcpp_ros2_interfaces/environment/pythonpath.sh\n'}
[0.288832] (pyrobosim_msgs) StdoutLine: {'line': b'-- Up-to-date symlink: /convince_ws/install/pyrobosim_msgs/include/pyrobosim_msgs/pyrobosim_msgs/msg/robot_state.hpp\n'}
[0.288859] (btcpp_ros2_interfaces) StdoutLine: {'line': b'-- Up-to-date symlink: /convince_ws/install/btcpp_ros2_interfaces/share/btcpp_ros2_interfaces/environment/pythonpath.dsv\n'}
[0.288895] (pyrobosim_msgs) StdoutLine: {'line': b'-- Up-to-date symlink: /convince_ws/install/pyrobosim_msgs/include/pyrobosim_msgs/pyrobosim_msgs/msg/rosidl_generator_cpp__visibility_control.hpp\n'}
[0.288921] (btcpp_ros2_interfaces) StdoutLine: {'line': b'-- Up-to-date symlink: /convince_ws/install/btcpp_ros2_interfaces/lib/python3.12/site-packages/btcpp_ros2_interfaces-0.3.0-py3.12.egg-info/PKG-INFO\n'}
[0.288948] (pyrobosim_msgs) StdoutLine: {'line': b'-- Up-to-date symlink: /convince_ws/install/pyrobosim_msgs/include/pyrobosim_msgs/pyrobosim_msgs/msg/task_action.hpp\n'}
[0.288974] (btcpp_ros2_interfaces) StdoutLine: {'line': b'-- Up-to-date symlink: /convince_ws/install/btcpp_ros2_interfaces/lib/python3.12/site-packages/btcpp_ros2_interfaces-0.3.0-py3.12.egg-info/SOURCES.txt\n'}
[0.288999] (btcpp_ros2_interfaces) StdoutLine: {'line': b'-- Up-to-date symlink: /convince_ws/install/btcpp_ros2_interfaces/lib/python3.12/site-packages/btcpp_ros2_interfaces-0.3.0-py3.12.egg-info/dependency_links.txt\n'}
[0.289025] (pyrobosim_msgs) StdoutLine: {'line': b'-- Up-to-date symlink: /convince_ws/install/pyrobosim_msgs/include/pyrobosim_msgs/pyrobosim_msgs/msg/task_plan.hpp\n'}
[0.289052] (btcpp_ros2_interfaces) StdoutLine: {'line': b'-- Up-to-date symlink: /convince_ws/install/btcpp_ros2_interfaces/lib/python3.12/site-packages/btcpp_ros2_interfaces-0.3.0-py3.12.egg-info/top_level.txt\n'}
[0.289086] (pyrobosim_msgs) StdoutLine: {'line': b'-- Up-to-date symlink: /convince_ws/install/pyrobosim_msgs/include/pyrobosim_msgs/pyrobosim_msgs/msg/world_info.hpp\n'}
[0.289113] (pyrobosim_msgs) StdoutLine: {'line': b'-- Up-to-date symlink: /convince_ws/install/pyrobosim_msgs/include/pyrobosim_msgs/pyrobosim_msgs/msg/world_state.hpp\n'}
[0.289139] (pyrobosim_msgs) StdoutLine: {'line': b'-- Up-to-date symlink: /convince_ws/install/pyrobosim_msgs/include/pyrobosim_msgs/pyrobosim_msgs/srv/detail/request_world_info__builder.hpp\n'}
[0.289166] (pyrobosim_msgs) StdoutLine: {'line': b'-- Up-to-date symlink: /convince_ws/install/pyrobosim_msgs/include/pyrobosim_msgs/pyrobosim_msgs/srv/detail/request_world_info__struct.hpp\n'}
[0.289193] (btcpp_ros2_interfaces) StdoutLine: {'line': b'-- Up-to-date symlink: /convince_ws/install/btcpp_ros2_interfaces/lib/python3.12/site-packages/btcpp_ros2_interfaces/__init__.py\n'}
[0.289221] (btcpp_ros2_interfaces) StdoutLine: {'line': b'-- Up-to-date symlink: /convince_ws/install/btcpp_ros2_interfaces/lib/python3.12/site-packages/btcpp_ros2_interfaces/_btcpp_ros2_interfaces_s.ep.rosidl_typesupport_c.c\n'}
[0.289248] (pyrobosim_msgs) StdoutLine: {'line': b'-- Up-to-date symlink: /convince_ws/install/pyrobosim_msgs/include/pyrobosim_msgs/pyrobosim_msgs/srv/detail/request_world_info__traits.hpp\n'}
[0.289278] (pyrobosim_msgs) StdoutLine: {'line': b'-- Up-to-date symlink: /convince_ws/install/pyrobosim_msgs/include/pyrobosim_msgs/pyrobosim_msgs/srv/detail/request_world_info__type_support.hpp\n'}
[0.289305] (btcpp_ros2_interfaces) StdoutLine: {'line': b'-- Up-to-date symlink: /convince_ws/install/btcpp_ros2_interfaces/lib/python3.12/site-packages/btcpp_ros2_interfaces/_btcpp_ros2_interfaces_s.ep.rosidl_typesupport_fastrtps_c.c\n'}
[0.289394] (btcpp_ros2_interfaces) StdoutLine: {'line': b'-- Up-to-date symlink: /convince_ws/install/btcpp_ros2_interfaces/lib/python3.12/site-packages/btcpp_ros2_interfaces/_btcpp_ros2_interfaces_s.ep.rosidl_typesupport_introspection_c.c\n'}
[0.289445] (btcpp_ros2_interfaces) StdoutLine: {'line': b'-- Up-to-date symlink: /convince_ws/install/btcpp_ros2_interfaces/lib/python3.12/site-packages/btcpp_ros2_interfaces/action/__init__.py\n'}
[0.289489] (btcpp_ros2_interfaces) StdoutLine: {'line': b'-- Up-to-date symlink: /convince_ws/install/btcpp_ros2_interfaces/lib/python3.12/site-packages/btcpp_ros2_interfaces/action/_execute_tree.py\n'}
[0.289519] (pyrobosim_msgs) StdoutLine: {'line': b'-- Up-to-date symlink: /convince_ws/install/pyrobosim_msgs/include/pyrobosim_msgs/pyrobosim_msgs/srv/detail/request_world_state__builder.hpp\n'}
[0.289550] (btcpp_ros2_interfaces) StdoutLine: {'line': b'-- Up-to-date symlink: /convince_ws/install/btcpp_ros2_interfaces/lib/python3.12/site-packages/btcpp_ros2_interfaces/action/_execute_tree_s.c\n'}
[0.289577] (pyrobosim_msgs) StdoutLine: {'line': b'-- Up-to-date symlink: /convince_ws/install/pyrobosim_msgs/include/pyrobosim_msgs/pyrobosim_msgs/srv/detail/request_world_state__struct.hpp\n'}
[0.289605] (btcpp_ros2_interfaces) StdoutLine: {'line': b'-- Up-to-date symlink: /convince_ws/install/btcpp_ros2_interfaces/lib/python3.12/site-packages/btcpp_ros2_interfaces/action/_sleep.py\n'}
[0.289631] (pyrobosim_msgs) StdoutLine: {'line': b'-- Up-to-date symlink: /convince_ws/install/pyrobosim_msgs/include/pyrobosim_msgs/pyrobosim_msgs/srv/detail/request_world_state__traits.hpp\n'}
[0.289673] (btcpp_ros2_interfaces) StdoutLine: {'line': b'-- Up-to-date symlink: /convince_ws/install/btcpp_ros2_interfaces/lib/python3.12/site-packages/btcpp_ros2_interfaces/action/_sleep_s.c\n'}
[0.289700] (btcpp_ros2_interfaces) StdoutLine: {'line': b'-- Up-to-date symlink: /convince_ws/install/btcpp_ros2_interfaces/lib/python3.12/site-packages/btcpp_ros2_interfaces/btcpp_ros2_interfaces_s__rosidl_typesupport_c.so\n'}
[0.289728] (btcpp_ros2_interfaces) StdoutLine: {'line': b'-- Up-to-date symlink: /convince_ws/install/btcpp_ros2_interfaces/lib/python3.12/site-packages/btcpp_ros2_interfaces/btcpp_ros2_interfaces_s__rosidl_typesupport_fastrtps_c.so\n'}
[0.289755] (pyrobosim_msgs) StdoutLine: {'line': b'-- Up-to-date symlink: /convince_ws/install/pyrobosim_msgs/include/pyrobosim_msgs/pyrobosim_msgs/srv/detail/request_world_state__type_support.hpp\n'}
[0.289782] (btcpp_ros2_interfaces) StdoutLine: {'line': b'-- Up-to-date symlink: /convince_ws/install/btcpp_ros2_interfaces/lib/python3.12/site-packages/btcpp_ros2_interfaces/btcpp_ros2_interfaces_s__rosidl_typesupport_introspection_c.so\n'}
[0.289810] (btcpp_ros2_interfaces) StdoutLine: {'line': b'-- Up-to-date symlink: /convince_ws/install/btcpp_ros2_interfaces/lib/python3.12/site-packages/btcpp_ros2_interfaces/msg/__init__.py\n'}
[0.289837] (pyrobosim_msgs) StdoutLine: {'line': b'-- Up-to-date symlink: /convince_ws/install/pyrobosim_msgs/include/pyrobosim_msgs/pyrobosim_msgs/srv/detail/reset_world__builder.hpp\n'}
[0.289891] (btcpp_ros2_interfaces) StdoutLine: {'line': b'-- Up-to-date symlink: /convince_ws/install/btcpp_ros2_interfaces/lib/python3.12/site-packages/btcpp_ros2_interfaces/msg/_node_status.py\n'}
[0.289919] (btcpp_ros2_interfaces) StdoutLine: {'line': b'-- Up-to-date symlink: /convince_ws/install/btcpp_ros2_interfaces/lib/python3.12/site-packages/btcpp_ros2_interfaces/msg/_node_status_s.c\n'}
[0.289947] (pyrobosim_msgs) StdoutLine: {'line': b'-- Up-to-date symlink: /convince_ws/install/pyrobosim_msgs/include/pyrobosim_msgs/pyrobosim_msgs/srv/detail/reset_world__struct.hpp\n'}
[0.289974] (btcpp_ros2_interfaces) StdoutLine: {'line': b'-- Up-to-date symlink: /convince_ws/install/btcpp_ros2_interfaces/lib/python3.12/site-packages/btcpp_ros2_interfaces/srv/__init__.py\n'}
[0.290002] (btcpp_ros2_interfaces) StdoutLine: {'line': b'-- Up-to-date symlink: /convince_ws/install/btcpp_ros2_interfaces/lib/python3.12/site-packages/btcpp_ros2_interfaces/srv/_get_trees.py\n'}
[0.290048] (btcpp_ros2_interfaces) StdoutLine: {'line': b'-- Up-to-date symlink: /convince_ws/install/btcpp_ros2_interfaces/lib/python3.12/site-packages/btcpp_ros2_interfaces/srv/_get_trees_s.c\n'}
[0.290077] (pyrobosim_msgs) StdoutLine: {'line': b'-- Up-to-date symlink: /convince_ws/install/pyrobosim_msgs/include/pyrobosim_msgs/pyrobosim_msgs/srv/detail/reset_world__traits.hpp\n'}
[0.290106] (pyrobosim_msgs) StdoutLine: {'line': b'-- Up-to-date symlink: /convince_ws/install/pyrobosim_msgs/include/pyrobosim_msgs/pyrobosim_msgs/srv/detail/reset_world__type_support.hpp\n'}
[0.290148] (btcpp_ros2_interfaces) StdoutLine: {'line': b'-- Up-to-date symlink: /convince_ws/install/btcpp_ros2_interfaces/lib/python3.12/site-packages/btcpp_ros2_interfaces/btcpp_ros2_interfaces_s__rosidl_typesupport_fastrtps_c.so\n'}
[0.290177] (pyrobosim_msgs) StdoutLine: {'line': b'-- Up-to-date symlink: /convince_ws/install/pyrobosim_msgs/include/pyrobosim_msgs/pyrobosim_msgs/srv/detail/set_location_state__builder.hpp\n'}
[0.290204] (btcpp_ros2_interfaces) StdoutLine: {'line': b'-- Up-to-date symlink: /convince_ws/install/btcpp_ros2_interfaces/lib/python3.12/site-packages/btcpp_ros2_interfaces/btcpp_ros2_interfaces_s__rosidl_typesupport_introspection_c.so\n'}
[0.290231] (pyrobosim_msgs) StdoutLine: {'line': b'-- Up-to-date symlink: /convince_ws/install/pyrobosim_msgs/include/pyrobosim_msgs/pyrobosim_msgs/srv/detail/set_location_state__struct.hpp\n'}
[0.290259] (btcpp_ros2_interfaces) StdoutLine: {'line': b'-- Up-to-date symlink: /convince_ws/install/btcpp_ros2_interfaces/lib/python3.12/site-packages/btcpp_ros2_interfaces/btcpp_ros2_interfaces_s__rosidl_typesupport_c.so\n'}
[0.290354] (pyrobosim_msgs) StdoutLine: {'line': b'-- Up-to-date symlink: /convince_ws/install/pyrobosim_msgs/include/pyrobosim_msgs/pyrobosim_msgs/srv/detail/set_location_state__traits.hpp\n'}
[0.290385] (btcpp_ros2_interfaces) StdoutLine: {'line': b'-- Up-to-date symlink: /convince_ws/install/btcpp_ros2_interfaces/share/btcpp_ros2_interfaces/msg/NodeStatus.idl\n'}
[0.290414] (pyrobosim_msgs) StdoutLine: {'line': b'-- Up-to-date symlink: /convince_ws/install/pyrobosim_msgs/include/pyrobosim_msgs/pyrobosim_msgs/srv/detail/set_location_state__type_support.hpp\n'}
[0.290487] (btcpp_ros2_interfaces) StdoutLine: {'line': b'-- Up-to-date symlink: /convince_ws/install/btcpp_ros2_interfaces/share/btcpp_ros2_interfaces/srv/GetTrees.idl\n'}
[0.290518] (pyrobosim_msgs) StdoutLine: {'line': b'-- Up-to-date symlink: /convince_ws/install/pyrobosim_msgs/include/pyrobosim_msgs/pyrobosim_msgs/srv/request_world_info.hpp\n'}
[0.290547] (btcpp_ros2_interfaces) StdoutLine: {'line': b'-- Up-to-date symlink: /convince_ws/install/btcpp_ros2_interfaces/share/btcpp_ros2_interfaces/action/ExecuteTree.idl\n'}
[0.290576] (pyrobosim_msgs) StdoutLine: {'line': b'-- Up-to-date symlink: /convince_ws/install/pyrobosim_msgs/include/pyrobosim_msgs/pyrobosim_msgs/srv/request_world_state.hpp\n'}
[0.290640] (btcpp_ros2_interfaces) StdoutLine: {'line': b'-- Up-to-date symlink: /convince_ws/install/btcpp_ros2_interfaces/share/btcpp_ros2_interfaces/action/Sleep.idl\n'}
[0.290670] (btcpp_ros2_interfaces) StdoutLine: {'line': b'-- Up-to-date symlink: /convince_ws/install/btcpp_ros2_interfaces/share/btcpp_ros2_interfaces/msg/NodeStatus.msg\n'}
[0.290698] (pyrobosim_msgs) StdoutLine: {'line': b'-- Up-to-date symlink: /convince_ws/install/pyrobosim_msgs/include/pyrobosim_msgs/pyrobosim_msgs/srv/reset_world.hpp\n'}
[0.290726] (btcpp_ros2_interfaces) StdoutLine: {'line': b'-- Up-to-date symlink: /convince_ws/install/btcpp_ros2_interfaces/share/btcpp_ros2_interfaces/srv/GetTrees.srv\n'}
[0.290754] (pyrobosim_msgs) StdoutLine: {'line': b'-- Up-to-date symlink: /convince_ws/install/pyrobosim_msgs/include/pyrobosim_msgs/pyrobosim_msgs/srv/set_location_state.hpp\n'}
[0.290782] (btcpp_ros2_interfaces) StdoutLine: {'line': b'-- Up-to-date symlink: /convince_ws/install/btcpp_ros2_interfaces/share/btcpp_ros2_interfaces/action/ExecuteTree.action\n'}
[0.290810] (btcpp_ros2_interfaces) StdoutLine: {'line': b'-- Up-to-date symlink: /convince_ws/install/btcpp_ros2_interfaces/share/btcpp_ros2_interfaces/action/Sleep.action\n'}
[0.290894] (btcpp_ros2_interfaces) StdoutLine: {'line': b'-- Up-to-date symlink: /convince_ws/install/btcpp_ros2_interfaces/share/ament_index/resource_index/package_run_dependencies/btcpp_ros2_interfaces\n'}
[0.290924] (btcpp_ros2_interfaces) StdoutLine: {'line': b'-- Up-to-date symlink: /convince_ws/install/btcpp_ros2_interfaces/share/ament_index/resource_index/parent_prefix_path/btcpp_ros2_interfaces\n'}
[0.290953] (btcpp_ros2_interfaces) StdoutLine: {'line': b'-- Up-to-date symlink: /convince_ws/install/btcpp_ros2_interfaces/share/btcpp_ros2_interfaces/environment/ament_prefix_path.sh\n'}
[0.290983] (btcpp_ros2_interfaces) StdoutLine: {'line': b'-- Up-to-date symlink: /convince_ws/install/btcpp_ros2_interfaces/share/btcpp_ros2_interfaces/environment/ament_prefix_path.dsv\n'}
[0.291013] (btcpp_ros2_interfaces) StdoutLine: {'line': b'-- Up-to-date symlink: /convince_ws/install/btcpp_ros2_interfaces/share/btcpp_ros2_interfaces/environment/path.sh\n'}
[0.291042] (btcpp_ros2_interfaces) StdoutLine: {'line': b'-- Up-to-date symlink: /convince_ws/install/btcpp_ros2_interfaces/share/btcpp_ros2_interfaces/environment/path.dsv\n'}
[0.291071] (btcpp_ros2_interfaces) StdoutLine: {'line': b'-- Up-to-date symlink: /convince_ws/install/btcpp_ros2_interfaces/share/btcpp_ros2_interfaces/local_setup.bash\n'}
[0.291100] (btcpp_ros2_interfaces) StdoutLine: {'line': b'-- Up-to-date symlink: /convince_ws/install/btcpp_ros2_interfaces/share/btcpp_ros2_interfaces/local_setup.sh\n'}
[0.291128] (btcpp_ros2_interfaces) StdoutLine: {'line': b'-- Up-to-date symlink: /convince_ws/install/btcpp_ros2_interfaces/share/btcpp_ros2_interfaces/local_setup.zsh\n'}
[0.291156] (btcpp_ros2_interfaces) StdoutLine: {'line': b'-- Up-to-date symlink: /convince_ws/install/btcpp_ros2_interfaces/share/btcpp_ros2_interfaces/local_setup.dsv\n'}
[0.291184] (btcpp_ros2_interfaces) StdoutLine: {'line': b'-- Symlinking: /convince_ws/install/btcpp_ros2_interfaces/share/btcpp_ros2_interfaces/package.dsv\n'}
[0.291213] (pyrobosim_msgs) StdoutLine: {'line': b'-- Up-to-date symlink: /convince_ws/install/pyrobosim_msgs/include/pyrobosim_msgs/pyrobosim_msgs/action/detail/detect_objects__rosidl_typesupport_fastrtps_cpp.hpp\n'}
[0.291676] (pyrobosim_msgs) StdoutLine: {'line': b'-- Up-to-date symlink: /convince_ws/install/pyrobosim_msgs/include/pyrobosim_msgs/pyrobosim_msgs/action/detail/execute_task_action__rosidl_typesupport_fastrtps_cpp.hpp\n'}
[0.291735] (pyrobosim_msgs) StdoutLine: {'line': b'-- Up-to-date symlink: /convince_ws/install/pyrobosim_msgs/include/pyrobosim_msgs/pyrobosim_msgs/action/detail/execute_task_plan__rosidl_typesupport_fastrtps_cpp.hpp\n'}
[0.291764] (pyrobosim_msgs) StdoutLine: {'line': b'-- Up-to-date symlink: /convince_ws/install/pyrobosim_msgs/include/pyrobosim_msgs/pyrobosim_msgs/action/detail/follow_path__rosidl_typesupport_fastrtps_cpp.hpp\n'}
[0.291816] (pyrobosim_msgs) StdoutLine: {'line': b'-- Up-to-date symlink: /convince_ws/install/pyrobosim_msgs/include/pyrobosim_msgs/pyrobosim_msgs/action/detail/plan_path__rosidl_typesupport_fastrtps_cpp.hpp\n'}
[0.291844] (pyrobosim_msgs) StdoutLine: {'line': b'-- Up-to-date symlink: /convince_ws/install/pyrobosim_msgs/include/pyrobosim_msgs/pyrobosim_msgs/msg/detail/execution_result__rosidl_typesupport_fastrtps_cpp.hpp\n'}
[0.291873] (pyrobosim_msgs) StdoutLine: {'line': b'-- Up-to-date symlink: /convince_ws/install/pyrobosim_msgs/include/pyrobosim_msgs/pyrobosim_msgs/msg/detail/goal_predicate__rosidl_typesupport_fastrtps_cpp.hpp\n'}
[0.291902] (pyrobosim_msgs) StdoutLine: {'line': b'-- Up-to-date symlink: /convince_ws/install/pyrobosim_msgs/include/pyrobosim_msgs/pyrobosim_msgs/msg/detail/goal_specification__rosidl_typesupport_fastrtps_cpp.hpp\n'}
[0.291939] (pyrobosim_msgs) StdoutLine: {'line': b'-- Up-to-date symlink: /convince_ws/install/pyrobosim_msgs/include/pyrobosim_msgs/pyrobosim_msgs/msg/detail/hallway_state__rosidl_typesupport_fastrtps_cpp.hpp\n'}
[0.291967] (pyrobosim_msgs) StdoutLine: {'line': b'-- Up-to-date symlink: /convince_ws/install/pyrobosim_msgs/include/pyrobosim_msgs/pyrobosim_msgs/msg/detail/location_state__rosidl_typesupport_fastrtps_cpp.hpp\n'}
[0.291996] (pyrobosim_msgs) StdoutLine: {'line': b'-- Up-to-date symlink: /convince_ws/install/pyrobosim_msgs/include/pyrobosim_msgs/pyrobosim_msgs/msg/detail/object_state__rosidl_typesupport_fastrtps_cpp.hpp\n'}
[0.292023] (pyrobosim_msgs) StdoutLine: {'line': b'-- Up-to-date symlink: /convince_ws/install/pyrobosim_msgs/include/pyrobosim_msgs/pyrobosim_msgs/msg/detail/path__rosidl_typesupport_fastrtps_cpp.hpp\n'}
[0.292049] (pyrobosim_msgs) StdoutLine: {'line': b'-- Up-to-date symlink: /convince_ws/install/pyrobosim_msgs/include/pyrobosim_msgs/pyrobosim_msgs/msg/detail/robot_state__rosidl_typesupport_fastrtps_cpp.hpp\n'}
[0.292077] (pyrobosim_msgs) StdoutLine: {'line': b'-- Up-to-date symlink: /convince_ws/install/pyrobosim_msgs/include/pyrobosim_msgs/pyrobosim_msgs/msg/detail/task_action__rosidl_typesupport_fastrtps_cpp.hpp\n'}
[0.292105] (pyrobosim_msgs) StdoutLine: {'line': b'-- Up-to-date symlink: /convince_ws/install/pyrobosim_msgs/include/pyrobosim_msgs/pyrobosim_msgs/msg/detail/task_plan__rosidl_typesupport_fastrtps_cpp.hpp\n'}
[0.292133] (pyrobosim_msgs) StdoutLine: {'line': b'-- Up-to-date symlink: /convince_ws/install/pyrobosim_msgs/include/pyrobosim_msgs/pyrobosim_msgs/msg/detail/world_info__rosidl_typesupport_fastrtps_cpp.hpp\n'}
[0.292161] (pyrobosim_msgs) StdoutLine: {'line': b'-- Up-to-date symlink: /convince_ws/install/pyrobosim_msgs/include/pyrobosim_msgs/pyrobosim_msgs/msg/detail/world_state__rosidl_typesupport_fastrtps_cpp.hpp\n'}
[0.292188] (pyrobosim_msgs) StdoutLine: {'line': b'-- Up-to-date symlink: /convince_ws/install/pyrobosim_msgs/include/pyrobosim_msgs/pyrobosim_msgs/msg/rosidl_typesupport_fastrtps_cpp__visibility_control.h\n'}
[0.292215] (pyrobosim_msgs) StdoutLine: {'line': b'-- Up-to-date symlink: /convince_ws/install/pyrobosim_msgs/include/pyrobosim_msgs/pyrobosim_msgs/srv/detail/request_world_info__rosidl_typesupport_fastrtps_cpp.hpp\n'}
[0.292243] (pyrobosim_msgs) StdoutLine: {'line': b'-- Up-to-date symlink: /convince_ws/install/pyrobosim_msgs/include/pyrobosim_msgs/pyrobosim_msgs/srv/detail/request_world_state__rosidl_typesupport_fastrtps_cpp.hpp\n'}
[0.292271] (pyrobosim_msgs) StdoutLine: {'line': b'-- Up-to-date symlink: /convince_ws/install/pyrobosim_msgs/include/pyrobosim_msgs/pyrobosim_msgs/srv/detail/reset_world__rosidl_typesupport_fastrtps_cpp.hpp\n'}
[0.292298] (pyrobosim_msgs) StdoutLine: {'line': b'-- Up-to-date symlink: /convince_ws/install/pyrobosim_msgs/include/pyrobosim_msgs/pyrobosim_msgs/srv/detail/set_location_state__rosidl_typesupport_fastrtps_cpp.hpp\n'}
[0.292335] (pyrobosim_msgs) StdoutLine: {'line': b'-- Up-to-date symlink: /convince_ws/install/pyrobosim_msgs/include/pyrobosim_msgs/pyrobosim_msgs/action/detail/detect_objects__rosidl_typesupport_introspection_c.h\n'}
[0.292364] (pyrobosim_msgs) StdoutLine: {'line': b'-- Up-to-date symlink: /convince_ws/install/pyrobosim_msgs/include/pyrobosim_msgs/pyrobosim_msgs/action/detail/execute_task_action__rosidl_typesupport_introspection_c.h\n'}
[0.292429] (pyrobosim_msgs) StdoutLine: {'line': b'-- Up-to-date symlink: /convince_ws/install/pyrobosim_msgs/include/pyrobosim_msgs/pyrobosim_msgs/action/detail/execute_task_plan__rosidl_typesupport_introspection_c.h\n'}
[0.292458] (pyrobosim_msgs) StdoutLine: {'line': b'-- Up-to-date symlink: /convince_ws/install/pyrobosim_msgs/include/pyrobosim_msgs/pyrobosim_msgs/action/detail/follow_path__rosidl_typesupport_introspection_c.h\n'}
[0.292489] (pyrobosim_msgs) StdoutLine: {'line': b'-- Up-to-date symlink: /convince_ws/install/pyrobosim_msgs/include/pyrobosim_msgs/pyrobosim_msgs/action/detail/plan_path__rosidl_typesupport_introspection_c.h\n'}
[0.292561] (pyrobosim_msgs) StdoutLine: {'line': b'-- Up-to-date symlink: /convince_ws/install/pyrobosim_msgs/include/pyrobosim_msgs/pyrobosim_msgs/msg/detail/execution_result__rosidl_typesupport_introspection_c.h\n'}
[0.292590] (pyrobosim_msgs) StdoutLine: {'line': b'-- Up-to-date symlink: /convince_ws/install/pyrobosim_msgs/include/pyrobosim_msgs/pyrobosim_msgs/msg/detail/goal_predicate__rosidl_typesupport_introspection_c.h\n'}
[0.292618] (pyrobosim_msgs) StdoutLine: {'line': b'-- Up-to-date symlink: /convince_ws/install/pyrobosim_msgs/include/pyrobosim_msgs/pyrobosim_msgs/msg/detail/goal_specification__rosidl_typesupport_introspection_c.h\n'}
[0.292646] (pyrobosim_msgs) StdoutLine: {'line': b'-- Up-to-date symlink: /convince_ws/install/pyrobosim_msgs/include/pyrobosim_msgs/pyrobosim_msgs/msg/detail/hallway_state__rosidl_typesupport_introspection_c.h\n'}
[0.292674] (bt_interfaces_dummy) StdoutLine: {'line': b"Listing '/convince_ws/install/bt_interfaces_dummy/lib/python3.12/site-packages/bt_interfaces_dummy'...\n"}
[0.292714] (bt_interfaces_dummy) StdoutLine: {'line': b"Listing '/convince_ws/install/bt_interfaces_dummy/lib/python3.12/site-packages/bt_interfaces_dummy/msg'...\n"}
[0.292744] (bt_interfaces_dummy) StdoutLine: {'line': b"Listing '/convince_ws/install/bt_interfaces_dummy/lib/python3.12/site-packages/bt_interfaces_dummy/srv'...\n"}
[0.292773] (pyrobosim_msgs) StdoutLine: {'line': b'-- Up-to-date symlink: /convince_ws/install/pyrobosim_msgs/include/pyrobosim_msgs/pyrobosim_msgs/msg/detail/location_state__rosidl_typesupport_introspection_c.h\n'}
[0.292843] (pyrobosim_msgs) StdoutLine: {'line': b'-- Up-to-date symlink: /convince_ws/install/pyrobosim_msgs/include/pyrobosim_msgs/pyrobosim_msgs/msg/detail/object_state__rosidl_typesupport_introspection_c.h\n'}
[0.292874] (pyrobosim_msgs) StdoutLine: {'line': b'-- Up-to-date symlink: /convince_ws/install/pyrobosim_msgs/include/pyrobosim_msgs/pyrobosim_msgs/msg/detail/path__rosidl_typesupport_introspection_c.h\n'}
[0.292904] (pyrobosim_msgs) StdoutLine: {'line': b'-- Up-to-date symlink: /convince_ws/install/pyrobosim_msgs/include/pyrobosim_msgs/pyrobosim_msgs/msg/detail/robot_state__rosidl_typesupport_introspection_c.h\n'}
[0.292933] (pyrobosim_msgs) StdoutLine: {'line': b'-- Up-to-date symlink: /convince_ws/install/pyrobosim_msgs/include/pyrobosim_msgs/pyrobosim_msgs/msg/detail/task_action__rosidl_typesupport_introspection_c.h\n'}
[0.292961] (pyrobosim_msgs) StdoutLine: {'line': b'-- Up-to-date symlink: /convince_ws/install/pyrobosim_msgs/include/pyrobosim_msgs/pyrobosim_msgs/msg/detail/task_plan__rosidl_typesupport_introspection_c.h\n'}
[0.292990] (pyrobosim_msgs) StdoutLine: {'line': b'-- Up-to-date symlink: /convince_ws/install/pyrobosim_msgs/include/pyrobosim_msgs/pyrobosim_msgs/msg/detail/world_info__rosidl_typesupport_introspection_c.h\n'}
[0.293018] (pyrobosim_msgs) StdoutLine: {'line': b'-- Up-to-date symlink: /convince_ws/install/pyrobosim_msgs/include/pyrobosim_msgs/pyrobosim_msgs/msg/detail/world_state__rosidl_typesupport_introspection_c.h\n'}
[0.293046] (pyrobosim_msgs) StdoutLine: {'line': b'-- Up-to-date symlink: /convince_ws/install/pyrobosim_msgs/include/pyrobosim_msgs/pyrobosim_msgs/msg/rosidl_typesupport_introspection_c__visibility_control.h\n'}
[0.293112] (pyrobosim_msgs) StdoutLine: {'line': b'-- Up-to-date symlink: /convince_ws/install/pyrobosim_msgs/include/pyrobosim_msgs/pyrobosim_msgs/srv/detail/request_world_info__rosidl_typesupport_introspection_c.h\n'}
[0.293143] (pyrobosim_msgs) StdoutLine: {'line': b'-- Up-to-date symlink: /convince_ws/install/pyrobosim_msgs/include/pyrobosim_msgs/pyrobosim_msgs/srv/detail/request_world_state__rosidl_typesupport_introspection_c.h\n'}
[0.293172] (pyrobosim_msgs) StdoutLine: {'line': b'-- Up-to-date symlink: /convince_ws/install/pyrobosim_msgs/include/pyrobosim_msgs/pyrobosim_msgs/srv/detail/reset_world__rosidl_typesupport_introspection_c.h\n'}
[0.293200] (pyrobosim_msgs) StdoutLine: {'line': b'-- Up-to-date symlink: /convince_ws/install/pyrobosim_msgs/include/pyrobosim_msgs/pyrobosim_msgs/srv/detail/set_location_state__rosidl_typesupport_introspection_c.h\n'}
[0.293228] (pyrobosim_msgs) StdoutLine: {'line': b'-- Up-to-date symlink: /convince_ws/install/pyrobosim_msgs/include/pyrobosim_msgs/pyrobosim_msgs/action/detail/detect_objects__rosidl_typesupport_introspection_cpp.hpp\n'}
[0.293257] (pyrobosim_msgs) StdoutLine: {'line': b'-- Up-to-date symlink: /convince_ws/install/pyrobosim_msgs/include/pyrobosim_msgs/pyrobosim_msgs/action/detail/execute_task_action__rosidl_typesupport_introspection_cpp.hpp\n'}
[0.293286] (pyrobosim_msgs) StdoutLine: {'line': b'-- Up-to-date symlink: /convince_ws/install/pyrobosim_msgs/include/pyrobosim_msgs/pyrobosim_msgs/action/detail/execute_task_plan__rosidl_typesupport_introspection_cpp.hpp\n'}
[0.293319] (pyrobosim_msgs) StdoutLine: {'line': b'-- Up-to-date symlink: /convince_ws/install/pyrobosim_msgs/include/pyrobosim_msgs/pyrobosim_msgs/action/detail/follow_path__rosidl_typesupport_introspection_cpp.hpp\n'}
[0.293350] (pyrobosim_msgs) StdoutLine: {'line': b'-- Up-to-date symlink: /convince_ws/install/pyrobosim_msgs/include/pyrobosim_msgs/pyrobosim_msgs/action/detail/plan_path__rosidl_typesupport_introspection_cpp.hpp\n'}
[0.293377] (pyrobosim_msgs) StdoutLine: {'line': b'-- Up-to-date symlink: /convince_ws/install/pyrobosim_msgs/include/pyrobosim_msgs/pyrobosim_msgs/msg/detail/execution_result__rosidl_typesupport_introspection_cpp.hpp\n'}
[0.293406] (pyrobosim_msgs) StdoutLine: {'line': b'-- Up-to-date symlink: /convince_ws/install/pyrobosim_msgs/include/pyrobosim_msgs/pyrobosim_msgs/msg/detail/goal_predicate__rosidl_typesupport_introspection_cpp.hpp\n'}
[0.293432] (pyrobosim_msgs) StdoutLine: {'line': b'-- Up-to-date symlink: /convince_ws/install/pyrobosim_msgs/include/pyrobosim_msgs/pyrobosim_msgs/msg/detail/goal_specification__rosidl_typesupport_introspection_cpp.hpp\n'}
[0.293470] (pyrobosim_msgs) StdoutLine: {'line': b'-- Up-to-date symlink: /convince_ws/install/pyrobosim_msgs/include/pyrobosim_msgs/pyrobosim_msgs/msg/detail/hallway_state__rosidl_typesupport_introspection_cpp.hpp\n'}
[0.293503] (pyrobosim_msgs) StdoutLine: {'line': b'-- Up-to-date symlink: /convince_ws/install/pyrobosim_msgs/include/pyrobosim_msgs/pyrobosim_msgs/msg/detail/location_state__rosidl_typesupport_introspection_cpp.hpp\n'}
[0.293530] (pyrobosim_msgs) StdoutLine: {'line': b'-- Up-to-date symlink: /convince_ws/install/pyrobosim_msgs/include/pyrobosim_msgs/pyrobosim_msgs/msg/detail/object_state__rosidl_typesupport_introspection_cpp.hpp\n'}
[0.293558] (pyrobosim_msgs) StdoutLine: {'line': b'-- Up-to-date symlink: /convince_ws/install/pyrobosim_msgs/include/pyrobosim_msgs/pyrobosim_msgs/msg/detail/path__rosidl_typesupport_introspection_cpp.hpp\n'}
[0.293615] (pyrobosim_msgs) StdoutLine: {'line': b'-- Up-to-date symlink: /convince_ws/install/pyrobosim_msgs/include/pyrobosim_msgs/pyrobosim_msgs/msg/detail/robot_state__rosidl_typesupport_introspection_cpp.hpp\n'}
[0.293643] (pyrobosim_msgs) StdoutLine: {'line': b'-- Up-to-date symlink: /convince_ws/install/pyrobosim_msgs/include/pyrobosim_msgs/pyrobosim_msgs/msg/detail/task_action__rosidl_typesupport_introspection_cpp.hpp\n'}
[0.293672] (pyrobosim_msgs) StdoutLine: {'line': b'-- Up-to-date symlink: /convince_ws/install/pyrobosim_msgs/include/pyrobosim_msgs/pyrobosim_msgs/msg/detail/task_plan__rosidl_typesupport_introspection_cpp.hpp\n'}
[0.293708] (pyrobosim_msgs) StdoutLine: {'line': b'-- Up-to-date symlink: /convince_ws/install/pyrobosim_msgs/include/pyrobosim_msgs/pyrobosim_msgs/msg/detail/world_info__rosidl_typesupport_introspection_cpp.hpp\n'}
[0.293737] (bt_interfaces_dummy) StdoutLine: {'line': b'-- Up-to-date: /convince_ws/install/bt_interfaces_dummy/lib/libbt_interfaces_dummy__rosidl_generator_py.so\n'}
[0.293781] (pyrobosim_msgs) StdoutLine: {'line': b'-- Up-to-date symlink: /convince_ws/install/pyrobosim_msgs/include/pyrobosim_msgs/pyrobosim_msgs/msg/detail/world_state__rosidl_typesupport_introspection_cpp.hpp\n'}
[0.293811] (pyrobosim_msgs) StdoutLine: {'line': b'-- Up-to-date symlink: /convince_ws/install/pyrobosim_msgs/include/pyrobosim_msgs/pyrobosim_msgs/srv/detail/request_world_info__rosidl_typesupport_introspection_cpp.hpp\n'}
[0.293841] (pyrobosim_msgs) StdoutLine: {'line': b'-- Up-to-date symlink: /convince_ws/install/pyrobosim_msgs/include/pyrobosim_msgs/pyrobosim_msgs/srv/detail/request_world_state__rosidl_typesupport_introspection_cpp.hpp\n'}
[0.293869] (btcpp_ros2_interfaces) StdoutLine: {'line': b'-- Up-to-date symlink: /convince_ws/install/btcpp_ros2_interfaces/share/ament_index/resource_index/packages/btcpp_ros2_interfaces\n'}
[0.293908] (pyrobosim_msgs) StdoutLine: {'line': b'-- Up-to-date symlink: /convince_ws/install/pyrobosim_msgs/include/pyrobosim_msgs/pyrobosim_msgs/srv/detail/reset_world__rosidl_typesupport_introspection_cpp.hpp\n'}
[0.293937] (pyrobosim_msgs) StdoutLine: {'line': b'-- Up-to-date symlink: /convince_ws/install/pyrobosim_msgs/include/pyrobosim_msgs/pyrobosim_msgs/srv/detail/set_location_state__rosidl_typesupport_introspection_cpp.hpp\n'}
[0.293965] (bt_interfaces_dummy) StdoutLine: {'line': b'-- Up-to-date: /convince_ws/install/bt_interfaces_dummy/share/bt_interfaces_dummy/cmake/export_bt_interfaces_dummy__rosidl_generator_cExport.cmake\n'}
[0.293994] (bt_interfaces_dummy) StdoutLine: {'line': b'-- Up-to-date: /convince_ws/install/bt_interfaces_dummy/share/bt_interfaces_dummy/cmake/export_bt_interfaces_dummy__rosidl_generator_cExport-noconfig.cmake\n'}
[0.294021] (bt_interfaces_dummy) StdoutLine: {'line': b'-- Up-to-date: /convince_ws/install/bt_interfaces_dummy/share/bt_interfaces_dummy/cmake/export_bt_interfaces_dummy__rosidl_typesupport_fastrtps_cExport.cmake\n'}
[0.294051] (bt_interfaces_dummy) StdoutLine: {'line': b'-- Up-to-date: /convince_ws/install/bt_interfaces_dummy/share/bt_interfaces_dummy/cmake/export_bt_interfaces_dummy__rosidl_typesupport_fastrtps_cExport-noconfig.cmake\n'}
[0.294078] (pyrobosim_msgs) StdoutLine: {'line': b'-- Up-to-date symlink: /convince_ws/install/pyrobosim_msgs/share/pyrobosim_msgs/environment/pythonpath.sh\n'}
[0.294105] (btcpp_ros2_interfaces) StdoutLine: {'line': b'-- Up-to-date symlink: /convince_ws/install/btcpp_ros2_interfaces/share/btcpp_ros2_interfaces/cmake/rosidl_cmake-extras.cmake\n'}
[0.294133] (btcpp_ros2_interfaces) StdoutLine: {'line': b'-- Up-to-date symlink: /convince_ws/install/btcpp_ros2_interfaces/share/btcpp_ros2_interfaces/cmake/ament_cmake_export_dependencies-extras.cmake\n'}
[0.294160] (bt_interfaces_dummy) StdoutLine: {'line': b'-- Up-to-date: /convince_ws/install/bt_interfaces_dummy/share/bt_interfaces_dummy/cmake/bt_interfaces_dummy__rosidl_typesupport_introspection_cExport.cmake\n'}
[0.294189] (pyrobosim_msgs) StdoutLine: {'line': b'-- Up-to-date symlink: /convince_ws/install/pyrobosim_msgs/share/pyrobosim_msgs/environment/pythonpath.dsv\n'}
[0.294217] (bt_interfaces_dummy) StdoutLine: {'line': b'-- Up-to-date: /convince_ws/install/bt_interfaces_dummy/share/bt_interfaces_dummy/cmake/bt_interfaces_dummy__rosidl_typesupport_introspection_cExport-noconfig.cmake\n'}
[0.294246] (bt_interfaces_dummy) StdoutLine: {'line': b'-- Up-to-date: /convince_ws/install/bt_interfaces_dummy/share/bt_interfaces_dummy/cmake/bt_interfaces_dummy__rosidl_typesupport_cExport.cmake\n'}
[0.294274] (bt_interfaces_dummy) StdoutLine: {'line': b'-- Up-to-date: /convince_ws/install/bt_interfaces_dummy/share/bt_interfaces_dummy/cmake/bt_interfaces_dummy__rosidl_typesupport_cExport-noconfig.cmake\n'}
[0.294324] (bt_interfaces_dummy) StdoutLine: {'line': b'-- Up-to-date: /convince_ws/install/bt_interfaces_dummy/share/bt_interfaces_dummy/cmake/export_bt_interfaces_dummy__rosidl_generator_cppExport.cmake\n'}
[0.294354] (bt_interfaces_dummy) StdoutLine: {'line': b'-- Up-to-date: /convince_ws/install/bt_interfaces_dummy/share/bt_interfaces_dummy/cmake/export_bt_interfaces_dummy__rosidl_typesupport_fastrtps_cppExport.cmake\n'}
[0.294382] (bt_interfaces_dummy) StdoutLine: {'line': b'-- Up-to-date: /convince_ws/install/bt_interfaces_dummy/share/bt_interfaces_dummy/cmake/export_bt_interfaces_dummy__rosidl_typesupport_fastrtps_cppExport-noconfig.cmake\n'}
[0.294410] (btcpp_ros2_interfaces) StdoutLine: {'line': b'-- Up-to-date symlink: /convince_ws/install/btcpp_ros2_interfaces/share/btcpp_ros2_interfaces/cmake/ament_cmake_export_include_directories-extras.cmake\n'}
[0.294441] (btcpp_ros2_interfaces) StdoutLine: {'line': b'-- Up-to-date symlink: /convince_ws/install/btcpp_ros2_interfaces/share/btcpp_ros2_interfaces/cmake/ament_cmake_export_libraries-extras.cmake\n'}
[0.294468] (bt_interfaces_dummy) StdoutLine: {'line': b'-- Up-to-date: /convince_ws/install/bt_interfaces_dummy/share/bt_interfaces_dummy/cmake/bt_interfaces_dummy__rosidl_typesupport_introspection_cppExport.cmake\n'}
[0.294495] (bt_interfaces_dummy) StdoutLine: {'line': b'-- Up-to-date: /convince_ws/install/bt_interfaces_dummy/share/bt_interfaces_dummy/cmake/bt_interfaces_dummy__rosidl_typesupport_introspection_cppExport-noconfig.cmake\n'}
[0.294522] (pyrobosim_msgs) StdoutLine: {'line': b'-- Up-to-date symlink: /convince_ws/install/pyrobosim_msgs/lib/python3.12/site-packages/pyrobosim_msgs-4.3.3-py3.12.egg-info/PKG-INFO\n'}
[0.294551] (btcpp_ros2_interfaces) StdoutLine: {'line': b'-- Up-to-date symlink: /convince_ws/install/btcpp_ros2_interfaces/share/btcpp_ros2_interfaces/cmake/ament_cmake_export_targets-extras.cmake\n'}
[0.294580] (btcpp_ros2_interfaces) StdoutLine: {'line': b'-- Up-to-date symlink: /convince_ws/install/btcpp_ros2_interfaces/share/btcpp_ros2_interfaces/cmake/rosidl_cmake_export_typesupport_targets-extras.cmake\n'}
[0.294615] (btcpp_ros2_interfaces) StdoutLine: {'line': b'-- Up-to-date symlink: /convince_ws/install/btcpp_ros2_interfaces/share/btcpp_ros2_interfaces/cmake/rosidl_cmake_export_typesupport_libraries-extras.cmake\n'}
[0.294643] (btcpp_ros2_interfaces) StdoutLine: {'line': b'-- Up-to-date symlink: /convince_ws/install/btcpp_ros2_interfaces/share/btcpp_ros2_interfaces/cmake/btcpp_ros2_interfacesConfig.cmake\n'}
[0.294671] (pyrobosim_msgs) StdoutLine: {'line': b'-- Up-to-date symlink: /convince_ws/install/pyrobosim_msgs/lib/python3.12/site-packages/pyrobosim_msgs-4.3.3-py3.12.egg-info/SOURCES.txt\n'}
[0.294701] (pyrobosim_msgs) StdoutLine: {'line': b'-- Up-to-date symlink: /convince_ws/install/pyrobosim_msgs/lib/python3.12/site-packages/pyrobosim_msgs-4.3.3-py3.12.egg-info/dependency_links.txt\n'}
[0.294729] (pyrobosim_msgs) StdoutLine: {'line': b'-- Up-to-date symlink: /convince_ws/install/pyrobosim_msgs/lib/python3.12/site-packages/pyrobosim_msgs-4.3.3-py3.12.egg-info/top_level.txt\n'}
[0.294776] (bt_interfaces_dummy) StdoutLine: {'line': b'-- Up-to-date: /convince_ws/install/bt_interfaces_dummy/share/bt_interfaces_dummy/cmake/bt_interfaces_dummy__rosidl_typesupport_cppExport.cmake\n'}
[0.294805] (btcpp_ros2_interfaces) StdoutLine: {'line': b'-- Up-to-date symlink: /convince_ws/install/btcpp_ros2_interfaces/share/btcpp_ros2_interfaces/cmake/btcpp_ros2_interfacesConfig-version.cmake\n'}
[0.294833] (btcpp_ros2_interfaces) StdoutLine: {'line': b'-- Up-to-date symlink: /convince_ws/install/btcpp_ros2_interfaces/share/btcpp_ros2_interfaces/package.xml\n'}
[0.294861] (bt_interfaces_dummy) StdoutLine: {'line': b'-- Up-to-date: /convince_ws/install/bt_interfaces_dummy/share/bt_interfaces_dummy/cmake/bt_interfaces_dummy__rosidl_typesupport_cppExport-noconfig.cmake\n'}
[0.294889] (bt_interfaces_dummy) StdoutLine: {'line': b'-- Up-to-date: /convince_ws/install/bt_interfaces_dummy/share/bt_interfaces_dummy/cmake/export_bt_interfaces_dummy__rosidl_generator_pyExport.cmake\n'}
[0.294938] (bt_interfaces_dummy) StdoutLine: {'line': b'-- Up-to-date: /convince_ws/install/bt_interfaces_dummy/share/bt_interfaces_dummy/cmake/export_bt_interfaces_dummy__rosidl_generator_pyExport-noconfig.cmake\n'}
[0.294965] (btcpp_ros2_interfaces) StdoutLine: {'line': b'-- Up-to-date: /convince_ws/install/btcpp_ros2_interfaces/lib/libbtcpp_ros2_interfaces__rosidl_generator_c.so\n'}
[0.294993] (btcpp_ros2_interfaces) StdoutLine: {'line': b'-- Up-to-date: /convince_ws/install/btcpp_ros2_interfaces/lib/libbtcpp_ros2_interfaces__rosidl_typesupport_fastrtps_c.so\n'}
[0.295020] (btcpp_ros2_interfaces) StdoutLine: {'line': b'-- Up-to-date: /convince_ws/install/btcpp_ros2_interfaces/lib/libbtcpp_ros2_interfaces__rosidl_typesupport_introspection_c.so\n'}
[0.295048] (btcpp_ros2_interfaces) StdoutLine: {'line': b'-- Up-to-date: /convince_ws/install/btcpp_ros2_interfaces/lib/libbtcpp_ros2_interfaces__rosidl_typesupport_c.so\n'}
[0.295076] (btcpp_ros2_interfaces) StdoutLine: {'line': b'-- Up-to-date: /convince_ws/install/btcpp_ros2_interfaces/lib/libbtcpp_ros2_interfaces__rosidl_typesupport_fastrtps_cpp.so\n'}
[0.295104] (pyrobosim_msgs) StdoutLine: {'line': b'-- Up-to-date symlink: /convince_ws/install/pyrobosim_msgs/lib/python3.12/site-packages/pyrobosim_msgs/__init__.py\n'}
[0.295132] (pyrobosim_msgs) StdoutLine: {'line': b'-- Up-to-date symlink: /convince_ws/install/pyrobosim_msgs/lib/python3.12/site-packages/pyrobosim_msgs/_pyrobosim_msgs_s.ep.rosidl_typesupport_c.c\n'}
[0.295161] (pyrobosim_msgs) StdoutLine: {'line': b'-- Up-to-date symlink: /convince_ws/install/pyrobosim_msgs/lib/python3.12/site-packages/pyrobosim_msgs/_pyrobosim_msgs_s.ep.rosidl_typesupport_fastrtps_c.c\n'}
[0.295188] (pyrobosim_msgs) StdoutLine: {'line': b'-- Up-to-date symlink: /convince_ws/install/pyrobosim_msgs/lib/python3.12/site-packages/pyrobosim_msgs/_pyrobosim_msgs_s.ep.rosidl_typesupport_introspection_c.c\n'}
[0.295214] (pyrobosim_msgs) StdoutLine: {'line': b'-- Up-to-date symlink: /convince_ws/install/pyrobosim_msgs/lib/python3.12/site-packages/pyrobosim_msgs/action/__init__.py\n'}
[0.295242] (pyrobosim_msgs) StdoutLine: {'line': b'-- Up-to-date symlink: /convince_ws/install/pyrobosim_msgs/lib/python3.12/site-packages/pyrobosim_msgs/action/_detect_objects.py\n'}
[0.295270] (pyrobosim_msgs) StdoutLine: {'line': b'-- Up-to-date symlink: /convince_ws/install/pyrobosim_msgs/lib/python3.12/site-packages/pyrobosim_msgs/action/_detect_objects_s.c\n'}
[0.295299] (pyrobosim_msgs) StdoutLine: {'line': b'-- Up-to-date symlink: /convince_ws/install/pyrobosim_msgs/lib/python3.12/site-packages/pyrobosim_msgs/action/_execute_task_action.py\n'}
[0.295334] (btcpp_ros2_interfaces) StdoutLine: {'line': b'-- Up-to-date: /convince_ws/install/btcpp_ros2_interfaces/lib/libbtcpp_ros2_interfaces__rosidl_typesupport_introspection_cpp.so\n'}
[0.295365] (pyrobosim_msgs) StdoutLine: {'line': b'-- Up-to-date symlink: /convince_ws/install/pyrobosim_msgs/lib/python3.12/site-packages/pyrobosim_msgs/action/_execute_task_action_s.c\n'}
[0.295436] (btcpp_ros2_interfaces) StdoutLine: {'line': b'-- Up-to-date: /convince_ws/install/btcpp_ros2_interfaces/lib/libbtcpp_ros2_interfaces__rosidl_typesupport_cpp.so\n'}
[0.295465] (pyrobosim_msgs) StdoutLine: {'line': b'-- Up-to-date symlink: /convince_ws/install/pyrobosim_msgs/lib/python3.12/site-packages/pyrobosim_msgs/action/_execute_task_plan.py\n'}
[0.295493] (pyrobosim_msgs) StdoutLine: {'line': b'-- Up-to-date symlink: /convince_ws/install/pyrobosim_msgs/lib/python3.12/site-packages/pyrobosim_msgs/action/_execute_task_plan_s.c\n'}
[0.295520] (pyrobosim_msgs) StdoutLine: {'line': b'-- Up-to-date symlink: /convince_ws/install/pyrobosim_msgs/lib/python3.12/site-packages/pyrobosim_msgs/action/_follow_path.py\n'}
[0.295563] (pyrobosim_msgs) StdoutLine: {'line': b'-- Up-to-date symlink: /convince_ws/install/pyrobosim_msgs/lib/python3.12/site-packages/pyrobosim_msgs/action/_follow_path_s.c\n'}
[0.295603] (pyrobosim_msgs) StdoutLine: {'line': b'-- Up-to-date symlink: /convince_ws/install/pyrobosim_msgs/lib/python3.12/site-packages/pyrobosim_msgs/action/_plan_path.py\n'}
[0.295631] (pyrobosim_msgs) StdoutLine: {'line': b'-- Up-to-date symlink: /convince_ws/install/pyrobosim_msgs/lib/python3.12/site-packages/pyrobosim_msgs/action/_plan_path_s.c\n'}
[0.295661] (pyrobosim_msgs) StdoutLine: {'line': b'-- Up-to-date symlink: /convince_ws/install/pyrobosim_msgs/lib/python3.12/site-packages/pyrobosim_msgs/msg/__init__.py\n'}
[0.295689] (pyrobosim_msgs) StdoutLine: {'line': b'-- Up-to-date symlink: /convince_ws/install/pyrobosim_msgs/lib/python3.12/site-packages/pyrobosim_msgs/msg/_execution_result.py\n'}
[0.295717] (pyrobosim_msgs) StdoutLine: {'line': b'-- Up-to-date symlink: /convince_ws/install/pyrobosim_msgs/lib/python3.12/site-packages/pyrobosim_msgs/msg/_execution_result_s.c\n'}
[0.295746] (pyrobosim_msgs) StdoutLine: {'line': b'-- Up-to-date symlink: /convince_ws/install/pyrobosim_msgs/lib/python3.12/site-packages/pyrobosim_msgs/msg/_goal_predicate.py\n'}
[0.295778] (pyrobosim_msgs) StdoutLine: {'line': b'-- Up-to-date symlink: /convince_ws/install/pyrobosim_msgs/lib/python3.12/site-packages/pyrobosim_msgs/msg/_goal_predicate_s.c\n'}
[0.295807] (pyrobosim_msgs) StdoutLine: {'line': b'-- Up-to-date symlink: /convince_ws/install/pyrobosim_msgs/lib/python3.12/site-packages/pyrobosim_msgs/msg/_goal_specification.py\n'}
[0.295835] (pyrobosim_msgs) StdoutLine: {'line': b'-- Up-to-date symlink: /convince_ws/install/pyrobosim_msgs/lib/python3.12/site-packages/pyrobosim_msgs/msg/_goal_specification_s.c\n'}
[0.295862] (bt_interfaces_dummy) CommandEnded: {'returncode': 0}
[0.295994] (pyrobosim_msgs) StdoutLine: {'line': b'-- Up-to-date symlink: /convince_ws/install/pyrobosim_msgs/lib/python3.12/site-packages/pyrobosim_msgs/msg/_hallway_state.py\n'}
[0.296036] (pyrobosim_msgs) StdoutLine: {'line': b'-- Up-to-date symlink: /convince_ws/install/pyrobosim_msgs/lib/python3.12/site-packages/pyrobosim_msgs/msg/_hallway_state_s.c\n'}
[0.296069] (pyrobosim_msgs) StdoutLine: {'line': b'-- Up-to-date symlink: /convince_ws/install/pyrobosim_msgs/lib/python3.12/site-packages/pyrobosim_msgs/msg/_location_state.py\n'}
[0.296099] (pyrobosim_msgs) StdoutLine: {'line': b'-- Up-to-date symlink: /convince_ws/install/pyrobosim_msgs/lib/python3.12/site-packages/pyrobosim_msgs/msg/_location_state_s.c\n'}
[0.296132] (pyrobosim_msgs) StdoutLine: {'line': b'-- Up-to-date symlink: /convince_ws/install/pyrobosim_msgs/lib/python3.12/site-packages/pyrobosim_msgs/msg/_object_state.py\n'}
[0.296164] (pyrobosim_msgs) StdoutLine: {'line': b'-- Up-to-date symlink: /convince_ws/install/pyrobosim_msgs/lib/python3.12/site-packages/pyrobosim_msgs/msg/_object_state_s.c\n'}
[0.296195] (pyrobosim_msgs) StdoutLine: {'line': b'-- Up-to-date symlink: /convince_ws/install/pyrobosim_msgs/lib/python3.12/site-packages/pyrobosim_msgs/msg/_path.py\n'}
[0.296226] (pyrobosim_msgs) StdoutLine: {'line': b'-- Up-to-date symlink: /convince_ws/install/pyrobosim_msgs/lib/python3.12/site-packages/pyrobosim_msgs/msg/_path_s.c\n'}
[0.296256] (pyrobosim_msgs) StdoutLine: {'line': b'-- Up-to-date symlink: /convince_ws/install/pyrobosim_msgs/lib/python3.12/site-packages/pyrobosim_msgs/msg/_robot_state.py\n'}
[0.296287] (pyrobosim_msgs) StdoutLine: {'line': b'-- Up-to-date symlink: /convince_ws/install/pyrobosim_msgs/lib/python3.12/site-packages/pyrobosim_msgs/msg/_robot_state_s.c\n'}
[0.296346] (pyrobosim_msgs) StdoutLine: {'line': b'-- Up-to-date symlink: /convince_ws/install/pyrobosim_msgs/lib/python3.12/site-packages/pyrobosim_msgs/msg/_task_action.py\n'}
[0.296407] (pyrobosim_msgs) StdoutLine: {'line': b'-- Up-to-date symlink: /convince_ws/install/pyrobosim_msgs/lib/python3.12/site-packages/pyrobosim_msgs/msg/_task_action_s.c\n'}
[0.296442] (pyrobosim_msgs) StdoutLine: {'line': b'-- Up-to-date symlink: /convince_ws/install/pyrobosim_msgs/lib/python3.12/site-packages/pyrobosim_msgs/msg/_task_plan.py\n'}
[0.296475] (pyrobosim_msgs) StdoutLine: {'line': b'-- Up-to-date symlink: /convince_ws/install/pyrobosim_msgs/lib/python3.12/site-packages/pyrobosim_msgs/msg/_task_plan_s.c\n'}
[0.296524] (overarching_msgs) StdoutLine: {'line': b"Listing '/convince_ws/install/overarching_msgs/lib/python3.12/site-packages/overarching_msgs'...\n"}
[0.296597] (overarching_msgs) StdoutLine: {'line': b"Listing '/convince_ws/install/overarching_msgs/lib/python3.12/site-packages/overarching_msgs/action'...\n"}
[0.296628] (overarching_msgs) StdoutLine: {'line': b"Listing '/convince_ws/install/overarching_msgs/lib/python3.12/site-packages/overarching_msgs/msg'...\n"}
[0.296657] (pyrobosim_msgs) StdoutLine: {'line': b'-- Up-to-date symlink: /convince_ws/install/pyrobosim_msgs/lib/python3.12/site-packages/pyrobosim_msgs/msg/_world_info.py\n'}
[0.296689] (pyrobosim_msgs) StdoutLine: {'line': b'-- Up-to-date symlink: /convince_ws/install/pyrobosim_msgs/lib/python3.12/site-packages/pyrobosim_msgs/msg/_world_info_s.c\n'}
[0.296718] (pyrobosim_msgs) StdoutLine: {'line': b'-- Up-to-date symlink: /convince_ws/install/pyrobosim_msgs/lib/python3.12/site-packages/pyrobosim_msgs/msg/_world_state.py\n'}
[0.296747] (pyrobosim_msgs) StdoutLine: {'line': b'-- Up-to-date symlink: /convince_ws/install/pyrobosim_msgs/lib/python3.12/site-packages/pyrobosim_msgs/msg/_world_state_s.c\n'}
[0.296778] (pyrobosim_msgs) StdoutLine: {'line': b'-- Up-to-date symlink: /convince_ws/install/pyrobosim_msgs/lib/python3.12/site-packages/pyrobosim_msgs/pyrobosim_msgs_s__rosidl_typesupport_c.so\n'}
[0.296843] (pyrobosim_msgs) StdoutLine: {'line': b'-- Up-to-date symlink: /convince_ws/install/pyrobosim_msgs/lib/python3.12/site-packages/pyrobosim_msgs/pyrobosim_msgs_s__rosidl_typesupport_fastrtps_c.so\n'}
[0.296872] (pyrobosim_msgs) StdoutLine: {'line': b'-- Up-to-date symlink: /convince_ws/install/pyrobosim_msgs/lib/python3.12/site-packages/pyrobosim_msgs/pyrobosim_msgs_s__rosidl_typesupport_introspection_c.so\n'}
[0.296915] (pyrobosim_msgs) StdoutLine: {'line': b'-- Up-to-date symlink: /convince_ws/install/pyrobosim_msgs/lib/python3.12/site-packages/pyrobosim_msgs/srv/__init__.py\n'}
[0.296945] (pyrobosim_msgs) StdoutLine: {'line': b'-- Up-to-date symlink: /convince_ws/install/pyrobosim_msgs/lib/python3.12/site-packages/pyrobosim_msgs/srv/_request_world_info.py\n'}
[0.296973] (pyrobosim_msgs) StdoutLine: {'line': b'-- Up-to-date symlink: /convince_ws/install/pyrobosim_msgs/lib/python3.12/site-packages/pyrobosim_msgs/srv/_request_world_info_s.c\n'}
[0.297000] (pyrobosim_msgs) StdoutLine: {'line': b'-- Up-to-date symlink: /convince_ws/install/pyrobosim_msgs/lib/python3.12/site-packages/pyrobosim_msgs/srv/_request_world_state.py\n'}
[0.297029] (pyrobosim_msgs) StdoutLine: {'line': b'-- Up-to-date symlink: /convince_ws/install/pyrobosim_msgs/lib/python3.12/site-packages/pyrobosim_msgs/srv/_request_world_state_s.c\n'}
[0.297056] (pyrobosim_msgs) StdoutLine: {'line': b'-- Up-to-date symlink: /convince_ws/install/pyrobosim_msgs/lib/python3.12/site-packages/pyrobosim_msgs/srv/_reset_world.py\n'}
[0.297084] (pyrobosim_msgs) StdoutLine: {'line': b'-- Up-to-date symlink: /convince_ws/install/pyrobosim_msgs/lib/python3.12/site-packages/pyrobosim_msgs/srv/_reset_world_s.c\n'}
[0.297112] (pyrobosim_msgs) StdoutLine: {'line': b'-- Up-to-date symlink: /convince_ws/install/pyrobosim_msgs/lib/python3.12/site-packages/pyrobosim_msgs/srv/_set_location_state.py\n'}
[0.297138] (pyrobosim_msgs) StdoutLine: {'line': b'-- Up-to-date symlink: /convince_ws/install/pyrobosim_msgs/lib/python3.12/site-packages/pyrobosim_msgs/srv/_set_location_state_s.c\n'}
[0.297166] (pyrobosim_msgs) StdoutLine: {'line': b'-- Up-to-date symlink: /convince_ws/install/pyrobosim_msgs/lib/python3.12/site-packages/pyrobosim_msgs/pyrobosim_msgs_s__rosidl_typesupport_fastrtps_c.so\n'}
[0.297193] (pyrobosim_msgs) StdoutLine: {'line': b'-- Up-to-date symlink: /convince_ws/install/pyrobosim_msgs/lib/python3.12/site-packages/pyrobosim_msgs/pyrobosim_msgs_s__rosidl_typesupport_introspection_c.so\n'}
[0.297221] (pyrobosim_msgs) StdoutLine: {'line': b'-- Up-to-date symlink: /convince_ws/install/pyrobosim_msgs/lib/python3.12/site-packages/pyrobosim_msgs/pyrobosim_msgs_s__rosidl_typesupport_c.so\n'}
[0.297299] (pyrobosim_msgs) StdoutLine: {'line': b'-- Up-to-date symlink: /convince_ws/install/pyrobosim_msgs/share/pyrobosim_msgs/msg/ExecutionResult.idl\n'}
[0.297353] (pyrobosim_msgs) StdoutLine: {'line': b'-- Up-to-date symlink: /convince_ws/install/pyrobosim_msgs/share/pyrobosim_msgs/msg/GoalPredicate.idl\n'}
[0.297384] (pyrobosim_msgs) StdoutLine: {'line': b'-- Up-to-date symlink: /convince_ws/install/pyrobosim_msgs/share/pyrobosim_msgs/msg/GoalSpecification.idl\n'}
[0.297413] (pyrobosim_msgs) StdoutLine: {'line': b'-- Up-to-date symlink: /convince_ws/install/pyrobosim_msgs/share/pyrobosim_msgs/msg/HallwayState.idl\n'}
[0.297441] (pyrobosim_msgs) StdoutLine: {'line': b'-- Up-to-date symlink: /convince_ws/install/pyrobosim_msgs/share/pyrobosim_msgs/msg/LocationState.idl\n'}
[0.297470] (pyrobosim_msgs) StdoutLine: {'line': b'-- Up-to-date symlink: /convince_ws/install/pyrobosim_msgs/share/pyrobosim_msgs/msg/ObjectState.idl\n'}
[0.297498] (pyrobosim_msgs) StdoutLine: {'line': b'-- Up-to-date symlink: /convince_ws/install/pyrobosim_msgs/share/pyrobosim_msgs/msg/Path.idl\n'}
[0.297527] (overarching_msgs) StdoutLine: {'line': b'-- Up-to-date: /convince_ws/install/overarching_msgs/lib/liboverarching_msgs__rosidl_generator_py.so\n'}
[0.297578] (pyrobosim_msgs) StdoutLine: {'line': b'-- Up-to-date symlink: /convince_ws/install/pyrobosim_msgs/share/pyrobosim_msgs/msg/RobotState.idl\n'}
[0.297607] (pyrobosim_msgs) StdoutLine: {'line': b'-- Up-to-date symlink: /convince_ws/install/pyrobosim_msgs/share/pyrobosim_msgs/msg/TaskAction.idl\n'}
[0.297636] (pyrobosim_msgs) StdoutLine: {'line': b'-- Up-to-date symlink: /convince_ws/install/pyrobosim_msgs/share/pyrobosim_msgs/msg/TaskPlan.idl\n'}
[0.297664] (pyrobosim_msgs) StdoutLine: {'line': b'-- Up-to-date symlink: /convince_ws/install/pyrobosim_msgs/share/pyrobosim_msgs/msg/WorldInfo.idl\n'}
[0.297692] (pyrobosim_msgs) StdoutLine: {'line': b'-- Up-to-date symlink: /convince_ws/install/pyrobosim_msgs/share/pyrobosim_msgs/msg/WorldState.idl\n'}
[0.297719] (overarching_msgs) StdoutLine: {'line': b'-- Up-to-date: /convince_ws/install/overarching_msgs/share/overarching_msgs/cmake/export_overarching_msgs__rosidl_generator_cExport.cmake\n'}
[0.297749] (overarching_msgs) StdoutLine: {'line': b'-- Up-to-date: /convince_ws/install/overarching_msgs/share/overarching_msgs/cmake/export_overarching_msgs__rosidl_generator_cExport-noconfig.cmake\n'}
[0.297777] (overarching_msgs) StdoutLine: {'line': b'-- Up-to-date: /convince_ws/install/overarching_msgs/share/overarching_msgs/cmake/export_overarching_msgs__rosidl_typesupport_fastrtps_cExport.cmake\n'}
[0.297804] (overarching_msgs) StdoutLine: {'line': b'-- Up-to-date: /convince_ws/install/overarching_msgs/share/overarching_msgs/cmake/export_overarching_msgs__rosidl_typesupport_fastrtps_cExport-noconfig.cmake\n'}
[0.297831] (overarching_msgs) StdoutLine: {'line': b'-- Up-to-date: /convince_ws/install/overarching_msgs/share/overarching_msgs/cmake/overarching_msgs__rosidl_typesupport_introspection_cExport.cmake\n'}
[0.297859] (overarching_msgs) StdoutLine: {'line': b'-- Up-to-date: /convince_ws/install/overarching_msgs/share/overarching_msgs/cmake/overarching_msgs__rosidl_typesupport_introspection_cExport-noconfig.cmake\n'}
[0.297887] (overarching_msgs) StdoutLine: {'line': b'-- Up-to-date: /convince_ws/install/overarching_msgs/share/overarching_msgs/cmake/overarching_msgs__rosidl_typesupport_cExport.cmake\n'}
[0.297915] (overarching_msgs) StdoutLine: {'line': b'-- Up-to-date: /convince_ws/install/overarching_msgs/share/overarching_msgs/cmake/overarching_msgs__rosidl_typesupport_cExport-noconfig.cmake\n'}
[0.297943] (overarching_msgs) StdoutLine: {'line': b'-- Up-to-date: /convince_ws/install/overarching_msgs/share/overarching_msgs/cmake/export_overarching_msgs__rosidl_generator_cppExport.cmake\n'}
[0.297972] (overarching_msgs) StdoutLine: {'line': b'-- Up-to-date: /convince_ws/install/overarching_msgs/share/overarching_msgs/cmake/export_overarching_msgs__rosidl_typesupport_fastrtps_cppExport.cmake\n'}
[0.298028] (overarching_msgs) StdoutLine: {'line': b'-- Up-to-date: /convince_ws/install/overarching_msgs/share/overarching_msgs/cmake/export_overarching_msgs__rosidl_typesupport_fastrtps_cppExport-noconfig.cmake\n'}
[0.298075] (overarching_msgs) StdoutLine: {'line': b'-- Up-to-date: /convince_ws/install/overarching_msgs/share/overarching_msgs/cmake/overarching_msgs__rosidl_typesupport_introspection_cppExport.cmake\n'}
[0.298104] (pyrobosim_msgs) StdoutLine: {'line': b'-- Up-to-date symlink: /convince_ws/install/pyrobosim_msgs/share/pyrobosim_msgs/srv/RequestWorldInfo.idl\n'}
[0.298134] (pyrobosim_msgs) StdoutLine: {'line': b'-- Up-to-date symlink: /convince_ws/install/pyrobosim_msgs/share/pyrobosim_msgs/srv/RequestWorldState.idl\n'}
[0.298162] (pyrobosim_msgs) StdoutLine: {'line': b'-- Up-to-date symlink: /convince_ws/install/pyrobosim_msgs/share/pyrobosim_msgs/srv/ResetWorld.idl\n'}
[0.298190] (pyrobosim_msgs) StdoutLine: {'line': b'-- Up-to-date symlink: /convince_ws/install/pyrobosim_msgs/share/pyrobosim_msgs/srv/SetLocationState.idl\n'}
[0.298219] (overarching_msgs) StdoutLine: {'line': b'-- Up-to-date: /convince_ws/install/overarching_msgs/share/overarching_msgs/cmake/overarching_msgs__rosidl_typesupport_introspection_cppExport-noconfig.cmake\n'}
[0.298249] (overarching_msgs) StdoutLine: {'line': b'-- Up-to-date: /convince_ws/install/overarching_msgs/share/overarching_msgs/cmake/overarching_msgs__rosidl_typesupport_cppExport.cmake\n'}
[0.298277] (overarching_msgs) StdoutLine: {'line': b'-- Up-to-date: /convince_ws/install/overarching_msgs/share/overarching_msgs/cmake/overarching_msgs__rosidl_typesupport_cppExport-noconfig.cmake\n'}
[0.298305] (pyrobosim_msgs) StdoutLine: {'line': b'-- Up-to-date symlink: /convince_ws/install/pyrobosim_msgs/share/pyrobosim_msgs/action/DetectObjects.idl\n'}
[0.298387] (overarching_msgs) StdoutLine: {'line': b'-- Up-to-date: /convince_ws/install/overarching_msgs/share/overarching_msgs/cmake/export_overarching_msgs__rosidl_generator_pyExport.cmake\n'}
[0.298418] (pyrobosim_msgs) StdoutLine: {'line': b'-- Up-to-date symlink: /convince_ws/install/pyrobosim_msgs/share/pyrobosim_msgs/action/ExecuteTaskAction.idl\n'}
[0.298447] (pyrobosim_msgs) StdoutLine: {'line': b'-- Up-to-date symlink: /convince_ws/install/pyrobosim_msgs/share/pyrobosim_msgs/action/ExecuteTaskPlan.idl\n'}
[0.298475] (overarching_msgs) StdoutLine: {'line': b'-- Up-to-date: /convince_ws/install/overarching_msgs/share/overarching_msgs/cmake/export_overarching_msgs__rosidl_generator_pyExport-noconfig.cmake\n'}
[0.298502] (pyrobosim_msgs) StdoutLine: {'line': b'-- Up-to-date symlink: /convince_ws/install/pyrobosim_msgs/share/pyrobosim_msgs/action/FollowPath.idl\n'}
[0.298530] (pyrobosim_msgs) StdoutLine: {'line': b'-- Up-to-date symlink: /convince_ws/install/pyrobosim_msgs/share/pyrobosim_msgs/action/PlanPath.idl\n'}
[0.298596] (pyrobosim_msgs) StdoutLine: {'line': b'-- Up-to-date symlink: /convince_ws/install/pyrobosim_msgs/share/pyrobosim_msgs/msg/ExecutionResult.msg\n'}
[0.298626] (pyrobosim_msgs) StdoutLine: {'line': b'-- Up-to-date symlink: /convince_ws/install/pyrobosim_msgs/share/pyrobosim_msgs/msg/GoalPredicate.msg\n'}
[0.298654] (pyrobosim_msgs) StdoutLine: {'line': b'-- Up-to-date symlink: /convince_ws/install/pyrobosim_msgs/share/pyrobosim_msgs/msg/GoalSpecification.msg\n'}
[0.298683] (pyrobosim_msgs) StdoutLine: {'line': b'-- Up-to-date symlink: /convince_ws/install/pyrobosim_msgs/share/pyrobosim_msgs/msg/HallwayState.msg\n'}
[0.298730] (pyrobosim_msgs) StdoutLine: {'line': b'-- Up-to-date symlink: /convince_ws/install/pyrobosim_msgs/share/pyrobosim_msgs/msg/LocationState.msg\n'}
[0.298758] (pyrobosim_msgs) StdoutLine: {'line': b'-- Up-to-date symlink: /convince_ws/install/pyrobosim_msgs/share/pyrobosim_msgs/msg/ObjectState.msg\n'}
[0.298787] (pyrobosim_msgs) StdoutLine: {'line': b'-- Up-to-date symlink: /convince_ws/install/pyrobosim_msgs/share/pyrobosim_msgs/msg/Path.msg\n'}
[0.298817] (pyrobosim_msgs) StdoutLine: {'line': b'-- Up-to-date symlink: /convince_ws/install/pyrobosim_msgs/share/pyrobosim_msgs/msg/RobotState.msg\n'}
[0.298856] (pyrobosim_msgs) StdoutLine: {'line': b'-- Up-to-date symlink: /convince_ws/install/pyrobosim_msgs/share/pyrobosim_msgs/msg/TaskAction.msg\n'}
[0.298885] (pyrobosim_msgs) StdoutLine: {'line': b'-- Up-to-date symlink: /convince_ws/install/pyrobosim_msgs/share/pyrobosim_msgs/msg/TaskPlan.msg\n'}
[0.298913] (pyrobosim_msgs) StdoutLine: {'line': b'-- Up-to-date symlink: /convince_ws/install/pyrobosim_msgs/share/pyrobosim_msgs/msg/WorldInfo.msg\n'}
[0.298942] (pyrobosim_msgs) StdoutLine: {'line': b'-- Up-to-date symlink: /convince_ws/install/pyrobosim_msgs/share/pyrobosim_msgs/msg/WorldState.msg\n'}
[0.298971] (pyrobosim_msgs) StdoutLine: {'line': b'-- Up-to-date symlink: /convince_ws/install/pyrobosim_msgs/share/pyrobosim_msgs/srv/RequestWorldInfo.srv\n'}
[0.298999] (pyrobosim_msgs) StdoutLine: {'line': b'-- Up-to-date symlink: /convince_ws/install/pyrobosim_msgs/share/pyrobosim_msgs/srv/RequestWorldState.srv\n'}
[0.299028] (pyrobosim_msgs) StdoutLine: {'line': b'-- Up-to-date symlink: /convince_ws/install/pyrobosim_msgs/share/pyrobosim_msgs/srv/ResetWorld.srv\n'}
[0.299056] (pyrobosim_msgs) StdoutLine: {'line': b'-- Up-to-date symlink: /convince_ws/install/pyrobosim_msgs/share/pyrobosim_msgs/srv/SetLocationState.srv\n'}
[0.299084] (pyrobosim_msgs) StdoutLine: {'line': b'-- Up-to-date symlink: /convince_ws/install/pyrobosim_msgs/share/pyrobosim_msgs/action/DetectObjects.action\n'}
[0.299125] (pyrobosim_msgs) StdoutLine: {'line': b'-- Up-to-date symlink: /convince_ws/install/pyrobosim_msgs/share/pyrobosim_msgs/action/ExecuteTaskAction.action\n'}
[0.299155] (pyrobosim_msgs) StdoutLine: {'line': b'-- Up-to-date symlink: /convince_ws/install/pyrobosim_msgs/share/pyrobosim_msgs/action/ExecuteTaskPlan.action\n'}
[0.299183] (pyrobosim_msgs) StdoutLine: {'line': b'-- Up-to-date symlink: /convince_ws/install/pyrobosim_msgs/share/pyrobosim_msgs/action/FollowPath.action\n'}
[0.299212] (pyrobosim_msgs) StdoutLine: {'line': b'-- Up-to-date symlink: /convince_ws/install/pyrobosim_msgs/share/pyrobosim_msgs/action/PlanPath.action\n'}
[0.299240] (pyrobosim_msgs) StdoutLine: {'line': b'-- Up-to-date symlink: /convince_ws/install/pyrobosim_msgs/share/ament_index/resource_index/package_run_dependencies/pyrobosim_msgs\n'}
[0.299284] (pyrobosim_msgs) StdoutLine: {'line': b'-- Up-to-date symlink: /convince_ws/install/pyrobosim_msgs/share/ament_index/resource_index/parent_prefix_path/pyrobosim_msgs\n'}
[0.299319] (pyrobosim_msgs) StdoutLine: {'line': b'-- Up-to-date symlink: /convince_ws/install/pyrobosim_msgs/share/pyrobosim_msgs/environment/ament_prefix_path.sh\n'}
[0.299350] (pyrobosim_msgs) StdoutLine: {'line': b'-- Up-to-date symlink: /convince_ws/install/pyrobosim_msgs/share/pyrobosim_msgs/environment/ament_prefix_path.dsv\n'}
[0.299389] (pyrobosim_msgs) StdoutLine: {'line': b'-- Up-to-date symlink: /convince_ws/install/pyrobosim_msgs/share/pyrobosim_msgs/environment/path.sh\n'}
[0.299426] (pyrobosim_msgs) StdoutLine: {'line': b'-- Up-to-date symlink: /convince_ws/install/pyrobosim_msgs/share/pyrobosim_msgs/environment/path.dsv\n'}
[0.299464] (pyrobosim_msgs) StdoutLine: {'line': b'-- Up-to-date symlink: /convince_ws/install/pyrobosim_msgs/share/pyrobosim_msgs/local_setup.bash\n'}
[0.299500] (pyrobosim_msgs) StdoutLine: {'line': b'-- Up-to-date symlink: /convince_ws/install/pyrobosim_msgs/share/pyrobosim_msgs/local_setup.sh\n'}
[0.299553] (pyrobosim_msgs) StdoutLine: {'line': b'-- Up-to-date symlink: /convince_ws/install/pyrobosim_msgs/share/pyrobosim_msgs/local_setup.zsh\n'}
[0.299615] (pyrobosim_msgs) StdoutLine: {'line': b'-- Up-to-date symlink: /convince_ws/install/pyrobosim_msgs/share/pyrobosim_msgs/local_setup.dsv\n'}
[0.299663] (pyrobosim_msgs) StdoutLine: {'line': b'-- Symlinking: /convince_ws/install/pyrobosim_msgs/share/pyrobosim_msgs/package.dsv\n'}
[0.299819] (-) TimerEvent: {}
[0.304893] (pyrobosim_msgs) StdoutLine: {'line': b'-- Up-to-date symlink: /convince_ws/install/pyrobosim_msgs/share/ament_index/resource_index/packages/pyrobosim_msgs\n'}
[0.305131] (pyrobosim_msgs) StdoutLine: {'line': b'-- Up-to-date symlink: /convince_ws/install/pyrobosim_msgs/share/pyrobosim_msgs/cmake/rosidl_cmake-extras.cmake\n'}
[0.305176] (pyrobosim_msgs) StdoutLine: {'line': b'-- Up-to-date symlink: /convince_ws/install/pyrobosim_msgs/share/pyrobosim_msgs/cmake/ament_cmake_export_dependencies-extras.cmake\n'}
[0.305206] (pyrobosim_msgs) StdoutLine: {'line': b'-- Up-to-date symlink: /convince_ws/install/pyrobosim_msgs/share/pyrobosim_msgs/cmake/ament_cmake_export_include_directories-extras.cmake\n'}
[0.305291] (pyrobosim_msgs) StdoutLine: {'line': b'-- Up-to-date symlink: /convince_ws/install/pyrobosim_msgs/share/pyrobosim_msgs/cmake/ament_cmake_export_libraries-extras.cmake\n'}
[0.305325] (pyrobosim_msgs) StdoutLine: {'line': b'-- Up-to-date symlink: /convince_ws/install/pyrobosim_msgs/share/pyrobosim_msgs/cmake/ament_cmake_export_targets-extras.cmake\n'}
[0.305356] (pyrobosim_msgs) StdoutLine: {'line': b'-- Up-to-date symlink: /convince_ws/install/pyrobosim_msgs/share/pyrobosim_msgs/cmake/rosidl_cmake_export_typesupport_targets-extras.cmake\n'}
[0.305424] (pyrobosim_msgs) StdoutLine: {'line': b'-- Up-to-date symlink: /convince_ws/install/pyrobosim_msgs/share/pyrobosim_msgs/cmake/rosidl_cmake_export_typesupport_libraries-extras.cmake\n'}
[0.305454] (pyrobosim_msgs) StdoutLine: {'line': b'-- Up-to-date symlink: /convince_ws/install/pyrobosim_msgs/share/pyrobosim_msgs/cmake/pyrobosim_msgsConfig.cmake\n'}
[0.305502] (pyrobosim_msgs) StdoutLine: {'line': b'-- Up-to-date symlink: /convince_ws/install/pyrobosim_msgs/share/pyrobosim_msgs/cmake/pyrobosim_msgsConfig-version.cmake\n'}
[0.305591] (pyrobosim_msgs) StdoutLine: {'line': b'-- Up-to-date symlink: /convince_ws/install/pyrobosim_msgs/share/pyrobosim_msgs/package.xml\n'}
[0.305618] (pyrobosim_msgs) StdoutLine: {'line': b'-- Up-to-date: /convince_ws/install/pyrobosim_msgs/lib/libpyrobosim_msgs__rosidl_generator_c.so\n'}
[0.305666] (pyrobosim_msgs) StdoutLine: {'line': b'-- Up-to-date: /convince_ws/install/pyrobosim_msgs/lib/libpyrobosim_msgs__rosidl_typesupport_fastrtps_c.so\n'}
[0.305692] (pyrobosim_msgs) StdoutLine: {'line': b'-- Up-to-date: /convince_ws/install/pyrobosim_msgs/lib/libpyrobosim_msgs__rosidl_typesupport_fastrtps_cpp.so\n'}
[0.306100] (pyrobosim_msgs) StdoutLine: {'line': b'-- Up-to-date: /convince_ws/install/pyrobosim_msgs/lib/libpyrobosim_msgs__rosidl_typesupport_introspection_c.so\n'}
[0.306138] (pyrobosim_msgs) StdoutLine: {'line': b'-- Up-to-date: /convince_ws/install/pyrobosim_msgs/lib/libpyrobosim_msgs__rosidl_typesupport_c.so\n'}
[0.306167] (pyrobosim_msgs) StdoutLine: {'line': b'-- Up-to-date: /convince_ws/install/pyrobosim_msgs/lib/libpyrobosim_msgs__rosidl_typesupport_introspection_cpp.so\n'}
[0.306334] (pyrobosim_msgs) StdoutLine: {'line': b'-- Up-to-date: /convince_ws/install/pyrobosim_msgs/lib/libpyrobosim_msgs__rosidl_typesupport_cpp.so\n'}
[0.310645] (btcpp_ros2_interfaces) StdoutLine: {'line': b"Listing '/convince_ws/install/btcpp_ros2_interfaces/lib/python3.12/site-packages/btcpp_ros2_interfaces'...\n"}
[0.310721] (btcpp_ros2_interfaces) StdoutLine: {'line': b"Listing '/convince_ws/install/btcpp_ros2_interfaces/lib/python3.12/site-packages/btcpp_ros2_interfaces/action'...\n"}
[0.310750] (btcpp_ros2_interfaces) StdoutLine: {'line': b"Listing '/convince_ws/install/btcpp_ros2_interfaces/lib/python3.12/site-packages/btcpp_ros2_interfaces/msg'...\n"}
[0.310779] (btcpp_ros2_interfaces) StdoutLine: {'line': b"Listing '/convince_ws/install/btcpp_ros2_interfaces/lib/python3.12/site-packages/btcpp_ros2_interfaces/srv'...\n"}
[0.314303] (btcpp_ros2_interfaces) StdoutLine: {'line': b'-- Up-to-date: /convince_ws/install/btcpp_ros2_interfaces/lib/libbtcpp_ros2_interfaces__rosidl_generator_py.so\n'}
[0.314358] (btcpp_ros2_interfaces) StdoutLine: {'line': b'-- Up-to-date: /convince_ws/install/btcpp_ros2_interfaces/share/btcpp_ros2_interfaces/cmake/export_btcpp_ros2_interfaces__rosidl_generator_cExport.cmake\n'}
[0.314388] (btcpp_ros2_interfaces) StdoutLine: {'line': b'-- Up-to-date: /convince_ws/install/btcpp_ros2_interfaces/share/btcpp_ros2_interfaces/cmake/export_btcpp_ros2_interfaces__rosidl_generator_cExport-noconfig.cmake\n'}
[0.314478] (btcpp_ros2_interfaces) StdoutLine: {'line': b'-- Up-to-date: /convince_ws/install/btcpp_ros2_interfaces/share/btcpp_ros2_interfaces/cmake/export_btcpp_ros2_interfaces__rosidl_typesupport_fastrtps_cExport.cmake\n'}
[0.314507] (btcpp_ros2_interfaces) StdoutLine: {'line': b'-- Up-to-date: /convince_ws/install/btcpp_ros2_interfaces/share/btcpp_ros2_interfaces/cmake/export_btcpp_ros2_interfaces__rosidl_typesupport_fastrtps_cExport-noconfig.cmake\n'}
[0.314548] (btcpp_ros2_interfaces) StdoutLine: {'line': b'-- Up-to-date: /convince_ws/install/btcpp_ros2_interfaces/share/btcpp_ros2_interfaces/cmake/btcpp_ros2_interfaces__rosidl_typesupport_introspection_cExport.cmake\n'}
[0.314607] (btcpp_ros2_interfaces) StdoutLine: {'line': b'-- Up-to-date: /convince_ws/install/btcpp_ros2_interfaces/share/btcpp_ros2_interfaces/cmake/btcpp_ros2_interfaces__rosidl_typesupport_introspection_cExport-noconfig.cmake\n'}
[0.314637] (btcpp_ros2_interfaces) StdoutLine: {'line': b'-- Up-to-date: /convince_ws/install/btcpp_ros2_interfaces/share/btcpp_ros2_interfaces/cmake/btcpp_ros2_interfaces__rosidl_typesupport_cExport.cmake\n'}
[0.314666] (btcpp_ros2_interfaces) StdoutLine: {'line': b'-- Up-to-date: /convince_ws/install/btcpp_ros2_interfaces/share/btcpp_ros2_interfaces/cmake/btcpp_ros2_interfaces__rosidl_typesupport_cExport-noconfig.cmake\n'}
[0.314705] (btcpp_ros2_interfaces) StdoutLine: {'line': b'-- Up-to-date: /convince_ws/install/btcpp_ros2_interfaces/share/btcpp_ros2_interfaces/cmake/export_btcpp_ros2_interfaces__rosidl_generator_cppExport.cmake\n'}
[0.314755] (btcpp_ros2_interfaces) StdoutLine: {'line': b'-- Up-to-date: /convince_ws/install/btcpp_ros2_interfaces/share/btcpp_ros2_interfaces/cmake/export_btcpp_ros2_interfaces__rosidl_typesupport_fastrtps_cppExport.cmake\n'}
[0.314793] (btcpp_ros2_interfaces) StdoutLine: {'line': b'-- Up-to-date: /convince_ws/install/btcpp_ros2_interfaces/share/btcpp_ros2_interfaces/cmake/export_btcpp_ros2_interfaces__rosidl_typesupport_fastrtps_cppExport-noconfig.cmake\n'}
[0.315094] (btcpp_ros2_interfaces) StdoutLine: {'line': b'-- Up-to-date: /convince_ws/install/btcpp_ros2_interfaces/share/btcpp_ros2_interfaces/cmake/btcpp_ros2_interfaces__rosidl_typesupport_introspection_cppExport.cmake\n'}
[0.315180] (btcpp_ros2_interfaces) StdoutLine: {'line': b'-- Up-to-date: /convince_ws/install/btcpp_ros2_interfaces/share/btcpp_ros2_interfaces/cmake/btcpp_ros2_interfaces__rosidl_typesupport_introspection_cppExport-noconfig.cmake\n'}
[0.315211] (btcpp_ros2_interfaces) StdoutLine: {'line': b'-- Up-to-date: /convince_ws/install/btcpp_ros2_interfaces/share/btcpp_ros2_interfaces/cmake/btcpp_ros2_interfaces__rosidl_typesupport_cppExport.cmake\n'}
[0.315241] (btcpp_ros2_interfaces) StdoutLine: {'line': b'-- Up-to-date: /convince_ws/install/btcpp_ros2_interfaces/share/btcpp_ros2_interfaces/cmake/btcpp_ros2_interfaces__rosidl_typesupport_cppExport-noconfig.cmake\n'}
[0.315268] (btcpp_ros2_interfaces) StdoutLine: {'line': b'-- Up-to-date: /convince_ws/install/btcpp_ros2_interfaces/share/btcpp_ros2_interfaces/cmake/export_btcpp_ros2_interfaces__rosidl_generator_pyExport.cmake\n'}
[0.315297] (btcpp_ros2_interfaces) StdoutLine: {'line': b'-- Up-to-date: /convince_ws/install/btcpp_ros2_interfaces/share/btcpp_ros2_interfaces/cmake/export_btcpp_ros2_interfaces__rosidl_generator_pyExport-noconfig.cmake\n'}
[0.317191] (bt_interfaces_dummy) JobEnded: {'identifier': 'bt_interfaces_dummy', 'rc': 0}
[0.317776] (bt_nodes) JobStarted: {'identifier': 'bt_nodes'}
[0.320405] (overarching_msgs) CommandEnded: {'returncode': 0}
[0.328516] (pyrobosim_msgs) StdoutLine: {'line': b"Listing '/convince_ws/install/pyrobosim_msgs/lib/python3.12/site-packages/pyrobosim_msgs'...\n"}
[0.328590] (pyrobosim_msgs) StdoutLine: {'line': b"Listing '/convince_ws/install/pyrobosim_msgs/lib/python3.12/site-packages/pyrobosim_msgs/action'...\n"}
[0.328624] (pyrobosim_msgs) StdoutLine: {'line': b"Listing '/convince_ws/install/pyrobosim_msgs/lib/python3.12/site-packages/pyrobosim_msgs/msg'...\n"}
[0.328686] (pyrobosim_msgs) StdoutLine: {'line': b"Listing '/convince_ws/install/pyrobosim_msgs/lib/python3.12/site-packages/pyrobosim_msgs/srv'...\n"}
[0.331585] (pyrobosim_msgs) StdoutLine: {'line': b'-- Up-to-date: /convince_ws/install/pyrobosim_msgs/lib/libpyrobosim_msgs__rosidl_generator_py.so\n'}
[0.331658] (pyrobosim_msgs) StdoutLine: {'line': b'-- Up-to-date: /convince_ws/install/pyrobosim_msgs/share/pyrobosim_msgs/cmake/export_pyrobosim_msgs__rosidl_generator_cExport.cmake\n'}
[0.331778] (pyrobosim_msgs) StdoutLine: {'line': b'-- Up-to-date: /convince_ws/install/pyrobosim_msgs/share/pyrobosim_msgs/cmake/export_pyrobosim_msgs__rosidl_generator_cExport-noconfig.cmake\n'}
[0.331812] (pyrobosim_msgs) StdoutLine: {'line': b'-- Up-to-date: /convince_ws/install/pyrobosim_msgs/share/pyrobosim_msgs/cmake/export_pyrobosim_msgs__rosidl_typesupport_fastrtps_cExport.cmake\n'}
[0.331842] (pyrobosim_msgs) StdoutLine: {'line': b'-- Up-to-date: /convince_ws/install/pyrobosim_msgs/share/pyrobosim_msgs/cmake/export_pyrobosim_msgs__rosidl_typesupport_fastrtps_cExport-noconfig.cmake\n'}
[0.331954] (pyrobosim_msgs) StdoutLine: {'line': b'-- Up-to-date: /convince_ws/install/pyrobosim_msgs/share/pyrobosim_msgs/cmake/export_pyrobosim_msgs__rosidl_generator_cppExport.cmake\n'}
[0.331988] (pyrobosim_msgs) StdoutLine: {'line': b'-- Up-to-date: /convince_ws/install/pyrobosim_msgs/share/pyrobosim_msgs/cmake/export_pyrobosim_msgs__rosidl_typesupport_fastrtps_cppExport.cmake\n'}
[0.332018] (pyrobosim_msgs) StdoutLine: {'line': b'-- Up-to-date: /convince_ws/install/pyrobosim_msgs/share/pyrobosim_msgs/cmake/export_pyrobosim_msgs__rosidl_typesupport_fastrtps_cppExport-noconfig.cmake\n'}
[0.332048] (pyrobosim_msgs) StdoutLine: {'line': b'-- Up-to-date: /convince_ws/install/pyrobosim_msgs/share/pyrobosim_msgs/cmake/pyrobosim_msgs__rosidl_typesupport_introspection_cExport.cmake\n'}
[0.332076] (pyrobosim_msgs) StdoutLine: {'line': b'-- Up-to-date: /convince_ws/install/pyrobosim_msgs/share/pyrobosim_msgs/cmake/pyrobosim_msgs__rosidl_typesupport_introspection_cExport-noconfig.cmake\n'}
[0.332128] (pyrobosim_msgs) StdoutLine: {'line': b'-- Up-to-date: /convince_ws/install/pyrobosim_msgs/share/pyrobosim_msgs/cmake/pyrobosim_msgs__rosidl_typesupport_cExport.cmake\n'}
[0.332192] (pyrobosim_msgs) StdoutLine: {'line': b'-- Up-to-date: /convince_ws/install/pyrobosim_msgs/share/pyrobosim_msgs/cmake/pyrobosim_msgs__rosidl_typesupport_cExport-noconfig.cmake\n'}
[0.332226] (pyrobosim_msgs) StdoutLine: {'line': b'-- Up-to-date: /convince_ws/install/pyrobosim_msgs/share/pyrobosim_msgs/cmake/pyrobosim_msgs__rosidl_typesupport_introspection_cppExport.cmake\n'}
[0.332266] (pyrobosim_msgs) StdoutLine: {'line': b'-- Up-to-date: /convince_ws/install/pyrobosim_msgs/share/pyrobosim_msgs/cmake/pyrobosim_msgs__rosidl_typesupport_introspection_cppExport-noconfig.cmake\n'}
[0.332297] (pyrobosim_msgs) StdoutLine: {'line': b'-- Up-to-date: /convince_ws/install/pyrobosim_msgs/share/pyrobosim_msgs/cmake/pyrobosim_msgs__rosidl_typesupport_cppExport.cmake\n'}
[0.332384] (pyrobosim_msgs) StdoutLine: {'line': b'-- Up-to-date: /convince_ws/install/pyrobosim_msgs/share/pyrobosim_msgs/cmake/pyrobosim_msgs__rosidl_typesupport_cppExport-noconfig.cmake\n'}
[0.332447] (pyrobosim_msgs) StdoutLine: {'line': b'-- Up-to-date: /convince_ws/install/pyrobosim_msgs/share/pyrobosim_msgs/cmake/export_pyrobosim_msgs__rosidl_generator_pyExport.cmake\n'}
[0.332477] (pyrobosim_msgs) StdoutLine: {'line': b'-- Up-to-date: /convince_ws/install/pyrobosim_msgs/share/pyrobosim_msgs/cmake/export_pyrobosim_msgs__rosidl_generator_pyExport-noconfig.cmake\n'}
[0.334862] (overarching_msgs) JobEnded: {'identifier': 'overarching_msgs', 'rc': 0}
[0.335156] (place_object_skill) JobStarted: {'identifier': 'place_object_skill'}
[0.336629] (btcpp_ros2_interfaces) CommandEnded: {'returncode': 0}
[0.345065] (btcpp_ros2_interfaces) JobEnded: {'identifier': 'btcpp_ros2_interfaces', 'rc': 0}
[0.345866] (behaviortree_ros2) JobStarted: {'identifier': 'behaviortree_ros2'}
[0.347121] (bt_nodes) JobProgress: {'identifier': 'bt_nodes', 'progress': 'cmake'}
[0.347392] (bt_nodes) JobProgress: {'identifier': 'bt_nodes', 'progress': 'build'}
[0.347588] (bt_nodes) Command: {'cmd': ['/usr/bin/cmake', '--build', '/convince_ws/build/bt_nodes', '--', '-j20', '-l20'], 'cwd': '/convince_ws/build/bt_nodes', 'env': OrderedDict({'PYTHONWARNINGS': 'ignore:setup.py install is deprecated,ignore:easy_install command is deprecated', 'HOSTNAME': '8a792cd6aa65', 'SHLVL': '1', 'LD_LIBRARY_PATH': '/convince_ws/install/bt_interfaces_dummy/lib:/opt/ros/jazzy/opt/zmqpp_vendor/lib:/opt/ros/jazzy/lib/x86_64-linux-gnu:/opt/ros/jazzy/lib', 'HOME': '/root', 'OLDPWD': '/convince_ws', 'ROS_PYTHON_VERSION': '3', 'ROS_DISTRO': 'jazzy', '_': '/usr/bin/colcon', 'ROS_VERSION': '2', 'TERM': 'xterm', 'QT_X11_NO_MITSHM': '1', 'PATH': '/opt/ros/jazzy/bin:/usr/local/sbin:/usr/local/bin:/usr/sbin:/usr/bin:/sbin:/bin', 'DISPLAY': ':1', 'LANG': 'C.UTF-8', 'AMENT_PREFIX_PATH': '/convince_ws/install/bt_interfaces_dummy:/opt/ros/jazzy', 'ROS_WS': '/convince_ws', 'ROS_AUTOMATIC_DISCOVERY_RANGE': 'SUBNET', 'PWD': '/convince_ws/build/bt_nodes', 'LC_ALL': 'C.UTF-8', 'PYTHONPATH': '/convince_ws/install/bt_interfaces_dummy/lib/python3.12/site-packages:/opt/ros/jazzy/lib/python3.12/site-packages', 'COLCON': '1', 'CMAKE_PREFIX_PATH': '/convince_ws/install/bt_interfaces_dummy:/opt/ros/jazzy'}), 'shell': False}
[0.348222] (pyrobosim_msgs) CommandEnded: {'returncode': 0}
[0.357592] (pyrobosim_msgs) JobEnded: {'identifier': 'pyrobosim_msgs', 'rc': 0}
[0.358063] (pyrobosim_ros) JobStarted: {'identifier': 'pyrobosim_ros'}
[0.359708] (place_object_skill) JobProgress: {'identifier': 'place_object_skill', 'progress': 'cmake'}
[0.360089] (place_object_skill) JobProgress: {'identifier': 'place_object_skill', 'progress': 'build'}
[0.360324] (place_object_skill) Command: {'cmd': ['/usr/bin/cmake', '--build', '/convince_ws/build/place_object_skill', '--', '-j20', '-l20'], 'cwd': '/convince_ws/build/place_object_skill', 'env': OrderedDict({'PYTHONWARNINGS': 'ignore:setup.py install is deprecated,ignore:easy_install command is deprecated', 'HOSTNAME': '8a792cd6aa65', 'SHLVL': '1', 'LD_LIBRARY_PATH': '/convince_ws/install/overarching_msgs/lib:/convince_ws/install/bt_interfaces_dummy/lib:/opt/ros/jazzy/opt/zmqpp_vendor/lib:/opt/ros/jazzy/lib/x86_64-linux-gnu:/opt/ros/jazzy/lib', 'HOME': '/root', 'OLDPWD': '/convince_ws', 'ROS_PYTHON_VERSION': '3', 'ROS_DISTRO': 'jazzy', '_': '/usr/bin/colcon', 'ROS_VERSION': '2', 'TERM': 'xterm', 'QT_X11_NO_MITSHM': '1', 'PATH': '/opt/ros/jazzy/bin:/usr/local/sbin:/usr/local/bin:/usr/sbin:/usr/bin:/sbin:/bin', 'DISPLAY': ':1', 'LANG': 'C.UTF-8', 'AMENT_PREFIX_PATH': '/convince_ws/install/overarching_msgs:/convince_ws/install/bt_interfaces_dummy:/opt/ros/jazzy', 'ROS_WS': '/convince_ws', 'ROS_AUTOMATIC_DISCOVERY_RANGE': 'SUBNET', 'PWD': '/convince_ws/build/place_object_skill', 'LC_ALL': 'C.UTF-8', 'PYTHONPATH': '/convince_ws/install/overarching_msgs/lib/python3.12/site-packages:/convince_ws/install/bt_interfaces_dummy/lib/python3.12/site-packages:/opt/ros/jazzy/lib/python3.12/site-packages', 'COLCON': '1', 'CMAKE_PREFIX_PATH': '/convince_ws/install/overarching_msgs:/convince_ws/install/bt_interfaces_dummy:/opt/ros/jazzy'}), 'shell': False}
[0.360950] (behaviortree_ros2) JobProgress: {'identifier': 'behaviortree_ros2', 'progress': 'cmake'}
[0.361090] (behaviortree_ros2) JobProgress: {'identifier': 'behaviortree_ros2', 'progress': 'build'}
[0.361251] (behaviortree_ros2) Command: {'cmd': ['/usr/bin/cmake', '--build', '/convince_ws/build/behaviortree_ros2', '--', '-j20', '-l20'], 'cwd': '/convince_ws/build/behaviortree_ros2', 'env': OrderedDict({'PYTHONWARNINGS': 'ignore:setup.py install is deprecated,ignore:easy_install command is deprecated', 'HOSTNAME': '8a792cd6aa65', 'SHLVL': '1', 'LD_LIBRARY_PATH': '/convince_ws/install/btcpp_ros2_interfaces/lib:/opt/ros/jazzy/opt/zmqpp_vendor/lib:/opt/ros/jazzy/lib/x86_64-linux-gnu:/opt/ros/jazzy/lib', 'HOME': '/root', 'OLDPWD': '/convince_ws', 'ROS_PYTHON_VERSION': '3', 'ROS_DISTRO': 'jazzy', '_': '/usr/bin/colcon', 'ROS_VERSION': '2', 'TERM': 'xterm', 'QT_X11_NO_MITSHM': '1', 'PATH': '/opt/ros/jazzy/bin:/usr/local/sbin:/usr/local/bin:/usr/sbin:/usr/bin:/sbin:/bin', 'DISPLAY': ':1', 'LANG': 'C.UTF-8', 'AMENT_PREFIX_PATH': '/convince_ws/install/btcpp_ros2_interfaces:/opt/ros/jazzy', 'ROS_WS': '/convince_ws', 'ROS_AUTOMATIC_DISCOVERY_RANGE': 'SUBNET', 'PWD': '/convince_ws/build/behaviortree_ros2', 'LC_ALL': 'C.UTF-8', 'PYTHONPATH': '/convince_ws/install/btcpp_ros2_interfaces/lib/python3.12/site-packages:/opt/ros/jazzy/lib/python3.12/site-packages', 'COLCON': '1', 'CMAKE_PREFIX_PATH': '/convince_ws/install/btcpp_ros2_interfaces:/opt/ros/jazzy'}), 'shell': False}
[0.362564] (pyrobosim_ros) JobProgress: {'identifier': 'pyrobosim_ros', 'progress': 'cmake'}
[0.363007] (pyrobosim_ros) JobProgress: {'identifier': 'pyrobosim_ros', 'progress': 'build'}
[0.363160] (pyrobosim_ros) Command: {'cmd': ['/usr/bin/cmake', '--build', '/convince_ws/build/pyrobosim_ros', '--', '-j20', '-l20'], 'cwd': '/convince_ws/build/pyrobosim_ros', 'env': OrderedDict({'PYTHONWARNINGS': 'ignore:setup.py install is deprecated,ignore:easy_install command is deprecated', 'HOSTNAME': '8a792cd6aa65', 'SHLVL': '1', 'LD_LIBRARY_PATH': '/convince_ws/install/pyrobosim_msgs/lib:/opt/ros/jazzy/opt/zmqpp_vendor/lib:/opt/ros/jazzy/lib/x86_64-linux-gnu:/opt/ros/jazzy/lib', 'HOME': '/root', 'OLDPWD': '/convince_ws', 'ROS_PYTHON_VERSION': '3', 'ROS_DISTRO': 'jazzy', '_': '/usr/bin/colcon', 'ROS_VERSION': '2', 'TERM': 'xterm', 'QT_X11_NO_MITSHM': '1', 'PATH': '/opt/ros/jazzy/bin:/usr/local/sbin:/usr/local/bin:/usr/sbin:/usr/bin:/sbin:/bin', 'DISPLAY': ':1', 'LANG': 'C.UTF-8', 'AMENT_PREFIX_PATH': '/convince_ws/install/pyrobosim_msgs:/opt/ros/jazzy', 'ROS_WS': '/convince_ws', 'ROS_AUTOMATIC_DISCOVERY_RANGE': 'SUBNET', 'PWD': '/convince_ws/build/pyrobosim_ros', 'LC_ALL': 'C.UTF-8', 'PYTHONPATH': '/convince_ws/install/pyrobosim_msgs/lib/python3.12/site-packages:/opt/ros/jazzy/lib/python3.12/site-packages', 'COLCON': '1', 'CMAKE_PREFIX_PATH': '/convince_ws/install/pyrobosim_msgs:/opt/ros/jazzy'}), 'shell': False}
[0.392301] (bt_nodes) StdoutLine: {'line': b'[100%] Built target bt_nodes\n'}
[0.395826] (behaviortree_ros2) StdoutLine: {'line': b'[ 28%] Built target bt_executor_parameters\n'}
[0.399786] (bt_nodes) CommandEnded: {'returncode': 0}
[0.399956] (-) TimerEvent: {}
[0.400230] (bt_nodes) JobProgress: {'identifier': 'bt_nodes', 'progress': 'install'}
[0.400408] (bt_nodes) Command: {'cmd': ['/usr/bin/cmake', '--install', '/convince_ws/build/bt_nodes'], 'cwd': '/convince_ws/build/bt_nodes', 'env': OrderedDict({'PYTHONWARNINGS': 'ignore:setup.py install is deprecated,ignore:easy_install command is deprecated', 'HOSTNAME': '8a792cd6aa65', 'SHLVL': '1', 'LD_LIBRARY_PATH': '/convince_ws/install/bt_interfaces_dummy/lib:/opt/ros/jazzy/opt/zmqpp_vendor/lib:/opt/ros/jazzy/lib/x86_64-linux-gnu:/opt/ros/jazzy/lib', 'HOME': '/root', 'OLDPWD': '/convince_ws', 'ROS_PYTHON_VERSION': '3', 'ROS_DISTRO': 'jazzy', '_': '/usr/bin/colcon', 'ROS_VERSION': '2', 'TERM': 'xterm', 'QT_X11_NO_MITSHM': '1', 'PATH': '/opt/ros/jazzy/bin:/usr/local/sbin:/usr/local/bin:/usr/sbin:/usr/bin:/sbin:/bin', 'DISPLAY': ':1', 'LANG': 'C.UTF-8', 'AMENT_PREFIX_PATH': '/convince_ws/install/bt_interfaces_dummy:/opt/ros/jazzy', 'ROS_WS': '/convince_ws', 'ROS_AUTOMATIC_DISCOVERY_RANGE': 'SUBNET', 'PWD': '/convince_ws/build/bt_nodes', 'LC_ALL': 'C.UTF-8', 'PYTHONPATH': '/convince_ws/install/bt_interfaces_dummy/lib/python3.12/site-packages:/opt/ros/jazzy/lib/python3.12/site-packages', 'COLCON': '1', 'CMAKE_PREFIX_PATH': '/convince_ws/install/bt_interfaces_dummy:/opt/ros/jazzy'}), 'shell': False}
[0.401659] (pyrobosim_ros) StdoutLine: {'line': b'Built target ament_cmake_python_symlink_pyrobosim_ros\n'}
[0.401962] (place_object_skill) StdoutLine: {'line': b'[100%] Built target place_object_skill\n'}
[0.406142] (bt_nodes) StdoutLine: {'line': b'-- Install configuration: ""\n'}
[0.406406] (bt_nodes) StdoutLine: {'line': b'-- Execute custom install script\n'}
[0.406510] (bt_nodes) StdoutLine: {'line': b'-- Up-to-date symlink: /convince_ws/install/bt_nodes/share/bt_nodes/environment/library_path.sh\n'}
[0.406604] (bt_nodes) StdoutLine: {'line': b'-- Up-to-date symlink: /convince_ws/install/bt_nodes/share/bt_nodes/environment/library_path.dsv\n'}
[0.406742] (bt_nodes) StdoutLine: {'line': b'-- Up-to-date symlink: /convince_ws/install/bt_nodes/include/ROS2Action.h\n'}
[0.406831] (bt_nodes) StdoutLine: {'line': b'-- Up-to-date symlink: /convince_ws/install/bt_nodes/share/ament_index/resource_index/package_run_dependencies/bt_nodes\n'}
[0.406909] (bt_nodes) StdoutLine: {'line': b'-- Up-to-date symlink: /convince_ws/install/bt_nodes/share/ament_index/resource_index/parent_prefix_path/bt_nodes\n'}
[0.406984] (bt_nodes) StdoutLine: {'line': b'-- Up-to-date symlink: /convince_ws/install/bt_nodes/share/bt_nodes/environment/ament_prefix_path.sh\n'}
[0.407060] (bt_nodes) StdoutLine: {'line': b'-- Up-to-date symlink: /convince_ws/install/bt_nodes/share/bt_nodes/environment/ament_prefix_path.dsv\n'}
[0.407135] (bt_nodes) StdoutLine: {'line': b'-- Up-to-date symlink: /convince_ws/install/bt_nodes/share/bt_nodes/environment/path.sh\n'}
[0.407211] (bt_nodes) StdoutLine: {'line': b'-- Up-to-date symlink: /convince_ws/install/bt_nodes/share/bt_nodes/environment/path.dsv\n'}
[0.407290] (bt_nodes) StdoutLine: {'line': b'-- Up-to-date symlink: /convince_ws/install/bt_nodes/share/bt_nodes/local_setup.bash\n'}
[0.407372] (bt_nodes) StdoutLine: {'line': b'-- Up-to-date symlink: /convince_ws/install/bt_nodes/share/bt_nodes/local_setup.sh\n'}
[0.407454] (bt_nodes) StdoutLine: {'line': b'-- Up-to-date symlink: /convince_ws/install/bt_nodes/share/bt_nodes/local_setup.zsh\n'}
[0.407520] (bt_nodes) StdoutLine: {'line': b'-- Up-to-date symlink: /convince_ws/install/bt_nodes/share/bt_nodes/local_setup.dsv\n'}
[0.407584] (bt_nodes) StdoutLine: {'line': b'-- Symlinking: /convince_ws/install/bt_nodes/share/bt_nodes/package.dsv\n'}
[0.408088] (place_object_skill) CommandEnded: {'returncode': 0}
[0.409377] (place_object_skill) JobProgress: {'identifier': 'place_object_skill', 'progress': 'install'}
[0.409419] (place_object_skill) Command: {'cmd': ['/usr/bin/cmake', '--install', '/convince_ws/build/place_object_skill'], 'cwd': '/convince_ws/build/place_object_skill', 'env': OrderedDict({'PYTHONWARNINGS': 'ignore:setup.py install is deprecated,ignore:easy_install command is deprecated', 'HOSTNAME': '8a792cd6aa65', 'SHLVL': '1', 'LD_LIBRARY_PATH': '/convince_ws/install/overarching_msgs/lib:/convince_ws/install/bt_interfaces_dummy/lib:/opt/ros/jazzy/opt/zmqpp_vendor/lib:/opt/ros/jazzy/lib/x86_64-linux-gnu:/opt/ros/jazzy/lib', 'HOME': '/root', 'OLDPWD': '/convince_ws', 'ROS_PYTHON_VERSION': '3', 'ROS_DISTRO': 'jazzy', '_': '/usr/bin/colcon', 'ROS_VERSION': '2', 'TERM': 'xterm', 'QT_X11_NO_MITSHM': '1', 'PATH': '/opt/ros/jazzy/bin:/usr/local/sbin:/usr/local/bin:/usr/sbin:/usr/bin:/sbin:/bin', 'DISPLAY': ':1', 'LANG': 'C.UTF-8', 'AMENT_PREFIX_PATH': '/convince_ws/install/overarching_msgs:/convince_ws/install/bt_interfaces_dummy:/opt/ros/jazzy', 'ROS_WS': '/convince_ws', 'ROS_AUTOMATIC_DISCOVERY_RANGE': 'SUBNET', 'PWD': '/convince_ws/build/place_object_skill', 'LC_ALL': 'C.UTF-8', 'PYTHONPATH': '/convince_ws/install/overarching_msgs/lib/python3.12/site-packages:/convince_ws/install/bt_interfaces_dummy/lib/python3.12/site-packages:/opt/ros/jazzy/lib/python3.12/site-packages', 'COLCON': '1', 'CMAKE_PREFIX_PATH': '/convince_ws/install/overarching_msgs:/convince_ws/install/bt_interfaces_dummy:/opt/ros/jazzy'}), 'shell': False}
[0.411911] (bt_nodes) StdoutLine: {'line': b'-- Up-to-date symlink: /convince_ws/install/bt_nodes/share/ament_index/resource_index/packages/bt_nodes\n'}
[0.412075] (bt_nodes) StdoutLine: {'line': b'-- Up-to-date symlink: /convince_ws/install/bt_nodes/share/bt_nodes/cmake/ament_cmake_export_targets-extras.cmake\n'}
[0.412174] (bt_nodes) StdoutLine: {'line': b'-- Up-to-date symlink: /convince_ws/install/bt_nodes/share/bt_nodes/cmake/bt_nodesConfig.cmake\n'}
[0.412252] (bt_nodes) StdoutLine: {'line': b'-- Up-to-date symlink: /convince_ws/install/bt_nodes/share/bt_nodes/cmake/bt_nodesConfig-version.cmake\n'}
[0.412349] (bt_nodes) StdoutLine: {'line': b'-- Up-to-date symlink: /convince_ws/install/bt_nodes/share/bt_nodes/package.xml\n'}
[0.412431] (bt_nodes) StdoutLine: {'line': b'-- Up-to-date: /convince_ws/install/bt_nodes/lib/libbt_nodes.a\n'}
[0.412512] (bt_nodes) StdoutLine: {'line': b'-- Up-to-date: /convince_ws/install/bt_nodes/share/bt_nodes/cmake/bt_nodesExport.cmake\n'}
[0.412579] (bt_nodes) StdoutLine: {'line': b'-- Up-to-date: /convince_ws/install/bt_nodes/share/bt_nodes/cmake/bt_nodesExport-noconfig.cmake\n'}
[0.413183] (place_object_skill) StdoutLine: {'line': b'-- Install configuration: ""\n'}
[0.413472] (place_object_skill) StdoutLine: {'line': b'-- Execute custom install script\n'}
[0.413666] (place_object_skill) StdoutLine: {'line': b'-- Up-to-date symlink: /convince_ws/install/place_object_skill/lib/place_object_skill/place_object_skill\n'}
[0.413854] (place_object_skill) StdoutLine: {'line': b'-- Up-to-date symlink: /convince_ws/install/place_object_skill/share/ament_index/resource_index/package_run_dependencies/place_object_skill\n'}
[0.414078] (place_object_skill) StdoutLine: {'line': b'-- Up-to-date symlink: /convince_ws/install/place_object_skill/share/ament_index/resource_index/parent_prefix_path/place_object_skill\n'}
[0.414795] (place_object_skill) StdoutLine: {'line': b'-- Up-to-date symlink: /convince_ws/install/place_object_skill/share/place_object_skill/environment/ament_prefix_path.sh\n'}
[0.414904] (place_object_skill) StdoutLine: {'line': b'-- Up-to-date symlink: /convince_ws/install/place_object_skill/share/place_object_skill/environment/ament_prefix_path.dsv\n'}
[0.415001] (bt_nodes) CommandEnded: {'returncode': 0}
[0.415225] (place_object_skill) StdoutLine: {'line': b'-- Up-to-date symlink: /convince_ws/install/place_object_skill/share/place_object_skill/environment/path.sh\n'}
[0.415322] (place_object_skill) StdoutLine: {'line': b'-- Up-to-date symlink: /convince_ws/install/place_object_skill/share/place_object_skill/environment/path.dsv\n'}
[0.415448] (place_object_skill) StdoutLine: {'line': b'-- Up-to-date symlink: /convince_ws/install/place_object_skill/share/place_object_skill/local_setup.bash\n'}
[0.415632] (place_object_skill) StdoutLine: {'line': b'-- Up-to-date symlink: /convince_ws/install/place_object_skill/share/place_object_skill/local_setup.sh\n'}
[0.415713] (place_object_skill) StdoutLine: {'line': b'-- Up-to-date symlink: /convince_ws/install/place_object_skill/share/place_object_skill/local_setup.zsh\n'}
[0.415782] (place_object_skill) StdoutLine: {'line': b'-- Up-to-date symlink: /convince_ws/install/place_object_skill/share/place_object_skill/local_setup.dsv\n'}
[0.415851] (place_object_skill) StdoutLine: {'line': b'-- Symlinking: /convince_ws/install/place_object_skill/share/place_object_skill/package.dsv\n'}
[0.419281] (place_object_skill) StdoutLine: {'line': b'-- Up-to-date symlink: /convince_ws/install/place_object_skill/share/ament_index/resource_index/packages/place_object_skill\n'}
[0.419589] (place_object_skill) StdoutLine: {'line': b'-- Up-to-date symlink: /convince_ws/install/place_object_skill/share/place_object_skill/cmake/place_object_skillConfig.cmake\n'}
[0.419694] (place_object_skill) StdoutLine: {'line': b'-- Up-to-date symlink: /convince_ws/install/place_object_skill/share/place_object_skill/cmake/place_object_skillConfig-version.cmake\n'}
[0.419849] (place_object_skill) StdoutLine: {'line': b'-- Up-to-date symlink: /convince_ws/install/place_object_skill/share/place_object_skill/package.xml\n'}
[0.423503] (bt_nodes) JobEnded: {'identifier': 'bt_nodes', 'rc': 0}
[0.424481] (place_object_skill) CommandEnded: {'returncode': 0}
[0.429607] (behaviortree_ros2) StdoutLine: {'line': b'[100%] Built target behaviortree_ros2\n'}
[0.435024] (place_object_skill) JobEnded: {'identifier': 'place_object_skill', 'rc': 0}
[0.436056] (pyrobosim) Command: {'cmd': ['/usr/bin/python3', '-W', 'ignore:setup.py install is deprecated', '-W', 'ignore:easy_install command is deprecated', 'setup.py', 'develop', '--editable', '--build-directory', '/convince_ws/build/pyrobosim/build', '--no-deps'], 'cwd': '/convince_ws/build/pyrobosim', 'env': {'PYTHONWARNINGS': 'ignore:setup.py install is deprecated,ignore:easy_install command is deprecated', 'HOSTNAME': '8a792cd6aa65', 'SHLVL': '1', 'LD_LIBRARY_PATH': '/opt/ros/jazzy/opt/zmqpp_vendor/lib:/opt/ros/jazzy/lib/x86_64-linux-gnu:/opt/ros/jazzy/lib', 'HOME': '/root', 'OLDPWD': '/convince_ws', 'ROS_PYTHON_VERSION': '3', 'ROS_DISTRO': 'jazzy', '_': '/usr/bin/colcon', 'ROS_VERSION': '2', 'TERM': 'xterm', 'QT_X11_NO_MITSHM': '1', 'PATH': '/opt/ros/jazzy/bin:/usr/local/sbin:/usr/local/bin:/usr/sbin:/usr/bin:/sbin:/bin', 'DISPLAY': ':1', 'LANG': 'C.UTF-8', 'AMENT_PREFIX_PATH': '/opt/ros/jazzy', 'ROS_WS': '/convince_ws', 'ROS_AUTOMATIC_DISCOVERY_RANGE': 'SUBNET', 'PWD': '/convince_ws/build/pyrobosim', 'LC_ALL': 'C.UTF-8', 'PYTHONPATH': '/convince_ws/build/pyrobosim/prefix_override:/usr/lib/python3/dist-packages/colcon_core/task/python/colcon_distutils_commands:/convince_ws/install/pyrobosim/lib/python3.12/site-packages:/opt/ros/jazzy/lib/python3.12/site-packages', 'COLCON': '1'}, 'shell': False}
[0.438197] (behaviortree_ros2) CommandEnded: {'returncode': 0}
[0.438576] (behaviortree_ros2) JobProgress: {'identifier': 'behaviortree_ros2', 'progress': 'install'}
[0.438851] (behaviortree_ros2) Command: {'cmd': ['/usr/bin/cmake', '--install', '/convince_ws/build/behaviortree_ros2'], 'cwd': '/convince_ws/build/behaviortree_ros2', 'env': OrderedDict({'PYTHONWARNINGS': 'ignore:setup.py install is deprecated,ignore:easy_install command is deprecated', 'HOSTNAME': '8a792cd6aa65', 'SHLVL': '1', 'LD_LIBRARY_PATH': '/convince_ws/install/btcpp_ros2_interfaces/lib:/opt/ros/jazzy/opt/zmqpp_vendor/lib:/opt/ros/jazzy/lib/x86_64-linux-gnu:/opt/ros/jazzy/lib', 'HOME': '/root', 'OLDPWD': '/convince_ws', 'ROS_PYTHON_VERSION': '3', 'ROS_DISTRO': 'jazzy', '_': '/usr/bin/colcon', 'ROS_VERSION': '2', 'TERM': 'xterm', 'QT_X11_NO_MITSHM': '1', 'PATH': '/opt/ros/jazzy/bin:/usr/local/sbin:/usr/local/bin:/usr/sbin:/usr/bin:/sbin:/bin', 'DISPLAY': ':1', 'LANG': 'C.UTF-8', 'AMENT_PREFIX_PATH': '/convince_ws/install/btcpp_ros2_interfaces:/opt/ros/jazzy', 'ROS_WS': '/convince_ws', 'ROS_AUTOMATIC_DISCOVERY_RANGE': 'SUBNET', 'PWD': '/convince_ws/build/behaviortree_ros2', 'LC_ALL': 'C.UTF-8', 'PYTHONPATH': '/convince_ws/install/btcpp_ros2_interfaces/lib/python3.12/site-packages:/opt/ros/jazzy/lib/python3.12/site-packages', 'COLCON': '1', 'CMAKE_PREFIX_PATH': '/convince_ws/install/btcpp_ros2_interfaces:/opt/ros/jazzy'}), 'shell': False}
[0.445168] (behaviortree_ros2) StdoutLine: {'line': b'-- Install configuration: ""\n'}
[0.445677] (behaviortree_ros2) StdoutLine: {'line': b'-- Execute custom install script\n'}
[0.445887] (behaviortree_ros2) StdoutLine: {'line': b'-- Up-to-date symlink: /convince_ws/install/behaviortree_ros2/include/behaviortree_ros2/bt_executor_parameters.hpp\n'}
[0.446225] (behaviortree_ros2) StdoutLine: {'line': b'-- Up-to-date symlink: /convince_ws/install/behaviortree_ros2/include//behaviortree_ros2/bt_action_node.hpp\n'}
[0.446318] (behaviortree_ros2) StdoutLine: {'line': b'-- Up-to-date symlink: /convince_ws/install/behaviortree_ros2/include//behaviortree_ros2/bt_ros_logger.hpp\n'}
[0.446410] (behaviortree_ros2) StdoutLine: {'line': b'-- Up-to-date symlink: /convince_ws/install/behaviortree_ros2/include//behaviortree_ros2/bt_service_node.hpp\n'}
[0.446530] (behaviortree_ros2) StdoutLine: {'line': b'-- Up-to-date symlink: /convince_ws/install/behaviortree_ros2/include//behaviortree_ros2/bt_topic_pub_node.hpp\n'}
[0.446609] (behaviortree_ros2) StdoutLine: {'line': b'-- Up-to-date symlink: /convince_ws/install/behaviortree_ros2/include//behaviortree_ros2/bt_topic_sub_node.hpp\n'}
[0.446686] (behaviortree_ros2) StdoutLine: {'line': b'-- Up-to-date symlink: /convince_ws/install/behaviortree_ros2/include//behaviortree_ros2/bt_utils.hpp\n'}
[0.446762] (behaviortree_ros2) StdoutLine: {'line': b'-- Up-to-date symlink: /convince_ws/install/behaviortree_ros2/include//behaviortree_ros2/plugins.hpp\n'}
[0.446841] (behaviortree_ros2) StdoutLine: {'line': b'-- Up-to-date symlink: /convince_ws/install/behaviortree_ros2/include//behaviortree_ros2/ros_node_params.hpp\n'}
[0.446924] (behaviortree_ros2) StdoutLine: {'line': b'-- Up-to-date symlink: /convince_ws/install/behaviortree_ros2/include//behaviortree_ros2/tree_execution_server.hpp\n'}
[0.447073] (behaviortree_ros2) StdoutLine: {'line': b'-- Up-to-date symlink: /convince_ws/install/behaviortree_ros2/share/behaviortree_ros2/environment/library_path.sh\n'}
[0.447196] (behaviortree_ros2) StdoutLine: {'line': b'-- Up-to-date symlink: /convince_ws/install/behaviortree_ros2/share/behaviortree_ros2/environment/library_path.dsv\n'}
[0.447347] (behaviortree_ros2) StdoutLine: {'line': b'-- Up-to-date symlink: /convince_ws/install/behaviortree_ros2/share/ament_index/resource_index/package_run_dependencies/behaviortree_ros2\n'}
[0.447488] (behaviortree_ros2) StdoutLine: {'line': b'-- Up-to-date symlink: /convince_ws/install/behaviortree_ros2/share/ament_index/resource_index/parent_prefix_path/behaviortree_ros2\n'}
[0.447626] (behaviortree_ros2) StdoutLine: {'line': b'-- Up-to-date symlink: /convince_ws/install/behaviortree_ros2/share/behaviortree_ros2/environment/ament_prefix_path.sh\n'}
[0.447754] (behaviortree_ros2) StdoutLine: {'line': b'-- Up-to-date symlink: /convince_ws/install/behaviortree_ros2/share/behaviortree_ros2/environment/ament_prefix_path.dsv\n'}
[0.447875] (behaviortree_ros2) StdoutLine: {'line': b'-- Up-to-date symlink: /convince_ws/install/behaviortree_ros2/share/behaviortree_ros2/environment/path.sh\n'}
[0.448009] (behaviortree_ros2) StdoutLine: {'line': b'-- Up-to-date symlink: /convince_ws/install/behaviortree_ros2/share/behaviortree_ros2/environment/path.dsv\n'}
[0.448125] (behaviortree_ros2) StdoutLine: {'line': b'-- Up-to-date symlink: /convince_ws/install/behaviortree_ros2/share/behaviortree_ros2/local_setup.bash\n'}
[0.448228] (behaviortree_ros2) StdoutLine: {'line': b'-- Up-to-date symlink: /convince_ws/install/behaviortree_ros2/share/behaviortree_ros2/local_setup.sh\n'}
[0.448346] (behaviortree_ros2) StdoutLine: {'line': b'-- Up-to-date symlink: /convince_ws/install/behaviortree_ros2/share/behaviortree_ros2/local_setup.zsh\n'}
[0.448498] (behaviortree_ros2) StdoutLine: {'line': b'-- Up-to-date symlink: /convince_ws/install/behaviortree_ros2/share/behaviortree_ros2/local_setup.dsv\n'}
[0.448577] (behaviortree_ros2) StdoutLine: {'line': b'-- Symlinking: /convince_ws/install/behaviortree_ros2/share/behaviortree_ros2/package.dsv\n'}
[0.453780] (behaviortree_ros2) StdoutLine: {'line': b'-- Up-to-date symlink: /convince_ws/install/behaviortree_ros2/share/ament_index/resource_index/packages/behaviortree_ros2\n'}
[0.453922] (behaviortree_ros2) StdoutLine: {'line': b'-- Up-to-date symlink: /convince_ws/install/behaviortree_ros2/share/behaviortree_ros2/cmake/ament_cmake_export_dependencies-extras.cmake\n'}
[0.454003] (behaviortree_ros2) StdoutLine: {'line': b'-- Up-to-date symlink: /convince_ws/install/behaviortree_ros2/share/behaviortree_ros2/cmake/ament_cmake_export_targets-extras.cmake\n'}
[0.454137] (behaviortree_ros2) StdoutLine: {'line': b'-- Up-to-date symlink: /convince_ws/install/behaviortree_ros2/share/behaviortree_ros2/cmake/ament_cmake_export_include_directories-extras.cmake\n'}
[0.454268] (behaviortree_ros2) StdoutLine: {'line': b'-- Up-to-date symlink: /convince_ws/install/behaviortree_ros2/share/behaviortree_ros2/cmake/ament_cmake_export_libraries-extras.cmake\n'}
[0.454405] (behaviortree_ros2) StdoutLine: {'line': b'-- Up-to-date symlink: /convince_ws/install/behaviortree_ros2/share/behaviortree_ros2/cmake/behaviortree_ros2Config.cmake\n'}
[0.454496] (behaviortree_ros2) StdoutLine: {'line': b'-- Up-to-date symlink: /convince_ws/install/behaviortree_ros2/share/behaviortree_ros2/cmake/behaviortree_ros2Config-version.cmake\n'}
[0.454628] (behaviortree_ros2) StdoutLine: {'line': b'-- Up-to-date symlink: /convince_ws/install/behaviortree_ros2/share/behaviortree_ros2/package.xml\n'}
[0.454699] (behaviortree_ros2) StdoutLine: {'line': b'-- Up-to-date: /convince_ws/install/behaviortree_ros2/lib/libbehaviortree_ros2.a\n'}
[0.454841] (behaviortree_ros2) StdoutLine: {'line': b'-- Up-to-date: /convince_ws/install/behaviortree_ros2/share/behaviortree_ros2/cmake/behaviortree_ros2TargetsExport.cmake\n'}
[0.454886] (behaviortree_ros2) StdoutLine: {'line': b'-- Up-to-date: /convince_ws/install/behaviortree_ros2/share/behaviortree_ros2/cmake/behaviortree_ros2TargetsExport-noconfig.cmake\n'}
[0.456383] (behaviortree_ros2) CommandEnded: {'returncode': 0}
[0.464299] (behaviortree_ros2) JobEnded: {'identifier': 'behaviortree_ros2', 'rc': 0}
[0.464700] (bt_executor) JobStarted: {'identifier': 'bt_executor'}
[0.466035] (btcpp_ros2_samples) JobStarted: {'identifier': 'btcpp_ros2_samples'}
[0.471477] (btcpp_ros2_samples) JobProgress: {'identifier': 'btcpp_ros2_samples', 'progress': 'cmake'}
[0.471939] (btcpp_ros2_samples) JobProgress: {'identifier': 'btcpp_ros2_samples', 'progress': 'build'}
[0.472105] (btcpp_ros2_samples) Command: {'cmd': ['/usr/bin/cmake', '--build', '/convince_ws/build/btcpp_ros2_samples', '--', '-j20', '-l20'], 'cwd': '/convince_ws/build/btcpp_ros2_samples', 'env': OrderedDict({'PYTHONWARNINGS': 'ignore:setup.py install is deprecated,ignore:easy_install command is deprecated', 'HOSTNAME': '8a792cd6aa65', 'SHLVL': '1', 'LD_LIBRARY_PATH': '/convince_ws/install/behaviortree_ros2/lib:/convince_ws/install/btcpp_ros2_interfaces/lib:/opt/ros/jazzy/opt/zmqpp_vendor/lib:/opt/ros/jazzy/lib/x86_64-linux-gnu:/opt/ros/jazzy/lib', 'HOME': '/root', 'OLDPWD': '/convince_ws', 'ROS_PYTHON_VERSION': '3', 'ROS_DISTRO': 'jazzy', '_': '/usr/bin/colcon', 'ROS_VERSION': '2', 'TERM': 'xterm', 'QT_X11_NO_MITSHM': '1', 'PATH': '/opt/ros/jazzy/bin:/usr/local/sbin:/usr/local/bin:/usr/sbin:/usr/bin:/sbin:/bin', 'DISPLAY': ':1', 'LANG': 'C.UTF-8', 'AMENT_PREFIX_PATH': '/convince_ws/install/behaviortree_ros2:/convince_ws/install/btcpp_ros2_interfaces:/opt/ros/jazzy', 'ROS_WS': '/convince_ws', 'ROS_AUTOMATIC_DISCOVERY_RANGE': 'SUBNET', 'PWD': '/convince_ws/build/btcpp_ros2_samples', 'LC_ALL': 'C.UTF-8', 'PYTHONPATH': '/convince_ws/install/btcpp_ros2_interfaces/lib/python3.12/site-packages:/opt/ros/jazzy/lib/python3.12/site-packages', 'COLCON': '1', 'CMAKE_PREFIX_PATH': '/convince_ws/install/behaviortree_ros2:/convince_ws/install/btcpp_ros2_interfaces:/opt/ros/jazzy'}), 'shell': False}
[0.476386] (bt_executor) JobProgress: {'identifier': 'bt_executor', 'progress': 'cmake'}
[0.476816] (bt_executor) JobProgress: {'identifier': 'bt_executor', 'progress': 'build'}
[0.476978] (bt_executor) Command: {'cmd': ['/usr/bin/cmake', '--build', '/convince_ws/build/bt_executor', '--', '-j20', '-l20'], 'cwd': '/convince_ws/build/bt_executor', 'env': OrderedDict({'PYTHONWARNINGS': 'ignore:setup.py install is deprecated,ignore:easy_install command is deprecated', 'HOSTNAME': '8a792cd6aa65', 'SHLVL': '1', 'LD_LIBRARY_PATH': '/convince_ws/install/bt_nodes/lib:/convince_ws/install/behaviortree_ros2/lib:/convince_ws/install/pyrobosim_msgs/lib:/convince_ws/install/overarching_msgs/lib:/convince_ws/install/btcpp_ros2_interfaces/lib:/convince_ws/install/bt_interfaces_dummy/lib:/opt/ros/jazzy/opt/zmqpp_vendor/lib:/opt/ros/jazzy/lib/x86_64-linux-gnu:/opt/ros/jazzy/lib', 'HOME': '/root', 'OLDPWD': '/convince_ws', 'ROS_PYTHON_VERSION': '3', 'ROS_DISTRO': 'jazzy', '_': '/usr/bin/colcon', 'ROS_VERSION': '2', 'TERM': 'xterm', 'QT_X11_NO_MITSHM': '1', 'PATH': '/opt/ros/jazzy/bin:/usr/local/sbin:/usr/local/bin:/usr/sbin:/usr/bin:/sbin:/bin', 'DISPLAY': ':1', 'LANG': 'C.UTF-8', 'AMENT_PREFIX_PATH': '/convince_ws/install/bt_nodes:/convince_ws/install/behaviortree_ros2:/convince_ws/install/pyrobosim_msgs:/convince_ws/install/overarching_msgs:/convince_ws/install/btcpp_ros2_interfaces:/convince_ws/install/bt_interfaces_dummy:/opt/ros/jazzy', 'ROS_WS': '/convince_ws', 'ROS_AUTOMATIC_DISCOVERY_RANGE': 'SUBNET', 'PWD': '/convince_ws/build/bt_executor', 'LC_ALL': 'C.UTF-8', 'PYTHONPATH': '/convince_ws/install/pyrobosim_msgs/lib/python3.12/site-packages:/convince_ws/install/overarching_msgs/lib/python3.12/site-packages:/convince_ws/install/btcpp_ros2_interfaces/lib/python3.12/site-packages:/convince_ws/install/bt_interfaces_dummy/lib/python3.12/site-packages:/opt/ros/jazzy/lib/python3.12/site-packages', 'COLCON': '1', 'CMAKE_PREFIX_PATH': '/convince_ws/install/bt_nodes:/convince_ws/install/behaviortree_ros2:/convince_ws/install/pyrobosim_msgs:/convince_ws/install/overarching_msgs:/convince_ws/install/btcpp_ros2_interfaces:/convince_ws/install/bt_interfaces_dummy:/opt/ros/jazzy'}), 'shell': False}
[0.500042] (-) TimerEvent: {}
[0.505659] (pyrobosim_ros) StdoutLine: {'line': b'running egg_info\n'}
[0.512251] (btcpp_ros2_samples) StdoutLine: {'line': b'[ 22%] Built target sleep_server\n'}
[0.512475] (btcpp_ros2_samples) StdoutLine: {'line': b'[ 22%] Built target sleep_plugin\n'}
[0.513110] (pyrobosim_ros) StdoutLine: {'line': b'writing pyrobosim_ros.egg-info/PKG-INFO\n'}
[0.513245] (pyrobosim_ros) StdoutLine: {'line': b'writing dependency_links to pyrobosim_ros.egg-info/dependency_links.txt\n'}
[0.513348] (pyrobosim_ros) StdoutLine: {'line': b'writing top-level names to pyrobosim_ros.egg-info/top_level.txt\n'}
[0.513609] (btcpp_ros2_samples) StdoutLine: {'line': b'[ 33%] Built target bool_server\n'}
[0.515946] (btcpp_ros2_samples) StdoutLine: {'line': b'[ 55%] Built target subscriber_test\n'}
[0.516059] (btcpp_ros2_samples) StdoutLine: {'line': b'[ 61%] Built target sleep_client\n'}
[0.517307] (btcpp_ros2_samples) StdoutLine: {'line': b'[ 72%] Built target sample_bt_executor\n'}
[0.518774] (btcpp_ros2_samples) StdoutLine: {'line': b'[ 88%] Built target bool_client\n'}
[0.524994] (bt_executor) StdoutLine: {'line': b'[ 50%] \x1b[32mBuilding CXX object CMakeFiles/btcpp_executor.dir/src/btcpp_executor.cpp.o\x1b[0m\n'}
[0.532732] (pyrobosim_ros) StdoutLine: {'line': b"reading manifest file 'pyrobosim_ros.egg-info/SOURCES.txt'\n"}
[0.533014] (pyrobosim_ros) StdoutLine: {'line': b"writing manifest file 'pyrobosim_ros.egg-info/SOURCES.txt'\n"}
[0.534184] (btcpp_ros2_samples) StdoutLine: {'line': b'[100%] Built target sleep_client_dyn\n'}
[0.540955] (btcpp_ros2_samples) CommandEnded: {'returncode': 0}
[0.541292] (btcpp_ros2_samples) JobProgress: {'identifier': 'btcpp_ros2_samples', 'progress': 'install'}
[0.541453] (btcpp_ros2_samples) Command: {'cmd': ['/usr/bin/cmake', '--install', '/convince_ws/build/btcpp_ros2_samples'], 'cwd': '/convince_ws/build/btcpp_ros2_samples', 'env': OrderedDict({'PYTHONWARNINGS': 'ignore:setup.py install is deprecated,ignore:easy_install command is deprecated', 'HOSTNAME': '8a792cd6aa65', 'SHLVL': '1', 'LD_LIBRARY_PATH': '/convince_ws/install/behaviortree_ros2/lib:/convince_ws/install/btcpp_ros2_interfaces/lib:/opt/ros/jazzy/opt/zmqpp_vendor/lib:/opt/ros/jazzy/lib/x86_64-linux-gnu:/opt/ros/jazzy/lib', 'HOME': '/root', 'OLDPWD': '/convince_ws', 'ROS_PYTHON_VERSION': '3', 'ROS_DISTRO': 'jazzy', '_': '/usr/bin/colcon', 'ROS_VERSION': '2', 'TERM': 'xterm', 'QT_X11_NO_MITSHM': '1', 'PATH': '/opt/ros/jazzy/bin:/usr/local/sbin:/usr/local/bin:/usr/sbin:/usr/bin:/sbin:/bin', 'DISPLAY': ':1', 'LANG': 'C.UTF-8', 'AMENT_PREFIX_PATH': '/convince_ws/install/behaviortree_ros2:/convince_ws/install/btcpp_ros2_interfaces:/opt/ros/jazzy', 'ROS_WS': '/convince_ws', 'ROS_AUTOMATIC_DISCOVERY_RANGE': 'SUBNET', 'PWD': '/convince_ws/build/btcpp_ros2_samples', 'LC_ALL': 'C.UTF-8', 'PYTHONPATH': '/convince_ws/install/btcpp_ros2_interfaces/lib/python3.12/site-packages:/opt/ros/jazzy/lib/python3.12/site-packages', 'COLCON': '1', 'CMAKE_PREFIX_PATH': '/convince_ws/install/behaviortree_ros2:/convince_ws/install/btcpp_ros2_interfaces:/opt/ros/jazzy'}), 'shell': False}
[0.545840] (btcpp_ros2_samples) StdoutLine: {'line': b'-- Install configuration: ""\n'}
[0.546096] (btcpp_ros2_samples) StdoutLine: {'line': b'-- Execute custom install script\n'}
[0.546254] (btcpp_ros2_samples) StdoutLine: {'line': b'-- Up-to-date symlink: /convince_ws/install/btcpp_ros2_samples/lib/btcpp_ros2_samples/sleep_client\n'}
[0.546429] (btcpp_ros2_samples) StdoutLine: {'line': b'-- Up-to-date symlink: /convince_ws/install/btcpp_ros2_samples/lib/btcpp_ros2_samples/sleep_client_dyn\n'}
[0.546527] (btcpp_ros2_samples) StdoutLine: {'line': b'-- Up-to-date symlink: /convince_ws/install/btcpp_ros2_samples/lib/btcpp_ros2_samples/sleep_server\n'}
[0.546623] (btcpp_ros2_samples) StdoutLine: {'line': b'-- Up-to-date symlink: /convince_ws/install/btcpp_ros2_samples/lib/btcpp_ros2_samples/libsleep_plugin.so\n'}
[0.546705] (btcpp_ros2_samples) StdoutLine: {'line': b'-- Up-to-date symlink: /convince_ws/install/btcpp_ros2_samples/lib/btcpp_ros2_samples/subscriber_test\n'}
[0.546786] (btcpp_ros2_samples) StdoutLine: {'line': b'-- Up-to-date symlink: /convince_ws/install/btcpp_ros2_samples/lib/btcpp_ros2_samples/sample_bt_executor\n'}
[0.546865] (btcpp_ros2_samples) StdoutLine: {'line': b'-- Up-to-date symlink: /convince_ws/install/btcpp_ros2_samples/lib/btcpp_ros2_samples/bool_client\n'}
[0.546931] (btcpp_ros2_samples) StdoutLine: {'line': b'-- Up-to-date symlink: /convince_ws/install/btcpp_ros2_samples/lib/btcpp_ros2_samples/bool_server\n'}
[0.546997] (btcpp_ros2_samples) StdoutLine: {'line': b'-- Up-to-date symlink: /convince_ws/install/btcpp_ros2_samples/share/btcpp_ros2_samples/bt_plugins/libsleep_plugin.so\n'}
[0.547081] (btcpp_ros2_samples) StdoutLine: {'line': b'-- Up-to-date symlink: /convince_ws/install/btcpp_ros2_samples/share/btcpp_ros2_samples//behavior_trees/cross_door.xml\n'}
[0.547172] (btcpp_ros2_samples) StdoutLine: {'line': b'-- Up-to-date symlink: /convince_ws/install/btcpp_ros2_samples/share/btcpp_ros2_samples//behavior_trees/door_closed.xml\n'}
[0.547250] (btcpp_ros2_samples) StdoutLine: {'line': b'-- Up-to-date symlink: /convince_ws/install/btcpp_ros2_samples/share/btcpp_ros2_samples//behavior_trees/sleep_action.xml\n'}
[0.547327] (btcpp_ros2_samples) StdoutLine: {'line': b'-- Up-to-date symlink: /convince_ws/install/btcpp_ros2_samples/share/btcpp_ros2_samples//config/sample_bt_executor.yaml\n'}
[0.547429] (btcpp_ros2_samples) StdoutLine: {'line': b'-- Up-to-date symlink: /convince_ws/install/btcpp_ros2_samples/share/btcpp_ros2_samples//launch/sample_bt_executor.launch.xml\n'}
[0.547498] (btcpp_ros2_samples) StdoutLine: {'line': b'-- Up-to-date symlink: /convince_ws/install/btcpp_ros2_samples/share/ament_index/resource_index/package_run_dependencies/btcpp_ros2_samples\n'}
[0.547583] (btcpp_ros2_samples) StdoutLine: {'line': b'-- Up-to-date symlink: /convince_ws/install/btcpp_ros2_samples/share/ament_index/resource_index/parent_prefix_path/btcpp_ros2_samples\n'}
[0.547666] (btcpp_ros2_samples) StdoutLine: {'line': b'-- Up-to-date symlink: /convince_ws/install/btcpp_ros2_samples/share/btcpp_ros2_samples/environment/ament_prefix_path.sh\n'}
[0.547752] (btcpp_ros2_samples) StdoutLine: {'line': b'-- Up-to-date symlink: /convince_ws/install/btcpp_ros2_samples/share/btcpp_ros2_samples/environment/ament_prefix_path.dsv\n'}
[0.547840] (btcpp_ros2_samples) StdoutLine: {'line': b'-- Up-to-date symlink: /convince_ws/install/btcpp_ros2_samples/share/btcpp_ros2_samples/environment/path.sh\n'}
[0.547910] (btcpp_ros2_samples) StdoutLine: {'line': b'-- Up-to-date symlink: /convince_ws/install/btcpp_ros2_samples/share/btcpp_ros2_samples/environment/path.dsv\n'}
[0.547995] (btcpp_ros2_samples) StdoutLine: {'line': b'-- Up-to-date symlink: /convince_ws/install/btcpp_ros2_samples/share/btcpp_ros2_samples/local_setup.bash\n'}
[0.548062] (btcpp_ros2_samples) StdoutLine: {'line': b'-- Up-to-date symlink: /convince_ws/install/btcpp_ros2_samples/share/btcpp_ros2_samples/local_setup.sh\n'}
[0.548139] (btcpp_ros2_samples) StdoutLine: {'line': b'-- Up-to-date symlink: /convince_ws/install/btcpp_ros2_samples/share/btcpp_ros2_samples/local_setup.zsh\n'}
[0.548203] (btcpp_ros2_samples) StdoutLine: {'line': b'-- Up-to-date symlink: /convince_ws/install/btcpp_ros2_samples/share/btcpp_ros2_samples/local_setup.dsv\n'}
[0.548267] (btcpp_ros2_samples) StdoutLine: {'line': b'-- Symlinking: /convince_ws/install/btcpp_ros2_samples/share/btcpp_ros2_samples/package.dsv\n'}
[0.549997] (pyrobosim_ros) StdoutLine: {'line': b'Built target ament_cmake_python_build_pyrobosim_ros_egg\n'}
[0.554332] (btcpp_ros2_samples) StdoutLine: {'line': b'-- Up-to-date symlink: /convince_ws/install/btcpp_ros2_samples/share/ament_index/resource_index/packages/btcpp_ros2_samples\n'}
[0.554489] (btcpp_ros2_samples) StdoutLine: {'line': b'-- Up-to-date symlink: /convince_ws/install/btcpp_ros2_samples/share/btcpp_ros2_samples/cmake/ament_cmake_export_dependencies-extras.cmake\n'}
[0.554577] (btcpp_ros2_samples) StdoutLine: {'line': b'-- Up-to-date symlink: /convince_ws/install/btcpp_ros2_samples/share/btcpp_ros2_samples/cmake/btcpp_ros2_samplesConfig.cmake\n'}
[0.554645] (btcpp_ros2_samples) StdoutLine: {'line': b'-- Up-to-date symlink: /convince_ws/install/btcpp_ros2_samples/share/btcpp_ros2_samples/cmake/btcpp_ros2_samplesConfig-version.cmake\n'}
[0.554712] (btcpp_ros2_samples) StdoutLine: {'line': b'-- Up-to-date symlink: /convince_ws/install/btcpp_ros2_samples/share/btcpp_ros2_samples/package.xml\n'}
[0.555564] (btcpp_ros2_samples) CommandEnded: {'returncode': 0}
[0.561409] (btcpp_ros2_samples) JobEnded: {'identifier': 'btcpp_ros2_samples', 'rc': 0}
[0.562109] (pyrobosim_ros) CommandEnded: {'returncode': 0}
[0.562456] (pyrobosim_ros) JobProgress: {'identifier': 'pyrobosim_ros', 'progress': 'install'}
[0.562563] (pyrobosim_ros) Command: {'cmd': ['/usr/bin/cmake', '--install', '/convince_ws/build/pyrobosim_ros'], 'cwd': '/convince_ws/build/pyrobosim_ros', 'env': OrderedDict({'PYTHONWARNINGS': 'ignore:setup.py install is deprecated,ignore:easy_install command is deprecated', 'HOSTNAME': '8a792cd6aa65', 'SHLVL': '1', 'LD_LIBRARY_PATH': '/convince_ws/install/pyrobosim_msgs/lib:/opt/ros/jazzy/opt/zmqpp_vendor/lib:/opt/ros/jazzy/lib/x86_64-linux-gnu:/opt/ros/jazzy/lib', 'HOME': '/root', 'OLDPWD': '/convince_ws', 'ROS_PYTHON_VERSION': '3', 'ROS_DISTRO': 'jazzy', '_': '/usr/bin/colcon', 'ROS_VERSION': '2', 'TERM': 'xterm', 'QT_X11_NO_MITSHM': '1', 'PATH': '/opt/ros/jazzy/bin:/usr/local/sbin:/usr/local/bin:/usr/sbin:/usr/bin:/sbin:/bin', 'DISPLAY': ':1', 'LANG': 'C.UTF-8', 'AMENT_PREFIX_PATH': '/convince_ws/install/pyrobosim_msgs:/opt/ros/jazzy', 'ROS_WS': '/convince_ws', 'ROS_AUTOMATIC_DISCOVERY_RANGE': 'SUBNET', 'PWD': '/convince_ws/build/pyrobosim_ros', 'LC_ALL': 'C.UTF-8', 'PYTHONPATH': '/convince_ws/install/pyrobosim_msgs/lib/python3.12/site-packages:/opt/ros/jazzy/lib/python3.12/site-packages', 'COLCON': '1', 'CMAKE_PREFIX_PATH': '/convince_ws/install/pyrobosim_msgs:/opt/ros/jazzy'}), 'shell': False}
[0.568042] (pyrobosim_ros) StdoutLine: {'line': b'-- Install configuration: ""\n'}
[0.568311] (pyrobosim_ros) StdoutLine: {'line': b'-- Execute custom install script\n'}
[0.568403] (pyrobosim_ros) StdoutLine: {'line': b'-- Up-to-date symlink: /convince_ws/install/pyrobosim_ros/lib/pyrobosim_ros/demo.py\n'}
[0.568462] (pyrobosim_ros) StdoutLine: {'line': b'-- Up-to-date symlink: /convince_ws/install/pyrobosim_ros/lib/pyrobosim_ros/demo_commands.py\n'}
[0.568509] (pyrobosim_ros) StdoutLine: {'line': b'-- Up-to-date symlink: /convince_ws/install/pyrobosim_ros/lib/pyrobosim_ros/demo_pddl_world.py\n'}
[0.568553] (pyrobosim_ros) StdoutLine: {'line': b'-- Up-to-date symlink: /convince_ws/install/pyrobosim_ros/lib/pyrobosim_ros/demo_pddl_planner.py\n'}
[0.568597] (pyrobosim_ros) StdoutLine: {'line': b'-- Up-to-date symlink: /convince_ws/install/pyrobosim_ros/lib/pyrobosim_ros/demo_pddl_goal_publisher.py\n'}
[0.568639] (pyrobosim_ros) StdoutLine: {'line': b'-- Up-to-date symlink: /convince_ws/install/pyrobosim_ros/lib/pyrobosim_ros/demo_velocity_publisher.py\n'}
[0.568707] (pyrobosim_ros) StdoutLine: {'line': b'-- Up-to-date symlink: /convince_ws/install/pyrobosim_ros/share/pyrobosim_ros/environment/pythonpath.sh\n'}
[0.568770] (pyrobosim_ros) StdoutLine: {'line': b'-- Up-to-date symlink: /convince_ws/install/pyrobosim_ros/share/pyrobosim_ros/environment/pythonpath.dsv\n'}
[0.568861] (pyrobosim) StdoutLine: {'line': b'running develop\n'}
[0.568954] (pyrobosim_ros) StdoutLine: {'line': b'-- Up-to-date symlink: /convince_ws/install/pyrobosim_ros/lib/python3.12/site-packages/pyrobosim_ros-4.3.3-py3.12.egg-info/PKG-INFO\n'}
[0.568999] (pyrobosim_ros) StdoutLine: {'line': b'-- Up-to-date symlink: /convince_ws/install/pyrobosim_ros/lib/python3.12/site-packages/pyrobosim_ros-4.3.3-py3.12.egg-info/SOURCES.txt\n'}
[0.569043] (pyrobosim_ros) StdoutLine: {'line': b'-- Up-to-date symlink: /convince_ws/install/pyrobosim_ros/lib/python3.12/site-packages/pyrobosim_ros-4.3.3-py3.12.egg-info/dependency_links.txt\n'}
[0.569086] (pyrobosim_ros) StdoutLine: {'line': b'-- Up-to-date symlink: /convince_ws/install/pyrobosim_ros/lib/python3.12/site-packages/pyrobosim_ros-4.3.3-py3.12.egg-info/top_level.txt\n'}
[0.569275] (pyrobosim_ros) StdoutLine: {'line': b'-- Up-to-date symlink: /convince_ws/install/pyrobosim_ros/lib/python3.12/site-packages/pyrobosim_ros/__init__.py\n'}
[0.569327] (pyrobosim_ros) StdoutLine: {'line': b'-- Up-to-date symlink: /convince_ws/install/pyrobosim_ros/lib/python3.12/site-packages/pyrobosim_ros/ros_conversions.py\n'}
[0.569374] (pyrobosim_ros) StdoutLine: {'line': b'-- Up-to-date symlink: /convince_ws/install/pyrobosim_ros/lib/python3.12/site-packages/pyrobosim_ros/ros_interface.py\n'}
[0.569525] (pyrobosim_ros) StdoutLine: {'line': b'-- Up-to-date symlink: /convince_ws/install/pyrobosim_ros/share/pyrobosim_ros/launch/demo.launch.py\n'}
[0.569571] (pyrobosim_ros) StdoutLine: {'line': b'-- Up-to-date symlink: /convince_ws/install/pyrobosim_ros/share/pyrobosim_ros/launch/demo_commands.launch.py\n'}
[0.569613] (pyrobosim_ros) StdoutLine: {'line': b'-- Up-to-date symlink: /convince_ws/install/pyrobosim_ros/share/pyrobosim_ros/launch/demo_commands_multirobot.launch.py\n'}
[0.569654] (pyrobosim_ros) StdoutLine: {'line': b'-- Up-to-date symlink: /convince_ws/install/pyrobosim_ros/share/pyrobosim_ros/launch/demo_pddl.launch.py\n'}
[0.569729] (pyrobosim_ros) StdoutLine: {'line': b'-- Up-to-date symlink: /convince_ws/install/pyrobosim_ros/share/ament_index/resource_index/package_run_dependencies/pyrobosim_ros\n'}
[0.569797] (pyrobosim_ros) StdoutLine: {'line': b'-- Up-to-date symlink: /convince_ws/install/pyrobosim_ros/share/ament_index/resource_index/parent_prefix_path/pyrobosim_ros\n'}
[0.569868] (pyrobosim_ros) StdoutLine: {'line': b'-- Up-to-date symlink: /convince_ws/install/pyrobosim_ros/share/pyrobosim_ros/environment/ament_prefix_path.sh\n'}
[0.569927] (pyrobosim_ros) StdoutLine: {'line': b'-- Up-to-date symlink: /convince_ws/install/pyrobosim_ros/share/pyrobosim_ros/environment/ament_prefix_path.dsv\n'}
[0.569991] (pyrobosim_ros) StdoutLine: {'line': b'-- Up-to-date symlink: /convince_ws/install/pyrobosim_ros/share/pyrobosim_ros/environment/path.sh\n'}
[0.570049] (pyrobosim_ros) StdoutLine: {'line': b'-- Up-to-date symlink: /convince_ws/install/pyrobosim_ros/share/pyrobosim_ros/environment/path.dsv\n'}
[0.570105] (pyrobosim_ros) StdoutLine: {'line': b'-- Up-to-date symlink: /convince_ws/install/pyrobosim_ros/share/pyrobosim_ros/local_setup.bash\n'}
[0.570161] (pyrobosim_ros) StdoutLine: {'line': b'-- Up-to-date symlink: /convince_ws/install/pyrobosim_ros/share/pyrobosim_ros/local_setup.sh\n'}
[0.570216] (pyrobosim_ros) StdoutLine: {'line': b'-- Up-to-date symlink: /convince_ws/install/pyrobosim_ros/share/pyrobosim_ros/local_setup.zsh\n'}
[0.570271] (pyrobosim_ros) StdoutLine: {'line': b'-- Up-to-date symlink: /convince_ws/install/pyrobosim_ros/share/pyrobosim_ros/local_setup.dsv\n'}
[0.570320] (pyrobosim_ros) StdoutLine: {'line': b'-- Symlinking: /convince_ws/install/pyrobosim_ros/share/pyrobosim_ros/package.dsv\n'}
[0.576928] (pyrobosim_ros) StdoutLine: {'line': b'-- Up-to-date symlink: /convince_ws/install/pyrobosim_ros/share/ament_index/resource_index/packages/pyrobosim_ros\n'}
[0.576993] (pyrobosim_ros) StdoutLine: {'line': b'-- Up-to-date symlink: /convince_ws/install/pyrobosim_ros/share/pyrobosim_ros/cmake/pyrobosim_rosConfig.cmake\n'}
[0.577037] (pyrobosim_ros) StdoutLine: {'line': b'-- Up-to-date symlink: /convince_ws/install/pyrobosim_ros/share/pyrobosim_ros/cmake/pyrobosim_rosConfig-version.cmake\n'}
[0.577080] (pyrobosim_ros) StdoutLine: {'line': b'-- Up-to-date symlink: /convince_ws/install/pyrobosim_ros/share/pyrobosim_ros/package.xml\n'}
[0.597311] (pyrobosim_ros) StdoutLine: {'line': b"Listing '/convince_ws/install/pyrobosim_ros/lib/python3.12/site-packages/pyrobosim_ros'...\n"}
[0.600110] (-) TimerEvent: {}
[0.601466] (pyrobosim_ros) CommandEnded: {'returncode': 0}
[0.608874] (pyrobosim_ros) JobEnded: {'identifier': 'pyrobosim_ros', 'rc': 0}
[0.609323] (tutorial_sim) JobStarted: {'identifier': 'tutorial_sim'}
[0.634331] (pyrobosim) StdoutLine: {'line': b'running egg_info\n'}
[0.640533] (pyrobosim) StdoutLine: {'line': b'writing pyrobosim.egg-info/PKG-INFO\n'}
[0.640695] (pyrobosim) StdoutLine: {'line': b'writing dependency_links to pyrobosim.egg-info/dependency_links.txt\n'}
[0.640786] (pyrobosim) StdoutLine: {'line': b'writing requirements to pyrobosim.egg-info/requires.txt\n'}
[0.640836] (pyrobosim) StdoutLine: {'line': b'writing top-level names to pyrobosim.egg-info/top_level.txt\n'}
[0.654898] (pyrobosim) StdoutLine: {'line': b"reading manifest file 'pyrobosim.egg-info/SOURCES.txt'\n"}
[0.655854] (pyrobosim) StdoutLine: {'line': b"writing manifest file 'pyrobosim.egg-info/SOURCES.txt'\n"}
[0.662611] (pyrobosim) StdoutLine: {'line': b'running build_ext\n'}
[0.662734] (pyrobosim) StdoutLine: {'line': b'Creating /convince_ws/install/pyrobosim/lib/python3.12/site-packages/pyrobosim.egg-link (link to .)\n'}
[0.663011] (pyrobosim) StdoutLine: {'line': b'\n'}
[0.663042] (pyrobosim) StdoutLine: {'line': b'Installed /convince_ws/build/pyrobosim\n'}
[0.700234] (-) TimerEvent: {}
[0.717185] (pyrobosim) CommandEnded: {'returncode': 0}
[0.720605] (pyrobosim) JobEnded: {'identifier': 'pyrobosim', 'rc': 0}
[0.800348] (-) TimerEvent: {}
[0.900512] (-) TimerEvent: {}
[0.949922] (tutorial_sim) Command: {'cmd': ['/usr/bin/python3', '-W', 'ignore:setup.py install is deprecated', '-W', 'ignore:easy_install command is deprecated', 'setup.py', 'develop', '--editable', '--build-directory', '/convince_ws/build/tutorial_sim/build', '--no-deps', 'symlink_data'], 'cwd': '/convince_ws/build/tutorial_sim', 'env': {'PYTHONWARNINGS': 'ignore:setup.py install is deprecated,ignore:easy_install command is deprecated', 'HOSTNAME': '8a792cd6aa65', 'SHLVL': '1', 'LD_LIBRARY_PATH': '/convince_ws/install/pyrobosim_msgs/lib:/convince_ws/install/overarching_msgs/lib:/opt/ros/jazzy/opt/zmqpp_vendor/lib:/opt/ros/jazzy/lib/x86_64-linux-gnu:/opt/ros/jazzy/lib', 'HOME': '/root', 'OLDPWD': '/convince_ws', 'ROS_PYTHON_VERSION': '3', 'ROS_DISTRO': 'jazzy', '_': '/usr/bin/colcon', 'ROS_VERSION': '2', 'TERM': 'xterm', 'QT_X11_NO_MITSHM': '1', 'PATH': '/opt/ros/jazzy/bin:/usr/local/sbin:/usr/local/bin:/usr/sbin:/usr/bin:/sbin:/bin', 'DISPLAY': ':1', 'LANG': 'C.UTF-8', 'AMENT_PREFIX_PATH': '/convince_ws/install/pyrobosim_ros:/convince_ws/install/pyrobosim_msgs:/convince_ws/install/overarching_msgs:/opt/ros/jazzy', 'ROS_WS': '/convince_ws', 'ROS_AUTOMATIC_DISCOVERY_RANGE': 'SUBNET', 'PWD': '/convince_ws/build/tutorial_sim', 'LC_ALL': 'C.UTF-8', 'PYTHONPATH': '/convince_ws/build/tutorial_sim/prefix_override:/usr/lib/python3/dist-packages/colcon_core/task/python/colcon_distutils_commands:/convince_ws/install/tutorial_sim/lib/python3.12/site-packages:/convince_ws/install/pyrobosim_ros/lib/python3.12/site-packages:/convince_ws/install/pyrobosim_msgs/lib/python3.12/site-packages:/convince_ws/install/overarching_msgs/lib/python3.12/site-packages:/opt/ros/jazzy/lib/python3.12/site-packages', 'COLCON': '1', 'CMAKE_PREFIX_PATH': '/convince_ws/install/pyrobosim_ros:/convince_ws/install/pyrobosim_msgs:/convince_ws/install/overarching_msgs'}, 'shell': False}
[1.000714] (-) TimerEvent: {}
[1.080592] (tutorial_sim) StdoutLine: {'line': b'running develop\n'}
[1.100827] (-) TimerEvent: {}
[1.142540] (tutorial_sim) StdoutLine: {'line': b'running egg_info\n'}
[1.148639] (tutorial_sim) StdoutLine: {'line': b'writing tutorial_sim.egg-info/PKG-INFO\n'}
[1.148735] (tutorial_sim) StdoutLine: {'line': b'writing dependency_links to tutorial_sim.egg-info/dependency_links.txt\n'}
[1.148823] (tutorial_sim) StdoutLine: {'line': b'writing entry points to tutorial_sim.egg-info/entry_points.txt\n'}
[1.148892] (tutorial_sim) StdoutLine: {'line': b'writing requirements to tutorial_sim.egg-info/requires.txt\n'}
[1.148920] (tutorial_sim) StdoutLine: {'line': b'writing top-level names to tutorial_sim.egg-info/top_level.txt\n'}
[1.161456] (tutorial_sim) StdoutLine: {'line': b"reading manifest file 'tutorial_sim.egg-info/SOURCES.txt'\n"}
[1.161869] (tutorial_sim) StdoutLine: {'line': b"writing manifest file 'tutorial_sim.egg-info/SOURCES.txt'\n"}
[1.168765] (tutorial_sim) StdoutLine: {'line': b'running build_ext\n'}
[1.168844] (tutorial_sim) StdoutLine: {'line': b'Creating /convince_ws/install/tutorial_sim/lib/python3.12/site-packages/tutorial-sim.egg-link (link to .)\n'}
[1.169103] (tutorial_sim) StdoutLine: {'line': b'Installing run script to /convince_ws/install/tutorial_sim/lib/tutorial_sim\n'}
[1.169141] (tutorial_sim) StdoutLine: {'line': b'Installing translate_component script to /convince_ws/install/tutorial_sim/lib/tutorial_sim\n'}
[1.169251] (tutorial_sim) StdoutLine: {'line': b'\n'}
[1.169283] (tutorial_sim) StdoutLine: {'line': b'Installed /convince_ws/build/tutorial_sim\n'}
[1.169389] (tutorial_sim) StdoutLine: {'line': b'running symlink_data\n'}
[1.184871] (tutorial_sim) CommandEnded: {'returncode': 0}
[1.188311] (tutorial_sim) JobEnded: {'identifier': 'tutorial_sim', 'rc': 0}
[1.200911] (-) TimerEvent: {}
[1.301135] (-) TimerEvent: {}
[1.401371] (-) TimerEvent: {}
[1.501535] (-) TimerEvent: {}
[1.601786] (-) TimerEvent: {}
[1.702010] (-) TimerEvent: {}
[1.802234] (-) TimerEvent: {}
[1.902445] (-) TimerEvent: {}
[2.002652] (-) TimerEvent: {}
[2.040685] (bt_executor) StderrLine: {'line': b'In file included from \x1b[01m\x1b[K/convince_ws/src/behavior_tree/bt_executor/src/btcpp_executor.cpp:23\x1b[m\x1b[K:\n'}
[2.040852] (bt_executor) StderrLine: {'line': b'\x1b[01m\x1b[K/convince_ws/src/behavior_tree/bt_executor/include/pyrobosim_btcpp/nodes/get_next_location_node.hpp:\x1b[m\x1b[K In member function \xe2\x80\x98\x1b[01m\x1b[Kvirtual BT::NodeStatus BT::DecoratorGetNextLocation::\x1b[01;32m\x1b[Ktick\x1b[m\x1b[K()\x1b[m\x1b[K\xe2\x80\x99:\n'}
[2.040895] (bt_executor) StderrLine: {'line': b'\x1b[01m\x1b[K/convince_ws/src/behavior_tree/bt_executor/include/pyrobosim_btcpp/nodes/get_next_location_node.hpp:28:29:\x1b[m\x1b[K \x1b[01;35m\x1b[Kwarning: \x1b[m\x1b[Kignoring return value of \xe2\x80\x98\x1b[01m\x1b[Kbool BT::Blackboard::\x1b[01;32m\x1b[Kget\x1b[m\x1b[K(const std::string&, T&) const \x1b[35m\x1b[K[with T = int; std::string = std::__cxx11::basic_string<char>]\x1b[m\x1b[K\x1b[m\x1b[K\xe2\x80\x99, declared with attribute \xe2\x80\x98\x1b[01m\x1b[Knodiscard\x1b[m\x1b[K\xe2\x80\x99 [\x1b[01;35m\x1b[K-Wunused-result\x1b[m\x1b[K]\n'}
[2.040931] (bt_executor) StderrLine: {'line': b'   28 |     \x1b[01;35m\x1b[Kconfig().blackboard->get("@next_location_idx", search_index)\x1b[m\x1b[K;\n'}
[2.040968] (bt_executor) StderrLine: {'line': b'      |     \x1b[01;35m\x1b[K~~~~~~~~~~~~~~~~~~~~~~~~^~~~~~~~~~~~~~~~~~~~~~~~~~~~~~~~~~~~\x1b[m\x1b[K\n'}
[2.041002] (bt_executor) StderrLine: {'line': b'In file included from \x1b[01m\x1b[K/opt/ros/jazzy/include/behaviortree_cpp/tree_node.h:22\x1b[m\x1b[K,\n'}
[2.041036] (bt_executor) StderrLine: {'line': b'                 from \x1b[01m\x1b[K/opt/ros/jazzy/include/behaviortree_cpp/control_node.h:17\x1b[m\x1b[K,\n'}
[2.041067] (bt_executor) StderrLine: {'line': b'                 from \x1b[01m\x1b[K/opt/ros/jazzy/include/behaviortree_cpp/controls/parallel_node.h:17\x1b[m\x1b[K,\n'}
[2.041095] (bt_executor) StderrLine: {'line': b'                 from \x1b[01m\x1b[K/opt/ros/jazzy/include/behaviortree_cpp/behavior_tree.h:16\x1b[m\x1b[K,\n'}
[2.041121] (bt_executor) StderrLine: {'line': b'                 from \x1b[01m\x1b[K/opt/ros/jazzy/include/behaviortree_cpp/bt_factory.h:26\x1b[m\x1b[K,\n'}
[2.041148] (bt_executor) StderrLine: {'line': b'                 from \x1b[01m\x1b[K/convince_ws/src/behavior_tree/bt_executor/src/btcpp_executor.cpp:12\x1b[m\x1b[K:\n'}
[2.041179] (bt_executor) StderrLine: {'line': b'\x1b[01m\x1b[K/opt/ros/jazzy/include/behaviortree_cpp/blackboard.h:324:13:\x1b[m\x1b[K \x1b[01;36m\x1b[Knote: \x1b[m\x1b[Kdeclared here\n'}
[2.041205] (bt_executor) StderrLine: {'line': b'  324 | inline bool \x1b[01;36m\x1b[KBlackboard\x1b[m\x1b[K::get(const std::string& key, T& value) const\n'}
[2.041235] (bt_executor) StderrLine: {'line': b'      |             \x1b[01;36m\x1b[K^~~~~~~~~~\x1b[m\x1b[K\n'}
[2.102759] (-) TimerEvent: {}
[2.202962] (-) TimerEvent: {}
[2.303119] (-) TimerEvent: {}
[2.403298] (-) TimerEvent: {}
[2.503620] (-) TimerEvent: {}
[2.603928] (-) TimerEvent: {}
[2.704160] (-) TimerEvent: {}
[2.804419] (-) TimerEvent: {}
[2.904607] (-) TimerEvent: {}
[3.004829] (-) TimerEvent: {}
[3.105023] (-) TimerEvent: {}
[3.205253] (-) TimerEvent: {}
[3.305445] (-) TimerEvent: {}
[3.405667] (-) TimerEvent: {}
[3.506045] (-) TimerEvent: {}
[3.606361] (-) TimerEvent: {}
[3.706557] (-) TimerEvent: {}
[3.806751] (-) TimerEvent: {}
[3.907050] (-) TimerEvent: {}
[4.007351] (-) TimerEvent: {}
[4.107561] (-) TimerEvent: {}
[4.207813] (-) TimerEvent: {}
[4.308125] (-) TimerEvent: {}
[4.408483] (-) TimerEvent: {}
[4.508784] (-) TimerEvent: {}
[4.609099] (-) TimerEvent: {}
[4.709411] (-) TimerEvent: {}
[4.809720] (-) TimerEvent: {}
[4.910017] (-) TimerEvent: {}
[5.010319] (-) TimerEvent: {}
[5.110646] (-) TimerEvent: {}
[5.210934] (-) TimerEvent: {}
[5.311222] (-) TimerEvent: {}
[5.411466] (-) TimerEvent: {}
[5.511750] (-) TimerEvent: {}
[5.612032] (-) TimerEvent: {}
[5.712328] (-) TimerEvent: {}
[5.812622] (-) TimerEvent: {}
[5.912846] (-) TimerEvent: {}
[6.013143] (-) TimerEvent: {}
[6.113435] (-) TimerEvent: {}
[6.213732] (-) TimerEvent: {}
[6.314036] (-) TimerEvent: {}
[6.414347] (-) TimerEvent: {}
[6.514538] (-) TimerEvent: {}
[6.614763] (-) TimerEvent: {}
[6.715065] (-) TimerEvent: {}
[6.815379] (-) TimerEvent: {}
[6.881324] (bt_executor) StdoutLine: {'line': b'[100%] \x1b[32m\x1b[1mLinking CXX executable btcpp_executor\x1b[0m\n'}
[6.915620] (-) TimerEvent: {}
[7.015932] (-) TimerEvent: {}
[7.116258] (-) TimerEvent: {}
[7.148114] (bt_executor) StdoutLine: {'line': b'[100%] Built target btcpp_executor\n'}
[7.159680] (bt_executor) CommandEnded: {'returncode': 0}
[7.160027] (bt_executor) JobProgress: {'identifier': 'bt_executor', 'progress': 'install'}
[7.160245] (bt_executor) Command: {'cmd': ['/usr/bin/cmake', '--install', '/convince_ws/build/bt_executor'], 'cwd': '/convince_ws/build/bt_executor', 'env': OrderedDict({'PYTHONWARNINGS': 'ignore:setup.py install is deprecated,ignore:easy_install command is deprecated', 'HOSTNAME': '8a792cd6aa65', 'SHLVL': '1', 'LD_LIBRARY_PATH': '/convince_ws/install/bt_nodes/lib:/convince_ws/install/behaviortree_ros2/lib:/convince_ws/install/pyrobosim_msgs/lib:/convince_ws/install/overarching_msgs/lib:/convince_ws/install/btcpp_ros2_interfaces/lib:/convince_ws/install/bt_interfaces_dummy/lib:/opt/ros/jazzy/opt/zmqpp_vendor/lib:/opt/ros/jazzy/lib/x86_64-linux-gnu:/opt/ros/jazzy/lib', 'HOME': '/root', 'OLDPWD': '/convince_ws', 'ROS_PYTHON_VERSION': '3', 'ROS_DISTRO': 'jazzy', '_': '/usr/bin/colcon', 'ROS_VERSION': '2', 'TERM': 'xterm', 'QT_X11_NO_MITSHM': '1', 'PATH': '/opt/ros/jazzy/bin:/usr/local/sbin:/usr/local/bin:/usr/sbin:/usr/bin:/sbin:/bin', 'DISPLAY': ':1', 'LANG': 'C.UTF-8', 'AMENT_PREFIX_PATH': '/convince_ws/install/bt_nodes:/convince_ws/install/behaviortree_ros2:/convince_ws/install/pyrobosim_msgs:/convince_ws/install/overarching_msgs:/convince_ws/install/btcpp_ros2_interfaces:/convince_ws/install/bt_interfaces_dummy:/opt/ros/jazzy', 'ROS_WS': '/convince_ws', 'ROS_AUTOMATIC_DISCOVERY_RANGE': 'SUBNET', 'PWD': '/convince_ws/build/bt_executor', 'LC_ALL': 'C.UTF-8', 'PYTHONPATH': '/convince_ws/install/pyrobosim_msgs/lib/python3.12/site-packages:/convince_ws/install/overarching_msgs/lib/python3.12/site-packages:/convince_ws/install/btcpp_ros2_interfaces/lib/python3.12/site-packages:/convince_ws/install/bt_interfaces_dummy/lib/python3.12/site-packages:/opt/ros/jazzy/lib/python3.12/site-packages', 'COLCON': '1', 'CMAKE_PREFIX_PATH': '/convince_ws/install/bt_nodes:/convince_ws/install/behaviortree_ros2:/convince_ws/install/pyrobosim_msgs:/convince_ws/install/overarching_msgs:/convince_ws/install/btcpp_ros2_interfaces:/convince_ws/install/bt_interfaces_dummy:/opt/ros/jazzy'}), 'shell': False}
[7.166122] (bt_executor) StdoutLine: {'line': b'-- Install configuration: ""\n'}
[7.166212] (bt_executor) StdoutLine: {'line': b'-- Execute custom install script\n'}
[7.166931] (bt_executor) StdoutLine: {'line': b'-- Up-to-date symlink: /convince_ws/install/bt_executor/share/bt_executor/trees/navigation_demo.xml\n'}
[7.166998] (bt_executor) StdoutLine: {'line': b'-- Up-to-date symlink: /convince_ws/install/bt_executor/share/bt_executor/trees/pyrobosim_btcpp_model.xml\n'}
[7.167035] (bt_executor) StdoutLine: {'line': b'-- Up-to-date symlink: /convince_ws/install/bt_executor/share/bt_executor/trees/roscon2024.btproj\n'}
[7.167068] (bt_executor) StdoutLine: {'line': b'-- Up-to-date symlink: /convince_ws/install/bt_executor/share/bt_executor/trees/solution/problem1.xml\n'}
[7.167096] (bt_executor) StdoutLine: {'line': b'-- Up-to-date symlink: /convince_ws/install/bt_executor/share/bt_executor/trees/solution/problem2.xml\n'}
[7.167124] (bt_executor) StdoutLine: {'line': b'-- Up-to-date symlink: /convince_ws/install/bt_executor/share/bt_executor/trees/solution/problem3.xml\n'}
[7.167152] (bt_executor) StdoutLine: {'line': b'-- Up-to-date symlink: /convince_ws/install/bt_executor/share/bt_executor/trees/solution/problem4.xml\n'}
[7.167189] (bt_executor) StdoutLine: {'line': b'-- Up-to-date symlink: /convince_ws/install/bt_executor/lib/bt_executor/btcpp_executor\n'}
[7.167225] (bt_executor) StdoutLine: {'line': b'-- Up-to-date symlink: /convince_ws/install/bt_executor/include//pyrobosim_btcpp/nodes/battery_nodes.hpp\n'}
[7.167260] (bt_executor) StdoutLine: {'line': b'-- Up-to-date symlink: /convince_ws/install/bt_executor/include//pyrobosim_btcpp/nodes/close_node.hpp\n'}
[7.167294] (bt_executor) StdoutLine: {'line': b'-- Up-to-date symlink: /convince_ws/install/bt_executor/include//pyrobosim_btcpp/nodes/detect_object_node.hpp\n'}
[7.167450] (bt_executor) StdoutLine: {'line': b'-- Up-to-date symlink: /convince_ws/install/bt_executor/include//pyrobosim_btcpp/nodes/execute_task_node.hpp\n'}
[7.167520] (bt_executor) StdoutLine: {'line': b'-- Up-to-date symlink: /convince_ws/install/bt_executor/include//pyrobosim_btcpp/nodes/get_current_location_node.hpp\n'}
[7.167553] (bt_executor) StdoutLine: {'line': b'-- Up-to-date symlink: /convince_ws/install/bt_executor/include//pyrobosim_btcpp/nodes/get_next_location_node.hpp\n'}
[7.167594] (bt_executor) StdoutLine: {'line': b'-- Up-to-date symlink: /convince_ws/install/bt_executor/include//pyrobosim_btcpp/nodes/navigate_node.hpp\n'}
[7.167642] (bt_executor) StdoutLine: {'line': b'-- Up-to-date symlink: /convince_ws/install/bt_executor/include//pyrobosim_btcpp/nodes/open_node.hpp\n'}
[7.167672] (bt_executor) StdoutLine: {'line': b'-- Up-to-date symlink: /convince_ws/install/bt_executor/include//pyrobosim_btcpp/nodes/pick_object_node.hpp\n'}
[7.167698] (bt_executor) StdoutLine: {'line': b'-- Up-to-date symlink: /convince_ws/install/bt_executor/include//pyrobosim_btcpp/nodes/place_object_node.hpp\n'}
[7.167735] (bt_executor) StdoutLine: {'line': b'-- Up-to-date symlink: /convince_ws/install/bt_executor/share/ament_index/resource_index/package_run_dependencies/bt_executor\n'}
[7.167772] (bt_executor) StdoutLine: {'line': b'-- Up-to-date symlink: /convince_ws/install/bt_executor/share/ament_index/resource_index/parent_prefix_path/bt_executor\n'}
[7.167844] (bt_executor) StdoutLine: {'line': b'-- Up-to-date symlink: /convince_ws/install/bt_executor/share/bt_executor/environment/ament_prefix_path.sh\n'}
[7.167904] (bt_executor) StdoutLine: {'line': b'-- Up-to-date symlink: /convince_ws/install/bt_executor/share/bt_executor/environment/ament_prefix_path.dsv\n'}
[7.167969] (bt_executor) StdoutLine: {'line': b'-- Up-to-date symlink: /convince_ws/install/bt_executor/share/bt_executor/environment/path.sh\n'}
[7.168028] (bt_executor) StdoutLine: {'line': b'-- Up-to-date symlink: /convince_ws/install/bt_executor/share/bt_executor/environment/path.dsv\n'}
[7.168087] (bt_executor) StdoutLine: {'line': b'-- Up-to-date symlink: /convince_ws/install/bt_executor/share/bt_executor/local_setup.bash\n'}
[7.168143] (bt_executor) StdoutLine: {'line': b'-- Up-to-date symlink: /convince_ws/install/bt_executor/share/bt_executor/local_setup.sh\n'}
[7.168200] (bt_executor) StdoutLine: {'line': b'-- Up-to-date symlink: /convince_ws/install/bt_executor/share/bt_executor/local_setup.zsh\n'}
[7.168254] (bt_executor) StdoutLine: {'line': b'-- Up-to-date symlink: /convince_ws/install/bt_executor/share/bt_executor/local_setup.dsv\n'}
[7.168300] (bt_executor) StdoutLine: {'line': b'-- Symlinking: /convince_ws/install/bt_executor/share/bt_executor/package.dsv\n'}
[7.172945] (bt_executor) StdoutLine: {'line': b'-- Up-to-date symlink: /convince_ws/install/bt_executor/share/ament_index/resource_index/packages/bt_executor\n'}
[7.173019] (bt_executor) StdoutLine: {'line': b'-- Up-to-date symlink: /convince_ws/install/bt_executor/share/bt_executor/cmake/ament_cmake_export_dependencies-extras.cmake\n'}
[7.173065] (bt_executor) StdoutLine: {'line': b'-- Up-to-date symlink: /convince_ws/install/bt_executor/share/bt_executor/cmake/ament_cmake_export_include_directories-extras.cmake\n'}
[7.173107] (bt_executor) StdoutLine: {'line': b'-- Up-to-date symlink: /convince_ws/install/bt_executor/share/bt_executor/cmake/bt_executorConfig.cmake\n'}
[7.173145] (bt_executor) StdoutLine: {'line': b'-- Up-to-date symlink: /convince_ws/install/bt_executor/share/bt_executor/cmake/bt_executorConfig-version.cmake\n'}
[7.173209] (bt_executor) StdoutLine: {'line': b'-- Up-to-date symlink: /convince_ws/install/bt_executor/share/bt_executor/package.xml\n'}
[7.174187] (bt_executor) CommandEnded: {'returncode': 0}
[7.179776] (bt_executor) JobEnded: {'identifier': 'bt_executor', 'rc': 0}
[7.180207] (tutorial_run) JobStarted: {'identifier': 'tutorial_run'}
[7.216425] (-) TimerEvent: {}
[7.316580] (-) TimerEvent: {}
[7.416789] (-) TimerEvent: {}
[7.517146] (-) TimerEvent: {}
[7.530958] (tutorial_run) Command: {'cmd': ['/usr/bin/python3', '-W', 'ignore:setup.py install is deprecated', '-W', 'ignore:easy_install command is deprecated', 'setup.py', 'develop', '--editable', '--build-directory', '/convince_ws/build/tutorial_run/build', '--no-deps', 'symlink_data'], 'cwd': '/convince_ws/build/tutorial_run', 'env': {'PYTHONWARNINGS': 'ignore:setup.py install is deprecated,ignore:easy_install command is deprecated', 'HOSTNAME': '8a792cd6aa65', 'SHLVL': '1', 'LD_LIBRARY_PATH': '/convince_ws/install/bt_nodes/lib:/convince_ws/install/behaviortree_ros2/lib:/convince_ws/install/pyrobosim_msgs/lib:/convince_ws/install/overarching_msgs/lib:/convince_ws/install/btcpp_ros2_interfaces/lib:/convince_ws/install/bt_interfaces_dummy/lib:/opt/ros/jazzy/opt/zmqpp_vendor/lib:/opt/ros/jazzy/lib/x86_64-linux-gnu:/opt/ros/jazzy/lib', 'HOME': '/root', 'OLDPWD': '/convince_ws', 'ROS_PYTHON_VERSION': '3', 'ROS_DISTRO': 'jazzy', '_': '/usr/bin/colcon', 'ROS_VERSION': '2', 'TERM': 'xterm', 'QT_X11_NO_MITSHM': '1', 'PATH': '/opt/ros/jazzy/bin:/usr/local/sbin:/usr/local/bin:/usr/sbin:/usr/bin:/sbin:/bin', 'DISPLAY': ':1', 'LANG': 'C.UTF-8', 'AMENT_PREFIX_PATH': '/convince_ws/install/tutorial_sim:/convince_ws/install/bt_executor:/convince_ws/install/pyrobosim_ros:/convince_ws/install/place_object_skill:/convince_ws/install/bt_nodes:/convince_ws/install/behaviortree_ros2:/convince_ws/install/pyrobosim_msgs:/convince_ws/install/overarching_msgs:/convince_ws/install/btcpp_ros2_interfaces:/convince_ws/install/bt_interfaces_dummy:/opt/ros/jazzy', 'ROS_WS': '/convince_ws', 'ROS_AUTOMATIC_DISCOVERY_RANGE': 'SUBNET', 'PWD': '/convince_ws/build/tutorial_run', 'LC_ALL': 'C.UTF-8', 'PYTHONPATH': '/convince_ws/build/tutorial_run/prefix_override:/usr/lib/python3/dist-packages/colcon_core/task/python/colcon_distutils_commands:/convince_ws/install/tutorial_run/lib/python3.12/site-packages:/convince_ws/build/tutorial_sim:/convince_ws/install/tutorial_sim/lib/python3.12/site-packages:/convince_ws/install/pyrobosim_ros/lib/python3.12/site-packages:/convince_ws/install/pyrobosim_msgs/lib/python3.12/site-packages:/convince_ws/install/overarching_msgs/lib/python3.12/site-packages:/convince_ws/install/btcpp_ros2_interfaces/lib/python3.12/site-packages:/convince_ws/install/bt_interfaces_dummy/lib/python3.12/site-packages:/opt/ros/jazzy/lib/python3.12/site-packages', 'COLCON': '1', 'CMAKE_PREFIX_PATH': '/convince_ws/install/bt_executor:/convince_ws/install/pyrobosim_ros:/convince_ws/install/place_object_skill:/convince_ws/install/bt_nodes:/convince_ws/install/behaviortree_ros2:/convince_ws/install/pyrobosim_msgs:/convince_ws/install/overarching_msgs:/convince_ws/install/btcpp_ros2_interfaces:/convince_ws/install/bt_interfaces_dummy'}, 'shell': False}
[7.617330] (-) TimerEvent: {}
[7.660687] (tutorial_run) StdoutLine: {'line': b'running develop\n'}
[7.717451] (-) TimerEvent: {}
[7.721818] (tutorial_run) StdoutLine: {'line': b'running egg_info\n'}
[7.727709] (tutorial_run) StdoutLine: {'line': b'writing tutorial_run.egg-info/PKG-INFO\n'}
[7.727829] (tutorial_run) StdoutLine: {'line': b'writing dependency_links to tutorial_run.egg-info/dependency_links.txt\n'}
[7.727970] (tutorial_run) StdoutLine: {'line': b'writing requirements to tutorial_run.egg-info/requires.txt\n'}
[7.728034] (tutorial_run) StdoutLine: {'line': b'writing top-level names to tutorial_run.egg-info/top_level.txt\n'}
[7.740337] (tutorial_run) StdoutLine: {'line': b"reading manifest file 'tutorial_run.egg-info/SOURCES.txt'\n"}
[7.740536] (tutorial_run) StdoutLine: {'line': b"writing manifest file 'tutorial_run.egg-info/SOURCES.txt'\n"}
[7.747551] (tutorial_run) StdoutLine: {'line': b'running build_ext\n'}
[7.747638] (tutorial_run) StdoutLine: {'line': b'Creating /convince_ws/install/tutorial_run/lib/python3.12/site-packages/tutorial-run.egg-link (link to .)\n'}
[7.747771] (tutorial_run) StdoutLine: {'line': b'\n'}
[7.747834] (tutorial_run) StdoutLine: {'line': b'Installed /convince_ws/build/tutorial_run\n'}
[7.747866] (tutorial_run) StdoutLine: {'line': b'running symlink_data\n'}
[7.761211] (tutorial_run) CommandEnded: {'returncode': 0}
[7.764819] (tutorial_run) JobEnded: {'identifier': 'tutorial_run', 'rc': 0}
[7.765071] (-) EventReactorShutdown: {}
