[0.053s] DEBUG:colcon:Command line arguments: ['/usr/bin/colcon', 'build', '--symlink-install', '--continue-on-error', '--mixin', 'compile-commands']
[0.053s] DEBUG:colcon:Parsed command line arguments: Namespace(log_base=None, log_level=None, verb_name='build', build_base='build', install_base='install', merge_install=False, symlink_install=True, test_result_base=None, continue_on_error=True, executor='parallel', parallel_workers=20, event_handlers=None, ignore_user_meta=False, metas=['./colcon.meta'], base_paths=['.'], packages_ignore=None, packages_ignore_regex=None, paths=None, packages_up_to=None, packages_up_to_regex=None, packages_above=None, packages_above_and_dependencies=None, packages_above_depth=None, packages_select_by_dep=None, packages_skip_by_dep=None, packages_skip_up_to=None, packages_select_build_failed=False, packages_skip_build_finished=False, packages_select_test_failures=False, packages_skip_test_passed=False, packages_select=None, packages_skip=None, packages_select_regex=None, packages_skip_regex=None, packages_start=None, packages_end=None, cmake_args=['-DCMAKE_EXPORT_COMPILE_COMMANDS=ON', '--no-warn-unused-cli'], cmake_target=None, cmake_target_skip_unavailable=False, cmake_clean_cache=False, cmake_clean_first=False, cmake_force_configure=False, ament_cmake_args=None, catkin_cmake_args=None, catkin_skip_building_tests=False, mixin_files=None, mixin=['compile-commands'], verb_parser=<colcon_mixin.mixin.mixin_argument.MixinArgumentDecorator object at 0x7bb1e20cf2f0>, verb_extension=<colcon_core.verb.build.BuildVerb object at 0x7bb1e20cef60>, main=<bound method BuildVerb.main of <colcon_core.verb.build.BuildVerb object at 0x7bb1e20cef60>>, mixin_verb=('build',))
[0.072s] Level 1:colcon.colcon_core.package_discovery:discover_packages(colcon_meta) check parameters
[0.072s] INFO:colcon.colcon_metadata.package_discovery.colcon_meta:Using configuration from '/root/.colcon/metadata/default/Gazebo.meta'
[0.073s] INFO:colcon.colcon_metadata.package_discovery.colcon_meta:Using configuration from '/root/.colcon/metadata/default/fastdds.meta'
[0.073s] INFO:colcon.colcon_metadata.package_discovery.colcon_meta:Using configuration from '/root/.colcon/metadata/default/fastrtps.meta'
[0.073s] Level 1:colcon.colcon_core.package_discovery:discover_packages(recursive) check parameters
[0.073s] Level 1:colcon.colcon_core.package_discovery:discover_packages(ignore) check parameters
[0.073s] Level 1:colcon.colcon_core.package_discovery:discover_packages(path) check parameters
[0.073s] Level 1:colcon.colcon_core.package_discovery:discover_packages(colcon_meta) discover
[0.073s] Level 1:colcon.colcon_core.package_discovery:discover_packages(recursive) discover
[0.073s] INFO:colcon.colcon_core.package_discovery:Crawling recursively for packages in '/convince_ws'
[0.073s] Level 1:colcon.colcon_core.package_identification:_identify(.) by extensions ['ignore', 'ignore_ament_install']
[0.073s] Level 1:colcon.colcon_core.package_identification:_identify(.) by extension 'ignore'
[0.073s] Level 1:colcon.colcon_core.package_identification:_identify(.) by extension 'ignore_ament_install'
[0.073s] Level 1:colcon.colcon_core.package_identification:_identify(.) by extensions ['colcon_pkg']
[0.073s] Level 1:colcon.colcon_core.package_identification:_identify(.) by extension 'colcon_pkg'
[0.073s] Level 1:colcon.colcon_core.package_identification:_identify(.) by extensions ['colcon_meta']
[0.073s] Level 1:colcon.colcon_core.package_identification:_identify(.) by extension 'colcon_meta'
[0.073s] Level 1:colcon.colcon_core.package_identification:_identify(.) by extensions ['ros']
[0.073s] Level 1:colcon.colcon_core.package_identification:_identify(.) by extension 'ros'
[0.086s] Level 1:colcon.colcon_core.package_identification:_identify(.) by extensions ['cmake', 'python']
[0.086s] Level 1:colcon.colcon_core.package_identification:_identify(.) by extension 'cmake'
[0.086s] Level 1:colcon.colcon_core.package_identification:_identify(.) by extension 'python'
[0.086s] Level 1:colcon.colcon_core.package_identification:_identify(.) by extensions ['python_setup_py']
[0.086s] Level 1:colcon.colcon_core.package_identification:_identify(.) by extension 'python_setup_py'
[0.086s] Level 1:colcon.colcon_core.package_identification:_identify(BehaviorTree.CPP) by extensions ['ignore', 'ignore_ament_install']
[0.086s] Level 1:colcon.colcon_core.package_identification:_identify(BehaviorTree.CPP) by extension 'ignore'
[0.086s] Level 1:colcon.colcon_core.package_identification:_identify(BehaviorTree.CPP) by extension 'ignore_ament_install'
[0.086s] Level 1:colcon.colcon_core.package_identification:_identify(BehaviorTree.CPP) by extensions ['colcon_pkg']
[0.086s] Level 1:colcon.colcon_core.package_identification:_identify(BehaviorTree.CPP) by extension 'colcon_pkg'
[0.086s] Level 1:colcon.colcon_core.package_identification:_identify(BehaviorTree.CPP) by extensions ['colcon_meta']
[0.086s] Level 1:colcon.colcon_core.package_identification:_identify(BehaviorTree.CPP) by extension 'colcon_meta'
[0.087s] Level 1:colcon.colcon_core.package_identification:_identify(BehaviorTree.CPP) by extensions ['ros']
[0.087s] Level 1:colcon.colcon_core.package_identification:_identify(BehaviorTree.CPP) by extension 'ros'
[0.090s] DEBUG:colcon.colcon_core.package_identification:Package 'BehaviorTree.CPP' with type 'ros.ament_cmake' and name 'behaviortree_cpp_v3'
[0.090s] Level 1:colcon.colcon_core.package_identification:_identify(build) by extensions ['ignore', 'ignore_ament_install']
[0.090s] Level 1:colcon.colcon_core.package_identification:_identify(build) by extension 'ignore'
[0.090s] Level 1:colcon.colcon_core.package_identification:_identify(build) ignored
[0.090s] Level 1:colcon.colcon_core.package_identification:_identify(install) by extensions ['ignore', 'ignore_ament_install']
[0.090s] Level 1:colcon.colcon_core.package_identification:_identify(install) by extension 'ignore'
[0.090s] Level 1:colcon.colcon_core.package_identification:_identify(install) ignored
[0.090s] Level 1:colcon.colcon_core.package_identification:_identify(log) by extensions ['ignore', 'ignore_ament_install']
[0.090s] Level 1:colcon.colcon_core.package_identification:_identify(log) by extension 'ignore'
[0.090s] Level 1:colcon.colcon_core.package_identification:_identify(log) ignored
[0.090s] Level 1:colcon.colcon_core.package_identification:_identify(src) by extensions ['ignore', 'ignore_ament_install']
[0.091s] Level 1:colcon.colcon_core.package_identification:_identify(src) by extension 'ignore'
[0.091s] Level 1:colcon.colcon_core.package_identification:_identify(src) by extension 'ignore_ament_install'
[0.091s] Level 1:colcon.colcon_core.package_identification:_identify(src) by extensions ['colcon_pkg']
[0.091s] Level 1:colcon.colcon_core.package_identification:_identify(src) by extension 'colcon_pkg'
[0.091s] Level 1:colcon.colcon_core.package_identification:_identify(src) by extensions ['colcon_meta']
[0.091s] Level 1:colcon.colcon_core.package_identification:_identify(src) by extension 'colcon_meta'
[0.091s] Level 1:colcon.colcon_core.package_identification:_identify(src) by extensions ['ros']
[0.091s] Level 1:colcon.colcon_core.package_identification:_identify(src) by extension 'ros'
[0.091s] Level 1:colcon.colcon_core.package_identification:_identify(src) by extensions ['cmake', 'python']
[0.091s] Level 1:colcon.colcon_core.package_identification:_identify(src) by extension 'cmake'
[0.091s] Level 1:colcon.colcon_core.package_identification:_identify(src) by extension 'python'
[0.091s] Level 1:colcon.colcon_core.package_identification:_identify(src) by extensions ['python_setup_py']
[0.091s] Level 1:colcon.colcon_core.package_identification:_identify(src) by extension 'python_setup_py'
[0.091s] Level 1:colcon.colcon_core.package_identification:_identify(src/behavior_tree) by extensions ['ignore', 'ignore_ament_install']
[0.091s] Level 1:colcon.colcon_core.package_identification:_identify(src/behavior_tree) by extension 'ignore'
[0.091s] Level 1:colcon.colcon_core.package_identification:_identify(src/behavior_tree) by extension 'ignore_ament_install'
[0.091s] Level 1:colcon.colcon_core.package_identification:_identify(src/behavior_tree) by extensions ['colcon_pkg']
[0.091s] Level 1:colcon.colcon_core.package_identification:_identify(src/behavior_tree) by extension 'colcon_pkg'
[0.091s] Level 1:colcon.colcon_core.package_identification:_identify(src/behavior_tree) by extensions ['colcon_meta']
[0.091s] Level 1:colcon.colcon_core.package_identification:_identify(src/behavior_tree) by extension 'colcon_meta'
[0.091s] Level 1:colcon.colcon_core.package_identification:_identify(src/behavior_tree) by extensions ['ros']
[0.091s] Level 1:colcon.colcon_core.package_identification:_identify(src/behavior_tree) by extension 'ros'
[0.091s] Level 1:colcon.colcon_core.package_identification:_identify(src/behavior_tree) by extensions ['cmake', 'python']
[0.091s] Level 1:colcon.colcon_core.package_identification:_identify(src/behavior_tree) by extension 'cmake'
[0.091s] Level 1:colcon.colcon_core.package_identification:_identify(src/behavior_tree) by extension 'python'
[0.091s] Level 1:colcon.colcon_core.package_identification:_identify(src/behavior_tree) by extensions ['python_setup_py']
[0.091s] Level 1:colcon.colcon_core.package_identification:_identify(src/behavior_tree) by extension 'python_setup_py'
[0.091s] Level 1:colcon.colcon_core.package_identification:_identify(src/behavior_tree/bt_executor) by extensions ['ignore', 'ignore_ament_install']
[0.091s] Level 1:colcon.colcon_core.package_identification:_identify(src/behavior_tree/bt_executor) by extension 'ignore'
[0.091s] Level 1:colcon.colcon_core.package_identification:_identify(src/behavior_tree/bt_executor) by extension 'ignore_ament_install'
[0.091s] Level 1:colcon.colcon_core.package_identification:_identify(src/behavior_tree/bt_executor) by extensions ['colcon_pkg']
[0.091s] Level 1:colcon.colcon_core.package_identification:_identify(src/behavior_tree/bt_executor) by extension 'colcon_pkg'
[0.091s] Level 1:colcon.colcon_core.package_identification:_identify(src/behavior_tree/bt_executor) by extensions ['colcon_meta']
[0.091s] Level 1:colcon.colcon_core.package_identification:_identify(src/behavior_tree/bt_executor) by extension 'colcon_meta'
[0.091s] Level 1:colcon.colcon_core.package_identification:_identify(src/behavior_tree/bt_executor) by extensions ['ros']
[0.091s] Level 1:colcon.colcon_core.package_identification:_identify(src/behavior_tree/bt_executor) by extension 'ros'
[0.092s] DEBUG:colcon.colcon_core.package_identification:Package 'src/behavior_tree/bt_executor' with type 'ros.ament_cmake' and name 'bt_executor'
[0.092s] Level 1:colcon.colcon_core.package_identification:_identify(src/behaviortree_ros2) by extensions ['ignore', 'ignore_ament_install']
[0.092s] Level 1:colcon.colcon_core.package_identification:_identify(src/behaviortree_ros2) by extension 'ignore'
[0.092s] Level 1:colcon.colcon_core.package_identification:_identify(src/behaviortree_ros2) by extension 'ignore_ament_install'
[0.092s] Level 1:colcon.colcon_core.package_identification:_identify(src/behaviortree_ros2) by extensions ['colcon_pkg']
[0.092s] Level 1:colcon.colcon_core.package_identification:_identify(src/behaviortree_ros2) by extension 'colcon_pkg'
[0.092s] Level 1:colcon.colcon_core.package_identification:_identify(src/behaviortree_ros2) by extensions ['colcon_meta']
[0.092s] Level 1:colcon.colcon_core.package_identification:_identify(src/behaviortree_ros2) by extension 'colcon_meta'
[0.092s] Level 1:colcon.colcon_core.package_identification:_identify(src/behaviortree_ros2) by extensions ['ros']
[0.092s] Level 1:colcon.colcon_core.package_identification:_identify(src/behaviortree_ros2) by extension 'ros'
[0.092s] Level 1:colcon.colcon_core.package_identification:_identify(src/behaviortree_ros2) by extensions ['cmake', 'python']
[0.092s] Level 1:colcon.colcon_core.package_identification:_identify(src/behaviortree_ros2) by extension 'cmake'
[0.092s] Level 1:colcon.colcon_core.package_identification:_identify(src/behaviortree_ros2) by extension 'python'
[0.092s] Level 1:colcon.colcon_core.package_identification:_identify(src/behaviortree_ros2) by extensions ['python_setup_py']
[0.092s] Level 1:colcon.colcon_core.package_identification:_identify(src/behaviortree_ros2) by extension 'python_setup_py'
[0.092s] Level 1:colcon.colcon_core.package_identification:_identify(src/behaviortree_ros2/behaviortree_ros2) by extensions ['ignore', 'ignore_ament_install']
[0.092s] Level 1:colcon.colcon_core.package_identification:_identify(src/behaviortree_ros2/behaviortree_ros2) by extension 'ignore'
[0.092s] Level 1:colcon.colcon_core.package_identification:_identify(src/behaviortree_ros2/behaviortree_ros2) by extension 'ignore_ament_install'
[0.092s] Level 1:colcon.colcon_core.package_identification:_identify(src/behaviortree_ros2/behaviortree_ros2) by extensions ['colcon_pkg']
[0.092s] Level 1:colcon.colcon_core.package_identification:_identify(src/behaviortree_ros2/behaviortree_ros2) by extension 'colcon_pkg'
[0.092s] Level 1:colcon.colcon_core.package_identification:_identify(src/behaviortree_ros2/behaviortree_ros2) by extensions ['colcon_meta']
[0.092s] Level 1:colcon.colcon_core.package_identification:_identify(src/behaviortree_ros2/behaviortree_ros2) by extension 'colcon_meta'
[0.092s] Level 1:colcon.colcon_core.package_identification:_identify(src/behaviortree_ros2/behaviortree_ros2) by extensions ['ros']
[0.092s] Level 1:colcon.colcon_core.package_identification:_identify(src/behaviortree_ros2/behaviortree_ros2) by extension 'ros'
[0.093s] DEBUG:colcon.colcon_core.package_identification:Package 'src/behaviortree_ros2/behaviortree_ros2' with type 'ros.ament_cmake' and name 'behaviortree_ros2'
[0.093s] Level 1:colcon.colcon_core.package_identification:_identify(src/behaviortree_ros2/btcpp_ros2_interfaces) by extensions ['ignore', 'ignore_ament_install']
[0.093s] Level 1:colcon.colcon_core.package_identification:_identify(src/behaviortree_ros2/btcpp_ros2_interfaces) by extension 'ignore'
[0.093s] Level 1:colcon.colcon_core.package_identification:_identify(src/behaviortree_ros2/btcpp_ros2_interfaces) by extension 'ignore_ament_install'
[0.093s] Level 1:colcon.colcon_core.package_identification:_identify(src/behaviortree_ros2/btcpp_ros2_interfaces) by extensions ['colcon_pkg']
[0.093s] Level 1:colcon.colcon_core.package_identification:_identify(src/behaviortree_ros2/btcpp_ros2_interfaces) by extension 'colcon_pkg'
[0.093s] Level 1:colcon.colcon_core.package_identification:_identify(src/behaviortree_ros2/btcpp_ros2_interfaces) by extensions ['colcon_meta']
[0.093s] Level 1:colcon.colcon_core.package_identification:_identify(src/behaviortree_ros2/btcpp_ros2_interfaces) by extension 'colcon_meta'
[0.093s] Level 1:colcon.colcon_core.package_identification:_identify(src/behaviortree_ros2/btcpp_ros2_interfaces) by extensions ['ros']
[0.093s] Level 1:colcon.colcon_core.package_identification:_identify(src/behaviortree_ros2/btcpp_ros2_interfaces) by extension 'ros'
[0.093s] DEBUG:colcon.colcon_core.package_identification:Package 'src/behaviortree_ros2/btcpp_ros2_interfaces' with type 'ros.ament_cmake' and name 'btcpp_ros2_interfaces'
[0.093s] Level 1:colcon.colcon_core.package_identification:_identify(src/behaviortree_ros2/btcpp_ros2_samples) by extensions ['ignore', 'ignore_ament_install']
[0.093s] Level 1:colcon.colcon_core.package_identification:_identify(src/behaviortree_ros2/btcpp_ros2_samples) by extension 'ignore'
[0.093s] Level 1:colcon.colcon_core.package_identification:_identify(src/behaviortree_ros2/btcpp_ros2_samples) by extension 'ignore_ament_install'
[0.093s] Level 1:colcon.colcon_core.package_identification:_identify(src/behaviortree_ros2/btcpp_ros2_samples) by extensions ['colcon_pkg']
[0.093s] Level 1:colcon.colcon_core.package_identification:_identify(src/behaviortree_ros2/btcpp_ros2_samples) by extension 'colcon_pkg'
[0.093s] Level 1:colcon.colcon_core.package_identification:_identify(src/behaviortree_ros2/btcpp_ros2_samples) by extensions ['colcon_meta']
[0.093s] Level 1:colcon.colcon_core.package_identification:_identify(src/behaviortree_ros2/btcpp_ros2_samples) by extension 'colcon_meta'
[0.093s] Level 1:colcon.colcon_core.package_identification:_identify(src/behaviortree_ros2/btcpp_ros2_samples) by extensions ['ros']
[0.093s] Level 1:colcon.colcon_core.package_identification:_identify(src/behaviortree_ros2/btcpp_ros2_samples) by extension 'ros'
[0.094s] DEBUG:colcon.colcon_core.package_identification:Package 'src/behaviortree_ros2/btcpp_ros2_samples' with type 'ros.ament_cmake' and name 'btcpp_ros2_samples'
[0.094s] Level 1:colcon.colcon_core.package_identification:_identify(src/bt_nodes) by extensions ['ignore', 'ignore_ament_install']
[0.094s] Level 1:colcon.colcon_core.package_identification:_identify(src/bt_nodes) by extension 'ignore'
[0.094s] Level 1:colcon.colcon_core.package_identification:_identify(src/bt_nodes) by extension 'ignore_ament_install'
[0.094s] Level 1:colcon.colcon_core.package_identification:_identify(src/bt_nodes) by extensions ['colcon_pkg']
[0.094s] Level 1:colcon.colcon_core.package_identification:_identify(src/bt_nodes) by extension 'colcon_pkg'
[0.094s] Level 1:colcon.colcon_core.package_identification:_identify(src/bt_nodes) by extensions ['colcon_meta']
[0.094s] Level 1:colcon.colcon_core.package_identification:_identify(src/bt_nodes) by extension 'colcon_meta'
[0.094s] Level 1:colcon.colcon_core.package_identification:_identify(src/bt_nodes) by extensions ['ros']
[0.094s] Level 1:colcon.colcon_core.package_identification:_identify(src/bt_nodes) by extension 'ros'
[0.094s] DEBUG:colcon.colcon_core.package_identification:Package 'src/bt_nodes' with type 'ros.ament_cmake' and name 'bt_nodes'
[0.094s] Level 1:colcon.colcon_core.package_identification:_identify(src/dependencies) by extensions ['ignore', 'ignore_ament_install']
[0.094s] Level 1:colcon.colcon_core.package_identification:_identify(src/dependencies) by extension 'ignore'
[0.094s] Level 1:colcon.colcon_core.package_identification:_identify(src/dependencies) by extension 'ignore_ament_install'
[0.094s] Level 1:colcon.colcon_core.package_identification:_identify(src/dependencies) by extensions ['colcon_pkg']
[0.094s] Level 1:colcon.colcon_core.package_identification:_identify(src/dependencies) by extension 'colcon_pkg'
[0.094s] Level 1:colcon.colcon_core.package_identification:_identify(src/dependencies) by extensions ['colcon_meta']
[0.094s] Level 1:colcon.colcon_core.package_identification:_identify(src/dependencies) by extension 'colcon_meta'
[0.094s] Level 1:colcon.colcon_core.package_identification:_identify(src/dependencies) by extensions ['ros']
[0.094s] Level 1:colcon.colcon_core.package_identification:_identify(src/dependencies) by extension 'ros'
[0.094s] Level 1:colcon.colcon_core.package_identification:_identify(src/dependencies) by extensions ['cmake', 'python']
[0.094s] Level 1:colcon.colcon_core.package_identification:_identify(src/dependencies) by extension 'cmake'
[0.094s] Level 1:colcon.colcon_core.package_identification:_identify(src/dependencies) by extension 'python'
[0.094s] Level 1:colcon.colcon_core.package_identification:_identify(src/dependencies) by extensions ['python_setup_py']
[0.094s] Level 1:colcon.colcon_core.package_identification:_identify(src/dependencies) by extension 'python_setup_py'
[0.094s] Level 1:colcon.colcon_core.package_identification:_identify(src/dependencies/BehaviorTree.ROS2) by extensions ['ignore', 'ignore_ament_install']
[0.094s] Level 1:colcon.colcon_core.package_identification:_identify(src/dependencies/BehaviorTree.ROS2) by extension 'ignore'
[0.094s] Level 1:colcon.colcon_core.package_identification:_identify(src/dependencies/BehaviorTree.ROS2) by extension 'ignore_ament_install'
[0.094s] Level 1:colcon.colcon_core.package_identification:_identify(src/dependencies/BehaviorTree.ROS2) by extensions ['colcon_pkg']
[0.094s] Level 1:colcon.colcon_core.package_identification:_identify(src/dependencies/BehaviorTree.ROS2) by extension 'colcon_pkg'
[0.094s] Level 1:colcon.colcon_core.package_identification:_identify(src/dependencies/BehaviorTree.ROS2) by extensions ['colcon_meta']
[0.094s] Level 1:colcon.colcon_core.package_identification:_identify(src/dependencies/BehaviorTree.ROS2) by extension 'colcon_meta'
[0.094s] Level 1:colcon.colcon_core.package_identification:_identify(src/dependencies/BehaviorTree.ROS2) by extensions ['ros']
[0.094s] Level 1:colcon.colcon_core.package_identification:_identify(src/dependencies/BehaviorTree.ROS2) by extension 'ros'
[0.094s] Level 1:colcon.colcon_core.package_identification:_identify(src/dependencies/BehaviorTree.ROS2) by extensions ['cmake', 'python']
[0.094s] Level 1:colcon.colcon_core.package_identification:_identify(src/dependencies/BehaviorTree.ROS2) by extension 'cmake'
[0.094s] Level 1:colcon.colcon_core.package_identification:_identify(src/dependencies/BehaviorTree.ROS2) by extension 'python'
[0.094s] Level 1:colcon.colcon_core.package_identification:_identify(src/dependencies/BehaviorTree.ROS2) by extensions ['python_setup_py']
[0.094s] Level 1:colcon.colcon_core.package_identification:_identify(src/dependencies/BehaviorTree.ROS2) by extension 'python_setup_py'
[0.095s] Level 1:colcon.colcon_core.package_identification:_identify(src/generated_skill) by extensions ['ignore', 'ignore_ament_install']
[0.095s] Level 1:colcon.colcon_core.package_identification:_identify(src/generated_skill) by extension 'ignore'
[0.095s] Level 1:colcon.colcon_core.package_identification:_identify(src/generated_skill) by extension 'ignore_ament_install'
[0.095s] Level 1:colcon.colcon_core.package_identification:_identify(src/generated_skill) by extensions ['colcon_pkg']
[0.095s] Level 1:colcon.colcon_core.package_identification:_identify(src/generated_skill) by extension 'colcon_pkg'
[0.095s] Level 1:colcon.colcon_core.package_identification:_identify(src/generated_skill) by extensions ['colcon_meta']
[0.095s] Level 1:colcon.colcon_core.package_identification:_identify(src/generated_skill) by extension 'colcon_meta'
[0.095s] Level 1:colcon.colcon_core.package_identification:_identify(src/generated_skill) by extensions ['ros']
[0.095s] Level 1:colcon.colcon_core.package_identification:_identify(src/generated_skill) by extension 'ros'
[0.095s] Level 1:colcon.colcon_core.package_identification:_identify(src/generated_skill) by extensions ['cmake', 'python']
[0.095s] Level 1:colcon.colcon_core.package_identification:_identify(src/generated_skill) by extension 'cmake'
[0.095s] Level 1:colcon.colcon_core.package_identification:_identify(src/generated_skill) by extension 'python'
[0.095s] Level 1:colcon.colcon_core.package_identification:_identify(src/generated_skill) by extensions ['python_setup_py']
[0.095s] Level 1:colcon.colcon_core.package_identification:_identify(src/generated_skill) by extension 'python_setup_py'
[0.095s] Level 1:colcon.colcon_core.package_identification:_identify(src/generated_skill/place_object_skill) by extensions ['ignore', 'ignore_ament_install']
[0.095s] Level 1:colcon.colcon_core.package_identification:_identify(src/generated_skill/place_object_skill) by extension 'ignore'
[0.095s] Level 1:colcon.colcon_core.package_identification:_identify(src/generated_skill/place_object_skill) by extension 'ignore_ament_install'
[0.095s] Level 1:colcon.colcon_core.package_identification:_identify(src/generated_skill/place_object_skill) by extensions ['colcon_pkg']
[0.095s] Level 1:colcon.colcon_core.package_identification:_identify(src/generated_skill/place_object_skill) by extension 'colcon_pkg'
[0.095s] Level 1:colcon.colcon_core.package_identification:_identify(src/generated_skill/place_object_skill) by extensions ['colcon_meta']
[0.095s] Level 1:colcon.colcon_core.package_identification:_identify(src/generated_skill/place_object_skill) by extension 'colcon_meta'
[0.095s] Level 1:colcon.colcon_core.package_identification:_identify(src/generated_skill/place_object_skill) by extensions ['ros']
[0.095s] Level 1:colcon.colcon_core.package_identification:_identify(src/generated_skill/place_object_skill) by extension 'ros'
[0.095s] DEBUG:colcon.colcon_core.package_identification:Package 'src/generated_skill/place_object_skill' with type 'ros.ament_cmake' and name 'place_object_skill'
[0.095s] Level 1:colcon.colcon_core.package_identification:_identify(src/pyrobosim) by extensions ['ignore', 'ignore_ament_install']
[0.095s] Level 1:colcon.colcon_core.package_identification:_identify(src/pyrobosim) by extension 'ignore'
[0.095s] Level 1:colcon.colcon_core.package_identification:_identify(src/pyrobosim) by extension 'ignore_ament_install'
[0.095s] Level 1:colcon.colcon_core.package_identification:_identify(src/pyrobosim) by extensions ['colcon_pkg']
[0.095s] Level 1:colcon.colcon_core.package_identification:_identify(src/pyrobosim) by extension 'colcon_pkg'
[0.095s] Level 1:colcon.colcon_core.package_identification:_identify(src/pyrobosim) by extensions ['colcon_meta']
[0.095s] Level 1:colcon.colcon_core.package_identification:_identify(src/pyrobosim) by extension 'colcon_meta'
[0.095s] Level 1:colcon.colcon_core.package_identification:_identify(src/pyrobosim) by extensions ['ros']
[0.095s] Level 1:colcon.colcon_core.package_identification:_identify(src/pyrobosim) by extension 'ros'
[0.095s] Level 1:colcon.colcon_core.package_identification:_identify(src/pyrobosim) by extensions ['cmake', 'python']
[0.095s] Level 1:colcon.colcon_core.package_identification:_identify(src/pyrobosim) by extension 'cmake'
[0.095s] Level 1:colcon.colcon_core.package_identification:_identify(src/pyrobosim) by extension 'python'
[0.095s] Level 1:colcon.colcon_core.package_identification:_identify(src/pyrobosim) by extensions ['python_setup_py']
[0.095s] Level 1:colcon.colcon_core.package_identification:_identify(src/pyrobosim) by extension 'python_setup_py'
[0.096s] Level 1:colcon.colcon_core.package_identification:_identify(src/pyrobosim/docker) by extensions ['ignore', 'ignore_ament_install']
[0.096s] Level 1:colcon.colcon_core.package_identification:_identify(src/pyrobosim/docker) by extension 'ignore'
[0.096s] Level 1:colcon.colcon_core.package_identification:_identify(src/pyrobosim/docker) by extension 'ignore_ament_install'
[0.096s] Level 1:colcon.colcon_core.package_identification:_identify(src/pyrobosim/docker) by extensions ['colcon_pkg']
[0.096s] Level 1:colcon.colcon_core.package_identification:_identify(src/pyrobosim/docker) by extension 'colcon_pkg'
[0.096s] Level 1:colcon.colcon_core.package_identification:_identify(src/pyrobosim/docker) by extensions ['colcon_meta']
[0.096s] Level 1:colcon.colcon_core.package_identification:_identify(src/pyrobosim/docker) by extension 'colcon_meta'
[0.096s] Level 1:colcon.colcon_core.package_identification:_identify(src/pyrobosim/docker) by extensions ['ros']
[0.096s] Level 1:colcon.colcon_core.package_identification:_identify(src/pyrobosim/docker) by extension 'ros'
[0.096s] Level 1:colcon.colcon_core.package_identification:_identify(src/pyrobosim/docker) by extensions ['cmake', 'python']
[0.096s] Level 1:colcon.colcon_core.package_identification:_identify(src/pyrobosim/docker) by extension 'cmake'
[0.096s] Level 1:colcon.colcon_core.package_identification:_identify(src/pyrobosim/docker) by extension 'python'
[0.096s] Level 1:colcon.colcon_core.package_identification:_identify(src/pyrobosim/docker) by extensions ['python_setup_py']
[0.096s] Level 1:colcon.colcon_core.package_identification:_identify(src/pyrobosim/docker) by extension 'python_setup_py'
[0.096s] Level 1:colcon.colcon_core.package_identification:_identify(src/pyrobosim/docs) by extensions ['ignore', 'ignore_ament_install']
[0.096s] Level 1:colcon.colcon_core.package_identification:_identify(src/pyrobosim/docs) by extension 'ignore'
[0.096s] Level 1:colcon.colcon_core.package_identification:_identify(src/pyrobosim/docs) by extension 'ignore_ament_install'
[0.096s] Level 1:colcon.colcon_core.package_identification:_identify(src/pyrobosim/docs) by extensions ['colcon_pkg']
[0.096s] Level 1:colcon.colcon_core.package_identification:_identify(src/pyrobosim/docs) by extension 'colcon_pkg'
[0.096s] Level 1:colcon.colcon_core.package_identification:_identify(src/pyrobosim/docs) by extensions ['colcon_meta']
[0.096s] Level 1:colcon.colcon_core.package_identification:_identify(src/pyrobosim/docs) by extension 'colcon_meta'
[0.096s] Level 1:colcon.colcon_core.package_identification:_identify(src/pyrobosim/docs) by extensions ['ros']
[0.096s] Level 1:colcon.colcon_core.package_identification:_identify(src/pyrobosim/docs) by extension 'ros'
[0.096s] Level 1:colcon.colcon_core.package_identification:_identify(src/pyrobosim/docs) by extensions ['cmake', 'python']
[0.096s] Level 1:colcon.colcon_core.package_identification:_identify(src/pyrobosim/docs) by extension 'cmake'
[0.096s] Level 1:colcon.colcon_core.package_identification:_identify(src/pyrobosim/docs) by extension 'python'
[0.096s] Level 1:colcon.colcon_core.package_identification:_identify(src/pyrobosim/docs) by extensions ['python_setup_py']
[0.096s] Level 1:colcon.colcon_core.package_identification:_identify(src/pyrobosim/docs) by extension 'python_setup_py'
[0.096s] Level 1:colcon.colcon_core.package_identification:_identify(src/pyrobosim/docs/source) by extensions ['ignore', 'ignore_ament_install']
[0.096s] Level 1:colcon.colcon_core.package_identification:_identify(src/pyrobosim/docs/source) by extension 'ignore'
[0.096s] Level 1:colcon.colcon_core.package_identification:_identify(src/pyrobosim/docs/source) by extension 'ignore_ament_install'
[0.096s] Level 1:colcon.colcon_core.package_identification:_identify(src/pyrobosim/docs/source) by extensions ['colcon_pkg']
[0.096s] Level 1:colcon.colcon_core.package_identification:_identify(src/pyrobosim/docs/source) by extension 'colcon_pkg'
[0.096s] Level 1:colcon.colcon_core.package_identification:_identify(src/pyrobosim/docs/source) by extensions ['colcon_meta']
[0.096s] Level 1:colcon.colcon_core.package_identification:_identify(src/pyrobosim/docs/source) by extension 'colcon_meta'
[0.096s] Level 1:colcon.colcon_core.package_identification:_identify(src/pyrobosim/docs/source) by extensions ['ros']
[0.096s] Level 1:colcon.colcon_core.package_identification:_identify(src/pyrobosim/docs/source) by extension 'ros'
[0.096s] Level 1:colcon.colcon_core.package_identification:_identify(src/pyrobosim/docs/source) by extensions ['cmake', 'python']
[0.096s] Level 1:colcon.colcon_core.package_identification:_identify(src/pyrobosim/docs/source) by extension 'cmake'
[0.096s] Level 1:colcon.colcon_core.package_identification:_identify(src/pyrobosim/docs/source) by extension 'python'
[0.096s] Level 1:colcon.colcon_core.package_identification:_identify(src/pyrobosim/docs/source) by extensions ['python_setup_py']
[0.096s] Level 1:colcon.colcon_core.package_identification:_identify(src/pyrobosim/docs/source) by extension 'python_setup_py'
[0.096s] Level 1:colcon.colcon_core.package_identification:_identify(src/pyrobosim/docs/source/_templates) by extensions ['ignore', 'ignore_ament_install']
[0.096s] Level 1:colcon.colcon_core.package_identification:_identify(src/pyrobosim/docs/source/_templates) by extension 'ignore'
[0.096s] Level 1:colcon.colcon_core.package_identification:_identify(src/pyrobosim/docs/source/_templates) by extension 'ignore_ament_install'
[0.096s] Level 1:colcon.colcon_core.package_identification:_identify(src/pyrobosim/docs/source/_templates) by extensions ['colcon_pkg']
[0.097s] Level 1:colcon.colcon_core.package_identification:_identify(src/pyrobosim/docs/source/_templates) by extension 'colcon_pkg'
[0.097s] Level 1:colcon.colcon_core.package_identification:_identify(src/pyrobosim/docs/source/_templates) by extensions ['colcon_meta']
[0.097s] Level 1:colcon.colcon_core.package_identification:_identify(src/pyrobosim/docs/source/_templates) by extension 'colcon_meta'
[0.097s] Level 1:colcon.colcon_core.package_identification:_identify(src/pyrobosim/docs/source/_templates) by extensions ['ros']
[0.097s] Level 1:colcon.colcon_core.package_identification:_identify(src/pyrobosim/docs/source/_templates) by extension 'ros'
[0.097s] Level 1:colcon.colcon_core.package_identification:_identify(src/pyrobosim/docs/source/_templates) by extensions ['cmake', 'python']
[0.097s] Level 1:colcon.colcon_core.package_identification:_identify(src/pyrobosim/docs/source/_templates) by extension 'cmake'
[0.097s] Level 1:colcon.colcon_core.package_identification:_identify(src/pyrobosim/docs/source/_templates) by extension 'python'
[0.097s] Level 1:colcon.colcon_core.package_identification:_identify(src/pyrobosim/docs/source/_templates) by extensions ['python_setup_py']
[0.097s] Level 1:colcon.colcon_core.package_identification:_identify(src/pyrobosim/docs/source/_templates) by extension 'python_setup_py'
[0.097s] Level 1:colcon.colcon_core.package_identification:_identify(src/pyrobosim/docs/source/_templates/autosummary) by extensions ['ignore', 'ignore_ament_install']
[0.097s] Level 1:colcon.colcon_core.package_identification:_identify(src/pyrobosim/docs/source/_templates/autosummary) by extension 'ignore'
[0.097s] Level 1:colcon.colcon_core.package_identification:_identify(src/pyrobosim/docs/source/_templates/autosummary) by extension 'ignore_ament_install'
[0.097s] Level 1:colcon.colcon_core.package_identification:_identify(src/pyrobosim/docs/source/_templates/autosummary) by extensions ['colcon_pkg']
[0.097s] Level 1:colcon.colcon_core.package_identification:_identify(src/pyrobosim/docs/source/_templates/autosummary) by extension 'colcon_pkg'
[0.097s] Level 1:colcon.colcon_core.package_identification:_identify(src/pyrobosim/docs/source/_templates/autosummary) by extensions ['colcon_meta']
[0.097s] Level 1:colcon.colcon_core.package_identification:_identify(src/pyrobosim/docs/source/_templates/autosummary) by extension 'colcon_meta'
[0.097s] Level 1:colcon.colcon_core.package_identification:_identify(src/pyrobosim/docs/source/_templates/autosummary) by extensions ['ros']
[0.097s] Level 1:colcon.colcon_core.package_identification:_identify(src/pyrobosim/docs/source/_templates/autosummary) by extension 'ros'
[0.097s] Level 1:colcon.colcon_core.package_identification:_identify(src/pyrobosim/docs/source/_templates/autosummary) by extensions ['cmake', 'python']
[0.097s] Level 1:colcon.colcon_core.package_identification:_identify(src/pyrobosim/docs/source/_templates/autosummary) by extension 'cmake'
[0.097s] Level 1:colcon.colcon_core.package_identification:_identify(src/pyrobosim/docs/source/_templates/autosummary) by extension 'python'
[0.097s] Level 1:colcon.colcon_core.package_identification:_identify(src/pyrobosim/docs/source/_templates/autosummary) by extensions ['python_setup_py']
[0.097s] Level 1:colcon.colcon_core.package_identification:_identify(src/pyrobosim/docs/source/_templates/autosummary) by extension 'python_setup_py'
[0.097s] Level 1:colcon.colcon_core.package_identification:_identify(src/pyrobosim/docs/source/media) by extensions ['ignore', 'ignore_ament_install']
[0.097s] Level 1:colcon.colcon_core.package_identification:_identify(src/pyrobosim/docs/source/media) by extension 'ignore'
[0.097s] Level 1:colcon.colcon_core.package_identification:_identify(src/pyrobosim/docs/source/media) by extension 'ignore_ament_install'
[0.097s] Level 1:colcon.colcon_core.package_identification:_identify(src/pyrobosim/docs/source/media) by extensions ['colcon_pkg']
[0.097s] Level 1:colcon.colcon_core.package_identification:_identify(src/pyrobosim/docs/source/media) by extension 'colcon_pkg'
[0.097s] Level 1:colcon.colcon_core.package_identification:_identify(src/pyrobosim/docs/source/media) by extensions ['colcon_meta']
[0.097s] Level 1:colcon.colcon_core.package_identification:_identify(src/pyrobosim/docs/source/media) by extension 'colcon_meta'
[0.097s] Level 1:colcon.colcon_core.package_identification:_identify(src/pyrobosim/docs/source/media) by extensions ['ros']
[0.097s] Level 1:colcon.colcon_core.package_identification:_identify(src/pyrobosim/docs/source/media) by extension 'ros'
[0.097s] Level 1:colcon.colcon_core.package_identification:_identify(src/pyrobosim/docs/source/media) by extensions ['cmake', 'python']
[0.097s] Level 1:colcon.colcon_core.package_identification:_identify(src/pyrobosim/docs/source/media) by extension 'cmake'
[0.097s] Level 1:colcon.colcon_core.package_identification:_identify(src/pyrobosim/docs/source/media) by extension 'python'
[0.097s] Level 1:colcon.colcon_core.package_identification:_identify(src/pyrobosim/docs/source/media) by extensions ['python_setup_py']
[0.097s] Level 1:colcon.colcon_core.package_identification:_identify(src/pyrobosim/docs/source/media) by extension 'python_setup_py'
[0.097s] Level 1:colcon.colcon_core.package_identification:_identify(src/pyrobosim/docs/source/usage) by extensions ['ignore', 'ignore_ament_install']
[0.097s] Level 1:colcon.colcon_core.package_identification:_identify(src/pyrobosim/docs/source/usage) by extension 'ignore'
[0.097s] Level 1:colcon.colcon_core.package_identification:_identify(src/pyrobosim/docs/source/usage) by extension 'ignore_ament_install'
[0.097s] Level 1:colcon.colcon_core.package_identification:_identify(src/pyrobosim/docs/source/usage) by extensions ['colcon_pkg']
[0.097s] Level 1:colcon.colcon_core.package_identification:_identify(src/pyrobosim/docs/source/usage) by extension 'colcon_pkg'
[0.097s] Level 1:colcon.colcon_core.package_identification:_identify(src/pyrobosim/docs/source/usage) by extensions ['colcon_meta']
[0.097s] Level 1:colcon.colcon_core.package_identification:_identify(src/pyrobosim/docs/source/usage) by extension 'colcon_meta'
[0.097s] Level 1:colcon.colcon_core.package_identification:_identify(src/pyrobosim/docs/source/usage) by extensions ['ros']
[0.097s] Level 1:colcon.colcon_core.package_identification:_identify(src/pyrobosim/docs/source/usage) by extension 'ros'
[0.097s] Level 1:colcon.colcon_core.package_identification:_identify(src/pyrobosim/docs/source/usage) by extensions ['cmake', 'python']
[0.097s] Level 1:colcon.colcon_core.package_identification:_identify(src/pyrobosim/docs/source/usage) by extension 'cmake'
[0.097s] Level 1:colcon.colcon_core.package_identification:_identify(src/pyrobosim/docs/source/usage) by extension 'python'
[0.098s] Level 1:colcon.colcon_core.package_identification:_identify(src/pyrobosim/docs/source/usage) by extensions ['python_setup_py']
[0.098s] Level 1:colcon.colcon_core.package_identification:_identify(src/pyrobosim/docs/source/usage) by extension 'python_setup_py'
[0.098s] Level 1:colcon.colcon_core.package_identification:_identify(src/pyrobosim/docs/source/yaml) by extensions ['ignore', 'ignore_ament_install']
[0.098s] Level 1:colcon.colcon_core.package_identification:_identify(src/pyrobosim/docs/source/yaml) by extension 'ignore'
[0.098s] Level 1:colcon.colcon_core.package_identification:_identify(src/pyrobosim/docs/source/yaml) by extension 'ignore_ament_install'
[0.098s] Level 1:colcon.colcon_core.package_identification:_identify(src/pyrobosim/docs/source/yaml) by extensions ['colcon_pkg']
[0.098s] Level 1:colcon.colcon_core.package_identification:_identify(src/pyrobosim/docs/source/yaml) by extension 'colcon_pkg'
[0.098s] Level 1:colcon.colcon_core.package_identification:_identify(src/pyrobosim/docs/source/yaml) by extensions ['colcon_meta']
[0.098s] Level 1:colcon.colcon_core.package_identification:_identify(src/pyrobosim/docs/source/yaml) by extension 'colcon_meta'
[0.098s] Level 1:colcon.colcon_core.package_identification:_identify(src/pyrobosim/docs/source/yaml) by extensions ['ros']
[0.098s] Level 1:colcon.colcon_core.package_identification:_identify(src/pyrobosim/docs/source/yaml) by extension 'ros'
[0.098s] Level 1:colcon.colcon_core.package_identification:_identify(src/pyrobosim/docs/source/yaml) by extensions ['cmake', 'python']
[0.098s] Level 1:colcon.colcon_core.package_identification:_identify(src/pyrobosim/docs/source/yaml) by extension 'cmake'
[0.098s] Level 1:colcon.colcon_core.package_identification:_identify(src/pyrobosim/docs/source/yaml) by extension 'python'
[0.098s] Level 1:colcon.colcon_core.package_identification:_identify(src/pyrobosim/docs/source/yaml) by extensions ['python_setup_py']
[0.098s] Level 1:colcon.colcon_core.package_identification:_identify(src/pyrobosim/docs/source/yaml) by extension 'python_setup_py'
[0.098s] Level 1:colcon.colcon_core.package_identification:_identify(src/pyrobosim/pyrobosim) by extensions ['ignore', 'ignore_ament_install']
[0.098s] Level 1:colcon.colcon_core.package_identification:_identify(src/pyrobosim/pyrobosim) by extension 'ignore'
[0.098s] Level 1:colcon.colcon_core.package_identification:_identify(src/pyrobosim/pyrobosim) by extension 'ignore_ament_install'
[0.098s] Level 1:colcon.colcon_core.package_identification:_identify(src/pyrobosim/pyrobosim) by extensions ['colcon_pkg']
[0.098s] Level 1:colcon.colcon_core.package_identification:_identify(src/pyrobosim/pyrobosim) by extension 'colcon_pkg'
[0.098s] Level 1:colcon.colcon_core.package_identification:_identify(src/pyrobosim/pyrobosim) by extensions ['colcon_meta']
[0.098s] Level 1:colcon.colcon_core.package_identification:_identify(src/pyrobosim/pyrobosim) by extension 'colcon_meta'
[0.098s] Level 1:colcon.colcon_core.package_identification:_identify(src/pyrobosim/pyrobosim) by extensions ['ros']
[0.098s] Level 1:colcon.colcon_core.package_identification:_identify(src/pyrobosim/pyrobosim) by extension 'ros'
[0.098s] Level 1:colcon.colcon_core.package_identification:_identify(src/pyrobosim/pyrobosim) by extensions ['cmake', 'python']
[0.098s] Level 1:colcon.colcon_core.package_identification:_identify(src/pyrobosim/pyrobosim) by extension 'cmake'
[0.098s] Level 1:colcon.colcon_core.package_identification:_identify(src/pyrobosim/pyrobosim) by extension 'python'
[0.098s] Level 1:colcon.colcon_core.package_identification:_identify(src/pyrobosim/pyrobosim) by extensions ['python_setup_py']
[0.098s] Level 1:colcon.colcon_core.package_identification:_identify(src/pyrobosim/pyrobosim) by extension 'python_setup_py'
[0.187s] DEBUG:colcon.colcon_core.package_identification:Package 'src/pyrobosim/pyrobosim' with type 'python' and name 'pyrobosim'
[0.187s] Level 1:colcon.colcon_core.package_identification:_identify(src/pyrobosim/pyrobosim_msgs) by extensions ['ignore', 'ignore_ament_install']
[0.187s] Level 1:colcon.colcon_core.package_identification:_identify(src/pyrobosim/pyrobosim_msgs) by extension 'ignore'
[0.187s] Level 1:colcon.colcon_core.package_identification:_identify(src/pyrobosim/pyrobosim_msgs) by extension 'ignore_ament_install'
[0.187s] Level 1:colcon.colcon_core.package_identification:_identify(src/pyrobosim/pyrobosim_msgs) by extensions ['colcon_pkg']
[0.187s] Level 1:colcon.colcon_core.package_identification:_identify(src/pyrobosim/pyrobosim_msgs) by extension 'colcon_pkg'
[0.187s] Level 1:colcon.colcon_core.package_identification:_identify(src/pyrobosim/pyrobosim_msgs) by extensions ['colcon_meta']
[0.187s] Level 1:colcon.colcon_core.package_identification:_identify(src/pyrobosim/pyrobosim_msgs) by extension 'colcon_meta'
[0.187s] Level 1:colcon.colcon_core.package_identification:_identify(src/pyrobosim/pyrobosim_msgs) by extensions ['ros']
[0.187s] Level 1:colcon.colcon_core.package_identification:_identify(src/pyrobosim/pyrobosim_msgs) by extension 'ros'
[0.188s] DEBUG:colcon.colcon_core.package_identification:Package 'src/pyrobosim/pyrobosim_msgs' with type 'ros.ament_cmake' and name 'pyrobosim_msgs'
[0.188s] Level 1:colcon.colcon_core.package_identification:_identify(src/pyrobosim/pyrobosim_ros) by extensions ['ignore', 'ignore_ament_install']
[0.188s] Level 1:colcon.colcon_core.package_identification:_identify(src/pyrobosim/pyrobosim_ros) by extension 'ignore'
[0.188s] Level 1:colcon.colcon_core.package_identification:_identify(src/pyrobosim/pyrobosim_ros) by extension 'ignore_ament_install'
[0.188s] Level 1:colcon.colcon_core.package_identification:_identify(src/pyrobosim/pyrobosim_ros) by extensions ['colcon_pkg']
[0.188s] Level 1:colcon.colcon_core.package_identification:_identify(src/pyrobosim/pyrobosim_ros) by extension 'colcon_pkg'
[0.188s] Level 1:colcon.colcon_core.package_identification:_identify(src/pyrobosim/pyrobosim_ros) by extensions ['colcon_meta']
[0.188s] Level 1:colcon.colcon_core.package_identification:_identify(src/pyrobosim/pyrobosim_ros) by extension 'colcon_meta'
[0.188s] Level 1:colcon.colcon_core.package_identification:_identify(src/pyrobosim/pyrobosim_ros) by extensions ['ros']
[0.188s] Level 1:colcon.colcon_core.package_identification:_identify(src/pyrobosim/pyrobosim_ros) by extension 'ros'
[0.188s] DEBUG:colcon.colcon_core.package_identification:Package 'src/pyrobosim/pyrobosim_ros' with type 'ros.ament_cmake' and name 'pyrobosim_ros'
[0.188s] Level 1:colcon.colcon_core.package_identification:_identify(src/pyrobosim/setup) by extensions ['ignore', 'ignore_ament_install']
[0.188s] Level 1:colcon.colcon_core.package_identification:_identify(src/pyrobosim/setup) by extension 'ignore'
[0.188s] Level 1:colcon.colcon_core.package_identification:_identify(src/pyrobosim/setup) by extension 'ignore_ament_install'
[0.188s] Level 1:colcon.colcon_core.package_identification:_identify(src/pyrobosim/setup) by extensions ['colcon_pkg']
[0.188s] Level 1:colcon.colcon_core.package_identification:_identify(src/pyrobosim/setup) by extension 'colcon_pkg'
[0.188s] Level 1:colcon.colcon_core.package_identification:_identify(src/pyrobosim/setup) by extensions ['colcon_meta']
[0.188s] Level 1:colcon.colcon_core.package_identification:_identify(src/pyrobosim/setup) by extension 'colcon_meta'
[0.188s] Level 1:colcon.colcon_core.package_identification:_identify(src/pyrobosim/setup) by extensions ['ros']
[0.188s] Level 1:colcon.colcon_core.package_identification:_identify(src/pyrobosim/setup) by extension 'ros'
[0.188s] Level 1:colcon.colcon_core.package_identification:_identify(src/pyrobosim/setup) by extensions ['cmake', 'python']
[0.188s] Level 1:colcon.colcon_core.package_identification:_identify(src/pyrobosim/setup) by extension 'cmake'
[0.188s] Level 1:colcon.colcon_core.package_identification:_identify(src/pyrobosim/setup) by extension 'python'
[0.189s] Level 1:colcon.colcon_core.package_identification:_identify(src/pyrobosim/setup) by extensions ['python_setup_py']
[0.189s] Level 1:colcon.colcon_core.package_identification:_identify(src/pyrobosim/setup) by extension 'python_setup_py'
[0.189s] Level 1:colcon.colcon_core.package_identification:_identify(src/pyrobosim/test) by extensions ['ignore', 'ignore_ament_install']
[0.189s] Level 1:colcon.colcon_core.package_identification:_identify(src/pyrobosim/test) by extension 'ignore'
[0.189s] Level 1:colcon.colcon_core.package_identification:_identify(src/pyrobosim/test) by extension 'ignore_ament_install'
[0.189s] Level 1:colcon.colcon_core.package_identification:_identify(src/pyrobosim/test) by extensions ['colcon_pkg']
[0.189s] Level 1:colcon.colcon_core.package_identification:_identify(src/pyrobosim/test) by extension 'colcon_pkg'
[0.189s] Level 1:colcon.colcon_core.package_identification:_identify(src/pyrobosim/test) by extensions ['colcon_meta']
[0.189s] Level 1:colcon.colcon_core.package_identification:_identify(src/pyrobosim/test) by extension 'colcon_meta'
[0.189s] Level 1:colcon.colcon_core.package_identification:_identify(src/pyrobosim/test) by extensions ['ros']
[0.189s] Level 1:colcon.colcon_core.package_identification:_identify(src/pyrobosim/test) by extension 'ros'
[0.189s] Level 1:colcon.colcon_core.package_identification:_identify(src/pyrobosim/test) by extensions ['cmake', 'python']
[0.189s] Level 1:colcon.colcon_core.package_identification:_identify(src/pyrobosim/test) by extension 'cmake'
[0.189s] Level 1:colcon.colcon_core.package_identification:_identify(src/pyrobosim/test) by extension 'python'
[0.189s] Level 1:colcon.colcon_core.package_identification:_identify(src/pyrobosim/test) by extensions ['python_setup_py']
[0.189s] Level 1:colcon.colcon_core.package_identification:_identify(src/pyrobosim/test) by extension 'python_setup_py'
[0.189s] Level 1:colcon.colcon_core.package_identification:_identify(src/roaml) by extensions ['ignore', 'ignore_ament_install']
[0.189s] Level 1:colcon.colcon_core.package_identification:_identify(src/roaml) by extension 'ignore'
[0.189s] Level 1:colcon.colcon_core.package_identification:_identify(src/roaml) by extension 'ignore_ament_install'
[0.189s] Level 1:colcon.colcon_core.package_identification:_identify(src/roaml) by extensions ['colcon_pkg']
[0.189s] Level 1:colcon.colcon_core.package_identification:_identify(src/roaml) by extension 'colcon_pkg'
[0.189s] Level 1:colcon.colcon_core.package_identification:_identify(src/roaml) by extensions ['colcon_meta']
[0.189s] Level 1:colcon.colcon_core.package_identification:_identify(src/roaml) by extension 'colcon_meta'
[0.189s] Level 1:colcon.colcon_core.package_identification:_identify(src/roaml) by extensions ['ros']
[0.189s] Level 1:colcon.colcon_core.package_identification:_identify(src/roaml) by extension 'ros'
[0.189s] Level 1:colcon.colcon_core.package_identification:_identify(src/roaml) by extensions ['cmake', 'python']
[0.189s] Level 1:colcon.colcon_core.package_identification:_identify(src/roaml) by extension 'cmake'
[0.189s] Level 1:colcon.colcon_core.package_identification:_identify(src/roaml) by extension 'python'
[0.189s] Level 1:colcon.colcon_core.package_identification:_identify(src/roaml) by extensions ['python_setup_py']
[0.189s] Level 1:colcon.colcon_core.package_identification:_identify(src/roaml) by extension 'python_setup_py'
[0.189s] Level 1:colcon.colcon_core.package_identification:_identify(src/roaml/bt_plugins) by extensions ['ignore', 'ignore_ament_install']
[0.189s] Level 1:colcon.colcon_core.package_identification:_identify(src/roaml/bt_plugins) by extension 'ignore'
[0.189s] Level 1:colcon.colcon_core.package_identification:_identify(src/roaml/bt_plugins) by extension 'ignore_ament_install'
[0.189s] Level 1:colcon.colcon_core.package_identification:_identify(src/roaml/bt_plugins) by extensions ['colcon_pkg']
[0.189s] Level 1:colcon.colcon_core.package_identification:_identify(src/roaml/bt_plugins) by extension 'colcon_pkg'
[0.189s] Level 1:colcon.colcon_core.package_identification:_identify(src/roaml/bt_plugins) by extensions ['colcon_meta']
[0.189s] Level 1:colcon.colcon_core.package_identification:_identify(src/roaml/bt_plugins) by extension 'colcon_meta'
[0.189s] Level 1:colcon.colcon_core.package_identification:_identify(src/roaml/bt_plugins) by extensions ['ros']
[0.189s] Level 1:colcon.colcon_core.package_identification:_identify(src/roaml/bt_plugins) by extension 'ros'
[0.189s] Level 1:colcon.colcon_core.package_identification:_identify(src/roaml/bt_plugins) by extensions ['cmake', 'python']
[0.189s] Level 1:colcon.colcon_core.package_identification:_identify(src/roaml/bt_plugins) by extension 'cmake'
[0.189s] Level 1:colcon.colcon_core.package_identification:_identify(src/roaml/bt_plugins) by extension 'python'
[0.189s] Level 1:colcon.colcon_core.package_identification:_identify(src/roaml/bt_plugins) by extensions ['python_setup_py']
[0.189s] Level 1:colcon.colcon_core.package_identification:_identify(src/roaml/bt_plugins) by extension 'python_setup_py'
[0.189s] Level 1:colcon.colcon_core.package_identification:_identify(src/roaml/data_types) by extensions ['ignore', 'ignore_ament_install']
[0.189s] Level 1:colcon.colcon_core.package_identification:_identify(src/roaml/data_types) by extension 'ignore'
[0.189s] Level 1:colcon.colcon_core.package_identification:_identify(src/roaml/data_types) by extension 'ignore_ament_install'
[0.189s] Level 1:colcon.colcon_core.package_identification:_identify(src/roaml/data_types) by extensions ['colcon_pkg']
[0.190s] Level 1:colcon.colcon_core.package_identification:_identify(src/roaml/data_types) by extension 'colcon_pkg'
[0.190s] Level 1:colcon.colcon_core.package_identification:_identify(src/roaml/data_types) by extensions ['colcon_meta']
[0.190s] Level 1:colcon.colcon_core.package_identification:_identify(src/roaml/data_types) by extension 'colcon_meta'
[0.190s] Level 1:colcon.colcon_core.package_identification:_identify(src/roaml/data_types) by extensions ['ros']
[0.190s] Level 1:colcon.colcon_core.package_identification:_identify(src/roaml/data_types) by extension 'ros'
[0.190s] Level 1:colcon.colcon_core.package_identification:_identify(src/roaml/data_types) by extensions ['cmake', 'python']
[0.190s] Level 1:colcon.colcon_core.package_identification:_identify(src/roaml/data_types) by extension 'cmake'
[0.190s] Level 1:colcon.colcon_core.package_identification:_identify(src/roaml/data_types) by extension 'python'
[0.190s] Level 1:colcon.colcon_core.package_identification:_identify(src/roaml/data_types) by extensions ['python_setup_py']
[0.190s] Level 1:colcon.colcon_core.package_identification:_identify(src/roaml/data_types) by extension 'python_setup_py'
[0.190s] Level 1:colcon.colcon_core.package_identification:_identify(src/roaml/environment) by extensions ['ignore', 'ignore_ament_install']
[0.190s] Level 1:colcon.colcon_core.package_identification:_identify(src/roaml/environment) by extension 'ignore'
[0.190s] Level 1:colcon.colcon_core.package_identification:_identify(src/roaml/environment) by extension 'ignore_ament_install'
[0.190s] Level 1:colcon.colcon_core.package_identification:_identify(src/roaml/environment) by extensions ['colcon_pkg']
[0.190s] Level 1:colcon.colcon_core.package_identification:_identify(src/roaml/environment) by extension 'colcon_pkg'
[0.190s] Level 1:colcon.colcon_core.package_identification:_identify(src/roaml/environment) by extensions ['colcon_meta']
[0.190s] Level 1:colcon.colcon_core.package_identification:_identify(src/roaml/environment) by extension 'colcon_meta'
[0.190s] Level 1:colcon.colcon_core.package_identification:_identify(src/roaml/environment) by extensions ['ros']
[0.190s] Level 1:colcon.colcon_core.package_identification:_identify(src/roaml/environment) by extension 'ros'
[0.190s] Level 1:colcon.colcon_core.package_identification:_identify(src/roaml/environment) by extensions ['cmake', 'python']
[0.190s] Level 1:colcon.colcon_core.package_identification:_identify(src/roaml/environment) by extension 'cmake'
[0.190s] Level 1:colcon.colcon_core.package_identification:_identify(src/roaml/environment) by extension 'python'
[0.190s] Level 1:colcon.colcon_core.package_identification:_identify(src/roaml/environment) by extensions ['python_setup_py']
[0.190s] Level 1:colcon.colcon_core.package_identification:_identify(src/roaml/environment) by extension 'python_setup_py'
[0.190s] Level 1:colcon.colcon_core.package_identification:_identify(src/roaml/policy) by extensions ['ignore', 'ignore_ament_install']
[0.190s] Level 1:colcon.colcon_core.package_identification:_identify(src/roaml/policy) by extension 'ignore'
[0.190s] Level 1:colcon.colcon_core.package_identification:_identify(src/roaml/policy) by extension 'ignore_ament_install'
[0.190s] Level 1:colcon.colcon_core.package_identification:_identify(src/roaml/policy) by extensions ['colcon_pkg']
[0.190s] Level 1:colcon.colcon_core.package_identification:_identify(src/roaml/policy) by extension 'colcon_pkg'
[0.190s] Level 1:colcon.colcon_core.package_identification:_identify(src/roaml/policy) by extensions ['colcon_meta']
[0.190s] Level 1:colcon.colcon_core.package_identification:_identify(src/roaml/policy) by extension 'colcon_meta'
[0.190s] Level 1:colcon.colcon_core.package_identification:_identify(src/roaml/policy) by extensions ['ros']
[0.190s] Level 1:colcon.colcon_core.package_identification:_identify(src/roaml/policy) by extension 'ros'
[0.190s] Level 1:colcon.colcon_core.package_identification:_identify(src/roaml/policy) by extensions ['cmake', 'python']
[0.190s] Level 1:colcon.colcon_core.package_identification:_identify(src/roaml/policy) by extension 'cmake'
[0.190s] Level 1:colcon.colcon_core.package_identification:_identify(src/roaml/policy) by extension 'python'
[0.190s] Level 1:colcon.colcon_core.package_identification:_identify(src/roaml/policy) by extensions ['python_setup_py']
[0.190s] Level 1:colcon.colcon_core.package_identification:_identify(src/roaml/policy) by extension 'python_setup_py'
[0.190s] Level 1:colcon.colcon_core.package_identification:_identify(src/roaml/properties) by extensions ['ignore', 'ignore_ament_install']
[0.190s] Level 1:colcon.colcon_core.package_identification:_identify(src/roaml/properties) by extension 'ignore'
[0.190s] Level 1:colcon.colcon_core.package_identification:_identify(src/roaml/properties) by extension 'ignore_ament_install'
[0.190s] Level 1:colcon.colcon_core.package_identification:_identify(src/roaml/properties) by extensions ['colcon_pkg']
[0.190s] Level 1:colcon.colcon_core.package_identification:_identify(src/roaml/properties) by extension 'colcon_pkg'
[0.190s] Level 1:colcon.colcon_core.package_identification:_identify(src/roaml/properties) by extensions ['colcon_meta']
[0.190s] Level 1:colcon.colcon_core.package_identification:_identify(src/roaml/properties) by extension 'colcon_meta'
[0.190s] Level 1:colcon.colcon_core.package_identification:_identify(src/roaml/properties) by extensions ['ros']
[0.190s] Level 1:colcon.colcon_core.package_identification:_identify(src/roaml/properties) by extension 'ros'
[0.190s] Level 1:colcon.colcon_core.package_identification:_identify(src/roaml/properties) by extensions ['cmake', 'python']
[0.190s] Level 1:colcon.colcon_core.package_identification:_identify(src/roaml/properties) by extension 'cmake'
[0.190s] Level 1:colcon.colcon_core.package_identification:_identify(src/roaml/properties) by extension 'python'
[0.190s] Level 1:colcon.colcon_core.package_identification:_identify(src/roaml/properties) by extensions ['python_setup_py']
[0.190s] Level 1:colcon.colcon_core.package_identification:_identify(src/roaml/properties) by extension 'python_setup_py'
[0.190s] Level 1:colcon.colcon_core.package_identification:_identify(src/roaml/skills) by extensions ['ignore', 'ignore_ament_install']
[0.190s] Level 1:colcon.colcon_core.package_identification:_identify(src/roaml/skills) by extension 'ignore'
[0.190s] Level 1:colcon.colcon_core.package_identification:_identify(src/roaml/skills) by extension 'ignore_ament_install'
[0.190s] Level 1:colcon.colcon_core.package_identification:_identify(src/roaml/skills) by extensions ['colcon_pkg']
[0.191s] Level 1:colcon.colcon_core.package_identification:_identify(src/roaml/skills) by extension 'colcon_pkg'
[0.191s] Level 1:colcon.colcon_core.package_identification:_identify(src/roaml/skills) by extensions ['colcon_meta']
[0.191s] Level 1:colcon.colcon_core.package_identification:_identify(src/roaml/skills) by extension 'colcon_meta'
[0.191s] Level 1:colcon.colcon_core.package_identification:_identify(src/roaml/skills) by extensions ['ros']
[0.191s] Level 1:colcon.colcon_core.package_identification:_identify(src/roaml/skills) by extension 'ros'
[0.191s] Level 1:colcon.colcon_core.package_identification:_identify(src/roaml/skills) by extensions ['cmake', 'python']
[0.191s] Level 1:colcon.colcon_core.package_identification:_identify(src/roaml/skills) by extension 'cmake'
[0.191s] Level 1:colcon.colcon_core.package_identification:_identify(src/roaml/skills) by extension 'python'
[0.191s] Level 1:colcon.colcon_core.package_identification:_identify(src/roaml/skills) by extensions ['python_setup_py']
[0.191s] Level 1:colcon.colcon_core.package_identification:_identify(src/roaml/skills) by extension 'python_setup_py'
[0.191s] Level 1:colcon.colcon_core.package_identification:_identify(src/ros_interfaces) by extensions ['ignore', 'ignore_ament_install']
[0.191s] Level 1:colcon.colcon_core.package_identification:_identify(src/ros_interfaces) by extension 'ignore'
[0.191s] Level 1:colcon.colcon_core.package_identification:_identify(src/ros_interfaces) by extension 'ignore_ament_install'
[0.191s] Level 1:colcon.colcon_core.package_identification:_identify(src/ros_interfaces) by extensions ['colcon_pkg']
[0.191s] Level 1:colcon.colcon_core.package_identification:_identify(src/ros_interfaces) by extension 'colcon_pkg'
[0.191s] Level 1:colcon.colcon_core.package_identification:_identify(src/ros_interfaces) by extensions ['colcon_meta']
[0.191s] Level 1:colcon.colcon_core.package_identification:_identify(src/ros_interfaces) by extension 'colcon_meta'
[0.191s] Level 1:colcon.colcon_core.package_identification:_identify(src/ros_interfaces) by extensions ['ros']
[0.191s] Level 1:colcon.colcon_core.package_identification:_identify(src/ros_interfaces) by extension 'ros'
[0.191s] Level 1:colcon.colcon_core.package_identification:_identify(src/ros_interfaces) by extensions ['cmake', 'python']
[0.191s] Level 1:colcon.colcon_core.package_identification:_identify(src/ros_interfaces) by extension 'cmake'
[0.191s] Level 1:colcon.colcon_core.package_identification:_identify(src/ros_interfaces) by extension 'python'
[0.191s] Level 1:colcon.colcon_core.package_identification:_identify(src/ros_interfaces) by extensions ['python_setup_py']
[0.191s] Level 1:colcon.colcon_core.package_identification:_identify(src/ros_interfaces) by extension 'python_setup_py'
[0.191s] Level 1:colcon.colcon_core.package_identification:_identify(src/ros_interfaces/src) by extensions ['ignore', 'ignore_ament_install']
[0.191s] Level 1:colcon.colcon_core.package_identification:_identify(src/ros_interfaces/src) by extension 'ignore'
[0.191s] Level 1:colcon.colcon_core.package_identification:_identify(src/ros_interfaces/src) by extension 'ignore_ament_install'
[0.191s] Level 1:colcon.colcon_core.package_identification:_identify(src/ros_interfaces/src) by extensions ['colcon_pkg']
[0.191s] Level 1:colcon.colcon_core.package_identification:_identify(src/ros_interfaces/src) by extension 'colcon_pkg'
[0.191s] Level 1:colcon.colcon_core.package_identification:_identify(src/ros_interfaces/src) by extensions ['colcon_meta']
[0.191s] Level 1:colcon.colcon_core.package_identification:_identify(src/ros_interfaces/src) by extension 'colcon_meta'
[0.191s] Level 1:colcon.colcon_core.package_identification:_identify(src/ros_interfaces/src) by extensions ['ros']
[0.191s] Level 1:colcon.colcon_core.package_identification:_identify(src/ros_interfaces/src) by extension 'ros'
[0.191s] Level 1:colcon.colcon_core.package_identification:_identify(src/ros_interfaces/src) by extensions ['cmake', 'python']
[0.191s] Level 1:colcon.colcon_core.package_identification:_identify(src/ros_interfaces/src) by extension 'cmake'
[0.191s] Level 1:colcon.colcon_core.package_identification:_identify(src/ros_interfaces/src) by extension 'python'
[0.191s] Level 1:colcon.colcon_core.package_identification:_identify(src/ros_interfaces/src) by extensions ['python_setup_py']
[0.191s] Level 1:colcon.colcon_core.package_identification:_identify(src/ros_interfaces/src) by extension 'python_setup_py'
[0.191s] Level 1:colcon.colcon_core.package_identification:_identify(src/ros_interfaces/src/bt_interfaces_dummy) by extensions ['ignore', 'ignore_ament_install']
[0.191s] Level 1:colcon.colcon_core.package_identification:_identify(src/ros_interfaces/src/bt_interfaces_dummy) by extension 'ignore'
[0.191s] Level 1:colcon.colcon_core.package_identification:_identify(src/ros_interfaces/src/bt_interfaces_dummy) by extension 'ignore_ament_install'
[0.191s] Level 1:colcon.colcon_core.package_identification:_identify(src/ros_interfaces/src/bt_interfaces_dummy) by extensions ['colcon_pkg']
[0.191s] Level 1:colcon.colcon_core.package_identification:_identify(src/ros_interfaces/src/bt_interfaces_dummy) by extension 'colcon_pkg'
[0.191s] Level 1:colcon.colcon_core.package_identification:_identify(src/ros_interfaces/src/bt_interfaces_dummy) by extensions ['colcon_meta']
[0.191s] Level 1:colcon.colcon_core.package_identification:_identify(src/ros_interfaces/src/bt_interfaces_dummy) by extension 'colcon_meta'
[0.191s] Level 1:colcon.colcon_core.package_identification:_identify(src/ros_interfaces/src/bt_interfaces_dummy) by extensions ['ros']
[0.191s] Level 1:colcon.colcon_core.package_identification:_identify(src/ros_interfaces/src/bt_interfaces_dummy) by extension 'ros'
[0.192s] DEBUG:colcon.colcon_core.package_identification:Package 'src/ros_interfaces/src/bt_interfaces_dummy' with type 'ros.ament_cmake' and name 'bt_interfaces_dummy'
[0.192s] Level 1:colcon.colcon_core.package_identification:_identify(src/ros_interfaces/src/overarching_msgs) by extensions ['ignore', 'ignore_ament_install']
[0.192s] Level 1:colcon.colcon_core.package_identification:_identify(src/ros_interfaces/src/overarching_msgs) by extension 'ignore'
[0.192s] Level 1:colcon.colcon_core.package_identification:_identify(src/ros_interfaces/src/overarching_msgs) by extension 'ignore_ament_install'
[0.192s] Level 1:colcon.colcon_core.package_identification:_identify(src/ros_interfaces/src/overarching_msgs) by extensions ['colcon_pkg']
[0.192s] Level 1:colcon.colcon_core.package_identification:_identify(src/ros_interfaces/src/overarching_msgs) by extension 'colcon_pkg'
[0.192s] Level 1:colcon.colcon_core.package_identification:_identify(src/ros_interfaces/src/overarching_msgs) by extensions ['colcon_meta']
[0.192s] Level 1:colcon.colcon_core.package_identification:_identify(src/ros_interfaces/src/overarching_msgs) by extension 'colcon_meta'
[0.192s] Level 1:colcon.colcon_core.package_identification:_identify(src/ros_interfaces/src/overarching_msgs) by extensions ['ros']
[0.192s] Level 1:colcon.colcon_core.package_identification:_identify(src/ros_interfaces/src/overarching_msgs) by extension 'ros'
[0.192s] DEBUG:colcon.colcon_core.package_identification:Package 'src/ros_interfaces/src/overarching_msgs' with type 'ros.ament_cmake' and name 'overarching_msgs'
[0.192s] Level 1:colcon.colcon_core.package_identification:_identify(src/tutorial_sim) by extensions ['ignore', 'ignore_ament_install']
[0.192s] Level 1:colcon.colcon_core.package_identification:_identify(src/tutorial_sim) by extension 'ignore'
[0.192s] Level 1:colcon.colcon_core.package_identification:_identify(src/tutorial_sim) by extension 'ignore_ament_install'
[0.192s] Level 1:colcon.colcon_core.package_identification:_identify(src/tutorial_sim) by extensions ['colcon_pkg']
[0.192s] Level 1:colcon.colcon_core.package_identification:_identify(src/tutorial_sim) by extension 'colcon_pkg'
[0.192s] Level 1:colcon.colcon_core.package_identification:_identify(src/tutorial_sim) by extensions ['colcon_meta']
[0.192s] Level 1:colcon.colcon_core.package_identification:_identify(src/tutorial_sim) by extension 'colcon_meta'
[0.192s] Level 1:colcon.colcon_core.package_identification:_identify(src/tutorial_sim) by extensions ['ros']
[0.192s] Level 1:colcon.colcon_core.package_identification:_identify(src/tutorial_sim) by extension 'ros'
[0.192s] DEBUG:colcon.colcon_core.package_identification:Package 'src/tutorial_sim' with type 'ros.ament_python' and name 'tutorial_sim'
[0.192s] Level 1:colcon.colcon_core.package_discovery:discover_packages(recursive) using defaults
[0.192s] Level 1:colcon.colcon_core.package_discovery:discover_packages(ignore) discover
[0.192s] Level 1:colcon.colcon_core.package_discovery:discover_packages(ignore) using defaults
[0.192s] Level 1:colcon.colcon_core.package_discovery:discover_packages(path) discover
[0.192s] Level 1:colcon.colcon_core.package_discovery:discover_packages(path) using defaults
[0.203s] Level 5:colcon.colcon_core.verb:set package 'behaviortree_cpp_v3' build argument 'cmake_args' from command line to '['-DCMAKE_EXPORT_COMPILE_COMMANDS=ON', '--no-warn-unused-cli']'
[0.203s] Level 5:colcon.colcon_core.verb:set package 'behaviortree_cpp_v3' build argument 'cmake_target' from command line to 'None'
[0.203s] Level 5:colcon.colcon_core.verb:set package 'behaviortree_cpp_v3' build argument 'cmake_target_skip_unavailable' from command line to 'False'
[0.203s] Level 5:colcon.colcon_core.verb:set package 'behaviortree_cpp_v3' build argument 'cmake_clean_cache' from command line to 'False'
[0.203s] Level 5:colcon.colcon_core.verb:set package 'behaviortree_cpp_v3' build argument 'cmake_clean_first' from command line to 'False'
[0.203s] Level 5:colcon.colcon_core.verb:set package 'behaviortree_cpp_v3' build argument 'cmake_force_configure' from command line to 'False'
[0.203s] Level 5:colcon.colcon_core.verb:set package 'behaviortree_cpp_v3' build argument 'ament_cmake_args' from command line to 'None'
[0.203s] Level 5:colcon.colcon_core.verb:set package 'behaviortree_cpp_v3' build argument 'catkin_cmake_args' from command line to 'None'
[0.203s] Level 5:colcon.colcon_core.verb:set package 'behaviortree_cpp_v3' build argument 'catkin_skip_building_tests' from command line to 'False'
[0.203s] DEBUG:colcon.colcon_core.verb:Building package 'behaviortree_cpp_v3' with the following arguments: {'ament_cmake_args': None, 'build_base': '/convince_ws/build/behaviortree_cpp_v3', 'catkin_cmake_args': None, 'catkin_skip_building_tests': False, 'cmake_args': ['-DCMAKE_EXPORT_COMPILE_COMMANDS=ON', '--no-warn-unused-cli'], 'cmake_clean_cache': False, 'cmake_clean_first': False, 'cmake_force_configure': False, 'cmake_target': None, 'cmake_target_skip_unavailable': False, 'install_base': '/convince_ws/install/behaviortree_cpp_v3', 'merge_install': False, 'path': '/convince_ws/BehaviorTree.CPP', 'symlink_install': True, 'test_result_base': None}
[0.203s] Level 5:colcon.colcon_core.verb:set package 'bt_interfaces_dummy' build argument 'cmake_args' from command line to '['-DCMAKE_EXPORT_COMPILE_COMMANDS=ON', '--no-warn-unused-cli']'
[0.203s] Level 5:colcon.colcon_core.verb:set package 'bt_interfaces_dummy' build argument 'cmake_target' from command line to 'None'
[0.203s] Level 5:colcon.colcon_core.verb:set package 'bt_interfaces_dummy' build argument 'cmake_target_skip_unavailable' from command line to 'False'
[0.203s] Level 5:colcon.colcon_core.verb:set package 'bt_interfaces_dummy' build argument 'cmake_clean_cache' from command line to 'False'
[0.203s] Level 5:colcon.colcon_core.verb:set package 'bt_interfaces_dummy' build argument 'cmake_clean_first' from command line to 'False'
[0.203s] Level 5:colcon.colcon_core.verb:set package 'bt_interfaces_dummy' build argument 'cmake_force_configure' from command line to 'False'
[0.203s] Level 5:colcon.colcon_core.verb:set package 'bt_interfaces_dummy' build argument 'ament_cmake_args' from command line to 'None'
[0.203s] Level 5:colcon.colcon_core.verb:set package 'bt_interfaces_dummy' build argument 'catkin_cmake_args' from command line to 'None'
[0.203s] Level 5:colcon.colcon_core.verb:set package 'bt_interfaces_dummy' build argument 'catkin_skip_building_tests' from command line to 'False'
[0.203s] DEBUG:colcon.colcon_core.verb:Building package 'bt_interfaces_dummy' with the following arguments: {'ament_cmake_args': None, 'build_base': '/convince_ws/build/bt_interfaces_dummy', 'catkin_cmake_args': None, 'catkin_skip_building_tests': False, 'cmake_args': ['-DCMAKE_EXPORT_COMPILE_COMMANDS=ON', '--no-warn-unused-cli'], 'cmake_clean_cache': False, 'cmake_clean_first': False, 'cmake_force_configure': False, 'cmake_target': None, 'cmake_target_skip_unavailable': False, 'install_base': '/convince_ws/install/bt_interfaces_dummy', 'merge_install': False, 'path': '/convince_ws/src/ros_interfaces/src/bt_interfaces_dummy', 'symlink_install': True, 'test_result_base': None}
[0.203s] Level 5:colcon.colcon_core.verb:set package 'btcpp_ros2_interfaces' build argument 'cmake_args' from command line to '['-DCMAKE_EXPORT_COMPILE_COMMANDS=ON', '--no-warn-unused-cli']'
[0.204s] Level 5:colcon.colcon_core.verb:set package 'btcpp_ros2_interfaces' build argument 'cmake_target' from command line to 'None'
[0.204s] Level 5:colcon.colcon_core.verb:set package 'btcpp_ros2_interfaces' build argument 'cmake_target_skip_unavailable' from command line to 'False'
[0.204s] Level 5:colcon.colcon_core.verb:set package 'btcpp_ros2_interfaces' build argument 'cmake_clean_cache' from command line to 'False'
[0.204s] Level 5:colcon.colcon_core.verb:set package 'btcpp_ros2_interfaces' build argument 'cmake_clean_first' from command line to 'False'
[0.204s] Level 5:colcon.colcon_core.verb:set package 'btcpp_ros2_interfaces' build argument 'cmake_force_configure' from command line to 'False'
[0.204s] Level 5:colcon.colcon_core.verb:set package 'btcpp_ros2_interfaces' build argument 'ament_cmake_args' from command line to 'None'
[0.204s] Level 5:colcon.colcon_core.verb:set package 'btcpp_ros2_interfaces' build argument 'catkin_cmake_args' from command line to 'None'
[0.204s] Level 5:colcon.colcon_core.verb:set package 'btcpp_ros2_interfaces' build argument 'catkin_skip_building_tests' from command line to 'False'
[0.204s] DEBUG:colcon.colcon_core.verb:Building package 'btcpp_ros2_interfaces' with the following arguments: {'ament_cmake_args': None, 'build_base': '/convince_ws/build/btcpp_ros2_interfaces', 'catkin_cmake_args': None, 'catkin_skip_building_tests': False, 'cmake_args': ['-DCMAKE_EXPORT_COMPILE_COMMANDS=ON', '--no-warn-unused-cli'], 'cmake_clean_cache': False, 'cmake_clean_first': False, 'cmake_force_configure': False, 'cmake_target': None, 'cmake_target_skip_unavailable': False, 'install_base': '/convince_ws/install/btcpp_ros2_interfaces', 'merge_install': False, 'path': '/convince_ws/src/behaviortree_ros2/btcpp_ros2_interfaces', 'symlink_install': True, 'test_result_base': None}
[0.204s] Level 5:colcon.colcon_core.verb:set package 'overarching_msgs' build argument 'cmake_args' from command line to '['-DCMAKE_EXPORT_COMPILE_COMMANDS=ON', '--no-warn-unused-cli']'
[0.204s] Level 5:colcon.colcon_core.verb:set package 'overarching_msgs' build argument 'cmake_target' from command line to 'None'
[0.204s] Level 5:colcon.colcon_core.verb:set package 'overarching_msgs' build argument 'cmake_target_skip_unavailable' from command line to 'False'
[0.204s] Level 5:colcon.colcon_core.verb:set package 'overarching_msgs' build argument 'cmake_clean_cache' from command line to 'False'
[0.204s] Level 5:colcon.colcon_core.verb:set package 'overarching_msgs' build argument 'cmake_clean_first' from command line to 'False'
[0.204s] Level 5:colcon.colcon_core.verb:set package 'overarching_msgs' build argument 'cmake_force_configure' from command line to 'False'
[0.204s] Level 5:colcon.colcon_core.verb:set package 'overarching_msgs' build argument 'ament_cmake_args' from command line to 'None'
[0.204s] Level 5:colcon.colcon_core.verb:set package 'overarching_msgs' build argument 'catkin_cmake_args' from command line to 'None'
[0.204s] Level 5:colcon.colcon_core.verb:set package 'overarching_msgs' build argument 'catkin_skip_building_tests' from command line to 'False'
[0.204s] DEBUG:colcon.colcon_core.verb:Building package 'overarching_msgs' with the following arguments: {'ament_cmake_args': None, 'build_base': '/convince_ws/build/overarching_msgs', 'catkin_cmake_args': None, 'catkin_skip_building_tests': False, 'cmake_args': ['-DCMAKE_EXPORT_COMPILE_COMMANDS=ON', '--no-warn-unused-cli'], 'cmake_clean_cache': False, 'cmake_clean_first': False, 'cmake_force_configure': False, 'cmake_target': None, 'cmake_target_skip_unavailable': False, 'install_base': '/convince_ws/install/overarching_msgs', 'merge_install': False, 'path': '/convince_ws/src/ros_interfaces/src/overarching_msgs', 'symlink_install': True, 'test_result_base': None}
[0.204s] Level 5:colcon.colcon_core.verb:set package 'pyrobosim' build argument 'cmake_args' from command line to '['-DCMAKE_EXPORT_COMPILE_COMMANDS=ON', '--no-warn-unused-cli']'
[0.204s] Level 5:colcon.colcon_core.verb:set package 'pyrobosim' build argument 'cmake_target' from command line to 'None'
[0.204s] Level 5:colcon.colcon_core.verb:set package 'pyrobosim' build argument 'cmake_target_skip_unavailable' from command line to 'False'
[0.204s] Level 5:colcon.colcon_core.verb:set package 'pyrobosim' build argument 'cmake_clean_cache' from command line to 'False'
[0.204s] Level 5:colcon.colcon_core.verb:set package 'pyrobosim' build argument 'cmake_clean_first' from command line to 'False'
[0.204s] Level 5:colcon.colcon_core.verb:set package 'pyrobosim' build argument 'cmake_force_configure' from command line to 'False'
[0.204s] Level 5:colcon.colcon_core.verb:set package 'pyrobosim' build argument 'ament_cmake_args' from command line to 'None'
[0.204s] Level 5:colcon.colcon_core.verb:set package 'pyrobosim' build argument 'catkin_cmake_args' from command line to 'None'
[0.204s] Level 5:colcon.colcon_core.verb:set package 'pyrobosim' build argument 'catkin_skip_building_tests' from command line to 'False'
[0.204s] DEBUG:colcon.colcon_core.verb:Building package 'pyrobosim' with the following arguments: {'ament_cmake_args': None, 'build_base': '/convince_ws/build/pyrobosim', 'catkin_cmake_args': None, 'catkin_skip_building_tests': False, 'cmake_args': ['-DCMAKE_EXPORT_COMPILE_COMMANDS=ON', '--no-warn-unused-cli'], 'cmake_clean_cache': False, 'cmake_clean_first': False, 'cmake_force_configure': False, 'cmake_target': None, 'cmake_target_skip_unavailable': False, 'install_base': '/convince_ws/install/pyrobosim', 'merge_install': False, 'path': '/convince_ws/src/pyrobosim/pyrobosim', 'symlink_install': True, 'test_result_base': None}
[0.204s] Level 5:colcon.colcon_core.verb:set package 'pyrobosim_msgs' build argument 'cmake_args' from command line to '['-DCMAKE_EXPORT_COMPILE_COMMANDS=ON', '--no-warn-unused-cli']'
[0.204s] Level 5:colcon.colcon_core.verb:set package 'pyrobosim_msgs' build argument 'cmake_target' from command line to 'None'
[0.204s] Level 5:colcon.colcon_core.verb:set package 'pyrobosim_msgs' build argument 'cmake_target_skip_unavailable' from command line to 'False'
[0.204s] Level 5:colcon.colcon_core.verb:set package 'pyrobosim_msgs' build argument 'cmake_clean_cache' from command line to 'False'
[0.204s] Level 5:colcon.colcon_core.verb:set package 'pyrobosim_msgs' build argument 'cmake_clean_first' from command line to 'False'
[0.204s] Level 5:colcon.colcon_core.verb:set package 'pyrobosim_msgs' build argument 'cmake_force_configure' from command line to 'False'
[0.204s] Level 5:colcon.colcon_core.verb:set package 'pyrobosim_msgs' build argument 'ament_cmake_args' from command line to 'None'
[0.204s] Level 5:colcon.colcon_core.verb:set package 'pyrobosim_msgs' build argument 'catkin_cmake_args' from command line to 'None'
[0.204s] Level 5:colcon.colcon_core.verb:set package 'pyrobosim_msgs' build argument 'catkin_skip_building_tests' from command line to 'False'
[0.204s] DEBUG:colcon.colcon_core.verb:Building package 'pyrobosim_msgs' with the following arguments: {'ament_cmake_args': None, 'build_base': '/convince_ws/build/pyrobosim_msgs', 'catkin_cmake_args': None, 'catkin_skip_building_tests': False, 'cmake_args': ['-DCMAKE_EXPORT_COMPILE_COMMANDS=ON', '--no-warn-unused-cli'], 'cmake_clean_cache': False, 'cmake_clean_first': False, 'cmake_force_configure': False, 'cmake_target': None, 'cmake_target_skip_unavailable': False, 'install_base': '/convince_ws/install/pyrobosim_msgs', 'merge_install': False, 'path': '/convince_ws/src/pyrobosim/pyrobosim_msgs', 'symlink_install': True, 'test_result_base': None}
[0.204s] Level 5:colcon.colcon_core.verb:set package 'behaviortree_ros2' build argument 'cmake_args' from command line to '['-DCMAKE_EXPORT_COMPILE_COMMANDS=ON', '--no-warn-unused-cli']'
[0.204s] Level 5:colcon.colcon_core.verb:set package 'behaviortree_ros2' build argument 'cmake_target' from command line to 'None'
[0.204s] Level 5:colcon.colcon_core.verb:set package 'behaviortree_ros2' build argument 'cmake_target_skip_unavailable' from command line to 'False'
[0.204s] Level 5:colcon.colcon_core.verb:set package 'behaviortree_ros2' build argument 'cmake_clean_cache' from command line to 'False'
[0.204s] Level 5:colcon.colcon_core.verb:set package 'behaviortree_ros2' build argument 'cmake_clean_first' from command line to 'False'
[0.204s] Level 5:colcon.colcon_core.verb:set package 'behaviortree_ros2' build argument 'cmake_force_configure' from command line to 'False'
[0.204s] Level 5:colcon.colcon_core.verb:set package 'behaviortree_ros2' build argument 'ament_cmake_args' from command line to 'None'
[0.204s] Level 5:colcon.colcon_core.verb:set package 'behaviortree_ros2' build argument 'catkin_cmake_args' from command line to 'None'
[0.204s] Level 5:colcon.colcon_core.verb:set package 'behaviortree_ros2' build argument 'catkin_skip_building_tests' from command line to 'False'
[0.204s] DEBUG:colcon.colcon_core.verb:Building package 'behaviortree_ros2' with the following arguments: {'ament_cmake_args': None, 'build_base': '/convince_ws/build/behaviortree_ros2', 'catkin_cmake_args': None, 'catkin_skip_building_tests': False, 'cmake_args': ['-DCMAKE_EXPORT_COMPILE_COMMANDS=ON', '--no-warn-unused-cli'], 'cmake_clean_cache': False, 'cmake_clean_first': False, 'cmake_force_configure': False, 'cmake_target': None, 'cmake_target_skip_unavailable': False, 'install_base': '/convince_ws/install/behaviortree_ros2', 'merge_install': False, 'path': '/convince_ws/src/behaviortree_ros2/behaviortree_ros2', 'symlink_install': True, 'test_result_base': None}
[0.204s] Level 5:colcon.colcon_core.verb:set package 'bt_nodes' build argument 'cmake_args' from command line to '['-DCMAKE_EXPORT_COMPILE_COMMANDS=ON', '--no-warn-unused-cli']'
[0.204s] Level 5:colcon.colcon_core.verb:set package 'bt_nodes' build argument 'cmake_target' from command line to 'None'
[0.204s] Level 5:colcon.colcon_core.verb:set package 'bt_nodes' build argument 'cmake_target_skip_unavailable' from command line to 'False'
[0.204s] Level 5:colcon.colcon_core.verb:set package 'bt_nodes' build argument 'cmake_clean_cache' from command line to 'False'
[0.204s] Level 5:colcon.colcon_core.verb:set package 'bt_nodes' build argument 'cmake_clean_first' from command line to 'False'
[0.204s] Level 5:colcon.colcon_core.verb:set package 'bt_nodes' build argument 'cmake_force_configure' from command line to 'False'
[0.204s] Level 5:colcon.colcon_core.verb:set package 'bt_nodes' build argument 'ament_cmake_args' from command line to 'None'
[0.204s] Level 5:colcon.colcon_core.verb:set package 'bt_nodes' build argument 'catkin_cmake_args' from command line to 'None'
[0.204s] Level 5:colcon.colcon_core.verb:set package 'bt_nodes' build argument 'catkin_skip_building_tests' from command line to 'False'
[0.204s] DEBUG:colcon.colcon_core.verb:Building package 'bt_nodes' with the following arguments: {'ament_cmake_args': None, 'build_base': '/convince_ws/build/bt_nodes', 'catkin_cmake_args': None, 'catkin_skip_building_tests': False, 'cmake_args': ['-DCMAKE_EXPORT_COMPILE_COMMANDS=ON', '--no-warn-unused-cli'], 'cmake_clean_cache': False, 'cmake_clean_first': False, 'cmake_force_configure': False, 'cmake_target': None, 'cmake_target_skip_unavailable': False, 'install_base': '/convince_ws/install/bt_nodes', 'merge_install': False, 'path': '/convince_ws/src/bt_nodes', 'symlink_install': True, 'test_result_base': None}
[0.205s] Level 5:colcon.colcon_core.verb:set package 'place_object_skill' build argument 'cmake_args' from command line to '['-DCMAKE_EXPORT_COMPILE_COMMANDS=ON', '--no-warn-unused-cli']'
[0.205s] Level 5:colcon.colcon_core.verb:set package 'place_object_skill' build argument 'cmake_target' from command line to 'None'
[0.205s] Level 5:colcon.colcon_core.verb:set package 'place_object_skill' build argument 'cmake_target_skip_unavailable' from command line to 'False'
[0.205s] Level 5:colcon.colcon_core.verb:set package 'place_object_skill' build argument 'cmake_clean_cache' from command line to 'False'
[0.205s] Level 5:colcon.colcon_core.verb:set package 'place_object_skill' build argument 'cmake_clean_first' from command line to 'False'
[0.205s] Level 5:colcon.colcon_core.verb:set package 'place_object_skill' build argument 'cmake_force_configure' from command line to 'False'
[0.205s] Level 5:colcon.colcon_core.verb:set package 'place_object_skill' build argument 'ament_cmake_args' from command line to 'None'
[0.205s] Level 5:colcon.colcon_core.verb:set package 'place_object_skill' build argument 'catkin_cmake_args' from command line to 'None'
[0.205s] Level 5:colcon.colcon_core.verb:set package 'place_object_skill' build argument 'catkin_skip_building_tests' from command line to 'False'
[0.205s] DEBUG:colcon.colcon_core.verb:Building package 'place_object_skill' with the following arguments: {'ament_cmake_args': None, 'build_base': '/convince_ws/build/place_object_skill', 'catkin_cmake_args': None, 'catkin_skip_building_tests': False, 'cmake_args': ['-DCMAKE_EXPORT_COMPILE_COMMANDS=ON', '--no-warn-unused-cli'], 'cmake_clean_cache': False, 'cmake_clean_first': False, 'cmake_force_configure': False, 'cmake_target': None, 'cmake_target_skip_unavailable': False, 'install_base': '/convince_ws/install/place_object_skill', 'merge_install': False, 'path': '/convince_ws/src/generated_skill/place_object_skill', 'symlink_install': True, 'test_result_base': None}
[0.205s] Level 5:colcon.colcon_core.verb:set package 'pyrobosim_ros' build argument 'cmake_args' from command line to '['-DCMAKE_EXPORT_COMPILE_COMMANDS=ON', '--no-warn-unused-cli']'
[0.205s] Level 5:colcon.colcon_core.verb:set package 'pyrobosim_ros' build argument 'cmake_target' from command line to 'None'
[0.205s] Level 5:colcon.colcon_core.verb:set package 'pyrobosim_ros' build argument 'cmake_target_skip_unavailable' from command line to 'False'
[0.205s] Level 5:colcon.colcon_core.verb:set package 'pyrobosim_ros' build argument 'cmake_clean_cache' from command line to 'False'
[0.205s] Level 5:colcon.colcon_core.verb:set package 'pyrobosim_ros' build argument 'cmake_clean_first' from command line to 'False'
[0.205s] Level 5:colcon.colcon_core.verb:set package 'pyrobosim_ros' build argument 'cmake_force_configure' from command line to 'False'
[0.205s] Level 5:colcon.colcon_core.verb:set package 'pyrobosim_ros' build argument 'ament_cmake_args' from command line to 'None'
[0.205s] Level 5:colcon.colcon_core.verb:set package 'pyrobosim_ros' build argument 'catkin_cmake_args' from command line to 'None'
[0.205s] Level 5:colcon.colcon_core.verb:set package 'pyrobosim_ros' build argument 'catkin_skip_building_tests' from command line to 'False'
[0.205s] DEBUG:colcon.colcon_core.verb:Building package 'pyrobosim_ros' with the following arguments: {'ament_cmake_args': None, 'build_base': '/convince_ws/build/pyrobosim_ros', 'catkin_cmake_args': None, 'catkin_skip_building_tests': False, 'cmake_args': ['-DCMAKE_EXPORT_COMPILE_COMMANDS=ON', '--no-warn-unused-cli'], 'cmake_clean_cache': False, 'cmake_clean_first': False, 'cmake_force_configure': False, 'cmake_target': None, 'cmake_target_skip_unavailable': False, 'install_base': '/convince_ws/install/pyrobosim_ros', 'merge_install': False, 'path': '/convince_ws/src/pyrobosim/pyrobosim_ros', 'symlink_install': True, 'test_result_base': None}
[0.205s] Level 5:colcon.colcon_core.verb:set package 'bt_executor' build argument 'cmake_args' from command line to '['-DCMAKE_EXPORT_COMPILE_COMMANDS=ON', '--no-warn-unused-cli']'
[0.205s] Level 5:colcon.colcon_core.verb:set package 'bt_executor' build argument 'cmake_target' from command line to 'None'
[0.205s] Level 5:colcon.colcon_core.verb:set package 'bt_executor' build argument 'cmake_target_skip_unavailable' from command line to 'False'
[0.205s] Level 5:colcon.colcon_core.verb:set package 'bt_executor' build argument 'cmake_clean_cache' from command line to 'False'
[0.205s] Level 5:colcon.colcon_core.verb:set package 'bt_executor' build argument 'cmake_clean_first' from command line to 'False'
[0.205s] Level 5:colcon.colcon_core.verb:set package 'bt_executor' build argument 'cmake_force_configure' from command line to 'False'
[0.205s] Level 5:colcon.colcon_core.verb:set package 'bt_executor' build argument 'ament_cmake_args' from command line to 'None'
[0.205s] Level 5:colcon.colcon_core.verb:set package 'bt_executor' build argument 'catkin_cmake_args' from command line to 'None'
[0.205s] Level 5:colcon.colcon_core.verb:set package 'bt_executor' build argument 'catkin_skip_building_tests' from command line to 'False'
[0.205s] DEBUG:colcon.colcon_core.verb:Building package 'bt_executor' with the following arguments: {'ament_cmake_args': None, 'build_base': '/convince_ws/build/bt_executor', 'catkin_cmake_args': None, 'catkin_skip_building_tests': False, 'cmake_args': ['-DCMAKE_EXPORT_COMPILE_COMMANDS=ON', '--no-warn-unused-cli'], 'cmake_clean_cache': False, 'cmake_clean_first': False, 'cmake_force_configure': False, 'cmake_target': None, 'cmake_target_skip_unavailable': False, 'install_base': '/convince_ws/install/bt_executor', 'merge_install': False, 'path': '/convince_ws/src/behavior_tree/bt_executor', 'symlink_install': True, 'test_result_base': None}
[0.205s] Level 5:colcon.colcon_core.verb:set package 'btcpp_ros2_samples' build argument 'cmake_args' from command line to '['-DCMAKE_EXPORT_COMPILE_COMMANDS=ON', '--no-warn-unused-cli']'
[0.205s] Level 5:colcon.colcon_core.verb:set package 'btcpp_ros2_samples' build argument 'cmake_target' from command line to 'None'
[0.205s] Level 5:colcon.colcon_core.verb:set package 'btcpp_ros2_samples' build argument 'cmake_target_skip_unavailable' from command line to 'False'
[0.205s] Level 5:colcon.colcon_core.verb:set package 'btcpp_ros2_samples' build argument 'cmake_clean_cache' from command line to 'False'
[0.205s] Level 5:colcon.colcon_core.verb:set package 'btcpp_ros2_samples' build argument 'cmake_clean_first' from command line to 'False'
[0.205s] Level 5:colcon.colcon_core.verb:set package 'btcpp_ros2_samples' build argument 'cmake_force_configure' from command line to 'False'
[0.205s] Level 5:colcon.colcon_core.verb:set package 'btcpp_ros2_samples' build argument 'ament_cmake_args' from command line to 'None'
[0.205s] Level 5:colcon.colcon_core.verb:set package 'btcpp_ros2_samples' build argument 'catkin_cmake_args' from command line to 'None'
[0.205s] Level 5:colcon.colcon_core.verb:set package 'btcpp_ros2_samples' build argument 'catkin_skip_building_tests' from command line to 'False'
[0.205s] DEBUG:colcon.colcon_core.verb:Building package 'btcpp_ros2_samples' with the following arguments: {'ament_cmake_args': None, 'build_base': '/convince_ws/build/btcpp_ros2_samples', 'catkin_cmake_args': None, 'catkin_skip_building_tests': False, 'cmake_args': ['-DCMAKE_EXPORT_COMPILE_COMMANDS=ON', '--no-warn-unused-cli'], 'cmake_clean_cache': False, 'cmake_clean_first': False, 'cmake_force_configure': False, 'cmake_target': None, 'cmake_target_skip_unavailable': False, 'install_base': '/convince_ws/install/btcpp_ros2_samples', 'merge_install': False, 'path': '/convince_ws/src/behaviortree_ros2/btcpp_ros2_samples', 'symlink_install': True, 'test_result_base': None}
[0.205s] Level 5:colcon.colcon_core.verb:set package 'tutorial_sim' build argument 'cmake_args' from command line to '['-DCMAKE_EXPORT_COMPILE_COMMANDS=ON', '--no-warn-unused-cli']'
[0.205s] Level 5:colcon.colcon_core.verb:set package 'tutorial_sim' build argument 'cmake_target' from command line to 'None'
[0.205s] Level 5:colcon.colcon_core.verb:set package 'tutorial_sim' build argument 'cmake_target_skip_unavailable' from command line to 'False'
[0.205s] Level 5:colcon.colcon_core.verb:set package 'tutorial_sim' build argument 'cmake_clean_cache' from command line to 'False'
[0.205s] Level 5:colcon.colcon_core.verb:set package 'tutorial_sim' build argument 'cmake_clean_first' from command line to 'False'
[0.205s] Level 5:colcon.colcon_core.verb:set package 'tutorial_sim' build argument 'cmake_force_configure' from command line to 'False'
[0.205s] Level 5:colcon.colcon_core.verb:set package 'tutorial_sim' build argument 'ament_cmake_args' from command line to 'None'
[0.205s] Level 5:colcon.colcon_core.verb:set package 'tutorial_sim' build argument 'catkin_cmake_args' from command line to 'None'
[0.205s] Level 5:colcon.colcon_core.verb:set package 'tutorial_sim' build argument 'catkin_skip_building_tests' from command line to 'False'
[0.205s] DEBUG:colcon.colcon_core.verb:Building package 'tutorial_sim' with the following arguments: {'ament_cmake_args': None, 'build_base': '/convince_ws/build/tutorial_sim', 'catkin_cmake_args': None, 'catkin_skip_building_tests': False, 'cmake_args': ['-DCMAKE_EXPORT_COMPILE_COMMANDS=ON', '--no-warn-unused-cli'], 'cmake_clean_cache': False, 'cmake_clean_first': False, 'cmake_force_configure': False, 'cmake_target': None, 'cmake_target_skip_unavailable': False, 'install_base': '/convince_ws/install/tutorial_sim', 'merge_install': False, 'path': '/convince_ws/src/tutorial_sim', 'symlink_install': True, 'test_result_base': None}
[0.205s] INFO:colcon.colcon_core.executor:Executing jobs using 'parallel' executor
[0.206s] DEBUG:colcon.colcon_parallel_executor.executor.parallel:run_until_complete
[0.206s] INFO:colcon.colcon_ros.task.ament_cmake.build:Building ROS package in '/convince_ws/src/ros_interfaces/src/bt_interfaces_dummy' with build type 'ament_cmake'
[0.206s] INFO:colcon.colcon_cmake.task.cmake.build:Building CMake package in '/convince_ws/src/ros_interfaces/src/bt_interfaces_dummy'
[0.208s] INFO:colcon.colcon_core.plugin_system:Skipping extension 'colcon_core.shell.bat': Not used on non-Windows systems
[0.208s] INFO:colcon.colcon_core.shell:Skip shell extension 'powershell' for command environment: Not usable outside of PowerShell
[0.208s] DEBUG:colcon.colcon_core.shell:Skip shell extension 'dsv' for command environment
[0.209s] INFO:colcon.colcon_ros.task.ament_cmake.build:Building ROS package in '/convince_ws/src/behaviortree_ros2/btcpp_ros2_interfaces' with build type 'ament_cmake'
[0.210s] INFO:colcon.colcon_cmake.task.cmake.build:Building CMake package in '/convince_ws/src/behaviortree_ros2/btcpp_ros2_interfaces'
[0.210s] INFO:colcon.colcon_core.shell:Skip shell extension 'powershell' for command environment: Not usable outside of PowerShell
[0.210s] DEBUG:colcon.colcon_core.shell:Skip shell extension 'dsv' for command environment
[0.211s] INFO:colcon.colcon_ros.task.ament_cmake.build:Building ROS package in '/convince_ws/src/ros_interfaces/src/overarching_msgs' with build type 'ament_cmake'
[0.211s] INFO:colcon.colcon_cmake.task.cmake.build:Building CMake package in '/convince_ws/src/ros_interfaces/src/overarching_msgs'
[0.211s] INFO:colcon.colcon_core.shell:Skip shell extension 'powershell' for command environment: Not usable outside of PowerShell
[0.211s] DEBUG:colcon.colcon_core.shell:Skip shell extension 'dsv' for command environment
[0.212s] INFO:colcon.colcon_ros.task.ament_cmake.build:Building ROS package in '/convince_ws/src/pyrobosim/pyrobosim_msgs' with build type 'ament_cmake'
[0.212s] INFO:colcon.colcon_cmake.task.cmake.build:Building CMake package in '/convince_ws/src/pyrobosim/pyrobosim_msgs'
[0.212s] INFO:colcon.colcon_core.shell:Skip shell extension 'powershell' for command environment: Not usable outside of PowerShell
[0.212s] DEBUG:colcon.colcon_core.shell:Skip shell extension 'dsv' for command environment
[0.213s] INFO:colcon.colcon_ros.task.ament_cmake.build:Building ROS package in '/convince_ws/BehaviorTree.CPP' with build type 'ament_cmake'
[0.213s] INFO:colcon.colcon_cmake.task.cmake.build:Building CMake package in '/convince_ws/BehaviorTree.CPP'
[0.213s] INFO:colcon.colcon_core.shell:Skip shell extension 'powershell' for command environment: Not usable outside of PowerShell
[0.213s] DEBUG:colcon.colcon_core.shell:Skip shell extension 'dsv' for command environment
[0.214s] INFO:colcon.colcon_core.task.python.build:Building Python package in '/convince_ws/src/pyrobosim/pyrobosim'
[0.215s] INFO:colcon.colcon_core.shell:Skip shell extension 'powershell' for command environment: Not usable outside of PowerShell
[0.215s] DEBUG:colcon.colcon_core.shell:Skip shell extension 'dsv' for command environment
[0.217s] DEBUG:colcon.colcon_core.event_handler.log_command:Invoking command in '/convince_ws/build/bt_interfaces_dummy': CMAKE_PREFIX_PATH=/opt/ros/jazzy /usr/bin/cmake --build /convince_ws/build/bt_interfaces_dummy -- -j20 -l20
[0.219s] DEBUG:colcon.colcon_core.event_handler.log_command:Invoking command in '/convince_ws/build/btcpp_ros2_interfaces': CMAKE_PREFIX_PATH=/opt/ros/jazzy /usr/bin/cmake --build /convince_ws/build/btcpp_ros2_interfaces -- -j20 -l20
[0.219s] DEBUG:colcon.colcon_core.event_handler.log_command:Invoking command in '/convince_ws/build/overarching_msgs': CMAKE_PREFIX_PATH=/opt/ros/jazzy /usr/bin/cmake --build /convince_ws/build/overarching_msgs -- -j20 -l20
[0.220s] DEBUG:colcon.colcon_core.event_handler.log_command:Invoking command in '/convince_ws/build/pyrobosim_msgs': CMAKE_PREFIX_PATH=/opt/ros/jazzy /usr/bin/cmake --build /convince_ws/build/pyrobosim_msgs -- -j20 -l20
[0.221s] DEBUG:colcon.colcon_core.event_handler.log_command:Invoking command in '/convince_ws/build/behaviortree_cpp_v3': CMAKE_PREFIX_PATH=/opt/ros/jazzy /usr/bin/cmake --build /convince_ws/build/behaviortree_cpp_v3 -- -j20 -l20
[0.394s] DEBUG:colcon.colcon_core.event_handler.log_command:Invoked command in '/convince_ws/build/behaviortree_cpp_v3' returned '0': CMAKE_PREFIX_PATH=/opt/ros/jazzy /usr/bin/cmake --build /convince_ws/build/behaviortree_cpp_v3 -- -j20 -l20
[0.401s] DEBUG:colcon.colcon_core.event_handler.log_command:Invoking command in '/convince_ws/build/behaviortree_cpp_v3': CMAKE_PREFIX_PATH=/opt/ros/jazzy /usr/bin/cmake --install /convince_ws/build/behaviortree_cpp_v3
[0.416s] Level 1:colcon.colcon_core.environment:create_environment_scripts_only(behaviortree_cpp_v3)
[0.421s] DEBUG:colcon.colcon_core.event_handler.log_command:Invoked command in '/convince_ws/build/behaviortree_cpp_v3' returned '0': CMAKE_PREFIX_PATH=/opt/ros/jazzy /usr/bin/cmake --install /convince_ws/build/behaviortree_cpp_v3
[0.422s] Level 1:colcon.colcon_core.environment:checking '/convince_ws/install/behaviortree_cpp_v3' for CMake module files
[0.423s] Level 1:colcon.colcon_core.environment:checking '/convince_ws/install/behaviortree_cpp_v3' for CMake config files
[0.423s] Level 1:colcon.colcon_core.shell:create_environment_hook('behaviortree_cpp_v3', 'cmake_prefix_path')
[0.423s] INFO:colcon.colcon_core.shell:Creating environment hook '/convince_ws/install/behaviortree_cpp_v3/share/behaviortree_cpp_v3/hook/cmake_prefix_path.ps1'
[0.424s] INFO:colcon.colcon_core.shell:Creating environment descriptor '/convince_ws/install/behaviortree_cpp_v3/share/behaviortree_cpp_v3/hook/cmake_prefix_path.dsv'
[0.424s] INFO:colcon.colcon_core.shell:Creating environment hook '/convince_ws/install/behaviortree_cpp_v3/share/behaviortree_cpp_v3/hook/cmake_prefix_path.sh'
[0.425s] Level 1:colcon.colcon_core.environment:checking '/convince_ws/install/behaviortree_cpp_v3/lib'
[0.425s] Level 1:colcon.colcon_core.shell:create_environment_hook('behaviortree_cpp_v3', 'ld_library_path_lib')
[0.425s] INFO:colcon.colcon_core.shell:Creating environment hook '/convince_ws/install/behaviortree_cpp_v3/share/behaviortree_cpp_v3/hook/ld_library_path_lib.ps1'
[0.426s] INFO:colcon.colcon_core.shell:Creating environment descriptor '/convince_ws/install/behaviortree_cpp_v3/share/behaviortree_cpp_v3/hook/ld_library_path_lib.dsv'
[0.426s] INFO:colcon.colcon_core.shell:Creating environment hook '/convince_ws/install/behaviortree_cpp_v3/share/behaviortree_cpp_v3/hook/ld_library_path_lib.sh'
[0.426s] Level 1:colcon.colcon_core.environment:checking '/convince_ws/install/behaviortree_cpp_v3/bin'
[0.427s] Level 1:colcon.colcon_core.shell:create_environment_hook('behaviortree_cpp_v3', 'path')
[0.427s] INFO:colcon.colcon_core.shell:Creating environment hook '/convince_ws/install/behaviortree_cpp_v3/share/behaviortree_cpp_v3/hook/path.ps1'
[0.427s] INFO:colcon.colcon_core.shell:Creating environment descriptor '/convince_ws/install/behaviortree_cpp_v3/share/behaviortree_cpp_v3/hook/path.dsv'
[0.427s] INFO:colcon.colcon_core.shell:Creating environment hook '/convince_ws/install/behaviortree_cpp_v3/share/behaviortree_cpp_v3/hook/path.sh'
[0.428s] Level 1:colcon.colcon_core.environment:checking '/convince_ws/install/behaviortree_cpp_v3/lib/pkgconfig/behaviortree_cpp_v3.pc'
[0.428s] Level 1:colcon.colcon_core.environment:checking '/convince_ws/install/behaviortree_cpp_v3/lib/python3.12/site-packages'
[0.428s] Level 1:colcon.colcon_core.environment:checking '/convince_ws/install/behaviortree_cpp_v3/bin'
[0.428s] Level 1:colcon.colcon_core.shell:create_environment_hook('behaviortree_cpp_v3', 'pythonscriptspath')
[0.428s] INFO:colcon.colcon_core.shell:Creating environment hook '/convince_ws/install/behaviortree_cpp_v3/share/behaviortree_cpp_v3/hook/pythonscriptspath.ps1'
[0.429s] INFO:colcon.colcon_core.shell:Creating environment descriptor '/convince_ws/install/behaviortree_cpp_v3/share/behaviortree_cpp_v3/hook/pythonscriptspath.dsv'
[0.429s] INFO:colcon.colcon_core.shell:Creating environment hook '/convince_ws/install/behaviortree_cpp_v3/share/behaviortree_cpp_v3/hook/pythonscriptspath.sh'
[0.430s] INFO:colcon.colcon_core.shell:Creating package script '/convince_ws/install/behaviortree_cpp_v3/share/behaviortree_cpp_v3/package.ps1'
[0.430s] INFO:colcon.colcon_core.shell:Creating package descriptor '/convince_ws/install/behaviortree_cpp_v3/share/behaviortree_cpp_v3/package.dsv'
[0.431s] INFO:colcon.colcon_core.shell:Creating package script '/convince_ws/install/behaviortree_cpp_v3/share/behaviortree_cpp_v3/package.sh'
[0.431s] INFO:colcon.colcon_core.shell:Creating package script '/convince_ws/install/behaviortree_cpp_v3/share/behaviortree_cpp_v3/package.bash'
[0.432s] INFO:colcon.colcon_core.shell:Creating package script '/convince_ws/install/behaviortree_cpp_v3/share/behaviortree_cpp_v3/package.zsh'
[0.433s] Level 1:colcon.colcon_core.environment:create_file_with_runtime_dependencies(/convince_ws/install/behaviortree_cpp_v3/share/colcon-core/packages/behaviortree_cpp_v3)
[0.433s] Level 1:colcon.colcon_core.environment:create_environment_scripts_only(behaviortree_cpp_v3)
[0.434s] Level 1:colcon.colcon_core.environment:checking '/convince_ws/install/behaviortree_cpp_v3' for CMake module files
[0.434s] Level 1:colcon.colcon_core.environment:checking '/convince_ws/install/behaviortree_cpp_v3' for CMake config files
[0.434s] Level 1:colcon.colcon_core.shell:create_environment_hook('behaviortree_cpp_v3', 'cmake_prefix_path')
[0.434s] INFO:colcon.colcon_core.shell:Creating environment hook '/convince_ws/install/behaviortree_cpp_v3/share/behaviortree_cpp_v3/hook/cmake_prefix_path.ps1'
[0.435s] INFO:colcon.colcon_core.shell:Creating environment descriptor '/convince_ws/install/behaviortree_cpp_v3/share/behaviortree_cpp_v3/hook/cmake_prefix_path.dsv'
[0.435s] INFO:colcon.colcon_core.shell:Creating environment hook '/convince_ws/install/behaviortree_cpp_v3/share/behaviortree_cpp_v3/hook/cmake_prefix_path.sh'
[0.435s] Level 1:colcon.colcon_core.environment:checking '/convince_ws/install/behaviortree_cpp_v3/lib'
[0.436s] Level 1:colcon.colcon_core.shell:create_environment_hook('behaviortree_cpp_v3', 'ld_library_path_lib')
[0.436s] INFO:colcon.colcon_core.shell:Creating environment hook '/convince_ws/install/behaviortree_cpp_v3/share/behaviortree_cpp_v3/hook/ld_library_path_lib.ps1'
[0.436s] INFO:colcon.colcon_core.shell:Creating environment descriptor '/convince_ws/install/behaviortree_cpp_v3/share/behaviortree_cpp_v3/hook/ld_library_path_lib.dsv'
[0.437s] INFO:colcon.colcon_core.shell:Creating environment hook '/convince_ws/install/behaviortree_cpp_v3/share/behaviortree_cpp_v3/hook/ld_library_path_lib.sh'
[0.437s] Level 1:colcon.colcon_core.environment:checking '/convince_ws/install/behaviortree_cpp_v3/bin'
[0.437s] Level 1:colcon.colcon_core.shell:create_environment_hook('behaviortree_cpp_v3', 'path')
[0.437s] INFO:colcon.colcon_core.shell:Creating environment hook '/convince_ws/install/behaviortree_cpp_v3/share/behaviortree_cpp_v3/hook/path.ps1'
[0.437s] INFO:colcon.colcon_core.shell:Creating environment descriptor '/convince_ws/install/behaviortree_cpp_v3/share/behaviortree_cpp_v3/hook/path.dsv'
[0.438s] INFO:colcon.colcon_core.shell:Creating environment hook '/convince_ws/install/behaviortree_cpp_v3/share/behaviortree_cpp_v3/hook/path.sh'
[0.438s] Level 1:colcon.colcon_core.environment:checking '/convince_ws/install/behaviortree_cpp_v3/lib/pkgconfig/behaviortree_cpp_v3.pc'
[0.438s] Level 1:colcon.colcon_core.environment:checking '/convince_ws/install/behaviortree_cpp_v3/lib/python3.12/site-packages'
[0.438s] Level 1:colcon.colcon_core.environment:checking '/convince_ws/install/behaviortree_cpp_v3/bin'
[0.438s] Level 1:colcon.colcon_core.shell:create_environment_hook('behaviortree_cpp_v3', 'pythonscriptspath')
[0.439s] INFO:colcon.colcon_core.shell:Creating environment hook '/convince_ws/install/behaviortree_cpp_v3/share/behaviortree_cpp_v3/hook/pythonscriptspath.ps1'
[0.439s] INFO:colcon.colcon_core.shell:Creating environment descriptor '/convince_ws/install/behaviortree_cpp_v3/share/behaviortree_cpp_v3/hook/pythonscriptspath.dsv'
[0.439s] INFO:colcon.colcon_core.shell:Creating environment hook '/convince_ws/install/behaviortree_cpp_v3/share/behaviortree_cpp_v3/hook/pythonscriptspath.sh'
[0.440s] INFO:colcon.colcon_core.shell:Creating package script '/convince_ws/install/behaviortree_cpp_v3/share/behaviortree_cpp_v3/package.ps1'
[0.440s] INFO:colcon.colcon_core.shell:Creating package descriptor '/convince_ws/install/behaviortree_cpp_v3/share/behaviortree_cpp_v3/package.dsv'
[0.440s] INFO:colcon.colcon_core.shell:Creating package script '/convince_ws/install/behaviortree_cpp_v3/share/behaviortree_cpp_v3/package.sh'
[0.441s] INFO:colcon.colcon_core.shell:Creating package script '/convince_ws/install/behaviortree_cpp_v3/share/behaviortree_cpp_v3/package.bash'
[0.441s] INFO:colcon.colcon_core.shell:Creating package script '/convince_ws/install/behaviortree_cpp_v3/share/behaviortree_cpp_v3/package.zsh'
[0.441s] Level 1:colcon.colcon_core.environment:create_file_with_runtime_dependencies(/convince_ws/install/behaviortree_cpp_v3/share/colcon-core/packages/behaviortree_cpp_v3)
[0.443s] DEBUG:colcon.colcon_core.event_handler.log_command:Invoked command in '/convince_ws/build/btcpp_ros2_interfaces' returned '0': CMAKE_PREFIX_PATH=/opt/ros/jazzy /usr/bin/cmake --build /convince_ws/build/btcpp_ros2_interfaces -- -j20 -l20
[0.444s] DEBUG:colcon.colcon_core.event_handler.log_command:Invoking command in '/convince_ws/build/btcpp_ros2_interfaces': CMAKE_PREFIX_PATH=/opt/ros/jazzy /usr/bin/cmake --install /convince_ws/build/btcpp_ros2_interfaces
[0.459s] DEBUG:colcon.colcon_core.event_handler.log_command:Invoked command in '/convince_ws/build/overarching_msgs' returned '0': CMAKE_PREFIX_PATH=/opt/ros/jazzy /usr/bin/cmake --build /convince_ws/build/overarching_msgs -- -j20 -l20
[0.460s] DEBUG:colcon.colcon_core.event_handler.log_command:Invoking command in '/convince_ws/build/overarching_msgs': CMAKE_PREFIX_PATH=/opt/ros/jazzy /usr/bin/cmake --install /convince_ws/build/overarching_msgs
[0.474s] DEBUG:colcon.colcon_parallel_executor.executor.parallel:run_until_complete was interrupted
[0.474s] DEBUG:colcon.colcon_parallel_executor.executor.parallel:run_until_complete again
[0.475s] DEBUG:colcon.colcon_core.event_handler.log_command:Invoked command in '/convince_ws/build/overarching_msgs' returned '-2': CMAKE_PREFIX_PATH=/opt/ros/jazzy /usr/bin/cmake --install /convince_ws/build/overarching_msgs
[0.475s] Level 1:colcon.colcon_core.environment:create_environment_scripts_only(overarching_msgs)
[0.475s] Level 1:colcon.colcon_core.environment:checking '/convince_ws/install/overarching_msgs' for CMake module files
[0.475s] Level 1:colcon.colcon_core.environment:checking '/convince_ws/install/overarching_msgs' for CMake config files
[0.476s] Level 1:colcon.colcon_core.shell:create_environment_hook('overarching_msgs', 'cmake_prefix_path')
[0.476s] INFO:colcon.colcon_core.shell:Creating environment hook '/convince_ws/install/overarching_msgs/share/overarching_msgs/hook/cmake_prefix_path.ps1'
[0.476s] INFO:colcon.colcon_core.shell:Creating environment descriptor '/convince_ws/install/overarching_msgs/share/overarching_msgs/hook/cmake_prefix_path.dsv'
[0.476s] INFO:colcon.colcon_core.shell:Creating environment hook '/convince_ws/install/overarching_msgs/share/overarching_msgs/hook/cmake_prefix_path.sh'
[0.477s] Level 1:colcon.colcon_core.environment:checking '/convince_ws/install/overarching_msgs/lib'
[0.477s] Level 1:colcon.colcon_core.shell:create_environment_hook('overarching_msgs', 'ld_library_path_lib')
[0.477s] INFO:colcon.colcon_core.shell:Creating environment hook '/convince_ws/install/overarching_msgs/share/overarching_msgs/hook/ld_library_path_lib.ps1'
[0.477s] INFO:colcon.colcon_core.shell:Creating environment descriptor '/convince_ws/install/overarching_msgs/share/overarching_msgs/hook/ld_library_path_lib.dsv'
[0.477s] INFO:colcon.colcon_core.shell:Creating environment hook '/convince_ws/install/overarching_msgs/share/overarching_msgs/hook/ld_library_path_lib.sh'
[0.477s] Level 1:colcon.colcon_core.environment:checking '/convince_ws/install/overarching_msgs/bin'
[0.477s] Level 1:colcon.colcon_core.environment:checking '/convince_ws/install/overarching_msgs/lib/pkgconfig/overarching_msgs.pc'
[0.478s] Level 1:colcon.colcon_core.environment:checking '/convince_ws/install/overarching_msgs/lib/python3.12/site-packages'
[0.478s] Level 1:colcon.colcon_core.shell:create_environment_hook('overarching_msgs', 'pythonpath')
[0.478s] INFO:colcon.colcon_core.shell:Creating environment hook '/convince_ws/install/overarching_msgs/share/overarching_msgs/hook/pythonpath.ps1'
[0.478s] INFO:colcon.colcon_core.shell:Creating environment descriptor '/convince_ws/install/overarching_msgs/share/overarching_msgs/hook/pythonpath.dsv'
[0.478s] INFO:colcon.colcon_core.shell:Creating environment hook '/convince_ws/install/overarching_msgs/share/overarching_msgs/hook/pythonpath.sh'
[0.478s] Level 1:colcon.colcon_core.environment:checking '/convince_ws/install/overarching_msgs/bin'
[0.478s] INFO:colcon.colcon_core.shell:Creating package script '/convince_ws/install/overarching_msgs/share/overarching_msgs/package.ps1'
[0.479s] INFO:colcon.colcon_core.shell:Creating package descriptor '/convince_ws/install/overarching_msgs/share/overarching_msgs/package.dsv'
[0.479s] INFO:colcon.colcon_core.shell:Creating package script '/convince_ws/install/overarching_msgs/share/overarching_msgs/package.sh'
[0.479s] INFO:colcon.colcon_core.shell:Creating package script '/convince_ws/install/overarching_msgs/share/overarching_msgs/package.bash'
[0.479s] INFO:colcon.colcon_core.shell:Creating package script '/convince_ws/install/overarching_msgs/share/overarching_msgs/package.zsh'
[0.480s] Level 1:colcon.colcon_core.environment:create_file_with_runtime_dependencies(/convince_ws/install/overarching_msgs/share/colcon-core/packages/overarching_msgs)
[0.504s] DEBUG:colcon.colcon_parallel_executor.executor.parallel:run_until_complete finished
[0.504s] DEBUG:colcon.colcon_parallel_executor.executor.parallel:closing loop
[0.504s] DEBUG:colcon.colcon_parallel_executor.executor.parallel:loop closed
[0.504s] DEBUG:colcon.colcon_core.event_reactor:joining thread
[0.511s] INFO:colcon.colcon_core.plugin_system:Skipping extension 'colcon_notification.desktop_notification.notify_send': Could not find 'notify-send'
[0.511s] INFO:colcon.colcon_core.plugin_system:Skipping extension 'colcon_notification.desktop_notification.terminal_notifier': Not used on non-Darwin systems
[0.511s] INFO:colcon.colcon_core.plugin_system:Skipping extension 'colcon_notification.desktop_notification.win32': Not used on non-Windows systems
[0.511s] INFO:colcon.colcon_notification.desktop_notification:Sending desktop notification using 'notify2'
[0.516s] DEBUG:colcon.colcon_notification.desktop_notification.notify2:Failed to initialize notify2: org.freedesktop.DBus.Error.ServiceUnknown: The name org.freedesktop.Notifications was not provided by any .service files
[0.517s] DEBUG:colcon.colcon_core.event_reactor:joined thread
[0.517s] INFO:colcon.colcon_core.shell:Creating prefix script '/convince_ws/install/local_setup.ps1'
[0.517s] INFO:colcon.colcon_core.shell:Creating prefix util module '/convince_ws/install/_local_setup_util_ps1.py'
[0.518s] INFO:colcon.colcon_core.shell:Creating prefix chain script '/convince_ws/install/setup.ps1'
[0.518s] INFO:colcon.colcon_core.shell:Creating prefix script '/convince_ws/install/local_setup.sh'
[0.518s] INFO:colcon.colcon_core.shell:Creating prefix util module '/convince_ws/install/_local_setup_util_sh.py'
[0.519s] INFO:colcon.colcon_core.shell:Creating prefix chain script '/convince_ws/install/setup.sh'
[0.519s] INFO:colcon.colcon_core.shell:Creating prefix script '/convince_ws/install/local_setup.bash'
[0.519s] INFO:colcon.colcon_core.shell:Creating prefix chain script '/convince_ws/install/setup.bash'
[0.519s] INFO:colcon.colcon_core.shell:Creating prefix script '/convince_ws/install/local_setup.zsh'
[0.520s] INFO:colcon.colcon_core.shell:Creating prefix chain script '/convince_ws/install/setup.zsh'
