[0.000000] (-) TimerEvent: {}
[0.000189] (behaviortree_cpp_v3) JobQueued: {'identifier': 'behaviortree_cpp_v3', 'dependencies': OrderedDict()}
[0.000342] (bt_interfaces_dummy) JobQueued: {'identifier': 'bt_interfaces_dummy', 'dependencies': OrderedDict()}
[0.000352] (btcpp_ros2_interfaces) JobQueued: {'identifier': 'btcpp_ros2_interfaces', 'dependencies': OrderedDict()}
[0.000359] (overarching_msgs) JobQueued: {'identifier': 'overarching_msgs', 'dependencies': OrderedDict()}
[0.000365] (pyrobosim) JobQueued: {'identifier': 'pyrobosim', 'dependencies': OrderedDict()}
[0.000371] (pyrobosim_msgs) JobQueued: {'identifier': 'pyrobosim_msgs', 'dependencies': OrderedDict()}
[0.000377] (behaviortree_ros2) JobQueued: {'identifier': 'behaviortree_ros2', 'dependencies': OrderedDict({'btcpp_ros2_interfaces': '/convince_ws/install/btcpp_ros2_interfaces'})}
[0.000385] (bt_nodes) JobQueued: {'identifier': 'bt_nodes', 'dependencies': OrderedDict({'bt_interfaces_dummy': '/convince_ws/install/bt_interfaces_dummy'})}
[0.000391] (place_object_skill) JobQueued: {'identifier': 'place_object_skill', 'dependencies': OrderedDict({'bt_interfaces_dummy': '/convince_ws/install/bt_interfaces_dummy', 'overarching_msgs': '/convince_ws/install/overarching_msgs'})}
[0.000398] (pyrobosim_ros) JobQueued: {'identifier': 'pyrobosim_ros', 'dependencies': OrderedDict({'pyrobosim_msgs': '/convince_ws/install/pyrobosim_msgs'})}
[0.000404] (bt_executor) JobQueued: {'identifier': 'bt_executor', 'dependencies': OrderedDict({'bt_interfaces_dummy': '/convince_ws/install/bt_interfaces_dummy', 'btcpp_ros2_interfaces': '/convince_ws/install/btcpp_ros2_interfaces', 'overarching_msgs': '/convince_ws/install/overarching_msgs', 'pyrobosim_msgs': '/convince_ws/install/pyrobosim_msgs', 'behaviortree_ros2': '/convince_ws/install/behaviortree_ros2', 'bt_nodes': '/convince_ws/install/bt_nodes'})}
[0.000416] (btcpp_ros2_samples) JobQueued: {'identifier': 'btcpp_ros2_samples', 'dependencies': OrderedDict({'btcpp_ros2_interfaces': '/convince_ws/install/btcpp_ros2_interfaces', 'behaviortree_ros2': '/convince_ws/install/behaviortree_ros2'})}
[0.000423] (tutorial_sim) JobQueued: {'identifier': 'tutorial_sim', 'dependencies': OrderedDict({'overarching_msgs': '/convince_ws/install/overarching_msgs', 'pyrobosim_msgs': '/convince_ws/install/pyrobosim_msgs', 'pyrobosim_ros': '/convince_ws/install/pyrobosim_ros'})}
[0.000431] (tutorial_run) JobQueued: {'identifier': 'tutorial_run', 'dependencies': OrderedDict({'bt_interfaces_dummy': '/convince_ws/install/bt_interfaces_dummy', 'btcpp_ros2_interfaces': '/convince_ws/install/btcpp_ros2_interfaces', 'overarching_msgs': '/convince_ws/install/overarching_msgs', 'pyrobosim_msgs': '/convince_ws/install/pyrobosim_msgs', 'behaviortree_ros2': '/convince_ws/install/behaviortree_ros2', 'bt_nodes': '/convince_ws/install/bt_nodes', 'place_object_skill': '/convince_ws/install/place_object_skill', 'pyrobosim_ros': '/convince_ws/install/pyrobosim_ros', 'bt_executor': '/convince_ws/install/bt_executor', 'tutorial_sim': '/convince_ws/install/tutorial_sim'})}
[0.000440] (bt_interfaces_dummy) JobStarted: {'identifier': 'bt_interfaces_dummy'}
[0.003270] (btcpp_ros2_interfaces) JobStarted: {'identifier': 'btcpp_ros2_interfaces'}
[0.004700] (overarching_msgs) JobStarted: {'identifier': 'overarching_msgs'}
[0.005765] (pyrobosim_msgs) JobStarted: {'identifier': 'pyrobosim_msgs'}
[0.007029] (behaviortree_cpp_v3) JobStarted: {'identifier': 'behaviortree_cpp_v3'}
[0.008625] (pyrobosim) JobStarted: {'identifier': 'pyrobosim'}
[0.010409] (bt_interfaces_dummy) JobProgress: {'identifier': 'bt_interfaces_dummy', 'progress': 'cmake'}
[0.010671] (bt_interfaces_dummy) JobProgress: {'identifier': 'bt_interfaces_dummy', 'progress': 'build'}
[0.010925] (bt_interfaces_dummy) Command: {'cmd': ['/usr/bin/cmake', '--build', '/convince_ws/build/bt_interfaces_dummy', '--', '-j20', '-l20'], 'cwd': '/convince_ws/build/bt_interfaces_dummy', 'env': OrderedDict({'PYTHONWARNINGS': 'ignore:setup.py install is deprecated,ignore:easy_install command is deprecated', 'HOSTNAME': '2581be2b12e1', 'SHLVL': '1', 'LD_LIBRARY_PATH': '/opt/ros/jazzy/opt/zmqpp_vendor/lib:/opt/ros/jazzy/lib/x86_64-linux-gnu:/opt/ros/jazzy/lib', 'HOME': '/root', 'OLDPWD': '/convince_ws', 'ROS_PYTHON_VERSION': '3', 'ROS_DISTRO': 'jazzy', '_': '/usr/bin/colcon', 'ROS_VERSION': '2', 'TERM': 'xterm', 'QT_X11_NO_MITSHM': '1', 'PATH': '/opt/ros/jazzy/bin:/usr/local/sbin:/usr/local/bin:/usr/sbin:/usr/bin:/sbin:/bin', 'DISPLAY': ':1', 'LANG': 'C.UTF-8', 'AMENT_PREFIX_PATH': '/opt/ros/jazzy', 'ROS_WS': '/convince_ws', 'ROS_AUTOMATIC_DISCOVERY_RANGE': 'SUBNET', 'PWD': '/convince_ws/build/bt_interfaces_dummy', 'LC_ALL': 'C.UTF-8', 'PYTHONPATH': '/opt/ros/jazzy/lib/python3.12/site-packages', 'COLCON': '1', 'CMAKE_PREFIX_PATH': '/opt/ros/jazzy'}), 'shell': False}
[0.012023] (btcpp_ros2_interfaces) JobProgress: {'identifier': 'btcpp_ros2_interfaces', 'progress': 'cmake'}
[0.012258] (btcpp_ros2_interfaces) JobProgress: {'identifier': 'btcpp_ros2_interfaces', 'progress': 'build'}
[0.012420] (btcpp_ros2_interfaces) Command: {'cmd': ['/usr/bin/cmake', '--build', '/convince_ws/build/btcpp_ros2_interfaces', '--', '-j20', '-l20'], 'cwd': '/convince_ws/build/btcpp_ros2_interfaces', 'env': OrderedDict({'PYTHONWARNINGS': 'ignore:setup.py install is deprecated,ignore:easy_install command is deprecated', 'HOSTNAME': '2581be2b12e1', 'SHLVL': '1', 'LD_LIBRARY_PATH': '/opt/ros/jazzy/opt/zmqpp_vendor/lib:/opt/ros/jazzy/lib/x86_64-linux-gnu:/opt/ros/jazzy/lib', 'HOME': '/root', 'OLDPWD': '/convince_ws', 'ROS_PYTHON_VERSION': '3', 'ROS_DISTRO': 'jazzy', '_': '/usr/bin/colcon', 'ROS_VERSION': '2', 'TERM': 'xterm', 'QT_X11_NO_MITSHM': '1', 'PATH': '/opt/ros/jazzy/bin:/usr/local/sbin:/usr/local/bin:/usr/sbin:/usr/bin:/sbin:/bin', 'DISPLAY': ':1', 'LANG': 'C.UTF-8', 'AMENT_PREFIX_PATH': '/opt/ros/jazzy', 'ROS_WS': '/convince_ws', 'ROS_AUTOMATIC_DISCOVERY_RANGE': 'SUBNET', 'PWD': '/convince_ws/build/btcpp_ros2_interfaces', 'LC_ALL': 'C.UTF-8', 'PYTHONPATH': '/opt/ros/jazzy/lib/python3.12/site-packages', 'COLCON': '1', 'CMAKE_PREFIX_PATH': '/opt/ros/jazzy'}), 'shell': False}
[0.012771] (overarching_msgs) JobProgress: {'identifier': 'overarching_msgs', 'progress': 'cmake'}
[0.012973] (overarching_msgs) JobProgress: {'identifier': 'overarching_msgs', 'progress': 'build'}
[0.013116] (overarching_msgs) Command: {'cmd': ['/usr/bin/cmake', '--build', '/convince_ws/build/overarching_msgs', '--', '-j20', '-l20'], 'cwd': '/convince_ws/build/overarching_msgs', 'env': OrderedDict({'PYTHONWARNINGS': 'ignore:setup.py install is deprecated,ignore:easy_install command is deprecated', 'HOSTNAME': '2581be2b12e1', 'SHLVL': '1', 'LD_LIBRARY_PATH': '/opt/ros/jazzy/opt/zmqpp_vendor/lib:/opt/ros/jazzy/lib/x86_64-linux-gnu:/opt/ros/jazzy/lib', 'HOME': '/root', 'OLDPWD': '/convince_ws', 'ROS_PYTHON_VERSION': '3', 'ROS_DISTRO': 'jazzy', '_': '/usr/bin/colcon', 'ROS_VERSION': '2', 'TERM': 'xterm', 'QT_X11_NO_MITSHM': '1', 'PATH': '/opt/ros/jazzy/bin:/usr/local/sbin:/usr/local/bin:/usr/sbin:/usr/bin:/sbin:/bin', 'DISPLAY': ':1', 'LANG': 'C.UTF-8', 'AMENT_PREFIX_PATH': '/opt/ros/jazzy', 'ROS_WS': '/convince_ws', 'ROS_AUTOMATIC_DISCOVERY_RANGE': 'SUBNET', 'PWD': '/convince_ws/build/overarching_msgs', 'LC_ALL': 'C.UTF-8', 'PYTHONPATH': '/opt/ros/jazzy/lib/python3.12/site-packages', 'COLCON': '1', 'CMAKE_PREFIX_PATH': '/opt/ros/jazzy'}), 'shell': False}
[0.013493] (pyrobosim_msgs) JobProgress: {'identifier': 'pyrobosim_msgs', 'progress': 'cmake'}
[0.013733] (pyrobosim_msgs) JobProgress: {'identifier': 'pyrobosim_msgs', 'progress': 'build'}
[0.013892] (pyrobosim_msgs) Command: {'cmd': ['/usr/bin/cmake', '--build', '/convince_ws/build/pyrobosim_msgs', '--', '-j20', '-l20'], 'cwd': '/convince_ws/build/pyrobosim_msgs', 'env': OrderedDict({'PYTHONWARNINGS': 'ignore:setup.py install is deprecated,ignore:easy_install command is deprecated', 'HOSTNAME': '2581be2b12e1', 'SHLVL': '1', 'LD_LIBRARY_PATH': '/opt/ros/jazzy/opt/zmqpp_vendor/lib:/opt/ros/jazzy/lib/x86_64-linux-gnu:/opt/ros/jazzy/lib', 'HOME': '/root', 'OLDPWD': '/convince_ws', 'ROS_PYTHON_VERSION': '3', 'ROS_DISTRO': 'jazzy', '_': '/usr/bin/colcon', 'ROS_VERSION': '2', 'TERM': 'xterm', 'QT_X11_NO_MITSHM': '1', 'PATH': '/opt/ros/jazzy/bin:/usr/local/sbin:/usr/local/bin:/usr/sbin:/usr/bin:/sbin:/bin', 'DISPLAY': ':1', 'LANG': 'C.UTF-8', 'AMENT_PREFIX_PATH': '/opt/ros/jazzy', 'ROS_WS': '/convince_ws', 'ROS_AUTOMATIC_DISCOVERY_RANGE': 'SUBNET', 'PWD': '/convince_ws/build/pyrobosim_msgs', 'LC_ALL': 'C.UTF-8', 'PYTHONPATH': '/opt/ros/jazzy/lib/python3.12/site-packages', 'COLCON': '1', 'CMAKE_PREFIX_PATH': '/opt/ros/jazzy'}), 'shell': False}
[0.014215] (behaviortree_cpp_v3) JobProgress: {'identifier': 'behaviortree_cpp_v3', 'progress': 'cmake'}
[0.014423] (behaviortree_cpp_v3) JobProgress: {'identifier': 'behaviortree_cpp_v3', 'progress': 'build'}
[0.014570] (behaviortree_cpp_v3) Command: {'cmd': ['/usr/bin/cmake', '--build', '/convince_ws/build/behaviortree_cpp_v3', '--', '-j20', '-l20'], 'cwd': '/convince_ws/build/behaviortree_cpp_v3', 'env': OrderedDict({'PYTHONWARNINGS': 'ignore:setup.py install is deprecated,ignore:easy_install command is deprecated', 'HOSTNAME': '2581be2b12e1', 'SHLVL': '1', 'LD_LIBRARY_PATH': '/opt/ros/jazzy/opt/zmqpp_vendor/lib:/opt/ros/jazzy/lib/x86_64-linux-gnu:/opt/ros/jazzy/lib', 'HOME': '/root', 'OLDPWD': '/convince_ws', 'ROS_PYTHON_VERSION': '3', 'ROS_DISTRO': 'jazzy', '_': '/usr/bin/colcon', 'ROS_VERSION': '2', 'TERM': 'xterm', 'QT_X11_NO_MITSHM': '1', 'PATH': '/opt/ros/jazzy/bin:/usr/local/sbin:/usr/local/bin:/usr/sbin:/usr/bin:/sbin:/bin', 'DISPLAY': ':1', 'LANG': 'C.UTF-8', 'AMENT_PREFIX_PATH': '/opt/ros/jazzy', 'ROS_WS': '/convince_ws', 'ROS_AUTOMATIC_DISCOVERY_RANGE': 'SUBNET', 'PWD': '/convince_ws/build/behaviortree_cpp_v3', 'LC_ALL': 'C.UTF-8', 'PYTHONPATH': '/opt/ros/jazzy/lib/python3.12/site-packages', 'COLCON': '1', 'CMAKE_PREFIX_PATH': '/opt/ros/jazzy'}), 'shell': False}
[0.043136] (bt_interfaces_dummy) StdoutLine: {'line': b'[  1%] Built target bt_interfaces_dummy__rosidl_generator_type_description\n'}
[0.044334] (overarching_msgs) StdoutLine: {'line': b'[  1%] Built target overarching_msgs__rosidl_generator_type_description\n'}
[0.044994] (btcpp_ros2_interfaces) StdoutLine: {'line': b'[  0%] Built target ament_cmake_python_symlink_btcpp_ros2_interfaces\n'}
[0.045188] (behaviortree_cpp_v3) StdoutLine: {'line': b'[  2%] Built target gtest_main\n'}
[0.045297] (btcpp_ros2_interfaces) StdoutLine: {'line': b'[  1%] Built target btcpp_ros2_interfaces__rosidl_generator_type_description\n'}
[0.048098] (bt_interfaces_dummy) StdoutLine: {'line': b'[  1%] Built target ament_cmake_python_symlink_bt_interfaces_dummy\n'}
[0.048370] (behaviortree_cpp_v3) StdoutLine: {'line': b'[  4%] Built target gtest\n'}
[0.051908] (overarching_msgs) StdoutLine: {'line': b'[  1%] Built target ament_cmake_python_symlink_overarching_msgs\n'}
[0.054477] (bt_interfaces_dummy) StdoutLine: {'line': b'[  2%] Built target bt_interfaces_dummy__cpp\n'}
[0.057400] (overarching_msgs) StdoutLine: {'line': b'[  2%] Built target overarching_msgs__cpp\n'}
[0.057567] (pyrobosim_msgs) StdoutLine: {'line': b'[  0%] Built target pyrobosim_msgs__rosidl_generator_type_description\n'}
[0.057953] (btcpp_ros2_interfaces) StdoutLine: {'line': b'[ 23%] Built target btcpp_ros2_interfaces__rosidl_generator_c\n'}
[0.058414] (behaviortree_cpp_v3) StdoutLine: {'line': b'[ 38%] Built target behaviortree_cpp_v3\n'}
[0.058641] (bt_interfaces_dummy) StdoutLine: {'line': b'[ 26%] Built target bt_interfaces_dummy__rosidl_generator_c\n'}
[0.058739] (btcpp_ros2_interfaces) StdoutLine: {'line': b'[ 25%] Built target btcpp_ros2_interfaces__cpp\n'}
[0.062312] (pyrobosim_msgs) StdoutLine: {'line': b'[  0%] Built target ament_cmake_python_symlink_pyrobosim_msgs\n'}
[0.063725] (overarching_msgs) StdoutLine: {'line': b'[ 25%] Built target overarching_msgs__rosidl_generator_c\n'}
[0.076165] (pyrobosim_msgs) StdoutLine: {'line': b'[  0%] Built target pyrobosim_msgs__cpp\n'}
[0.081373] (bt_interfaces_dummy) StdoutLine: {'line': b'[ 35%] Built target bt_interfaces_dummy__rosidl_typesupport_cpp\n'}
[0.084845] (bt_interfaces_dummy) StdoutLine: {'line': b'[ 45%] Built target bt_interfaces_dummy__rosidl_typesupport_fastrtps_c\n'}
[0.085080] (btcpp_ros2_interfaces) StdoutLine: {'line': b'[ 34%] Built target btcpp_ros2_interfaces__rosidl_typesupport_fastrtps_c\n'}
[0.085592] (btcpp_ros2_interfaces) StdoutLine: {'line': b'[ 43%] Built target btcpp_ros2_interfaces__rosidl_typesupport_c\n'}
[0.090217] (btcpp_ros2_interfaces) StdoutLine: {'line': b'[ 53%] Built target btcpp_ros2_interfaces__rosidl_typesupport_fastrtps_cpp\n'}
[0.090398] (btcpp_ros2_interfaces) StdoutLine: {'line': b'[ 62%] Built target btcpp_ros2_interfaces__rosidl_typesupport_introspection_c\n'}
[0.091255] (behaviortree_cpp_v3) StdoutLine: {'line': b'[ 40%] Built target dummy_nodes_dyn\n'}
[0.091396] (overarching_msgs) StdoutLine: {'line': b'[ 35%] Built target overarching_msgs__rosidl_typesupport_c\n'}
[0.091489] (overarching_msgs) StdoutLine: {'line': b'[ 44%] Built target overarching_msgs__rosidl_typesupport_cpp\n'}
[0.091570] (btcpp_ros2_interfaces) StdoutLine: {'line': b'[ 71%] Built target btcpp_ros2_interfaces__rosidl_typesupport_cpp\n'}
[0.091684] (behaviortree_cpp_v3) StdoutLine: {'line': b'[ 42%] Built target crossdoor_nodes_dyn\n'}
[0.091805] (behaviortree_cpp_v3) StdoutLine: {'line': b'[ 44%] Built target movebase_node_dyn\n'}
[0.091936] (btcpp_ros2_interfaces) StdoutLine: {'line': b'[ 81%] Built target btcpp_ros2_interfaces__rosidl_typesupport_introspection_cpp\n'}
[0.093377] (behaviortree_cpp_v3) StdoutLine: {'line': b'[ 48%] Built target bt_sample_nodes\n'}
[0.094230] (bt_interfaces_dummy) StdoutLine: {'line': b'[ 54%] Built target bt_interfaces_dummy__rosidl_typesupport_introspection_cpp\n'}
[0.094365] (bt_interfaces_dummy) StdoutLine: {'line': b'[ 64%] Built target bt_interfaces_dummy__rosidl_typesupport_c\n'}
[0.094448] (bt_interfaces_dummy) StdoutLine: {'line': b'[ 73%] Built target bt_interfaces_dummy__rosidl_typesupport_introspection_c\n'}
[0.095132] (overarching_msgs) StdoutLine: {'line': b'[ 54%] Built target overarching_msgs__rosidl_typesupport_fastrtps_c\n'}
[0.096722] (behaviortree_cpp_v3) StdoutLine: {'line': b'[ 50%] Built target bt3_recorder\n'}
[0.096864] (bt_interfaces_dummy) StdoutLine: {'line': b'[ 83%] Built target bt_interfaces_dummy__rosidl_typesupport_fastrtps_cpp\n'}
[0.097028] (overarching_msgs) StdoutLine: {'line': b'[ 63%] Built target overarching_msgs__rosidl_typesupport_fastrtps_cpp\n'}
[0.097269] (behaviortree_cpp_v3) StdoutLine: {'line': b'[ 52%] Built target t01_first_tree_dynamic\n'}
[0.097341] (behaviortree_cpp_v3) StdoutLine: {'line': b'[ 54%] Built target bt3_plugin_manifest\n'}
[0.097439] (overarching_msgs) StdoutLine: {'line': b'[ 72%] Built target overarching_msgs__rosidl_typesupport_introspection_c\n'}
[0.100072] (-) TimerEvent: {}
[0.102076] (overarching_msgs) StdoutLine: {'line': b'[ 82%] Built target overarching_msgs__rosidl_typesupport_introspection_cpp\n'}
[0.102387] (pyrobosim_msgs) StdoutLine: {'line': b'[ 28%] Built target pyrobosim_msgs__rosidl_generator_c\n'}
[0.103232] (behaviortree_cpp_v3) StdoutLine: {'line': b'[ 56%] Built target bt3_log_cat\n'}
[0.108761] (btcpp_ros2_interfaces) StdoutLine: {'line': b'[ 81%] Built target btcpp_ros2_interfaces\n'}
[0.114768] (bt_interfaces_dummy) StdoutLine: {'line': b'[ 83%] Built target bt_interfaces_dummy\n'}
[0.119444] (behaviortree_cpp_v3) StdoutLine: {'line': b'[ 58%] Built target t02_basic_ports\n'}
[0.119643] (overarching_msgs) StdoutLine: {'line': b'[ 82%] Built target overarching_msgs\n'}
[0.119923] (behaviortree_cpp_v3) StdoutLine: {'line': b'[ 60%] Built target t03_generic_ports\n'}
[0.124219] (behaviortree_cpp_v3) StdoutLine: {'line': b'[ 79%] Built target behaviortree_cpp_v3_test\n'}
[0.124770] (behaviortree_cpp_v3) StdoutLine: {'line': b'[ 81%] Built target t04_reactive_sequence\n'}
[0.124962] (btcpp_ros2_interfaces) StdoutLine: {'line': b'[ 82%] Built target btcpp_ros2_interfaces__py\n'}
[0.125115] (behaviortree_cpp_v3) StdoutLine: {'line': b'[ 83%] Built target t01_first_tree_static\n'}
[0.125220] (pyrobosim_msgs) StdoutLine: {'line': b'[ 38%] Built target pyrobosim_msgs__rosidl_typesupport_c\n'}
[0.125530] (behaviortree_cpp_v3) StdoutLine: {'line': b'[ 85%] Built target t06_subtree_port_remapping\n'}
[0.125659] (behaviortree_cpp_v3) StdoutLine: {'line': b'[ 87%] Built target t07_load_multiple_xml\n'}
[0.127621] (behaviortree_cpp_v3) StdoutLine: {'line': b'[ 89%] Built target t05_crossdoor\n'}
[0.129052] (behaviortree_cpp_v3) StdoutLine: {'line': b'[ 91%] Built target t08_additional_node_args\n'}
[0.129648] (behaviortree_cpp_v3) StdoutLine: {'line': b'[ 93%] Built target ex02_runtime_ports\n'}
[0.129803] (behaviortree_cpp_v3) StdoutLine: {'line': b'[ 95%] Built target ex01_wrap_legacy\n'}
[0.130097] (behaviortree_cpp_v3) StdoutLine: {'line': b'[ 97%] Built target ex03_ncurses_manual_selector\n'}
[0.131248] (pyrobosim_msgs) StdoutLine: {'line': b'[ 48%] Built target pyrobosim_msgs__rosidl_typesupport_introspection_cpp\n'}
[0.131760] (bt_interfaces_dummy) StdoutLine: {'line': b'[ 84%] Built target bt_interfaces_dummy__py\n'}
[0.132477] (pyrobosim_msgs) StdoutLine: {'line': b'[ 58%] Built target pyrobosim_msgs__rosidl_typesupport_introspection_c\n'}
[0.132696] (pyrobosim_msgs) StdoutLine: {'line': b'[ 68%] Built target pyrobosim_msgs__rosidl_typesupport_cpp\n'}
[0.135363] (overarching_msgs) StdoutLine: {'line': b'[ 83%] Built target overarching_msgs__py\n'}
[0.136297] (pyrobosim_msgs) StdoutLine: {'line': b'[ 77%] Built target pyrobosim_msgs__rosidl_typesupport_fastrtps_c\n'}
[0.140430] (behaviortree_cpp_v3) StdoutLine: {'line': b'[100%] Built target ex04_waypoints\n'}
[0.141101] (pyrobosim_msgs) StdoutLine: {'line': b'[ 87%] Built target pyrobosim_msgs__rosidl_typesupport_fastrtps_cpp\n'}
[0.141614] (btcpp_ros2_interfaces) StdoutLine: {'line': b'[ 90%] Built target btcpp_ros2_interfaces__rosidl_generator_py\n'}
[0.145458] (bt_interfaces_dummy) StdoutLine: {'line': b'[ 92%] Built target bt_interfaces_dummy__rosidl_generator_py\n'}
[0.148437] (overarching_msgs) StdoutLine: {'line': b'[ 91%] Built target overarching_msgs__rosidl_generator_py\n'}
[0.153932] (btcpp_ros2_interfaces) StdoutLine: {'line': b'[ 93%] Built target btcpp_ros2_interfaces_s__rosidl_typesupport_c\n'}
[0.154250] (btcpp_ros2_interfaces) StdoutLine: {'line': b'[ 96%] Built target btcpp_ros2_interfaces_s__rosidl_typesupport_introspection_c\n'}
[0.154811] (pyrobosim_msgs) StdoutLine: {'line': b'[ 87%] Built target pyrobosim_msgs\n'}
[0.155046] (btcpp_ros2_interfaces) StdoutLine: {'line': b'[100%] Built target btcpp_ros2_interfaces_s__rosidl_typesupport_fastrtps_c\n'}
[0.159877] (bt_interfaces_dummy) StdoutLine: {'line': b'[ 95%] Built target bt_interfaces_dummy_s__rosidl_typesupport_fastrtps_c\n'}
[0.160080] (bt_interfaces_dummy) StdoutLine: {'line': b'[ 97%] Built target bt_interfaces_dummy_s__rosidl_typesupport_introspection_c\n'}
[0.160423] (overarching_msgs) StdoutLine: {'line': b'[ 94%] Built target overarching_msgs_s__rosidl_typesupport_c\n'}
[0.161141] (bt_interfaces_dummy) StdoutLine: {'line': b'[100%] Built target bt_interfaces_dummy_s__rosidl_typesupport_c\n'}
[0.163053] (overarching_msgs) StdoutLine: {'line': b'[ 97%] Built target overarching_msgs_s__rosidl_typesupport_fastrtps_c\n'}
[0.163627] (overarching_msgs) StdoutLine: {'line': b'[100%] Built target overarching_msgs_s__rosidl_typesupport_introspection_c\n'}
[0.165985] (pyrobosim_msgs) StdoutLine: {'line': b'[ 87%] Built target pyrobosim_msgs__py\n'}
[0.188057] (pyrobosim_msgs) StdoutLine: {'line': b'[ 97%] Built target pyrobosim_msgs__rosidl_generator_py\n'}
[0.188610] (behaviortree_cpp_v3) CommandEnded: {'returncode': 0}
[0.189038] (behaviortree_cpp_v3) JobProgress: {'identifier': 'behaviortree_cpp_v3', 'progress': 'install'}
[0.189568] (overarching_msgs) StdoutLine: {'line': b'running egg_info\n'}
[0.193652] (behaviortree_cpp_v3) Command: {'cmd': ['/usr/bin/cmake', '--install', '/convince_ws/build/behaviortree_cpp_v3'], 'cwd': '/convince_ws/build/behaviortree_cpp_v3', 'env': OrderedDict({'PYTHONWARNINGS': 'ignore:setup.py install is deprecated,ignore:easy_install command is deprecated', 'HOSTNAME': '2581be2b12e1', 'SHLVL': '1', 'LD_LIBRARY_PATH': '/opt/ros/jazzy/opt/zmqpp_vendor/lib:/opt/ros/jazzy/lib/x86_64-linux-gnu:/opt/ros/jazzy/lib', 'HOME': '/root', 'OLDPWD': '/convince_ws', 'ROS_PYTHON_VERSION': '3', 'ROS_DISTRO': 'jazzy', '_': '/usr/bin/colcon', 'ROS_VERSION': '2', 'TERM': 'xterm', 'QT_X11_NO_MITSHM': '1', 'PATH': '/opt/ros/jazzy/bin:/usr/local/sbin:/usr/local/bin:/usr/sbin:/usr/bin:/sbin:/bin', 'DISPLAY': ':1', 'LANG': 'C.UTF-8', 'AMENT_PREFIX_PATH': '/opt/ros/jazzy', 'ROS_WS': '/convince_ws', 'ROS_AUTOMATIC_DISCOVERY_RANGE': 'SUBNET', 'PWD': '/convince_ws/build/behaviortree_cpp_v3', 'LC_ALL': 'C.UTF-8', 'PYTHONPATH': '/opt/ros/jazzy/lib/python3.12/site-packages', 'COLCON': '1', 'CMAKE_PREFIX_PATH': '/opt/ros/jazzy'}), 'shell': False}
[0.193959] (btcpp_ros2_interfaces) StdoutLine: {'line': b'running egg_info\n'}
[0.194226] (pyrobosim_msgs) StdoutLine: {'line': b'running egg_info\n'}
[0.196423] (overarching_msgs) StdoutLine: {'line': b'writing overarching_msgs.egg-info/PKG-INFO\n'}
[0.196579] (overarching_msgs) StdoutLine: {'line': b'writing dependency_links to overarching_msgs.egg-info/dependency_links.txt\n'}
[0.196677] (overarching_msgs) StdoutLine: {'line': b'writing top-level names to overarching_msgs.egg-info/top_level.txt\n'}
[0.199707] (behaviortree_cpp_v3) StdoutLine: {'line': b'-- Install configuration: ""\n'}
[0.200078] (behaviortree_cpp_v3) StdoutLine: {'line': b'-- Execute custom install script\n'}
[0.200183] (-) TimerEvent: {}
[0.200303] (behaviortree_cpp_v3) StdoutLine: {'line': b'-- Up-to-date symlink: /convince_ws/install/behaviortree_cpp_v3/share/behaviortree_cpp_v3/environment/library_path.sh\n'}
[0.200441] (behaviortree_cpp_v3) StdoutLine: {'line': b'-- Up-to-date symlink: /convince_ws/install/behaviortree_cpp_v3/share/behaviortree_cpp_v3/environment/library_path.dsv\n'}
[0.200576] (pyrobosim_msgs) StdoutLine: {'line': b'[ 98%] Built target pyrobosim_msgs_s__rosidl_typesupport_c\n'}
[0.200681] (behaviortree_cpp_v3) StdoutLine: {'line': b'-- Up-to-date symlink: /convince_ws/install/behaviortree_cpp_v3/share/ament_index/resource_index/package_run_dependencies/behaviortree_cpp_v3\n'}
[0.200758] (btcpp_ros2_interfaces) StdoutLine: {'line': b'writing btcpp_ros2_interfaces.egg-info/PKG-INFO\n'}
[0.200840] (behaviortree_cpp_v3) StdoutLine: {'line': b'-- Up-to-date symlink: /convince_ws/install/behaviortree_cpp_v3/share/ament_index/resource_index/parent_prefix_path/behaviortree_cpp_v3\n'}
[0.200943] (btcpp_ros2_interfaces) StdoutLine: {'line': b'writing dependency_links to btcpp_ros2_interfaces.egg-info/dependency_links.txt\n'}
[0.201021] (behaviortree_cpp_v3) StdoutLine: {'line': b'-- Up-to-date symlink: /convince_ws/install/behaviortree_cpp_v3/share/behaviortree_cpp_v3/environment/ament_prefix_path.sh\n'}
[0.201098] (btcpp_ros2_interfaces) StdoutLine: {'line': b'writing top-level names to btcpp_ros2_interfaces.egg-info/top_level.txt\n'}
[0.201192] (pyrobosim_msgs) StdoutLine: {'line': b'writing pyrobosim_msgs.egg-info/PKG-INFO\n'}
[0.201262] (behaviortree_cpp_v3) StdoutLine: {'line': b'-- Up-to-date symlink: /convince_ws/install/behaviortree_cpp_v3/share/behaviortree_cpp_v3/environment/ament_prefix_path.dsv\n'}
[0.201339] (pyrobosim_msgs) StdoutLine: {'line': b'writing dependency_links to pyrobosim_msgs.egg-info/dependency_links.txt\n'}
[0.201403] (behaviortree_cpp_v3) StdoutLine: {'line': b'-- Up-to-date symlink: /convince_ws/install/behaviortree_cpp_v3/share/behaviortree_cpp_v3/environment/path.sh\n'}
[0.201479] (pyrobosim_msgs) StdoutLine: {'line': b'writing top-level names to pyrobosim_msgs.egg-info/top_level.txt\n'}
[0.201553] (behaviortree_cpp_v3) StdoutLine: {'line': b'-- Up-to-date symlink: /convince_ws/install/behaviortree_cpp_v3/share/behaviortree_cpp_v3/environment/path.dsv\n'}
[0.201618] (behaviortree_cpp_v3) StdoutLine: {'line': b'-- Up-to-date symlink: /convince_ws/install/behaviortree_cpp_v3/share/behaviortree_cpp_v3/local_setup.bash\n'}
[0.201690] (behaviortree_cpp_v3) StdoutLine: {'line': b'-- Up-to-date symlink: /convince_ws/install/behaviortree_cpp_v3/share/behaviortree_cpp_v3/local_setup.sh\n'}
[0.201754] (behaviortree_cpp_v3) StdoutLine: {'line': b'-- Up-to-date symlink: /convince_ws/install/behaviortree_cpp_v3/share/behaviortree_cpp_v3/local_setup.zsh\n'}
[0.201827] (behaviortree_cpp_v3) StdoutLine: {'line': b'-- Up-to-date symlink: /convince_ws/install/behaviortree_cpp_v3/share/behaviortree_cpp_v3/local_setup.dsv\n'}
[0.201903] (behaviortree_cpp_v3) StdoutLine: {'line': b'-- Symlinking: /convince_ws/install/behaviortree_cpp_v3/share/behaviortree_cpp_v3/package.dsv\n'}
[0.202941] (pyrobosim_msgs) StdoutLine: {'line': b'[ 99%] Built target pyrobosim_msgs_s__rosidl_typesupport_introspection_c\n'}
[0.203283] (bt_interfaces_dummy) StdoutLine: {'line': b'running egg_info\n'}
[0.203858] (pyrobosim_msgs) StdoutLine: {'line': b'[100%] Built target pyrobosim_msgs_s__rosidl_typesupport_fastrtps_c\n'}
[0.208896] (behaviortree_cpp_v3) StdoutLine: {'line': b'-- Up-to-date symlink: /convince_ws/install/behaviortree_cpp_v3/share/ament_index/resource_index/packages/behaviortree_cpp_v3\n'}
[0.209049] (behaviortree_cpp_v3) StdoutLine: {'line': b'-- Up-to-date symlink: /convince_ws/install/behaviortree_cpp_v3/share/behaviortree_cpp_v3/cmake/ament_cmake_export_dependencies-extras.cmake\n'}
[0.209152] (behaviortree_cpp_v3) StdoutLine: {'line': b'-- Up-to-date symlink: /convince_ws/install/behaviortree_cpp_v3/share/behaviortree_cpp_v3/cmake/ament_cmake_export_include_directories-extras.cmake\n'}
[0.209394] (behaviortree_cpp_v3) StdoutLine: {'line': b'-- Up-to-date symlink: /convince_ws/install/behaviortree_cpp_v3/share/behaviortree_cpp_v3/cmake/ament_cmake_export_libraries-extras.cmake\n'}
[0.209542] (behaviortree_cpp_v3) StdoutLine: {'line': b'-- Up-to-date symlink: /convince_ws/install/behaviortree_cpp_v3/share/behaviortree_cpp_v3/cmake/ament_cmake_export_targets-extras.cmake\n'}
[0.209646] (behaviortree_cpp_v3) StdoutLine: {'line': b'-- Up-to-date symlink: /convince_ws/install/behaviortree_cpp_v3/share/behaviortree_cpp_v3/cmake/behaviortree_cpp_v3Config.cmake\n'}
[0.209729] (behaviortree_cpp_v3) StdoutLine: {'line': b'-- Up-to-date symlink: /convince_ws/install/behaviortree_cpp_v3/share/behaviortree_cpp_v3/cmake/behaviortree_cpp_v3Config-version.cmake\n'}
[0.209810] (behaviortree_cpp_v3) StdoutLine: {'line': b'-- Up-to-date symlink: /convince_ws/install/behaviortree_cpp_v3/share/behaviortree_cpp_v3/package.xml\n'}
[0.209886] (behaviortree_cpp_v3) StdoutLine: {'line': b'-- Up-to-date symlink: /convince_ws/install/behaviortree_cpp_v3/lib/cmake/behaviortree_cpp_v3/behaviortree_cpp_v3Config.cmake\n'}
[0.209965] (behaviortree_cpp_v3) StdoutLine: {'line': b'-- Up-to-date symlink: /convince_ws/install/behaviortree_cpp_v3/bin/bt3_log_cat\n'}
[0.210051] (behaviortree_cpp_v3) StdoutLine: {'line': b'-- Up-to-date symlink: /convince_ws/install/behaviortree_cpp_v3/bin/bt3_recorder\n'}
[0.210138] (bt_interfaces_dummy) StdoutLine: {'line': b'writing bt_interfaces_dummy.egg-info/PKG-INFO\n'}
[0.210226] (behaviortree_cpp_v3) StdoutLine: {'line': b'-- Up-to-date symlink: /convince_ws/install/behaviortree_cpp_v3/bin/bt3_plugin_manifest\n'}
[0.210361] (behaviortree_cpp_v3) StdoutLine: {'line': b'-- Up-to-date: /convince_ws/install/behaviortree_cpp_v3/share/behaviortree_cpp_v3/cmake/behaviortree_cpp_v3TargetsExport.cmake\n'}
[0.210490] (bt_interfaces_dummy) StdoutLine: {'line': b'writing dependency_links to bt_interfaces_dummy.egg-info/dependency_links.txt\n'}
[0.210619] (behaviortree_cpp_v3) StdoutLine: {'line': b'-- Up-to-date: /convince_ws/install/behaviortree_cpp_v3/share/behaviortree_cpp_v3/cmake/behaviortree_cpp_v3TargetsExport-noconfig.cmake\n'}
[0.210760] (behaviortree_cpp_v3) StdoutLine: {'line': b'-- Up-to-date: /convince_ws/install/behaviortree_cpp_v3/include\n'}
[0.210927] (behaviortree_cpp_v3) StdoutLine: {'line': b'-- Up-to-date: /convince_ws/install/behaviortree_cpp_v3/include/behaviortree_cpp_v3\n'}
[0.211025] (behaviortree_cpp_v3) StdoutLine: {'line': b'-- Up-to-date: /convince_ws/install/behaviortree_cpp_v3/include/behaviortree_cpp_v3/actions\n'}
[0.211229] (bt_interfaces_dummy) StdoutLine: {'line': b'writing top-level names to bt_interfaces_dummy.egg-info/top_level.txt\n'}
[0.211300] (behaviortree_cpp_v3) StdoutLine: {'line': b'-- Up-to-date: /convince_ws/install/behaviortree_cpp_v3/include/behaviortree_cpp_v3/actions/always_failure_node.h\n'}
[0.211381] (behaviortree_cpp_v3) StdoutLine: {'line': b'-- Up-to-date: /convince_ws/install/behaviortree_cpp_v3/include/behaviortree_cpp_v3/actions/pop_from_queue.hpp\n'}
[0.211447] (behaviortree_cpp_v3) StdoutLine: {'line': b'-- Up-to-date: /convince_ws/install/behaviortree_cpp_v3/include/behaviortree_cpp_v3/actions/always_success_node.h\n'}
[0.211515] (behaviortree_cpp_v3) StdoutLine: {'line': b'-- Up-to-date: /convince_ws/install/behaviortree_cpp_v3/include/behaviortree_cpp_v3/actions/set_blackboard_node.h\n'}
[0.211597] (behaviortree_cpp_v3) StdoutLine: {'line': b'-- Up-to-date: /convince_ws/install/behaviortree_cpp_v3/include/behaviortree_cpp_v3/action_node.h\n'}
[0.211662] (behaviortree_cpp_v3) StdoutLine: {'line': b'-- Up-to-date: /convince_ws/install/behaviortree_cpp_v3/include/behaviortree_cpp_v3/controls\n'}
[0.211727] (behaviortree_cpp_v3) StdoutLine: {'line': b'-- Up-to-date: /convince_ws/install/behaviortree_cpp_v3/include/behaviortree_cpp_v3/controls/parallel_node.h\n'}
[0.211790] (behaviortree_cpp_v3) StdoutLine: {'line': b'-- Up-to-date: /convince_ws/install/behaviortree_cpp_v3/include/behaviortree_cpp_v3/controls/reactive_fallback.h\n'}
[0.211853] (behaviortree_cpp_v3) StdoutLine: {'line': b'-- Up-to-date: /convince_ws/install/behaviortree_cpp_v3/include/behaviortree_cpp_v3/controls/sequence_star_node.h\n'}
[0.211916] (behaviortree_cpp_v3) StdoutLine: {'line': b'-- Up-to-date: /convince_ws/install/behaviortree_cpp_v3/include/behaviortree_cpp_v3/controls/if_then_else_node.h\n'}
[0.211979] (behaviortree_cpp_v3) StdoutLine: {'line': b'-- Up-to-date: /convince_ws/install/behaviortree_cpp_v3/include/behaviortree_cpp_v3/controls/reactive_sequence.h\n'}
[0.212045] (behaviortree_cpp_v3) StdoutLine: {'line': b'-- Up-to-date: /convince_ws/install/behaviortree_cpp_v3/include/behaviortree_cpp_v3/controls/sequence_node.h\n'}
[0.212110] (behaviortree_cpp_v3) StdoutLine: {'line': b'-- Up-to-date: /convince_ws/install/behaviortree_cpp_v3/include/behaviortree_cpp_v3/controls/while_do_else_node.h\n'}
[0.212183] (behaviortree_cpp_v3) StdoutLine: {'line': b'-- Up-to-date: /convince_ws/install/behaviortree_cpp_v3/include/behaviortree_cpp_v3/controls/switch_node.h\n'}
[0.212249] (behaviortree_cpp_v3) StdoutLine: {'line': b'-- Up-to-date: /convince_ws/install/behaviortree_cpp_v3/include/behaviortree_cpp_v3/controls/fallback_node.h\n'}
[0.212315] (behaviortree_cpp_v3) StdoutLine: {'line': b'-- Up-to-date: /convince_ws/install/behaviortree_cpp_v3/include/behaviortree_cpp_v3/controls/manual_node.h\n'}
[0.212413] (behaviortree_cpp_v3) StdoutLine: {'line': b'-- Up-to-date: /convince_ws/install/behaviortree_cpp_v3/include/behaviortree_cpp_v3/basic_types.h\n'}
[0.212536] (behaviortree_cpp_v3) StdoutLine: {'line': b'-- Up-to-date: /convince_ws/install/behaviortree_cpp_v3/include/behaviortree_cpp_v3/control_node.h\n'}
[0.212605] (behaviortree_cpp_v3) StdoutLine: {'line': b'-- Up-to-date: /convince_ws/install/behaviortree_cpp_v3/include/behaviortree_cpp_v3/leaf_node.h\n'}
[0.212715] (behaviortree_cpp_v3) StdoutLine: {'line': b'-- Up-to-date: /convince_ws/install/behaviortree_cpp_v3/include/behaviortree_cpp_v3/decorator_node.h\n'}
[0.212782] (behaviortree_cpp_v3) StdoutLine: {'line': b'-- Up-to-date: /convince_ws/install/behaviortree_cpp_v3/include/behaviortree_cpp_v3/utils\n'}
[0.212849] (behaviortree_cpp_v3) StdoutLine: {'line': b'-- Up-to-date: /convince_ws/install/behaviortree_cpp_v3/include/behaviortree_cpp_v3/utils/make_unique.hpp\n'}
[0.213044] (behaviortree_cpp_v3) StdoutLine: {'line': b'-- Up-to-date: /convince_ws/install/behaviortree_cpp_v3/include/behaviortree_cpp_v3/utils/shared_library.h\n'}
[0.213449] (behaviortree_cpp_v3) StdoutLine: {'line': b'-- Up-to-date: /convince_ws/install/behaviortree_cpp_v3/include/behaviortree_cpp_v3/utils/expected.hpp\n'}
[0.213576] (behaviortree_cpp_v3) StdoutLine: {'line': b'-- Up-to-date: /convince_ws/install/behaviortree_cpp_v3/include/behaviortree_cpp_v3/utils/simple_string.hpp\n'}
[0.213670] (behaviortree_cpp_v3) StdoutLine: {'line': b'-- Up-to-date: /convince_ws/install/behaviortree_cpp_v3/include/behaviortree_cpp_v3/utils/strcat.hpp\n'}
[0.213762] (behaviortree_cpp_v3) StdoutLine: {'line': b'-- Up-to-date: /convince_ws/install/behaviortree_cpp_v3/include/behaviortree_cpp_v3/utils/any.hpp\n'}
[0.213879] (behaviortree_cpp_v3) StdoutLine: {'line': b'-- Up-to-date: /convince_ws/install/behaviortree_cpp_v3/include/behaviortree_cpp_v3/utils/string_view.hpp\n'}
[0.213963] (behaviortree_cpp_v3) StdoutLine: {'line': b'-- Up-to-date: /convince_ws/install/behaviortree_cpp_v3/include/behaviortree_cpp_v3/utils/platform.hpp\n'}
[0.214049] (behaviortree_cpp_v3) StdoutLine: {'line': b'-- Up-to-date: /convince_ws/install/behaviortree_cpp_v3/include/behaviortree_cpp_v3/utils/signal.h\n'}
[0.214132] (behaviortree_cpp_v3) StdoutLine: {'line': b'-- Up-to-date: /convince_ws/install/behaviortree_cpp_v3/include/behaviortree_cpp_v3/utils/safe_any.hpp\n'}
[0.214210] (behaviortree_cpp_v3) StdoutLine: {'line': b'-- Up-to-date: /convince_ws/install/behaviortree_cpp_v3/include/behaviortree_cpp_v3/utils/wakeup_signal.hpp\n'}
[0.214294] (behaviortree_cpp_v3) StdoutLine: {'line': b'-- Up-to-date: /convince_ws/install/behaviortree_cpp_v3/include/behaviortree_cpp_v3/utils/demangle_util.h\n'}
[0.214402] (behaviortree_cpp_v3) StdoutLine: {'line': b'-- Up-to-date: /convince_ws/install/behaviortree_cpp_v3/include/behaviortree_cpp_v3/utils/convert_impl.hpp\n'}
[0.214471] (behaviortree_cpp_v3) StdoutLine: {'line': b'-- Up-to-date: /convince_ws/install/behaviortree_cpp_v3/include/behaviortree_cpp_v3/xml_parsing.h\n'}
[0.214539] (behaviortree_cpp_v3) StdoutLine: {'line': b'-- Up-to-date: /convince_ws/install/behaviortree_cpp_v3/include/behaviortree_cpp_v3/bt_parser.h\n'}
[0.214638] (behaviortree_cpp_v3) StdoutLine: {'line': b'-- Up-to-date: /convince_ws/install/behaviortree_cpp_v3/include/behaviortree_cpp_v3/flatbuffers\n'}
[0.214714] (behaviortree_cpp_v3) StdoutLine: {'line': b'-- Up-to-date: /convince_ws/install/behaviortree_cpp_v3/include/behaviortree_cpp_v3/flatbuffers/stl_emulation.h\n'}
[0.214782] (behaviortree_cpp_v3) StdoutLine: {'line': b'-- Up-to-date: /convince_ws/install/behaviortree_cpp_v3/include/behaviortree_cpp_v3/flatbuffers/flatbuffers.h\n'}
[0.214855] (behaviortree_cpp_v3) StdoutLine: {'line': b'-- Up-to-date: /convince_ws/install/behaviortree_cpp_v3/include/behaviortree_cpp_v3/flatbuffers/base.h\n'}
[0.214925] (behaviortree_cpp_v3) StdoutLine: {'line': b'-- Up-to-date: /convince_ws/install/behaviortree_cpp_v3/include/behaviortree_cpp_v3/flatbuffers/BT_logger_generated.h\n'}
[0.215093] (behaviortree_cpp_v3) StdoutLine: {'line': b'-- Up-to-date: /convince_ws/install/behaviortree_cpp_v3/include/behaviortree_cpp_v3/flatbuffers/bt_flatbuffer_helper.h\n'}
[0.215346] (behaviortree_cpp_v3) StdoutLine: {'line': b'-- Up-to-date: /convince_ws/install/behaviortree_cpp_v3/include/behaviortree_cpp_v3/tree_node.h\n'}
[0.215428] (behaviortree_cpp_v3) StdoutLine: {'line': b'-- Up-to-date: /convince_ws/install/behaviortree_cpp_v3/include/behaviortree_cpp_v3/blackboard.h\n'}
[0.215505] (behaviortree_cpp_v3) StdoutLine: {'line': b'-- Up-to-date: /convince_ws/install/behaviortree_cpp_v3/include/behaviortree_cpp_v3/bt_factory.h\n'}
[0.215588] (behaviortree_cpp_v3) StdoutLine: {'line': b'-- Up-to-date: /convince_ws/install/behaviortree_cpp_v3/include/behaviortree_cpp_v3/behavior_tree.h\n'}
[0.215780] (behaviortree_cpp_v3) StdoutLine: {'line': b'-- Up-to-date: /convince_ws/install/behaviortree_cpp_v3/include/behaviortree_cpp_v3/loggers\n'}
[0.215862] (behaviortree_cpp_v3) StdoutLine: {'line': b'-- Up-to-date: /convince_ws/install/behaviortree_cpp_v3/include/behaviortree_cpp_v3/loggers/abstract_logger.h\n'}
[0.215943] (behaviortree_cpp_v3) StdoutLine: {'line': b'-- Up-to-date: /convince_ws/install/behaviortree_cpp_v3/include/behaviortree_cpp_v3/loggers/bt_file_logger.h\n'}
[0.216012] (behaviortree_cpp_v3) StdoutLine: {'line': b'-- Up-to-date: /convince_ws/install/behaviortree_cpp_v3/include/behaviortree_cpp_v3/loggers/bt_minitrace_logger.h\n'}
[0.216247] (behaviortree_cpp_v3) StdoutLine: {'line': b'-- Up-to-date: /convince_ws/install/behaviortree_cpp_v3/include/behaviortree_cpp_v3/loggers/bt_cout_logger.h\n'}
[0.216413] (behaviortree_cpp_v3) StdoutLine: {'line': b'-- Up-to-date: /convince_ws/install/behaviortree_cpp_v3/include/behaviortree_cpp_v3/loggers/bt_zmq_publisher.h\n'}
[0.216490] (behaviortree_cpp_v3) StdoutLine: {'line': b'-- Up-to-date: /convince_ws/install/behaviortree_cpp_v3/include/behaviortree_cpp_v3/decorators\n'}
[0.216584] (behaviortree_cpp_v3) StdoutLine: {'line': b'-- Up-to-date: /convince_ws/install/behaviortree_cpp_v3/include/behaviortree_cpp_v3/decorators/repeat_node.h\n'}
[0.216664] (behaviortree_cpp_v3) StdoutLine: {'line': b'-- Up-to-date: /convince_ws/install/behaviortree_cpp_v3/include/behaviortree_cpp_v3/decorators/retry_node.h\n'}
[0.216731] (behaviortree_cpp_v3) StdoutLine: {'line': b'-- Up-to-date: /convince_ws/install/behaviortree_cpp_v3/include/behaviortree_cpp_v3/decorators/inverter_node.h\n'}
[0.216804] (behaviortree_cpp_v3) StdoutLine: {'line': b'-- Up-to-date: /convince_ws/install/behaviortree_cpp_v3/include/behaviortree_cpp_v3/decorators/blackboard_precondition.h\n'}
[0.216918] (behaviortree_cpp_v3) StdoutLine: {'line': b'-- Up-to-date: /convince_ws/install/behaviortree_cpp_v3/include/behaviortree_cpp_v3/decorators/timeout_node.h\n'}
[0.216998] (behaviortree_cpp_v3) StdoutLine: {'line': b'-- Up-to-date: /convince_ws/install/behaviortree_cpp_v3/include/behaviortree_cpp_v3/decorators/subtree_node.h\n'}
[0.217077] (behaviortree_cpp_v3) StdoutLine: {'line': b'-- Up-to-date: /convince_ws/install/behaviortree_cpp_v3/include/behaviortree_cpp_v3/decorators/consume_queue.h\n'}
[0.217158] (behaviortree_cpp_v3) StdoutLine: {'line': b'-- Up-to-date: /convince_ws/install/behaviortree_cpp_v3/include/behaviortree_cpp_v3/decorators/keep_running_until_failure_node.h\n'}
[0.217233] (behaviortree_cpp_v3) StdoutLine: {'line': b'-- Up-to-date: /convince_ws/install/behaviortree_cpp_v3/include/behaviortree_cpp_v3/decorators/timer_queue.h\n'}
[0.217320] (behaviortree_cpp_v3) StdoutLine: {'line': b'-- Up-to-date: /convince_ws/install/behaviortree_cpp_v3/include/behaviortree_cpp_v3/decorators/force_failure_node.h\n'}
[0.217396] (behaviortree_cpp_v3) StdoutLine: {'line': b'-- Up-to-date: /convince_ws/install/behaviortree_cpp_v3/include/behaviortree_cpp_v3/decorators/force_success_node.h\n'}
[0.217497] (behaviortree_cpp_v3) StdoutLine: {'line': b'-- Up-to-date: /convince_ws/install/behaviortree_cpp_v3/include/behaviortree_cpp_v3/decorators/delay_node.h\n'}
[0.217579] (behaviortree_cpp_v3) StdoutLine: {'line': b'-- Up-to-date: /convince_ws/install/behaviortree_cpp_v3/include/behaviortree_cpp_v3/exceptions.h\n'}
[0.217661] (behaviortree_cpp_v3) StdoutLine: {'line': b'-- Up-to-date: /convince_ws/install/behaviortree_cpp_v3/include/behaviortree_cpp_v3/condition_node.h\n'}
[0.217765] (behaviortree_cpp_v3) StdoutLine: {'line': b'-- Up-to-date: /convince_ws/install/behaviortree_cpp_v3/lib/libbehaviortree_cpp_v3.so\n'}
[0.217860] (behaviortree_cpp_v3) StdoutLine: {'line': b'-- Up-to-date: /convince_ws/install/behaviortree_cpp_v3/lib/cmake/behaviortree_cpp_v3/behaviortree_cpp_v3Targets.cmake\n'}
[0.217934] (behaviortree_cpp_v3) StdoutLine: {'line': b'-- Up-to-date: /convince_ws/install/behaviortree_cpp_v3/lib/cmake/behaviortree_cpp_v3/behaviortree_cpp_v3Targets-noconfig.cmake\n'}
[0.218007] (behaviortree_cpp_v3) CommandEnded: {'returncode': 0}
[0.218213] (overarching_msgs) StdoutLine: {'line': b"reading manifest file 'overarching_msgs.egg-info/SOURCES.txt'\n"}
[0.218310] (overarching_msgs) StdoutLine: {'line': b"writing manifest file 'overarching_msgs.egg-info/SOURCES.txt'\n"}
[0.220128] (btcpp_ros2_interfaces) StdoutLine: {'line': b"reading manifest file 'btcpp_ros2_interfaces.egg-info/SOURCES.txt'\n"}
[0.220685] (btcpp_ros2_interfaces) StdoutLine: {'line': b"writing manifest file 'btcpp_ros2_interfaces.egg-info/SOURCES.txt'\n"}
[0.220855] (pyrobosim_msgs) StdoutLine: {'line': b"reading manifest file 'pyrobosim_msgs.egg-info/SOURCES.txt'\n"}
[0.221245] (pyrobosim_msgs) StdoutLine: {'line': b"writing manifest file 'pyrobosim_msgs.egg-info/SOURCES.txt'\n"}
[0.230299] (bt_interfaces_dummy) StdoutLine: {'line': b"reading manifest file 'bt_interfaces_dummy.egg-info/SOURCES.txt'\n"}
[0.230746] (bt_interfaces_dummy) StdoutLine: {'line': b"writing manifest file 'bt_interfaces_dummy.egg-info/SOURCES.txt'\n"}
[0.233177] (overarching_msgs) StdoutLine: {'line': b'[100%] Built target ament_cmake_python_build_overarching_msgs_egg\n'}
[0.237894] (behaviortree_cpp_v3) JobEnded: {'identifier': 'behaviortree_cpp_v3', 'rc': 0}
[0.238704] (pyrobosim_msgs) StdoutLine: {'line': b'[100%] Built target ament_cmake_python_build_pyrobosim_msgs_egg\n'}
[0.239794] (btcpp_ros2_interfaces) StdoutLine: {'line': b'[100%] Built target ament_cmake_python_build_btcpp_ros2_interfaces_egg\n'}
[0.240490] (overarching_msgs) CommandEnded: {'returncode': 0}
[0.240994] (overarching_msgs) JobProgress: {'identifier': 'overarching_msgs', 'progress': 'install'}
[0.241164] (overarching_msgs) Command: {'cmd': ['/usr/bin/cmake', '--install', '/convince_ws/build/overarching_msgs'], 'cwd': '/convince_ws/build/overarching_msgs', 'env': OrderedDict({'PYTHONWARNINGS': 'ignore:setup.py install is deprecated,ignore:easy_install command is deprecated', 'HOSTNAME': '2581be2b12e1', 'SHLVL': '1', 'LD_LIBRARY_PATH': '/opt/ros/jazzy/opt/zmqpp_vendor/lib:/opt/ros/jazzy/lib/x86_64-linux-gnu:/opt/ros/jazzy/lib', 'HOME': '/root', 'OLDPWD': '/convince_ws', 'ROS_PYTHON_VERSION': '3', 'ROS_DISTRO': 'jazzy', '_': '/usr/bin/colcon', 'ROS_VERSION': '2', 'TERM': 'xterm', 'QT_X11_NO_MITSHM': '1', 'PATH': '/opt/ros/jazzy/bin:/usr/local/sbin:/usr/local/bin:/usr/sbin:/usr/bin:/sbin:/bin', 'DISPLAY': ':1', 'LANG': 'C.UTF-8', 'AMENT_PREFIX_PATH': '/opt/ros/jazzy', 'ROS_WS': '/convince_ws', 'ROS_AUTOMATIC_DISCOVERY_RANGE': 'SUBNET', 'PWD': '/convince_ws/build/overarching_msgs', 'LC_ALL': 'C.UTF-8', 'PYTHONPATH': '/opt/ros/jazzy/lib/python3.12/site-packages', 'COLCON': '1', 'CMAKE_PREFIX_PATH': '/opt/ros/jazzy'}), 'shell': False}
[0.246299] (overarching_msgs) StdoutLine: {'line': b'-- Install configuration: ""\n'}
[0.246527] (overarching_msgs) StdoutLine: {'line': b'-- Execute custom install script\n'}
[0.246688] (overarching_msgs) StdoutLine: {'line': b'-- Up-to-date symlink: /convince_ws/install/overarching_msgs/share/ament_index/resource_index/rosidl_interfaces/overarching_msgs\n'}
[0.246978] (overarching_msgs) StdoutLine: {'line': b'-- Up-to-date symlink: /convince_ws/install/overarching_msgs/share/overarching_msgs/msg/Location.json\n'}
[0.247175] (overarching_msgs) StdoutLine: {'line': b'-- Up-to-date symlink: /convince_ws/install/overarching_msgs/share/overarching_msgs/action/Navigate.json\n'}
[0.247553] (overarching_msgs) StdoutLine: {'line': b'-- Up-to-date symlink: /convince_ws/install/overarching_msgs/share/overarching_msgs/action/Pick.json\n'}
[0.247701] (overarching_msgs) StdoutLine: {'line': b'-- Up-to-date symlink: /convince_ws/install/overarching_msgs/share/overarching_msgs/action/Place.json\n'}
[0.247846] (overarching_msgs) StdoutLine: {'line': b'-- Up-to-date symlink: /convince_ws/install/overarching_msgs/share/overarching_msgs/action/Detect.json\n'}
[0.247945] (overarching_msgs) StdoutLine: {'line': b'-- Up-to-date symlink: /convince_ws/install/overarching_msgs/include/overarching_msgs/overarching_msgs/action/detail/detect__functions.h\n'}
[0.248193] (overarching_msgs) StdoutLine: {'line': b'-- Up-to-date symlink: /convince_ws/install/overarching_msgs/include/overarching_msgs/overarching_msgs/action/detail/detect__struct.h\n'}
[0.248538] (overarching_msgs) StdoutLine: {'line': b'-- Up-to-date symlink: /convince_ws/install/overarching_msgs/include/overarching_msgs/overarching_msgs/action/detail/detect__type_support.h\n'}
[0.248638] (overarching_msgs) StdoutLine: {'line': b'-- Up-to-date symlink: /convince_ws/install/overarching_msgs/include/overarching_msgs/overarching_msgs/action/detail/navigate__functions.h\n'}
[0.248793] (overarching_msgs) StdoutLine: {'line': b'-- Up-to-date symlink: /convince_ws/install/overarching_msgs/include/overarching_msgs/overarching_msgs/action/detail/navigate__struct.h\n'}
[0.249011] (overarching_msgs) StdoutLine: {'line': b'-- Up-to-date symlink: /convince_ws/install/overarching_msgs/include/overarching_msgs/overarching_msgs/action/detail/navigate__type_support.h\n'}
[0.249200] (overarching_msgs) StdoutLine: {'line': b'-- Up-to-date symlink: /convince_ws/install/overarching_msgs/include/overarching_msgs/overarching_msgs/action/detail/pick__functions.h\n'}
[0.249351] (overarching_msgs) StdoutLine: {'line': b'-- Up-to-date symlink: /convince_ws/install/overarching_msgs/include/overarching_msgs/overarching_msgs/action/detail/pick__struct.h\n'}
[0.249390] (overarching_msgs) StdoutLine: {'line': b'-- Up-to-date symlink: /convince_ws/install/overarching_msgs/include/overarching_msgs/overarching_msgs/action/detail/pick__type_support.h\n'}
[0.249442] (pyrobosim_msgs) CommandEnded: {'returncode': 0}
[0.249621] (overarching_msgs) StdoutLine: {'line': b'-- Up-to-date symlink: /convince_ws/install/overarching_msgs/include/overarching_msgs/overarching_msgs/action/detail/place__functions.h\n'}
[0.249662] (overarching_msgs) StdoutLine: {'line': b'-- Up-to-date symlink: /convince_ws/install/overarching_msgs/include/overarching_msgs/overarching_msgs/action/detail/place__struct.h\n'}
[0.249695] (overarching_msgs) StdoutLine: {'line': b'-- Up-to-date symlink: /convince_ws/install/overarching_msgs/include/overarching_msgs/overarching_msgs/action/detail/place__type_support.h\n'}
[0.249727] (overarching_msgs) StdoutLine: {'line': b'-- Up-to-date symlink: /convince_ws/install/overarching_msgs/include/overarching_msgs/overarching_msgs/action/detect.h\n'}
[0.249757] (overarching_msgs) StdoutLine: {'line': b'-- Up-to-date symlink: /convince_ws/install/overarching_msgs/include/overarching_msgs/overarching_msgs/action/navigate.h\n'}
[0.249787] (overarching_msgs) StdoutLine: {'line': b'-- Up-to-date symlink: /convince_ws/install/overarching_msgs/include/overarching_msgs/overarching_msgs/action/pick.h\n'}
[0.249817] (overarching_msgs) StdoutLine: {'line': b'-- Up-to-date symlink: /convince_ws/install/overarching_msgs/include/overarching_msgs/overarching_msgs/action/place.h\n'}
[0.249872] (overarching_msgs) StdoutLine: {'line': b'-- Up-to-date symlink: /convince_ws/install/overarching_msgs/include/overarching_msgs/overarching_msgs/msg/detail/location__functions.h\n'}
[0.249904] (overarching_msgs) StdoutLine: {'line': b'-- Up-to-date symlink: /convince_ws/install/overarching_msgs/include/overarching_msgs/overarching_msgs/msg/detail/location__struct.h\n'}
[0.249935] (overarching_msgs) StdoutLine: {'line': b'-- Up-to-date symlink: /convince_ws/install/overarching_msgs/include/overarching_msgs/overarching_msgs/msg/detail/location__type_support.h\n'}
[0.249965] (overarching_msgs) StdoutLine: {'line': b'-- Up-to-date symlink: /convince_ws/install/overarching_msgs/include/overarching_msgs/overarching_msgs/msg/location.h\n'}
[0.249995] (overarching_msgs) StdoutLine: {'line': b'-- Up-to-date symlink: /convince_ws/install/overarching_msgs/include/overarching_msgs/overarching_msgs/msg/rosidl_generator_c__visibility_control.h\n'}
[0.250025] (overarching_msgs) StdoutLine: {'line': b'-- Up-to-date symlink: /convince_ws/install/overarching_msgs/share/overarching_msgs/environment/library_path.sh\n'}
[0.250054] (overarching_msgs) StdoutLine: {'line': b'-- Up-to-date symlink: /convince_ws/install/overarching_msgs/share/overarching_msgs/environment/library_path.dsv\n'}
[0.250084] (pyrobosim_msgs) JobProgress: {'identifier': 'pyrobosim_msgs', 'progress': 'install'}
[0.250093] (overarching_msgs) StdoutLine: {'line': b'-- Up-to-date symlink: /convince_ws/install/overarching_msgs/include/overarching_msgs/overarching_msgs/action/detail/detect__rosidl_typesupport_fastrtps_c.h\n'}
[0.250129] (overarching_msgs) StdoutLine: {'line': b'-- Up-to-date symlink: /convince_ws/install/overarching_msgs/include/overarching_msgs/overarching_msgs/action/detail/navigate__rosidl_typesupport_fastrtps_c.h\n'}
[0.250322] (pyrobosim_msgs) Command: {'cmd': ['/usr/bin/cmake', '--install', '/convince_ws/build/pyrobosim_msgs'], 'cwd': '/convince_ws/build/pyrobosim_msgs', 'env': OrderedDict({'PYTHONWARNINGS': 'ignore:setup.py install is deprecated,ignore:easy_install command is deprecated', 'HOSTNAME': '2581be2b12e1', 'SHLVL': '1', 'LD_LIBRARY_PATH': '/opt/ros/jazzy/opt/zmqpp_vendor/lib:/opt/ros/jazzy/lib/x86_64-linux-gnu:/opt/ros/jazzy/lib', 'HOME': '/root', 'OLDPWD': '/convince_ws', 'ROS_PYTHON_VERSION': '3', 'ROS_DISTRO': 'jazzy', '_': '/usr/bin/colcon', 'ROS_VERSION': '2', 'TERM': 'xterm', 'QT_X11_NO_MITSHM': '1', 'PATH': '/opt/ros/jazzy/bin:/usr/local/sbin:/usr/local/bin:/usr/sbin:/usr/bin:/sbin:/bin', 'DISPLAY': ':1', 'LANG': 'C.UTF-8', 'AMENT_PREFIX_PATH': '/opt/ros/jazzy', 'ROS_WS': '/convince_ws', 'ROS_AUTOMATIC_DISCOVERY_RANGE': 'SUBNET', 'PWD': '/convince_ws/build/pyrobosim_msgs', 'LC_ALL': 'C.UTF-8', 'PYTHONPATH': '/opt/ros/jazzy/lib/python3.12/site-packages', 'COLCON': '1', 'CMAKE_PREFIX_PATH': '/opt/ros/jazzy'}), 'shell': False}
[0.250803] (bt_interfaces_dummy) StdoutLine: {'line': b'[100%] Built target ament_cmake_python_build_bt_interfaces_dummy_egg\n'}
[0.250924] (overarching_msgs) StdoutLine: {'line': b'-- Up-to-date symlink: /convince_ws/install/overarching_msgs/include/overarching_msgs/overarching_msgs/action/detail/pick__rosidl_typesupport_fastrtps_c.h\n'}
[0.251031] (overarching_msgs) StdoutLine: {'line': b'-- Up-to-date symlink: /convince_ws/install/overarching_msgs/include/overarching_msgs/overarching_msgs/action/detail/place__rosidl_typesupport_fastrtps_c.h\n'}
[0.251135] (overarching_msgs) StdoutLine: {'line': b'-- Up-to-date symlink: /convince_ws/install/overarching_msgs/include/overarching_msgs/overarching_msgs/msg/detail/location__rosidl_typesupport_fastrtps_c.h\n'}
[0.251216] (overarching_msgs) StdoutLine: {'line': b'-- Up-to-date symlink: /convince_ws/install/overarching_msgs/include/overarching_msgs/overarching_msgs/msg/rosidl_typesupport_fastrtps_c__visibility_control.h\n'}
[0.251314] (overarching_msgs) StdoutLine: {'line': b'-- Up-to-date symlink: /convince_ws/install/overarching_msgs/include/overarching_msgs/overarching_msgs/action/detail/detect__rosidl_typesupport_introspection_c.h\n'}
[0.251390] (overarching_msgs) StdoutLine: {'line': b'-- Up-to-date symlink: /convince_ws/install/overarching_msgs/include/overarching_msgs/overarching_msgs/action/detail/navigate__rosidl_typesupport_introspection_c.h\n'}
[0.251466] (btcpp_ros2_interfaces) CommandEnded: {'returncode': 0}
[0.251658] (overarching_msgs) StdoutLine: {'line': b'-- Up-to-date symlink: /convince_ws/install/overarching_msgs/include/overarching_msgs/overarching_msgs/action/detail/pick__rosidl_typesupport_introspection_c.h\n'}
[0.251744] (overarching_msgs) StdoutLine: {'line': b'-- Up-to-date symlink: /convince_ws/install/overarching_msgs/include/overarching_msgs/overarching_msgs/action/detail/place__rosidl_typesupport_introspection_c.h\n'}
[0.251822] (overarching_msgs) StdoutLine: {'line': b'-- Up-to-date symlink: /convince_ws/install/overarching_msgs/include/overarching_msgs/overarching_msgs/msg/detail/location__rosidl_typesupport_introspection_c.h\n'}
[0.251892] (overarching_msgs) StdoutLine: {'line': b'-- Up-to-date symlink: /convince_ws/install/overarching_msgs/include/overarching_msgs/overarching_msgs/msg/rosidl_typesupport_introspection_c__visibility_control.h\n'}
[0.251965] (overarching_msgs) StdoutLine: {'line': b'-- Up-to-date symlink: /convince_ws/install/overarching_msgs/include/overarching_msgs/overarching_msgs/action/detail/detect__builder.hpp\n'}
[0.252058] (overarching_msgs) StdoutLine: {'line': b'-- Up-to-date symlink: /convince_ws/install/overarching_msgs/include/overarching_msgs/overarching_msgs/action/detail/detect__struct.hpp\n'}
[0.252180] (overarching_msgs) StdoutLine: {'line': b'-- Up-to-date symlink: /convince_ws/install/overarching_msgs/include/overarching_msgs/overarching_msgs/action/detail/detect__traits.hpp\n'}
[0.252309] (overarching_msgs) StdoutLine: {'line': b'-- Up-to-date symlink: /convince_ws/install/overarching_msgs/include/overarching_msgs/overarching_msgs/action/detail/detect__type_support.hpp\n'}
[0.252414] (overarching_msgs) StdoutLine: {'line': b'-- Up-to-date symlink: /convince_ws/install/overarching_msgs/include/overarching_msgs/overarching_msgs/action/detail/navigate__builder.hpp\n'}
[0.252508] (overarching_msgs) StdoutLine: {'line': b'-- Up-to-date symlink: /convince_ws/install/overarching_msgs/include/overarching_msgs/overarching_msgs/action/detail/navigate__struct.hpp\n'}
[0.252585] (overarching_msgs) StdoutLine: {'line': b'-- Up-to-date symlink: /convince_ws/install/overarching_msgs/include/overarching_msgs/overarching_msgs/action/detail/navigate__traits.hpp\n'}
[0.252662] (overarching_msgs) StdoutLine: {'line': b'-- Up-to-date symlink: /convince_ws/install/overarching_msgs/include/overarching_msgs/overarching_msgs/action/detail/navigate__type_support.hpp\n'}
[0.252740] (btcpp_ros2_interfaces) JobProgress: {'identifier': 'btcpp_ros2_interfaces', 'progress': 'install'}
[0.252758] (overarching_msgs) StdoutLine: {'line': b'-- Up-to-date symlink: /convince_ws/install/overarching_msgs/include/overarching_msgs/overarching_msgs/action/detail/pick__builder.hpp\n'}
[0.252894] (overarching_msgs) StdoutLine: {'line': b'-- Up-to-date symlink: /convince_ws/install/overarching_msgs/include/overarching_msgs/overarching_msgs/action/detail/pick__struct.hpp\n'}
[0.252961] (overarching_msgs) StdoutLine: {'line': b'-- Up-to-date symlink: /convince_ws/install/overarching_msgs/include/overarching_msgs/overarching_msgs/action/detail/pick__traits.hpp\n'}
[0.253031] (overarching_msgs) StdoutLine: {'line': b'-- Up-to-date symlink: /convince_ws/install/overarching_msgs/include/overarching_msgs/overarching_msgs/action/detail/pick__type_support.hpp\n'}
[0.253100] (overarching_msgs) StdoutLine: {'line': b'-- Up-to-date symlink: /convince_ws/install/overarching_msgs/include/overarching_msgs/overarching_msgs/action/detail/place__builder.hpp\n'}
[0.253205] (overarching_msgs) StdoutLine: {'line': b'-- Up-to-date symlink: /convince_ws/install/overarching_msgs/include/overarching_msgs/overarching_msgs/action/detail/place__struct.hpp\n'}
[0.253285] (overarching_msgs) StdoutLine: {'line': b'-- Up-to-date symlink: /convince_ws/install/overarching_msgs/include/overarching_msgs/overarching_msgs/action/detail/place__traits.hpp\n'}
[0.253372] (overarching_msgs) StdoutLine: {'line': b'-- Up-to-date symlink: /convince_ws/install/overarching_msgs/include/overarching_msgs/overarching_msgs/action/detail/place__type_support.hpp\n'}
[0.253444] (overarching_msgs) StdoutLine: {'line': b'-- Up-to-date symlink: /convince_ws/install/overarching_msgs/include/overarching_msgs/overarching_msgs/action/detect.hpp\n'}
[0.253519] (overarching_msgs) StdoutLine: {'line': b'-- Up-to-date symlink: /convince_ws/install/overarching_msgs/include/overarching_msgs/overarching_msgs/action/navigate.hpp\n'}
[0.253616] (overarching_msgs) StdoutLine: {'line': b'-- Up-to-date symlink: /convince_ws/install/overarching_msgs/include/overarching_msgs/overarching_msgs/action/pick.hpp\n'}
[0.253712] (btcpp_ros2_interfaces) Command: {'cmd': ['/usr/bin/cmake', '--install', '/convince_ws/build/btcpp_ros2_interfaces'], 'cwd': '/convince_ws/build/btcpp_ros2_interfaces', 'env': OrderedDict({'PYTHONWARNINGS': 'ignore:setup.py install is deprecated,ignore:easy_install command is deprecated', 'HOSTNAME': '2581be2b12e1', 'SHLVL': '1', 'LD_LIBRARY_PATH': '/opt/ros/jazzy/opt/zmqpp_vendor/lib:/opt/ros/jazzy/lib/x86_64-linux-gnu:/opt/ros/jazzy/lib', 'HOME': '/root', 'OLDPWD': '/convince_ws', 'ROS_PYTHON_VERSION': '3', 'ROS_DISTRO': 'jazzy', '_': '/usr/bin/colcon', 'ROS_VERSION': '2', 'TERM': 'xterm', 'QT_X11_NO_MITSHM': '1', 'PATH': '/opt/ros/jazzy/bin:/usr/local/sbin:/usr/local/bin:/usr/sbin:/usr/bin:/sbin:/bin', 'DISPLAY': ':1', 'LANG': 'C.UTF-8', 'AMENT_PREFIX_PATH': '/opt/ros/jazzy', 'ROS_WS': '/convince_ws', 'ROS_AUTOMATIC_DISCOVERY_RANGE': 'SUBNET', 'PWD': '/convince_ws/build/btcpp_ros2_interfaces', 'LC_ALL': 'C.UTF-8', 'PYTHONPATH': '/opt/ros/jazzy/lib/python3.12/site-packages', 'COLCON': '1', 'CMAKE_PREFIX_PATH': '/opt/ros/jazzy'}), 'shell': False}
[0.253926] (overarching_msgs) StdoutLine: {'line': b'-- Up-to-date symlink: /convince_ws/install/overarching_msgs/include/overarching_msgs/overarching_msgs/action/place.hpp\n'}
[0.254032] (overarching_msgs) StdoutLine: {'line': b'-- Up-to-date symlink: /convince_ws/install/overarching_msgs/include/overarching_msgs/overarching_msgs/msg/detail/location__builder.hpp\n'}
[0.254134] (overarching_msgs) StdoutLine: {'line': b'-- Up-to-date symlink: /convince_ws/install/overarching_msgs/include/overarching_msgs/overarching_msgs/msg/detail/location__struct.hpp\n'}
[0.254273] (overarching_msgs) StdoutLine: {'line': b'-- Up-to-date symlink: /convince_ws/install/overarching_msgs/include/overarching_msgs/overarching_msgs/msg/detail/location__traits.hpp\n'}
[0.254362] (overarching_msgs) StdoutLine: {'line': b'-- Up-to-date symlink: /convince_ws/install/overarching_msgs/include/overarching_msgs/overarching_msgs/msg/detail/location__type_support.hpp\n'}
[0.254430] (overarching_msgs) StdoutLine: {'line': b'-- Up-to-date symlink: /convince_ws/install/overarching_msgs/include/overarching_msgs/overarching_msgs/msg/location.hpp\n'}
[0.254497] (overarching_msgs) StdoutLine: {'line': b'-- Up-to-date symlink: /convince_ws/install/overarching_msgs/include/overarching_msgs/overarching_msgs/msg/rosidl_generator_cpp__visibility_control.hpp\n'}
[0.254579] (overarching_msgs) StdoutLine: {'line': b'-- Up-to-date symlink: /convince_ws/install/overarching_msgs/include/overarching_msgs/overarching_msgs/action/detail/detect__rosidl_typesupport_fastrtps_cpp.hpp\n'}
[0.254657] (overarching_msgs) StdoutLine: {'line': b'-- Up-to-date symlink: /convince_ws/install/overarching_msgs/include/overarching_msgs/overarching_msgs/action/detail/navigate__rosidl_typesupport_fastrtps_cpp.hpp\n'}
[0.254732] (overarching_msgs) StdoutLine: {'line': b'-- Up-to-date symlink: /convince_ws/install/overarching_msgs/include/overarching_msgs/overarching_msgs/action/detail/pick__rosidl_typesupport_fastrtps_cpp.hpp\n'}
[0.254816] (overarching_msgs) StdoutLine: {'line': b'-- Up-to-date symlink: /convince_ws/install/overarching_msgs/include/overarching_msgs/overarching_msgs/action/detail/place__rosidl_typesupport_fastrtps_cpp.hpp\n'}
[0.254909] (overarching_msgs) StdoutLine: {'line': b'-- Up-to-date symlink: /convince_ws/install/overarching_msgs/include/overarching_msgs/overarching_msgs/msg/detail/location__rosidl_typesupport_fastrtps_cpp.hpp\n'}
[0.254984] (overarching_msgs) StdoutLine: {'line': b'-- Up-to-date symlink: /convince_ws/install/overarching_msgs/include/overarching_msgs/overarching_msgs/msg/rosidl_typesupport_fastrtps_cpp__visibility_control.h\n'}
[0.255049] (overarching_msgs) StdoutLine: {'line': b'-- Up-to-date symlink: /convince_ws/install/overarching_msgs/include/overarching_msgs/overarching_msgs/action/detail/detect__rosidl_typesupport_introspection_cpp.hpp\n'}
[0.255114] (overarching_msgs) StdoutLine: {'line': b'-- Up-to-date symlink: /convince_ws/install/overarching_msgs/include/overarching_msgs/overarching_msgs/action/detail/navigate__rosidl_typesupport_introspection_cpp.hpp\n'}
[0.255189] (overarching_msgs) StdoutLine: {'line': b'-- Up-to-date symlink: /convince_ws/install/overarching_msgs/include/overarching_msgs/overarching_msgs/action/detail/pick__rosidl_typesupport_introspection_cpp.hpp\n'}
[0.255253] (overarching_msgs) StdoutLine: {'line': b'-- Up-to-date symlink: /convince_ws/install/overarching_msgs/include/overarching_msgs/overarching_msgs/action/detail/place__rosidl_typesupport_introspection_cpp.hpp\n'}
[0.255321] (overarching_msgs) StdoutLine: {'line': b'-- Up-to-date symlink: /convince_ws/install/overarching_msgs/include/overarching_msgs/overarching_msgs/msg/detail/location__rosidl_typesupport_introspection_cpp.hpp\n'}
[0.255411] (overarching_msgs) StdoutLine: {'line': b'-- Up-to-date symlink: /convince_ws/install/overarching_msgs/share/overarching_msgs/environment/pythonpath.sh\n'}
[0.255492] (overarching_msgs) StdoutLine: {'line': b'-- Up-to-date symlink: /convince_ws/install/overarching_msgs/share/overarching_msgs/environment/pythonpath.dsv\n'}
[0.255578] (overarching_msgs) StdoutLine: {'line': b'-- Up-to-date symlink: /convince_ws/install/overarching_msgs/lib/python3.12/site-packages/overarching_msgs-0.0.0-py3.12.egg-info/PKG-INFO\n'}
[0.255662] (overarching_msgs) StdoutLine: {'line': b'-- Up-to-date symlink: /convince_ws/install/overarching_msgs/lib/python3.12/site-packages/overarching_msgs-0.0.0-py3.12.egg-info/SOURCES.txt\n'}
[0.255751] (overarching_msgs) StdoutLine: {'line': b'-- Up-to-date symlink: /convince_ws/install/overarching_msgs/lib/python3.12/site-packages/overarching_msgs-0.0.0-py3.12.egg-info/dependency_links.txt\n'}
[0.255832] (overarching_msgs) StdoutLine: {'line': b'-- Up-to-date symlink: /convince_ws/install/overarching_msgs/lib/python3.12/site-packages/overarching_msgs-0.0.0-py3.12.egg-info/top_level.txt\n'}
[0.255916] (overarching_msgs) StdoutLine: {'line': b'-- Up-to-date symlink: /convince_ws/install/overarching_msgs/lib/python3.12/site-packages/overarching_msgs/__init__.py\n'}
[0.255994] (overarching_msgs) StdoutLine: {'line': b'-- Up-to-date symlink: /convince_ws/install/overarching_msgs/lib/python3.12/site-packages/overarching_msgs/_overarching_msgs_s.ep.rosidl_typesupport_c.c\n'}
[0.256070] (overarching_msgs) StdoutLine: {'line': b'-- Up-to-date symlink: /convince_ws/install/overarching_msgs/lib/python3.12/site-packages/overarching_msgs/_overarching_msgs_s.ep.rosidl_typesupport_fastrtps_c.c\n'}
[0.256189] (overarching_msgs) StdoutLine: {'line': b'-- Up-to-date symlink: /convince_ws/install/overarching_msgs/lib/python3.12/site-packages/overarching_msgs/_overarching_msgs_s.ep.rosidl_typesupport_introspection_c.c\n'}
[0.256286] (overarching_msgs) StdoutLine: {'line': b'-- Up-to-date symlink: /convince_ws/install/overarching_msgs/lib/python3.12/site-packages/overarching_msgs/action/__init__.py\n'}
[0.256366] (overarching_msgs) StdoutLine: {'line': b'-- Up-to-date symlink: /convince_ws/install/overarching_msgs/lib/python3.12/site-packages/overarching_msgs/action/_detect.py\n'}
[0.256430] (overarching_msgs) StdoutLine: {'line': b'-- Up-to-date symlink: /convince_ws/install/overarching_msgs/lib/python3.12/site-packages/overarching_msgs/action/_detect_s.c\n'}
[0.256519] (overarching_msgs) StdoutLine: {'line': b'-- Up-to-date symlink: /convince_ws/install/overarching_msgs/lib/python3.12/site-packages/overarching_msgs/action/_navigate.py\n'}
[0.256612] (overarching_msgs) StdoutLine: {'line': b'-- Up-to-date symlink: /convince_ws/install/overarching_msgs/lib/python3.12/site-packages/overarching_msgs/action/_navigate_s.c\n'}
[0.256679] (overarching_msgs) StdoutLine: {'line': b'-- Up-to-date symlink: /convince_ws/install/overarching_msgs/lib/python3.12/site-packages/overarching_msgs/action/_pick.py\n'}
[0.256747] (overarching_msgs) StdoutLine: {'line': b'-- Up-to-date symlink: /convince_ws/install/overarching_msgs/lib/python3.12/site-packages/overarching_msgs/action/_pick_s.c\n'}
[0.256813] (overarching_msgs) StdoutLine: {'line': b'-- Up-to-date symlink: /convince_ws/install/overarching_msgs/lib/python3.12/site-packages/overarching_msgs/action/_place.py\n'}
[0.256882] (overarching_msgs) StdoutLine: {'line': b'-- Up-to-date symlink: /convince_ws/install/overarching_msgs/lib/python3.12/site-packages/overarching_msgs/action/_place_s.c\n'}
[0.257011] (overarching_msgs) StdoutLine: {'line': b'-- Up-to-date symlink: /convince_ws/install/overarching_msgs/lib/python3.12/site-packages/overarching_msgs/msg/__init__.py\n'}
[0.257105] (overarching_msgs) StdoutLine: {'line': b'-- Up-to-date symlink: /convince_ws/install/overarching_msgs/lib/python3.12/site-packages/overarching_msgs/msg/_location.py\n'}
[0.257202] (overarching_msgs) StdoutLine: {'line': b'-- Up-to-date symlink: /convince_ws/install/overarching_msgs/lib/python3.12/site-packages/overarching_msgs/msg/_location_s.c\n'}
[0.257306] (overarching_msgs) StdoutLine: {'line': b'-- Up-to-date symlink: /convince_ws/install/overarching_msgs/lib/python3.12/site-packages/overarching_msgs/overarching_msgs_s__rosidl_typesupport_c.so\n'}
[0.257403] (overarching_msgs) StdoutLine: {'line': b'-- Up-to-date symlink: /convince_ws/install/overarching_msgs/lib/python3.12/site-packages/overarching_msgs/overarching_msgs_s__rosidl_typesupport_fastrtps_c.so\n'}
[0.257601] (overarching_msgs) StdoutLine: {'line': b'-- Up-to-date symlink: /convince_ws/install/overarching_msgs/lib/python3.12/site-packages/overarching_msgs/overarching_msgs_s__rosidl_typesupport_introspection_c.so\n'}
[0.257669] (overarching_msgs) StdoutLine: {'line': b'-- Up-to-date symlink: /convince_ws/install/overarching_msgs/lib/python3.12/site-packages/overarching_msgs/overarching_msgs_s__rosidl_typesupport_fastrtps_c.so\n'}
[0.257804] (overarching_msgs) StdoutLine: {'line': b'-- Up-to-date symlink: /convince_ws/install/overarching_msgs/lib/python3.12/site-packages/overarching_msgs/overarching_msgs_s__rosidl_typesupport_introspection_c.so\n'}
[0.257915] (overarching_msgs) StdoutLine: {'line': b'-- Up-to-date symlink: /convince_ws/install/overarching_msgs/lib/python3.12/site-packages/overarching_msgs/overarching_msgs_s__rosidl_typesupport_c.so\n'}
[0.258164] (overarching_msgs) StdoutLine: {'line': b'-- Up-to-date symlink: /convince_ws/install/overarching_msgs/share/overarching_msgs/msg/Location.idl\n'}
[0.260165] (overarching_msgs) StdoutLine: {'line': b'-- Up-to-date symlink: /convince_ws/install/overarching_msgs/share/overarching_msgs/action/Navigate.idl\n'}
[0.260586] (overarching_msgs) StdoutLine: {'line': b'-- Up-to-date symlink: /convince_ws/install/overarching_msgs/share/overarching_msgs/action/Pick.idl\n'}
[0.260767] (overarching_msgs) StdoutLine: {'line': b'-- Up-to-date symlink: /convince_ws/install/overarching_msgs/share/overarching_msgs/action/Place.idl\n'}
[0.260893] (overarching_msgs) StdoutLine: {'line': b'-- Up-to-date symlink: /convince_ws/install/overarching_msgs/share/overarching_msgs/action/Detect.idl\n'}
[0.261095] (overarching_msgs) StdoutLine: {'line': b'-- Up-to-date symlink: /convince_ws/install/overarching_msgs/share/overarching_msgs/msg/Location.msg\n'}
[0.261314] (overarching_msgs) StdoutLine: {'line': b'-- Up-to-date symlink: /convince_ws/install/overarching_msgs/share/overarching_msgs/action/Navigate.action\n'}
[0.261449] (overarching_msgs) StdoutLine: {'line': b'-- Up-to-date symlink: /convince_ws/install/overarching_msgs/share/overarching_msgs/action/Pick.action\n'}
[0.261793] (overarching_msgs) StdoutLine: {'line': b'-- Up-to-date symlink: /convince_ws/install/overarching_msgs/share/overarching_msgs/action/Place.action\n'}
[0.261877] (overarching_msgs) StdoutLine: {'line': b'-- Up-to-date symlink: /convince_ws/install/overarching_msgs/share/overarching_msgs/action/Detect.action\n'}
[0.262018] (overarching_msgs) StdoutLine: {'line': b'-- Up-to-date symlink: /convince_ws/install/overarching_msgs/share/ament_index/resource_index/package_run_dependencies/overarching_msgs\n'}
[0.262271] (overarching_msgs) StdoutLine: {'line': b'-- Up-to-date symlink: /convince_ws/install/overarching_msgs/share/ament_index/resource_index/parent_prefix_path/overarching_msgs\n'}
[0.262580] (overarching_msgs) StdoutLine: {'line': b'-- Up-to-date symlink: /convince_ws/install/overarching_msgs/share/overarching_msgs/environment/ament_prefix_path.sh\n'}
[0.262721] (overarching_msgs) StdoutLine: {'line': b'-- Up-to-date symlink: /convince_ws/install/overarching_msgs/share/overarching_msgs/environment/ament_prefix_path.dsv\n'}
[0.262808] (overarching_msgs) StdoutLine: {'line': b'-- Up-to-date symlink: /convince_ws/install/overarching_msgs/share/overarching_msgs/environment/path.sh\n'}
[0.262896] (overarching_msgs) StdoutLine: {'line': b'-- Up-to-date symlink: /convince_ws/install/overarching_msgs/share/overarching_msgs/environment/path.dsv\n'}
[0.262981] (overarching_msgs) StdoutLine: {'line': b'-- Up-to-date symlink: /convince_ws/install/overarching_msgs/share/overarching_msgs/local_setup.bash\n'}
[0.263052] (overarching_msgs) StdoutLine: {'line': b'-- Up-to-date symlink: /convince_ws/install/overarching_msgs/share/overarching_msgs/local_setup.sh\n'}
[0.263159] (btcpp_ros2_interfaces) StdoutLine: {'line': b'-- Install configuration: ""\n'}
[0.263260] (overarching_msgs) StdoutLine: {'line': b'-- Up-to-date symlink: /convince_ws/install/overarching_msgs/share/overarching_msgs/local_setup.zsh\n'}
[0.263355] (overarching_msgs) StdoutLine: {'line': b'-- Up-to-date symlink: /convince_ws/install/overarching_msgs/share/overarching_msgs/local_setup.dsv\n'}
[0.263431] (overarching_msgs) StdoutLine: {'line': b'-- Symlinking: /convince_ws/install/overarching_msgs/share/overarching_msgs/package.dsv\n'}
[0.263512] (btcpp_ros2_interfaces) StdoutLine: {'line': b'-- Execute custom install script\n'}
[0.263602] (btcpp_ros2_interfaces) StdoutLine: {'line': b'-- Up-to-date symlink: /convince_ws/install/btcpp_ros2_interfaces/share/ament_index/resource_index/rosidl_interfaces/btcpp_ros2_interfaces\n'}
[0.263684] (btcpp_ros2_interfaces) StdoutLine: {'line': b'-- Up-to-date symlink: /convince_ws/install/btcpp_ros2_interfaces/share/btcpp_ros2_interfaces/msg/NodeStatus.json\n'}
[0.263766] (btcpp_ros2_interfaces) StdoutLine: {'line': b'-- Up-to-date symlink: /convince_ws/install/btcpp_ros2_interfaces/share/btcpp_ros2_interfaces/srv/GetTrees.json\n'}
[0.263856] (pyrobosim_msgs) StdoutLine: {'line': b'-- Install configuration: ""\n'}
[0.263944] (btcpp_ros2_interfaces) StdoutLine: {'line': b'-- Up-to-date symlink: /convince_ws/install/btcpp_ros2_interfaces/share/btcpp_ros2_interfaces/action/ExecuteTree.json\n'}
[0.264030] (btcpp_ros2_interfaces) StdoutLine: {'line': b'-- Up-to-date symlink: /convince_ws/install/btcpp_ros2_interfaces/share/btcpp_ros2_interfaces/action/Sleep.json\n'}
[0.264112] (btcpp_ros2_interfaces) StdoutLine: {'line': b'-- Up-to-date symlink: /convince_ws/install/btcpp_ros2_interfaces/include/btcpp_ros2_interfaces/btcpp_ros2_interfaces/action/detail/execute_tree__functions.h\n'}
[0.264207] (btcpp_ros2_interfaces) StdoutLine: {'line': b'-- Up-to-date symlink: /convince_ws/install/btcpp_ros2_interfaces/include/btcpp_ros2_interfaces/btcpp_ros2_interfaces/action/detail/execute_tree__struct.h\n'}
[0.264291] (btcpp_ros2_interfaces) StdoutLine: {'line': b'-- Up-to-date symlink: /convince_ws/install/btcpp_ros2_interfaces/include/btcpp_ros2_interfaces/btcpp_ros2_interfaces/action/detail/execute_tree__type_support.h\n'}
[0.264371] (btcpp_ros2_interfaces) StdoutLine: {'line': b'-- Up-to-date symlink: /convince_ws/install/btcpp_ros2_interfaces/include/btcpp_ros2_interfaces/btcpp_ros2_interfaces/action/detail/sleep__functions.h\n'}
[0.264444] (btcpp_ros2_interfaces) StdoutLine: {'line': b'-- Up-to-date symlink: /convince_ws/install/btcpp_ros2_interfaces/include/btcpp_ros2_interfaces/btcpp_ros2_interfaces/action/detail/sleep__struct.h\n'}
[0.264521] (btcpp_ros2_interfaces) StdoutLine: {'line': b'-- Up-to-date symlink: /convince_ws/install/btcpp_ros2_interfaces/include/btcpp_ros2_interfaces/btcpp_ros2_interfaces/action/detail/sleep__type_support.h\n'}
[0.264588] (pyrobosim_msgs) StdoutLine: {'line': b'-- Execute custom install script\n'}
[0.264657] (btcpp_ros2_interfaces) StdoutLine: {'line': b'-- Up-to-date symlink: /convince_ws/install/btcpp_ros2_interfaces/include/btcpp_ros2_interfaces/btcpp_ros2_interfaces/action/execute_tree.h\n'}
[0.264724] (btcpp_ros2_interfaces) StdoutLine: {'line': b'-- Up-to-date symlink: /convince_ws/install/btcpp_ros2_interfaces/include/btcpp_ros2_interfaces/btcpp_ros2_interfaces/action/sleep.h\n'}
[0.264796] (btcpp_ros2_interfaces) StdoutLine: {'line': b'-- Up-to-date symlink: /convince_ws/install/btcpp_ros2_interfaces/include/btcpp_ros2_interfaces/btcpp_ros2_interfaces/msg/detail/node_status__functions.h\n'}
[0.264866] (btcpp_ros2_interfaces) StdoutLine: {'line': b'-- Up-to-date symlink: /convince_ws/install/btcpp_ros2_interfaces/include/btcpp_ros2_interfaces/btcpp_ros2_interfaces/msg/detail/node_status__struct.h\n'}
[0.264929] (btcpp_ros2_interfaces) StdoutLine: {'line': b'-- Up-to-date symlink: /convince_ws/install/btcpp_ros2_interfaces/include/btcpp_ros2_interfaces/btcpp_ros2_interfaces/msg/detail/node_status__type_support.h\n'}
[0.264994] (pyrobosim_msgs) StdoutLine: {'line': b'-- Up-to-date symlink: /convince_ws/install/pyrobosim_msgs/share/ament_index/resource_index/rosidl_interfaces/pyrobosim_msgs\n'}
[0.265061] (btcpp_ros2_interfaces) StdoutLine: {'line': b'-- Up-to-date symlink: /convince_ws/install/btcpp_ros2_interfaces/include/btcpp_ros2_interfaces/btcpp_ros2_interfaces/msg/node_status.h\n'}
[0.265156] (btcpp_ros2_interfaces) StdoutLine: {'line': b'-- Up-to-date symlink: /convince_ws/install/btcpp_ros2_interfaces/include/btcpp_ros2_interfaces/btcpp_ros2_interfaces/msg/rosidl_generator_c__visibility_control.h\n'}
[0.265239] (btcpp_ros2_interfaces) StdoutLine: {'line': b'-- Up-to-date symlink: /convince_ws/install/btcpp_ros2_interfaces/include/btcpp_ros2_interfaces/btcpp_ros2_interfaces/srv/detail/get_trees__functions.h\n'}
[0.265323] (pyrobosim_msgs) StdoutLine: {'line': b'-- Up-to-date symlink: /convince_ws/install/pyrobosim_msgs/share/pyrobosim_msgs/msg/ExecutionResult.json\n'}
[0.265424] (btcpp_ros2_interfaces) StdoutLine: {'line': b'-- Up-to-date symlink: /convince_ws/install/btcpp_ros2_interfaces/include/btcpp_ros2_interfaces/btcpp_ros2_interfaces/srv/detail/get_trees__struct.h\n'}
[0.265507] (btcpp_ros2_interfaces) StdoutLine: {'line': b'-- Up-to-date symlink: /convince_ws/install/btcpp_ros2_interfaces/include/btcpp_ros2_interfaces/btcpp_ros2_interfaces/srv/detail/get_trees__type_support.h\n'}
[0.265588] (btcpp_ros2_interfaces) StdoutLine: {'line': b'-- Up-to-date symlink: /convince_ws/install/btcpp_ros2_interfaces/include/btcpp_ros2_interfaces/btcpp_ros2_interfaces/srv/get_trees.h\n'}
[0.265656] (pyrobosim_msgs) StdoutLine: {'line': b'-- Up-to-date symlink: /convince_ws/install/pyrobosim_msgs/share/pyrobosim_msgs/msg/GoalPredicate.json\n'}
[0.265754] (btcpp_ros2_interfaces) StdoutLine: {'line': b'-- Up-to-date symlink: /convince_ws/install/btcpp_ros2_interfaces/share/btcpp_ros2_interfaces/environment/library_path.sh\n'}
[0.265836] (btcpp_ros2_interfaces) StdoutLine: {'line': b'-- Up-to-date symlink: /convince_ws/install/btcpp_ros2_interfaces/share/btcpp_ros2_interfaces/environment/library_path.dsv\n'}
[0.265920] (pyrobosim_msgs) StdoutLine: {'line': b'-- Up-to-date symlink: /convince_ws/install/pyrobosim_msgs/share/pyrobosim_msgs/msg/GoalSpecification.json\n'}
[0.266004] (pyrobosim_msgs) StdoutLine: {'line': b'-- Up-to-date symlink: /convince_ws/install/pyrobosim_msgs/share/pyrobosim_msgs/msg/HallwayState.json\n'}
[0.266070] (btcpp_ros2_interfaces) StdoutLine: {'line': b'-- Up-to-date symlink: /convince_ws/install/btcpp_ros2_interfaces/include/btcpp_ros2_interfaces/btcpp_ros2_interfaces/action/detail/execute_tree__rosidl_typesupport_fastrtps_c.h\n'}
[0.266144] (pyrobosim_msgs) StdoutLine: {'line': b'-- Up-to-date symlink: /convince_ws/install/pyrobosim_msgs/share/pyrobosim_msgs/msg/LocationState.json\n'}
[0.266212] (btcpp_ros2_interfaces) StdoutLine: {'line': b'-- Up-to-date symlink: /convince_ws/install/btcpp_ros2_interfaces/include/btcpp_ros2_interfaces/btcpp_ros2_interfaces/action/detail/sleep__rosidl_typesupport_fastrtps_c.h\n'}
[0.266278] (btcpp_ros2_interfaces) StdoutLine: {'line': b'-- Up-to-date symlink: /convince_ws/install/btcpp_ros2_interfaces/include/btcpp_ros2_interfaces/btcpp_ros2_interfaces/msg/detail/node_status__rosidl_typesupport_fastrtps_c.h\n'}
[0.266342] (btcpp_ros2_interfaces) StdoutLine: {'line': b'-- Up-to-date symlink: /convince_ws/install/btcpp_ros2_interfaces/include/btcpp_ros2_interfaces/btcpp_ros2_interfaces/msg/rosidl_typesupport_fastrtps_c__visibility_control.h\n'}
[0.266405] (btcpp_ros2_interfaces) StdoutLine: {'line': b'-- Up-to-date symlink: /convince_ws/install/btcpp_ros2_interfaces/include/btcpp_ros2_interfaces/btcpp_ros2_interfaces/srv/detail/get_trees__rosidl_typesupport_fastrtps_c.h\n'}
[0.266469] (btcpp_ros2_interfaces) StdoutLine: {'line': b'-- Up-to-date symlink: /convince_ws/install/btcpp_ros2_interfaces/include/btcpp_ros2_interfaces/btcpp_ros2_interfaces/action/detail/execute_tree__rosidl_typesupport_introspection_c.h\n'}
[0.266532] (pyrobosim_msgs) StdoutLine: {'line': b'-- Up-to-date symlink: /convince_ws/install/pyrobosim_msgs/share/pyrobosim_msgs/msg/ObjectState.json\n'}
[0.266596] (pyrobosim_msgs) StdoutLine: {'line': b'-- Up-to-date symlink: /convince_ws/install/pyrobosim_msgs/share/pyrobosim_msgs/msg/Path.json\n'}
[0.266666] (pyrobosim_msgs) StdoutLine: {'line': b'-- Up-to-date symlink: /convince_ws/install/pyrobosim_msgs/share/pyrobosim_msgs/msg/RobotState.json\n'}
[0.266754] (pyrobosim_msgs) StdoutLine: {'line': b'-- Up-to-date symlink: /convince_ws/install/pyrobosim_msgs/share/pyrobosim_msgs/msg/TaskAction.json\n'}
[0.266840] (btcpp_ros2_interfaces) StdoutLine: {'line': b'-- Up-to-date symlink: /convince_ws/install/btcpp_ros2_interfaces/include/btcpp_ros2_interfaces/btcpp_ros2_interfaces/action/detail/sleep__rosidl_typesupport_introspection_c.h\n'}
[0.266932] (btcpp_ros2_interfaces) StdoutLine: {'line': b'-- Up-to-date symlink: /convince_ws/install/btcpp_ros2_interfaces/include/btcpp_ros2_interfaces/btcpp_ros2_interfaces/msg/detail/node_status__rosidl_typesupport_introspection_c.h\n'}
[0.267001] (btcpp_ros2_interfaces) StdoutLine: {'line': b'-- Up-to-date symlink: /convince_ws/install/btcpp_ros2_interfaces/include/btcpp_ros2_interfaces/btcpp_ros2_interfaces/msg/rosidl_typesupport_introspection_c__visibility_control.h\n'}
[0.267163] (pyrobosim_msgs) StdoutLine: {'line': b'-- Up-to-date symlink: /convince_ws/install/pyrobosim_msgs/share/pyrobosim_msgs/msg/TaskPlan.json\n'}
[0.267265] (btcpp_ros2_interfaces) StdoutLine: {'line': b'-- Up-to-date symlink: /convince_ws/install/btcpp_ros2_interfaces/include/btcpp_ros2_interfaces/btcpp_ros2_interfaces/srv/detail/get_trees__rosidl_typesupport_introspection_c.h\n'}
[0.267343] (pyrobosim_msgs) StdoutLine: {'line': b'-- Up-to-date symlink: /convince_ws/install/pyrobosim_msgs/share/pyrobosim_msgs/msg/WorldInfo.json\n'}
[0.267436] (btcpp_ros2_interfaces) StdoutLine: {'line': b'-- Up-to-date symlink: /convince_ws/install/btcpp_ros2_interfaces/include/btcpp_ros2_interfaces/btcpp_ros2_interfaces/action/detail/execute_tree__builder.hpp\n'}
[0.267522] (pyrobosim_msgs) StdoutLine: {'line': b'-- Up-to-date symlink: /convince_ws/install/pyrobosim_msgs/share/pyrobosim_msgs/msg/WorldState.json\n'}
[0.267622] (btcpp_ros2_interfaces) StdoutLine: {'line': b'-- Up-to-date symlink: /convince_ws/install/btcpp_ros2_interfaces/include/btcpp_ros2_interfaces/btcpp_ros2_interfaces/action/detail/execute_tree__struct.hpp\n'}
[0.267703] (pyrobosim_msgs) StdoutLine: {'line': b'-- Up-to-date symlink: /convince_ws/install/pyrobosim_msgs/share/pyrobosim_msgs/srv/RequestWorldInfo.json\n'}
[0.267798] (btcpp_ros2_interfaces) StdoutLine: {'line': b'-- Up-to-date symlink: /convince_ws/install/btcpp_ros2_interfaces/include/btcpp_ros2_interfaces/btcpp_ros2_interfaces/action/detail/execute_tree__traits.hpp\n'}
[0.267894] (btcpp_ros2_interfaces) StdoutLine: {'line': b'-- Up-to-date symlink: /convince_ws/install/btcpp_ros2_interfaces/include/btcpp_ros2_interfaces/btcpp_ros2_interfaces/action/detail/execute_tree__type_support.hpp\n'}
[0.267992] (pyrobosim_msgs) StdoutLine: {'line': b'-- Up-to-date symlink: /convince_ws/install/pyrobosim_msgs/share/pyrobosim_msgs/srv/RequestWorldState.json\n'}
[0.268087] (btcpp_ros2_interfaces) StdoutLine: {'line': b'-- Up-to-date symlink: /convince_ws/install/btcpp_ros2_interfaces/include/btcpp_ros2_interfaces/btcpp_ros2_interfaces/action/detail/sleep__builder.hpp\n'}
[0.268185] (btcpp_ros2_interfaces) StdoutLine: {'line': b'-- Up-to-date symlink: /convince_ws/install/btcpp_ros2_interfaces/include/btcpp_ros2_interfaces/btcpp_ros2_interfaces/action/detail/sleep__struct.hpp\n'}
[0.268279] (btcpp_ros2_interfaces) StdoutLine: {'line': b'-- Up-to-date symlink: /convince_ws/install/btcpp_ros2_interfaces/include/btcpp_ros2_interfaces/btcpp_ros2_interfaces/action/detail/sleep__traits.hpp\n'}
[0.268353] (btcpp_ros2_interfaces) StdoutLine: {'line': b'-- Up-to-date symlink: /convince_ws/install/btcpp_ros2_interfaces/include/btcpp_ros2_interfaces/btcpp_ros2_interfaces/action/detail/sleep__type_support.hpp\n'}
[0.268457] (btcpp_ros2_interfaces) StdoutLine: {'line': b'-- Up-to-date symlink: /convince_ws/install/btcpp_ros2_interfaces/include/btcpp_ros2_interfaces/btcpp_ros2_interfaces/action/execute_tree.hpp\n'}
[0.268551] (pyrobosim_msgs) StdoutLine: {'line': b'-- Up-to-date symlink: /convince_ws/install/pyrobosim_msgs/share/pyrobosim_msgs/srv/ResetWorld.json\n'}
[0.268654] (btcpp_ros2_interfaces) StdoutLine: {'line': b'-- Up-to-date symlink: /convince_ws/install/btcpp_ros2_interfaces/include/btcpp_ros2_interfaces/btcpp_ros2_interfaces/action/sleep.hpp\n'}
[0.268744] (btcpp_ros2_interfaces) StdoutLine: {'line': b'-- Up-to-date symlink: /convince_ws/install/btcpp_ros2_interfaces/include/btcpp_ros2_interfaces/btcpp_ros2_interfaces/msg/detail/node_status__builder.hpp\n'}
[0.268834] (pyrobosim_msgs) StdoutLine: {'line': b'-- Up-to-date symlink: /convince_ws/install/pyrobosim_msgs/share/pyrobosim_msgs/srv/SetLocationState.json\n'}
[0.268941] (btcpp_ros2_interfaces) StdoutLine: {'line': b'-- Up-to-date symlink: /convince_ws/install/btcpp_ros2_interfaces/include/btcpp_ros2_interfaces/btcpp_ros2_interfaces/msg/detail/node_status__struct.hpp\n'}
[0.269010] (btcpp_ros2_interfaces) StdoutLine: {'line': b'-- Up-to-date symlink: /convince_ws/install/btcpp_ros2_interfaces/include/btcpp_ros2_interfaces/btcpp_ros2_interfaces/msg/detail/node_status__traits.hpp\n'}
[0.269106] (btcpp_ros2_interfaces) StdoutLine: {'line': b'-- Up-to-date symlink: /convince_ws/install/btcpp_ros2_interfaces/include/btcpp_ros2_interfaces/btcpp_ros2_interfaces/msg/detail/node_status__type_support.hpp\n'}
[0.269211] (pyrobosim_msgs) StdoutLine: {'line': b'-- Up-to-date symlink: /convince_ws/install/pyrobosim_msgs/share/pyrobosim_msgs/action/DetectObjects.json\n'}
[0.269317] (btcpp_ros2_interfaces) StdoutLine: {'line': b'-- Up-to-date symlink: /convince_ws/install/btcpp_ros2_interfaces/include/btcpp_ros2_interfaces/btcpp_ros2_interfaces/msg/node_status.hpp\n'}
[0.269386] (btcpp_ros2_interfaces) StdoutLine: {'line': b'-- Up-to-date symlink: /convince_ws/install/btcpp_ros2_interfaces/include/btcpp_ros2_interfaces/btcpp_ros2_interfaces/msg/rosidl_generator_cpp__visibility_control.hpp\n'}
[0.269492] (btcpp_ros2_interfaces) StdoutLine: {'line': b'-- Up-to-date symlink: /convince_ws/install/btcpp_ros2_interfaces/include/btcpp_ros2_interfaces/btcpp_ros2_interfaces/srv/detail/get_trees__builder.hpp\n'}
[0.269596] (btcpp_ros2_interfaces) StdoutLine: {'line': b'-- Up-to-date symlink: /convince_ws/install/btcpp_ros2_interfaces/include/btcpp_ros2_interfaces/btcpp_ros2_interfaces/srv/detail/get_trees__struct.hpp\n'}
[0.269674] (btcpp_ros2_interfaces) StdoutLine: {'line': b'-- Up-to-date symlink: /convince_ws/install/btcpp_ros2_interfaces/include/btcpp_ros2_interfaces/btcpp_ros2_interfaces/srv/detail/get_trees__traits.hpp\n'}
[0.269756] (pyrobosim_msgs) StdoutLine: {'line': b'-- Up-to-date symlink: /convince_ws/install/pyrobosim_msgs/share/pyrobosim_msgs/action/ExecuteTaskAction.json\n'}
[0.269855] (pyrobosim_msgs) StdoutLine: {'line': b'-- Up-to-date symlink: /convince_ws/install/pyrobosim_msgs/share/pyrobosim_msgs/action/ExecuteTaskPlan.json\n'}
[0.269934] (pyrobosim_msgs) StdoutLine: {'line': b'-- Up-to-date symlink: /convince_ws/install/pyrobosim_msgs/share/pyrobosim_msgs/action/FollowPath.json\n'}
[0.270040] (pyrobosim_msgs) StdoutLine: {'line': b'-- Up-to-date symlink: /convince_ws/install/pyrobosim_msgs/share/pyrobosim_msgs/action/PlanPath.json\n'}
[0.270146] (pyrobosim_msgs) StdoutLine: {'line': b'-- Up-to-date symlink: /convince_ws/install/pyrobosim_msgs/include/pyrobosim_msgs/pyrobosim_msgs/action/detail/detect_objects__functions.h\n'}
[0.270244] (pyrobosim_msgs) StdoutLine: {'line': b'-- Up-to-date symlink: /convince_ws/install/pyrobosim_msgs/include/pyrobosim_msgs/pyrobosim_msgs/action/detail/detect_objects__struct.h\n'}
[0.270560] (pyrobosim_msgs) StdoutLine: {'line': b'-- Up-to-date symlink: /convince_ws/install/pyrobosim_msgs/include/pyrobosim_msgs/pyrobosim_msgs/action/detail/detect_objects__type_support.h\n'}
[0.270683] (pyrobosim_msgs) StdoutLine: {'line': b'-- Up-to-date symlink: /convince_ws/install/pyrobosim_msgs/include/pyrobosim_msgs/pyrobosim_msgs/action/detail/execute_task_action__functions.h\n'}
[0.270778] (pyrobosim_msgs) StdoutLine: {'line': b'-- Up-to-date symlink: /convince_ws/install/pyrobosim_msgs/include/pyrobosim_msgs/pyrobosim_msgs/action/detail/execute_task_action__struct.h\n'}
[0.270856] (pyrobosim_msgs) StdoutLine: {'line': b'-- Up-to-date symlink: /convince_ws/install/pyrobosim_msgs/include/pyrobosim_msgs/pyrobosim_msgs/action/detail/execute_task_action__type_support.h\n'}
[0.270939] (pyrobosim_msgs) StdoutLine: {'line': b'-- Up-to-date symlink: /convince_ws/install/pyrobosim_msgs/include/pyrobosim_msgs/pyrobosim_msgs/action/detail/execute_task_plan__functions.h\n'}
[0.271006] (bt_interfaces_dummy) CommandEnded: {'returncode': 0}
[0.271218] (overarching_msgs) StdoutLine: {'line': b'-- Up-to-date symlink: /convince_ws/install/overarching_msgs/share/ament_index/resource_index/packages/overarching_msgs\n'}
[0.271328] (pyrobosim_msgs) StdoutLine: {'line': b'-- Up-to-date symlink: /convince_ws/install/pyrobosim_msgs/include/pyrobosim_msgs/pyrobosim_msgs/action/detail/execute_task_plan__struct.h\n'}
[0.271406] (pyrobosim_msgs) StdoutLine: {'line': b'-- Up-to-date symlink: /convince_ws/install/pyrobosim_msgs/include/pyrobosim_msgs/pyrobosim_msgs/action/detail/execute_task_plan__type_support.h\n'}
[0.271473] (overarching_msgs) StdoutLine: {'line': b'-- Up-to-date symlink: /convince_ws/install/overarching_msgs/share/overarching_msgs/cmake/rosidl_cmake-extras.cmake\n'}
[0.271564] (overarching_msgs) StdoutLine: {'line': b'-- Up-to-date symlink: /convince_ws/install/overarching_msgs/share/overarching_msgs/cmake/ament_cmake_export_dependencies-extras.cmake\n'}
[0.271645] (overarching_msgs) StdoutLine: {'line': b'-- Up-to-date symlink: /convince_ws/install/overarching_msgs/share/overarching_msgs/cmake/ament_cmake_export_include_directories-extras.cmake\n'}
[0.271758] (overarching_msgs) StdoutLine: {'line': b'-- Up-to-date symlink: /convince_ws/install/overarching_msgs/share/overarching_msgs/cmake/ament_cmake_export_libraries-extras.cmake\n'}
[0.271825] (overarching_msgs) StdoutLine: {'line': b'-- Up-to-date symlink: /convince_ws/install/overarching_msgs/share/overarching_msgs/cmake/ament_cmake_export_targets-extras.cmake\n'}
[0.271939] (overarching_msgs) StdoutLine: {'line': b'-- Up-to-date symlink: /convince_ws/install/overarching_msgs/share/overarching_msgs/cmake/rosidl_cmake_export_typesupport_targets-extras.cmake\n'}
[0.272037] (overarching_msgs) StdoutLine: {'line': b'-- Up-to-date symlink: /convince_ws/install/overarching_msgs/share/overarching_msgs/cmake/rosidl_cmake_export_typesupport_libraries-extras.cmake\n'}
[0.272104] (overarching_msgs) StdoutLine: {'line': b'-- Up-to-date symlink: /convince_ws/install/overarching_msgs/share/overarching_msgs/cmake/overarching_msgsConfig.cmake\n'}
[0.272209] (overarching_msgs) StdoutLine: {'line': b'-- Up-to-date symlink: /convince_ws/install/overarching_msgs/share/overarching_msgs/cmake/overarching_msgsConfig-version.cmake\n'}
[0.272278] (overarching_msgs) StdoutLine: {'line': b'-- Up-to-date symlink: /convince_ws/install/overarching_msgs/share/overarching_msgs/package.xml\n'}
[0.272406] (overarching_msgs) StdoutLine: {'line': b'-- Up-to-date: /convince_ws/install/overarching_msgs/lib/liboverarching_msgs__rosidl_generator_c.so\n'}
[0.272500] (overarching_msgs) StdoutLine: {'line': b'-- Up-to-date: /convince_ws/install/overarching_msgs/lib/liboverarching_msgs__rosidl_typesupport_fastrtps_c.so\n'}
[0.272607] (overarching_msgs) StdoutLine: {'line': b'-- Up-to-date: /convince_ws/install/overarching_msgs/lib/liboverarching_msgs__rosidl_typesupport_introspection_c.so\n'}
[0.272673] (overarching_msgs) StdoutLine: {'line': b'-- Up-to-date: /convince_ws/install/overarching_msgs/lib/liboverarching_msgs__rosidl_typesupport_c.so\n'}
[0.272735] (overarching_msgs) StdoutLine: {'line': b'-- Up-to-date: /convince_ws/install/overarching_msgs/lib/liboverarching_msgs__rosidl_typesupport_fastrtps_cpp.so\n'}
[0.272808] (btcpp_ros2_interfaces) StdoutLine: {'line': b'-- Up-to-date symlink: /convince_ws/install/btcpp_ros2_interfaces/include/btcpp_ros2_interfaces/btcpp_ros2_interfaces/srv/detail/get_trees__type_support.hpp\n'}
[0.272895] (pyrobosim_msgs) StdoutLine: {'line': b'-- Up-to-date symlink: /convince_ws/install/pyrobosim_msgs/include/pyrobosim_msgs/pyrobosim_msgs/action/detail/follow_path__functions.h\n'}
[0.273009] (btcpp_ros2_interfaces) StdoutLine: {'line': b'-- Up-to-date symlink: /convince_ws/install/btcpp_ros2_interfaces/include/btcpp_ros2_interfaces/btcpp_ros2_interfaces/srv/get_trees.hpp\n'}
[0.273078] (btcpp_ros2_interfaces) StdoutLine: {'line': b'-- Up-to-date symlink: /convince_ws/install/btcpp_ros2_interfaces/include/btcpp_ros2_interfaces/btcpp_ros2_interfaces/action/detail/execute_tree__rosidl_typesupport_fastrtps_cpp.hpp\n'}
[0.273172] (btcpp_ros2_interfaces) StdoutLine: {'line': b'-- Up-to-date symlink: /convince_ws/install/btcpp_ros2_interfaces/include/btcpp_ros2_interfaces/btcpp_ros2_interfaces/action/detail/sleep__rosidl_typesupport_fastrtps_cpp.hpp\n'}
[0.273272] (btcpp_ros2_interfaces) StdoutLine: {'line': b'-- Up-to-date symlink: /convince_ws/install/btcpp_ros2_interfaces/include/btcpp_ros2_interfaces/btcpp_ros2_interfaces/msg/detail/node_status__rosidl_typesupport_fastrtps_cpp.hpp\n'}
[0.273358] (btcpp_ros2_interfaces) StdoutLine: {'line': b'-- Up-to-date symlink: /convince_ws/install/btcpp_ros2_interfaces/include/btcpp_ros2_interfaces/btcpp_ros2_interfaces/msg/rosidl_typesupport_fastrtps_cpp__visibility_control.h\n'}
[0.273449] (btcpp_ros2_interfaces) StdoutLine: {'line': b'-- Up-to-date symlink: /convince_ws/install/btcpp_ros2_interfaces/include/btcpp_ros2_interfaces/btcpp_ros2_interfaces/srv/detail/get_trees__rosidl_typesupport_fastrtps_cpp.hpp\n'}
[0.273517] (btcpp_ros2_interfaces) StdoutLine: {'line': b'-- Up-to-date symlink: /convince_ws/install/btcpp_ros2_interfaces/include/btcpp_ros2_interfaces/btcpp_ros2_interfaces/action/detail/execute_tree__rosidl_typesupport_introspection_cpp.hpp\n'}
[0.273658] (btcpp_ros2_interfaces) StdoutLine: {'line': b'-- Up-to-date symlink: /convince_ws/install/btcpp_ros2_interfaces/include/btcpp_ros2_interfaces/btcpp_ros2_interfaces/action/detail/sleep__rosidl_typesupport_introspection_cpp.hpp\n'}
[0.273760] (btcpp_ros2_interfaces) StdoutLine: {'line': b'-- Up-to-date symlink: /convince_ws/install/btcpp_ros2_interfaces/include/btcpp_ros2_interfaces/btcpp_ros2_interfaces/msg/detail/node_status__rosidl_typesupport_introspection_cpp.hpp\n'}
[0.273897] (btcpp_ros2_interfaces) StdoutLine: {'line': b'-- Up-to-date symlink: /convince_ws/install/btcpp_ros2_interfaces/include/btcpp_ros2_interfaces/btcpp_ros2_interfaces/srv/detail/get_trees__rosidl_typesupport_introspection_cpp.hpp\n'}
[0.273981] (btcpp_ros2_interfaces) StdoutLine: {'line': b'-- Up-to-date symlink: /convince_ws/install/btcpp_ros2_interfaces/share/btcpp_ros2_interfaces/environment/pythonpath.sh\n'}
[0.274050] (btcpp_ros2_interfaces) StdoutLine: {'line': b'-- Up-to-date symlink: /convince_ws/install/btcpp_ros2_interfaces/share/btcpp_ros2_interfaces/environment/pythonpath.dsv\n'}
[0.274147] (btcpp_ros2_interfaces) StdoutLine: {'line': b'-- Up-to-date symlink: /convince_ws/install/btcpp_ros2_interfaces/lib/python3.12/site-packages/btcpp_ros2_interfaces-0.3.0-py3.12.egg-info/PKG-INFO\n'}
[0.274260] (btcpp_ros2_interfaces) StdoutLine: {'line': b'-- Up-to-date symlink: /convince_ws/install/btcpp_ros2_interfaces/lib/python3.12/site-packages/btcpp_ros2_interfaces-0.3.0-py3.12.egg-info/SOURCES.txt\n'}
[0.274376] (btcpp_ros2_interfaces) StdoutLine: {'line': b'-- Up-to-date symlink: /convince_ws/install/btcpp_ros2_interfaces/lib/python3.12/site-packages/btcpp_ros2_interfaces-0.3.0-py3.12.egg-info/dependency_links.txt\n'}
[0.274483] (btcpp_ros2_interfaces) StdoutLine: {'line': b'-- Up-to-date symlink: /convince_ws/install/btcpp_ros2_interfaces/lib/python3.12/site-packages/btcpp_ros2_interfaces-0.3.0-py3.12.egg-info/top_level.txt\n'}
[0.274587] (btcpp_ros2_interfaces) StdoutLine: {'line': b'-- Up-to-date symlink: /convince_ws/install/btcpp_ros2_interfaces/lib/python3.12/site-packages/btcpp_ros2_interfaces/__init__.py\n'}
[0.274665] (btcpp_ros2_interfaces) StdoutLine: {'line': b'-- Up-to-date symlink: /convince_ws/install/btcpp_ros2_interfaces/lib/python3.12/site-packages/btcpp_ros2_interfaces/_btcpp_ros2_interfaces_s.ep.rosidl_typesupport_c.c\n'}
[0.274780] (btcpp_ros2_interfaces) StdoutLine: {'line': b'-- Up-to-date symlink: /convince_ws/install/btcpp_ros2_interfaces/lib/python3.12/site-packages/btcpp_ros2_interfaces/_btcpp_ros2_interfaces_s.ep.rosidl_typesupport_fastrtps_c.c\n'}
[0.274877] (btcpp_ros2_interfaces) StdoutLine: {'line': b'-- Up-to-date symlink: /convince_ws/install/btcpp_ros2_interfaces/lib/python3.12/site-packages/btcpp_ros2_interfaces/_btcpp_ros2_interfaces_s.ep.rosidl_typesupport_introspection_c.c\n'}
[0.274951] (btcpp_ros2_interfaces) StdoutLine: {'line': b'-- Up-to-date symlink: /convince_ws/install/btcpp_ros2_interfaces/lib/python3.12/site-packages/btcpp_ros2_interfaces/action/__init__.py\n'}
[0.275017] (btcpp_ros2_interfaces) StdoutLine: {'line': b'-- Up-to-date symlink: /convince_ws/install/btcpp_ros2_interfaces/lib/python3.12/site-packages/btcpp_ros2_interfaces/action/_execute_tree.py\n'}
[0.275083] (btcpp_ros2_interfaces) StdoutLine: {'line': b'-- Up-to-date symlink: /convince_ws/install/btcpp_ros2_interfaces/lib/python3.12/site-packages/btcpp_ros2_interfaces/action/_execute_tree_s.c\n'}
[0.275200] (btcpp_ros2_interfaces) StdoutLine: {'line': b'-- Up-to-date symlink: /convince_ws/install/btcpp_ros2_interfaces/lib/python3.12/site-packages/btcpp_ros2_interfaces/action/_sleep.py\n'}
[0.275275] (btcpp_ros2_interfaces) StdoutLine: {'line': b'-- Up-to-date symlink: /convince_ws/install/btcpp_ros2_interfaces/lib/python3.12/site-packages/btcpp_ros2_interfaces/action/_sleep_s.c\n'}
[0.275384] (btcpp_ros2_interfaces) StdoutLine: {'line': b'-- Up-to-date symlink: /convince_ws/install/btcpp_ros2_interfaces/lib/python3.12/site-packages/btcpp_ros2_interfaces/btcpp_ros2_interfaces_s__rosidl_typesupport_c.so\n'}
[0.275457] (btcpp_ros2_interfaces) StdoutLine: {'line': b'-- Up-to-date symlink: /convince_ws/install/btcpp_ros2_interfaces/lib/python3.12/site-packages/btcpp_ros2_interfaces/btcpp_ros2_interfaces_s__rosidl_typesupport_fastrtps_c.so\n'}
[0.275520] (btcpp_ros2_interfaces) StdoutLine: {'line': b'-- Up-to-date symlink: /convince_ws/install/btcpp_ros2_interfaces/lib/python3.12/site-packages/btcpp_ros2_interfaces/btcpp_ros2_interfaces_s__rosidl_typesupport_introspection_c.so\n'}
[0.275587] (btcpp_ros2_interfaces) StdoutLine: {'line': b'-- Up-to-date symlink: /convince_ws/install/btcpp_ros2_interfaces/lib/python3.12/site-packages/btcpp_ros2_interfaces/msg/__init__.py\n'}
[0.275676] (btcpp_ros2_interfaces) StdoutLine: {'line': b'-- Up-to-date symlink: /convince_ws/install/btcpp_ros2_interfaces/lib/python3.12/site-packages/btcpp_ros2_interfaces/msg/_node_status.py\n'}
[0.275759] (pyrobosim_msgs) StdoutLine: {'line': b'-- Up-to-date symlink: /convince_ws/install/pyrobosim_msgs/include/pyrobosim_msgs/pyrobosim_msgs/action/detail/follow_path__struct.h\n'}
[0.275845] (overarching_msgs) StdoutLine: {'line': b'-- Up-to-date: /convince_ws/install/overarching_msgs/lib/liboverarching_msgs__rosidl_typesupport_introspection_cpp.so\n'}
[0.275924] (overarching_msgs) StdoutLine: {'line': b'-- Up-to-date: /convince_ws/install/overarching_msgs/lib/liboverarching_msgs__rosidl_typesupport_cpp.so\n'}
[0.275997] (btcpp_ros2_interfaces) StdoutLine: {'line': b'-- Up-to-date symlink: /convince_ws/install/btcpp_ros2_interfaces/lib/python3.12/site-packages/btcpp_ros2_interfaces/msg/_node_status_s.c\n'}
[0.276079] (btcpp_ros2_interfaces) StdoutLine: {'line': b'-- Up-to-date symlink: /convince_ws/install/btcpp_ros2_interfaces/lib/python3.12/site-packages/btcpp_ros2_interfaces/srv/__init__.py\n'}
[0.276175] (pyrobosim_msgs) StdoutLine: {'line': b'-- Up-to-date symlink: /convince_ws/install/pyrobosim_msgs/include/pyrobosim_msgs/pyrobosim_msgs/action/detail/follow_path__type_support.h\n'}
[0.276282] (pyrobosim_msgs) StdoutLine: {'line': b'-- Up-to-date symlink: /convince_ws/install/pyrobosim_msgs/include/pyrobosim_msgs/pyrobosim_msgs/action/detail/plan_path__functions.h\n'}
[0.276363] (btcpp_ros2_interfaces) StdoutLine: {'line': b'-- Up-to-date symlink: /convince_ws/install/btcpp_ros2_interfaces/lib/python3.12/site-packages/btcpp_ros2_interfaces/srv/_get_trees.py\n'}
[0.276454] (btcpp_ros2_interfaces) StdoutLine: {'line': b'-- Up-to-date symlink: /convince_ws/install/btcpp_ros2_interfaces/lib/python3.12/site-packages/btcpp_ros2_interfaces/srv/_get_trees_s.c\n'}
[0.276538] (pyrobosim_msgs) StdoutLine: {'line': b'-- Up-to-date symlink: /convince_ws/install/pyrobosim_msgs/include/pyrobosim_msgs/pyrobosim_msgs/action/detail/plan_path__struct.h\n'}
[0.276632] (btcpp_ros2_interfaces) StdoutLine: {'line': b'-- Up-to-date symlink: /convince_ws/install/btcpp_ros2_interfaces/lib/python3.12/site-packages/btcpp_ros2_interfaces/btcpp_ros2_interfaces_s__rosidl_typesupport_fastrtps_c.so\n'}
[0.276738] (pyrobosim_msgs) StdoutLine: {'line': b'-- Up-to-date symlink: /convince_ws/install/pyrobosim_msgs/include/pyrobosim_msgs/pyrobosim_msgs/action/detail/plan_path__type_support.h\n'}
[0.276851] (pyrobosim_msgs) StdoutLine: {'line': b'-- Up-to-date symlink: /convince_ws/install/pyrobosim_msgs/include/pyrobosim_msgs/pyrobosim_msgs/action/detect_objects.h\n'}
[0.276965] (btcpp_ros2_interfaces) StdoutLine: {'line': b'-- Up-to-date symlink: /convince_ws/install/btcpp_ros2_interfaces/lib/python3.12/site-packages/btcpp_ros2_interfaces/btcpp_ros2_interfaces_s__rosidl_typesupport_introspection_c.so\n'}
[0.277032] (pyrobosim_msgs) StdoutLine: {'line': b'-- Up-to-date symlink: /convince_ws/install/pyrobosim_msgs/include/pyrobosim_msgs/pyrobosim_msgs/action/execute_task_action.h\n'}
[0.277113] (pyrobosim_msgs) StdoutLine: {'line': b'-- Up-to-date symlink: /convince_ws/install/pyrobosim_msgs/include/pyrobosim_msgs/pyrobosim_msgs/action/execute_task_plan.h\n'}
[0.277236] (btcpp_ros2_interfaces) StdoutLine: {'line': b'-- Up-to-date symlink: /convince_ws/install/btcpp_ros2_interfaces/lib/python3.12/site-packages/btcpp_ros2_interfaces/btcpp_ros2_interfaces_s__rosidl_typesupport_c.so\n'}
[0.277366] (bt_interfaces_dummy) JobProgress: {'identifier': 'bt_interfaces_dummy', 'progress': 'install'}
[0.277382] (btcpp_ros2_interfaces) StdoutLine: {'line': b'-- Up-to-date symlink: /convince_ws/install/btcpp_ros2_interfaces/share/btcpp_ros2_interfaces/msg/NodeStatus.idl\n'}
[0.277470] (btcpp_ros2_interfaces) StdoutLine: {'line': b'-- Up-to-date symlink: /convince_ws/install/btcpp_ros2_interfaces/share/btcpp_ros2_interfaces/srv/GetTrees.idl\n'}
[0.277568] (pyrobosim_msgs) StdoutLine: {'line': b'-- Up-to-date symlink: /convince_ws/install/pyrobosim_msgs/include/pyrobosim_msgs/pyrobosim_msgs/action/follow_path.h\n'}
[0.277647] (pyrobosim_msgs) StdoutLine: {'line': b'-- Up-to-date symlink: /convince_ws/install/pyrobosim_msgs/include/pyrobosim_msgs/pyrobosim_msgs/action/plan_path.h\n'}
[0.277714] (btcpp_ros2_interfaces) StdoutLine: {'line': b'-- Up-to-date symlink: /convince_ws/install/btcpp_ros2_interfaces/share/btcpp_ros2_interfaces/action/ExecuteTree.idl\n'}
[0.277826] (pyrobosim_msgs) StdoutLine: {'line': b'-- Up-to-date symlink: /convince_ws/install/pyrobosim_msgs/include/pyrobosim_msgs/pyrobosim_msgs/msg/detail/execution_result__functions.h\n'}
[0.277893] (btcpp_ros2_interfaces) StdoutLine: {'line': b'-- Up-to-date symlink: /convince_ws/install/btcpp_ros2_interfaces/share/btcpp_ros2_interfaces/action/Sleep.idl\n'}
[0.277959] (pyrobosim_msgs) StdoutLine: {'line': b'-- Up-to-date symlink: /convince_ws/install/pyrobosim_msgs/include/pyrobosim_msgs/pyrobosim_msgs/msg/detail/execution_result__struct.h\n'}
[0.278025] (btcpp_ros2_interfaces) StdoutLine: {'line': b'-- Up-to-date symlink: /convince_ws/install/btcpp_ros2_interfaces/share/btcpp_ros2_interfaces/msg/NodeStatus.msg\n'}
[0.278093] (bt_interfaces_dummy) Command: {'cmd': ['/usr/bin/cmake', '--install', '/convince_ws/build/bt_interfaces_dummy'], 'cwd': '/convince_ws/build/bt_interfaces_dummy', 'env': OrderedDict({'PYTHONWARNINGS': 'ignore:setup.py install is deprecated,ignore:easy_install command is deprecated', 'HOSTNAME': '2581be2b12e1', 'SHLVL': '1', 'LD_LIBRARY_PATH': '/opt/ros/jazzy/opt/zmqpp_vendor/lib:/opt/ros/jazzy/lib/x86_64-linux-gnu:/opt/ros/jazzy/lib', 'HOME': '/root', 'OLDPWD': '/convince_ws', 'ROS_PYTHON_VERSION': '3', 'ROS_DISTRO': 'jazzy', '_': '/usr/bin/colcon', 'ROS_VERSION': '2', 'TERM': 'xterm', 'QT_X11_NO_MITSHM': '1', 'PATH': '/opt/ros/jazzy/bin:/usr/local/sbin:/usr/local/bin:/usr/sbin:/usr/bin:/sbin:/bin', 'DISPLAY': ':1', 'LANG': 'C.UTF-8', 'AMENT_PREFIX_PATH': '/opt/ros/jazzy', 'ROS_WS': '/convince_ws', 'ROS_AUTOMATIC_DISCOVERY_RANGE': 'SUBNET', 'PWD': '/convince_ws/build/bt_interfaces_dummy', 'LC_ALL': 'C.UTF-8', 'PYTHONPATH': '/opt/ros/jazzy/lib/python3.12/site-packages', 'COLCON': '1', 'CMAKE_PREFIX_PATH': '/opt/ros/jazzy'}), 'shell': False}
[0.278353] (pyrobosim_msgs) StdoutLine: {'line': b'-- Up-to-date symlink: /convince_ws/install/pyrobosim_msgs/include/pyrobosim_msgs/pyrobosim_msgs/msg/detail/execution_result__type_support.h\n'}
[0.278454] (pyrobosim_msgs) StdoutLine: {'line': b'-- Up-to-date symlink: /convince_ws/install/pyrobosim_msgs/include/pyrobosim_msgs/pyrobosim_msgs/msg/detail/goal_predicate__functions.h\n'}
[0.278552] (pyrobosim_msgs) StdoutLine: {'line': b'-- Up-to-date symlink: /convince_ws/install/pyrobosim_msgs/include/pyrobosim_msgs/pyrobosim_msgs/msg/detail/goal_predicate__struct.h\n'}
[0.278635] (btcpp_ros2_interfaces) StdoutLine: {'line': b'-- Up-to-date symlink: /convince_ws/install/btcpp_ros2_interfaces/share/btcpp_ros2_interfaces/srv/GetTrees.srv\n'}
[0.278736] (btcpp_ros2_interfaces) StdoutLine: {'line': b'-- Up-to-date symlink: /convince_ws/install/btcpp_ros2_interfaces/share/btcpp_ros2_interfaces/action/ExecuteTree.action\n'}
[0.278805] (btcpp_ros2_interfaces) StdoutLine: {'line': b'-- Up-to-date symlink: /convince_ws/install/btcpp_ros2_interfaces/share/btcpp_ros2_interfaces/action/Sleep.action\n'}
[0.278908] (pyrobosim_msgs) StdoutLine: {'line': b'-- Up-to-date symlink: /convince_ws/install/pyrobosim_msgs/include/pyrobosim_msgs/pyrobosim_msgs/msg/detail/goal_predicate__type_support.h\n'}
[0.278976] (pyrobosim_msgs) StdoutLine: {'line': b'-- Up-to-date symlink: /convince_ws/install/pyrobosim_msgs/include/pyrobosim_msgs/pyrobosim_msgs/msg/detail/goal_specification__functions.h\n'}
[0.279083] (pyrobosim_msgs) StdoutLine: {'line': b'-- Up-to-date symlink: /convince_ws/install/pyrobosim_msgs/include/pyrobosim_msgs/pyrobosim_msgs/msg/detail/goal_specification__struct.h\n'}
[0.279174] (btcpp_ros2_interfaces) StdoutLine: {'line': b'-- Up-to-date symlink: /convince_ws/install/btcpp_ros2_interfaces/share/ament_index/resource_index/package_run_dependencies/btcpp_ros2_interfaces\n'}
[0.279253] (pyrobosim_msgs) StdoutLine: {'line': b'-- Up-to-date symlink: /convince_ws/install/pyrobosim_msgs/include/pyrobosim_msgs/pyrobosim_msgs/msg/detail/goal_specification__type_support.h\n'}
[0.279330] (pyrobosim_msgs) StdoutLine: {'line': b'-- Up-to-date symlink: /convince_ws/install/pyrobosim_msgs/include/pyrobosim_msgs/pyrobosim_msgs/msg/detail/hallway_state__functions.h\n'}
[0.279416] (btcpp_ros2_interfaces) StdoutLine: {'line': b'-- Up-to-date symlink: /convince_ws/install/btcpp_ros2_interfaces/share/ament_index/resource_index/parent_prefix_path/btcpp_ros2_interfaces\n'}
[0.279496] (pyrobosim_msgs) StdoutLine: {'line': b'-- Up-to-date symlink: /convince_ws/install/pyrobosim_msgs/include/pyrobosim_msgs/pyrobosim_msgs/msg/detail/hallway_state__struct.h\n'}
[0.279563] (pyrobosim_msgs) StdoutLine: {'line': b'-- Up-to-date symlink: /convince_ws/install/pyrobosim_msgs/include/pyrobosim_msgs/pyrobosim_msgs/msg/detail/hallway_state__type_support.h\n'}
[0.279644] (btcpp_ros2_interfaces) StdoutLine: {'line': b'-- Up-to-date symlink: /convince_ws/install/btcpp_ros2_interfaces/share/btcpp_ros2_interfaces/environment/ament_prefix_path.sh\n'}
[0.279729] (pyrobosim_msgs) StdoutLine: {'line': b'-- Up-to-date symlink: /convince_ws/install/pyrobosim_msgs/include/pyrobosim_msgs/pyrobosim_msgs/msg/detail/location_state__functions.h\n'}
[0.279796] (pyrobosim_msgs) StdoutLine: {'line': b'-- Up-to-date symlink: /convince_ws/install/pyrobosim_msgs/include/pyrobosim_msgs/pyrobosim_msgs/msg/detail/location_state__struct.h\n'}
[0.279888] (pyrobosim_msgs) StdoutLine: {'line': b'-- Up-to-date symlink: /convince_ws/install/pyrobosim_msgs/include/pyrobosim_msgs/pyrobosim_msgs/msg/detail/location_state__type_support.h\n'}
[0.279967] (pyrobosim_msgs) StdoutLine: {'line': b'-- Up-to-date symlink: /convince_ws/install/pyrobosim_msgs/include/pyrobosim_msgs/pyrobosim_msgs/msg/detail/object_state__functions.h\n'}
[0.280035] (pyrobosim_msgs) StdoutLine: {'line': b'-- Up-to-date symlink: /convince_ws/install/pyrobosim_msgs/include/pyrobosim_msgs/pyrobosim_msgs/msg/detail/object_state__struct.h\n'}
[0.280118] (pyrobosim_msgs) StdoutLine: {'line': b'-- Up-to-date symlink: /convince_ws/install/pyrobosim_msgs/include/pyrobosim_msgs/pyrobosim_msgs/msg/detail/object_state__type_support.h\n'}
[0.280209] (btcpp_ros2_interfaces) StdoutLine: {'line': b'-- Up-to-date symlink: /convince_ws/install/btcpp_ros2_interfaces/share/btcpp_ros2_interfaces/environment/ament_prefix_path.dsv\n'}
[0.280287] (pyrobosim_msgs) StdoutLine: {'line': b'-- Up-to-date symlink: /convince_ws/install/pyrobosim_msgs/include/pyrobosim_msgs/pyrobosim_msgs/msg/detail/path__functions.h\n'}
[0.280353] (btcpp_ros2_interfaces) StdoutLine: {'line': b'-- Up-to-date symlink: /convince_ws/install/btcpp_ros2_interfaces/share/btcpp_ros2_interfaces/environment/path.sh\n'}
[0.280439] (btcpp_ros2_interfaces) StdoutLine: {'line': b'-- Up-to-date symlink: /convince_ws/install/btcpp_ros2_interfaces/share/btcpp_ros2_interfaces/environment/path.dsv\n'}
[0.280520] (btcpp_ros2_interfaces) StdoutLine: {'line': b'-- Up-to-date symlink: /convince_ws/install/btcpp_ros2_interfaces/share/btcpp_ros2_interfaces/local_setup.bash\n'}
[0.280624] (btcpp_ros2_interfaces) StdoutLine: {'line': b'-- Up-to-date symlink: /convince_ws/install/btcpp_ros2_interfaces/share/btcpp_ros2_interfaces/local_setup.sh\n'}
[0.280698] (pyrobosim_msgs) StdoutLine: {'line': b'-- Up-to-date symlink: /convince_ws/install/pyrobosim_msgs/include/pyrobosim_msgs/pyrobosim_msgs/msg/detail/path__struct.h\n'}
[0.280764] (pyrobosim_msgs) StdoutLine: {'line': b'-- Up-to-date symlink: /convince_ws/install/pyrobosim_msgs/include/pyrobosim_msgs/pyrobosim_msgs/msg/detail/path__type_support.h\n'}
[0.280846] (pyrobosim_msgs) StdoutLine: {'line': b'-- Up-to-date symlink: /convince_ws/install/pyrobosim_msgs/include/pyrobosim_msgs/pyrobosim_msgs/msg/detail/robot_state__functions.h\n'}
[0.280921] (btcpp_ros2_interfaces) StdoutLine: {'line': b'-- Up-to-date symlink: /convince_ws/install/btcpp_ros2_interfaces/share/btcpp_ros2_interfaces/local_setup.zsh\n'}
[0.280998] (btcpp_ros2_interfaces) StdoutLine: {'line': b'-- Up-to-date symlink: /convince_ws/install/btcpp_ros2_interfaces/share/btcpp_ros2_interfaces/local_setup.dsv\n'}
[0.281068] (pyrobosim_msgs) StdoutLine: {'line': b'-- Up-to-date symlink: /convince_ws/install/pyrobosim_msgs/include/pyrobosim_msgs/pyrobosim_msgs/msg/detail/robot_state__struct.h\n'}
[0.281141] (btcpp_ros2_interfaces) StdoutLine: {'line': b'-- Symlinking: /convince_ws/install/btcpp_ros2_interfaces/share/btcpp_ros2_interfaces/package.dsv\n'}
[0.281235] (pyrobosim_msgs) StdoutLine: {'line': b'-- Up-to-date symlink: /convince_ws/install/pyrobosim_msgs/include/pyrobosim_msgs/pyrobosim_msgs/msg/detail/robot_state__type_support.h\n'}
[0.281318] (pyrobosim_msgs) StdoutLine: {'line': b'-- Up-to-date symlink: /convince_ws/install/pyrobosim_msgs/include/pyrobosim_msgs/pyrobosim_msgs/msg/detail/task_action__functions.h\n'}
[0.281397] (pyrobosim_msgs) StdoutLine: {'line': b'-- Up-to-date symlink: /convince_ws/install/pyrobosim_msgs/include/pyrobosim_msgs/pyrobosim_msgs/msg/detail/task_action__struct.h\n'}
[0.281462] (pyrobosim_msgs) StdoutLine: {'line': b'-- Up-to-date symlink: /convince_ws/install/pyrobosim_msgs/include/pyrobosim_msgs/pyrobosim_msgs/msg/detail/task_action__type_support.h\n'}
[0.281525] (pyrobosim_msgs) StdoutLine: {'line': b'-- Up-to-date symlink: /convince_ws/install/pyrobosim_msgs/include/pyrobosim_msgs/pyrobosim_msgs/msg/detail/task_plan__functions.h\n'}
[0.281587] (pyrobosim_msgs) StdoutLine: {'line': b'-- Up-to-date symlink: /convince_ws/install/pyrobosim_msgs/include/pyrobosim_msgs/pyrobosim_msgs/msg/detail/task_plan__struct.h\n'}
[0.281650] (pyrobosim_msgs) StdoutLine: {'line': b'-- Up-to-date symlink: /convince_ws/install/pyrobosim_msgs/include/pyrobosim_msgs/pyrobosim_msgs/msg/detail/task_plan__type_support.h\n'}
[0.281717] (pyrobosim_msgs) StdoutLine: {'line': b'-- Up-to-date symlink: /convince_ws/install/pyrobosim_msgs/include/pyrobosim_msgs/pyrobosim_msgs/msg/detail/world_info__functions.h\n'}
[0.281779] (pyrobosim_msgs) StdoutLine: {'line': b'-- Up-to-date symlink: /convince_ws/install/pyrobosim_msgs/include/pyrobosim_msgs/pyrobosim_msgs/msg/detail/world_info__struct.h\n'}
[0.281841] (pyrobosim_msgs) StdoutLine: {'line': b'-- Up-to-date symlink: /convince_ws/install/pyrobosim_msgs/include/pyrobosim_msgs/pyrobosim_msgs/msg/detail/world_info__type_support.h\n'}
[0.281903] (pyrobosim_msgs) StdoutLine: {'line': b'-- Up-to-date symlink: /convince_ws/install/pyrobosim_msgs/include/pyrobosim_msgs/pyrobosim_msgs/msg/detail/world_state__functions.h\n'}
[0.281970] (pyrobosim_msgs) StdoutLine: {'line': b'-- Up-to-date symlink: /convince_ws/install/pyrobosim_msgs/include/pyrobosim_msgs/pyrobosim_msgs/msg/detail/world_state__struct.h\n'}
[0.282034] (pyrobosim_msgs) StdoutLine: {'line': b'-- Up-to-date symlink: /convince_ws/install/pyrobosim_msgs/include/pyrobosim_msgs/pyrobosim_msgs/msg/detail/world_state__type_support.h\n'}
[0.282097] (pyrobosim_msgs) StdoutLine: {'line': b'-- Up-to-date symlink: /convince_ws/install/pyrobosim_msgs/include/pyrobosim_msgs/pyrobosim_msgs/msg/execution_result.h\n'}
[0.282169] (pyrobosim_msgs) StdoutLine: {'line': b'-- Up-to-date symlink: /convince_ws/install/pyrobosim_msgs/include/pyrobosim_msgs/pyrobosim_msgs/msg/goal_predicate.h\n'}
[0.282238] (pyrobosim_msgs) StdoutLine: {'line': b'-- Up-to-date symlink: /convince_ws/install/pyrobosim_msgs/include/pyrobosim_msgs/pyrobosim_msgs/msg/goal_specification.h\n'}
[0.282302] (pyrobosim_msgs) StdoutLine: {'line': b'-- Up-to-date symlink: /convince_ws/install/pyrobosim_msgs/include/pyrobosim_msgs/pyrobosim_msgs/msg/hallway_state.h\n'}
[0.282364] (pyrobosim_msgs) StdoutLine: {'line': b'-- Up-to-date symlink: /convince_ws/install/pyrobosim_msgs/include/pyrobosim_msgs/pyrobosim_msgs/msg/location_state.h\n'}
[0.282427] (pyrobosim_msgs) StdoutLine: {'line': b'-- Up-to-date symlink: /convince_ws/install/pyrobosim_msgs/include/pyrobosim_msgs/pyrobosim_msgs/msg/object_state.h\n'}
[0.282489] (pyrobosim_msgs) StdoutLine: {'line': b'-- Up-to-date symlink: /convince_ws/install/pyrobosim_msgs/include/pyrobosim_msgs/pyrobosim_msgs/msg/path.h\n'}
[0.282551] (pyrobosim_msgs) StdoutLine: {'line': b'-- Up-to-date symlink: /convince_ws/install/pyrobosim_msgs/include/pyrobosim_msgs/pyrobosim_msgs/msg/robot_state.h\n'}
[0.282614] (pyrobosim_msgs) StdoutLine: {'line': b'-- Up-to-date symlink: /convince_ws/install/pyrobosim_msgs/include/pyrobosim_msgs/pyrobosim_msgs/msg/rosidl_generator_c__visibility_control.h\n'}
[0.282676] (pyrobosim_msgs) StdoutLine: {'line': b'-- Up-to-date symlink: /convince_ws/install/pyrobosim_msgs/include/pyrobosim_msgs/pyrobosim_msgs/msg/task_action.h\n'}
[0.282747] (pyrobosim_msgs) StdoutLine: {'line': b'-- Up-to-date symlink: /convince_ws/install/pyrobosim_msgs/include/pyrobosim_msgs/pyrobosim_msgs/msg/task_plan.h\n'}
[0.282810] (pyrobosim_msgs) StdoutLine: {'line': b'-- Up-to-date symlink: /convince_ws/install/pyrobosim_msgs/include/pyrobosim_msgs/pyrobosim_msgs/msg/world_info.h\n'}
[0.282874] (pyrobosim_msgs) StdoutLine: {'line': b'-- Up-to-date symlink: /convince_ws/install/pyrobosim_msgs/include/pyrobosim_msgs/pyrobosim_msgs/msg/world_state.h\n'}
[0.282939] (pyrobosim_msgs) StdoutLine: {'line': b'-- Up-to-date symlink: /convince_ws/install/pyrobosim_msgs/include/pyrobosim_msgs/pyrobosim_msgs/srv/detail/request_world_info__functions.h\n'}
[0.283002] (pyrobosim_msgs) StdoutLine: {'line': b'-- Up-to-date symlink: /convince_ws/install/pyrobosim_msgs/include/pyrobosim_msgs/pyrobosim_msgs/srv/detail/request_world_info__struct.h\n'}
[0.283068] (pyrobosim_msgs) StdoutLine: {'line': b'-- Up-to-date symlink: /convince_ws/install/pyrobosim_msgs/include/pyrobosim_msgs/pyrobosim_msgs/srv/detail/request_world_info__type_support.h\n'}
[0.283136] (pyrobosim_msgs) StdoutLine: {'line': b'-- Up-to-date symlink: /convince_ws/install/pyrobosim_msgs/include/pyrobosim_msgs/pyrobosim_msgs/srv/detail/request_world_state__functions.h\n'}
[0.283205] (pyrobosim_msgs) StdoutLine: {'line': b'-- Up-to-date symlink: /convince_ws/install/pyrobosim_msgs/include/pyrobosim_msgs/pyrobosim_msgs/srv/detail/request_world_state__struct.h\n'}
[0.283272] (pyrobosim_msgs) StdoutLine: {'line': b'-- Up-to-date symlink: /convince_ws/install/pyrobosim_msgs/include/pyrobosim_msgs/pyrobosim_msgs/srv/detail/request_world_state__type_support.h\n'}
[0.283338] (pyrobosim_msgs) StdoutLine: {'line': b'-- Up-to-date symlink: /convince_ws/install/pyrobosim_msgs/include/pyrobosim_msgs/pyrobosim_msgs/srv/detail/reset_world__functions.h\n'}
[0.283402] (pyrobosim_msgs) StdoutLine: {'line': b'-- Up-to-date symlink: /convince_ws/install/pyrobosim_msgs/include/pyrobosim_msgs/pyrobosim_msgs/srv/detail/reset_world__struct.h\n'}
[0.283466] (pyrobosim_msgs) StdoutLine: {'line': b'-- Up-to-date symlink: /convince_ws/install/pyrobosim_msgs/include/pyrobosim_msgs/pyrobosim_msgs/srv/detail/reset_world__type_support.h\n'}
[0.283529] (pyrobosim_msgs) StdoutLine: {'line': b'-- Up-to-date symlink: /convince_ws/install/pyrobosim_msgs/include/pyrobosim_msgs/pyrobosim_msgs/srv/detail/set_location_state__functions.h\n'}
[0.283614] (pyrobosim_msgs) StdoutLine: {'line': b'-- Up-to-date symlink: /convince_ws/install/pyrobosim_msgs/include/pyrobosim_msgs/pyrobosim_msgs/srv/detail/set_location_state__struct.h\n'}
[0.283702] (pyrobosim_msgs) StdoutLine: {'line': b'-- Up-to-date symlink: /convince_ws/install/pyrobosim_msgs/include/pyrobosim_msgs/pyrobosim_msgs/srv/detail/set_location_state__type_support.h\n'}
[0.283788] (pyrobosim_msgs) StdoutLine: {'line': b'-- Up-to-date symlink: /convince_ws/install/pyrobosim_msgs/include/pyrobosim_msgs/pyrobosim_msgs/srv/request_world_info.h\n'}
[0.283866] (pyrobosim_msgs) StdoutLine: {'line': b'-- Up-to-date symlink: /convince_ws/install/pyrobosim_msgs/include/pyrobosim_msgs/pyrobosim_msgs/srv/request_world_state.h\n'}
[0.283943] (pyrobosim_msgs) StdoutLine: {'line': b'-- Up-to-date symlink: /convince_ws/install/pyrobosim_msgs/include/pyrobosim_msgs/pyrobosim_msgs/srv/reset_world.h\n'}
[0.284036] (pyrobosim_msgs) StdoutLine: {'line': b'-- Up-to-date symlink: /convince_ws/install/pyrobosim_msgs/include/pyrobosim_msgs/pyrobosim_msgs/srv/set_location_state.h\n'}
[0.284115] (pyrobosim_msgs) StdoutLine: {'line': b'-- Up-to-date symlink: /convince_ws/install/pyrobosim_msgs/share/pyrobosim_msgs/environment/library_path.sh\n'}
[0.284191] (pyrobosim_msgs) StdoutLine: {'line': b'-- Up-to-date symlink: /convince_ws/install/pyrobosim_msgs/share/pyrobosim_msgs/environment/library_path.dsv\n'}
[0.284259] (pyrobosim_msgs) StdoutLine: {'line': b'-- Up-to-date symlink: /convince_ws/install/pyrobosim_msgs/include/pyrobosim_msgs/pyrobosim_msgs/action/detail/detect_objects__rosidl_typesupport_fastrtps_c.h\n'}
[0.284323] (pyrobosim_msgs) StdoutLine: {'line': b'-- Up-to-date symlink: /convince_ws/install/pyrobosim_msgs/include/pyrobosim_msgs/pyrobosim_msgs/action/detail/execute_task_action__rosidl_typesupport_fastrtps_c.h\n'}
[0.284387] (pyrobosim_msgs) StdoutLine: {'line': b'-- Up-to-date symlink: /convince_ws/install/pyrobosim_msgs/include/pyrobosim_msgs/pyrobosim_msgs/action/detail/execute_task_plan__rosidl_typesupport_fastrtps_c.h\n'}
[0.284453] (pyrobosim_msgs) StdoutLine: {'line': b'-- Up-to-date symlink: /convince_ws/install/pyrobosim_msgs/include/pyrobosim_msgs/pyrobosim_msgs/action/detail/follow_path__rosidl_typesupport_fastrtps_c.h\n'}
[0.284516] (pyrobosim_msgs) StdoutLine: {'line': b'-- Up-to-date symlink: /convince_ws/install/pyrobosim_msgs/include/pyrobosim_msgs/pyrobosim_msgs/action/detail/plan_path__rosidl_typesupport_fastrtps_c.h\n'}
[0.284580] (pyrobosim_msgs) StdoutLine: {'line': b'-- Up-to-date symlink: /convince_ws/install/pyrobosim_msgs/include/pyrobosim_msgs/pyrobosim_msgs/msg/detail/execution_result__rosidl_typesupport_fastrtps_c.h\n'}
[0.284643] (pyrobosim_msgs) StdoutLine: {'line': b'-- Up-to-date symlink: /convince_ws/install/pyrobosim_msgs/include/pyrobosim_msgs/pyrobosim_msgs/msg/detail/goal_predicate__rosidl_typesupport_fastrtps_c.h\n'}
[0.284712] (pyrobosim_msgs) StdoutLine: {'line': b'-- Up-to-date symlink: /convince_ws/install/pyrobosim_msgs/include/pyrobosim_msgs/pyrobosim_msgs/msg/detail/goal_specification__rosidl_typesupport_fastrtps_c.h\n'}
[0.284775] (pyrobosim_msgs) StdoutLine: {'line': b'-- Up-to-date symlink: /convince_ws/install/pyrobosim_msgs/include/pyrobosim_msgs/pyrobosim_msgs/msg/detail/hallway_state__rosidl_typesupport_fastrtps_c.h\n'}
[0.284845] (pyrobosim_msgs) StdoutLine: {'line': b'-- Up-to-date symlink: /convince_ws/install/pyrobosim_msgs/include/pyrobosim_msgs/pyrobosim_msgs/msg/detail/location_state__rosidl_typesupport_fastrtps_c.h\n'}
[0.284908] (pyrobosim_msgs) StdoutLine: {'line': b'-- Up-to-date symlink: /convince_ws/install/pyrobosim_msgs/include/pyrobosim_msgs/pyrobosim_msgs/msg/detail/object_state__rosidl_typesupport_fastrtps_c.h\n'}
[0.284976] (pyrobosim_msgs) StdoutLine: {'line': b'-- Up-to-date symlink: /convince_ws/install/pyrobosim_msgs/include/pyrobosim_msgs/pyrobosim_msgs/msg/detail/path__rosidl_typesupport_fastrtps_c.h\n'}
[0.285077] (pyrobosim_msgs) StdoutLine: {'line': b'-- Up-to-date symlink: /convince_ws/install/pyrobosim_msgs/include/pyrobosim_msgs/pyrobosim_msgs/msg/detail/robot_state__rosidl_typesupport_fastrtps_c.h\n'}
[0.285201] (pyrobosim_msgs) StdoutLine: {'line': b'-- Up-to-date symlink: /convince_ws/install/pyrobosim_msgs/include/pyrobosim_msgs/pyrobosim_msgs/msg/detail/task_action__rosidl_typesupport_fastrtps_c.h\n'}
[0.285328] (pyrobosim_msgs) StdoutLine: {'line': b'-- Up-to-date symlink: /convince_ws/install/pyrobosim_msgs/include/pyrobosim_msgs/pyrobosim_msgs/msg/detail/task_plan__rosidl_typesupport_fastrtps_c.h\n'}
[0.285453] (pyrobosim_msgs) StdoutLine: {'line': b'-- Up-to-date symlink: /convince_ws/install/pyrobosim_msgs/include/pyrobosim_msgs/pyrobosim_msgs/msg/detail/world_info__rosidl_typesupport_fastrtps_c.h\n'}
[0.285618] (pyrobosim_msgs) StdoutLine: {'line': b'-- Up-to-date symlink: /convince_ws/install/pyrobosim_msgs/include/pyrobosim_msgs/pyrobosim_msgs/msg/detail/world_state__rosidl_typesupport_fastrtps_c.h\n'}
[0.286015] (pyrobosim_msgs) StdoutLine: {'line': b'-- Up-to-date symlink: /convince_ws/install/pyrobosim_msgs/include/pyrobosim_msgs/pyrobosim_msgs/msg/rosidl_typesupport_fastrtps_c__visibility_control.h\n'}
[0.286091] (pyrobosim_msgs) StdoutLine: {'line': b'-- Up-to-date symlink: /convince_ws/install/pyrobosim_msgs/include/pyrobosim_msgs/pyrobosim_msgs/srv/detail/request_world_info__rosidl_typesupport_fastrtps_c.h\n'}
[0.286225] (pyrobosim_msgs) StdoutLine: {'line': b'-- Up-to-date symlink: /convince_ws/install/pyrobosim_msgs/include/pyrobosim_msgs/pyrobosim_msgs/srv/detail/request_world_state__rosidl_typesupport_fastrtps_c.h\n'}
[0.286366] (pyrobosim_msgs) StdoutLine: {'line': b'-- Up-to-date symlink: /convince_ws/install/pyrobosim_msgs/include/pyrobosim_msgs/pyrobosim_msgs/srv/detail/reset_world__rosidl_typesupport_fastrtps_c.h\n'}
[0.286465] (pyrobosim_msgs) StdoutLine: {'line': b'-- Up-to-date symlink: /convince_ws/install/pyrobosim_msgs/include/pyrobosim_msgs/pyrobosim_msgs/srv/detail/set_location_state__rosidl_typesupport_fastrtps_c.h\n'}
[0.286584] (pyrobosim_msgs) StdoutLine: {'line': b'-- Up-to-date symlink: /convince_ws/install/pyrobosim_msgs/include/pyrobosim_msgs/pyrobosim_msgs/action/detail/detect_objects__builder.hpp\n'}
[0.286700] (pyrobosim_msgs) StdoutLine: {'line': b'-- Up-to-date symlink: /convince_ws/install/pyrobosim_msgs/include/pyrobosim_msgs/pyrobosim_msgs/action/detail/detect_objects__struct.hpp\n'}
[0.286874] (pyrobosim_msgs) StdoutLine: {'line': b'-- Up-to-date symlink: /convince_ws/install/pyrobosim_msgs/include/pyrobosim_msgs/pyrobosim_msgs/action/detail/detect_objects__traits.hpp\n'}
[0.286980] (pyrobosim_msgs) StdoutLine: {'line': b'-- Up-to-date symlink: /convince_ws/install/pyrobosim_msgs/include/pyrobosim_msgs/pyrobosim_msgs/action/detail/detect_objects__type_support.hpp\n'}
[0.287065] (pyrobosim_msgs) StdoutLine: {'line': b'-- Up-to-date symlink: /convince_ws/install/pyrobosim_msgs/include/pyrobosim_msgs/pyrobosim_msgs/action/detail/execute_task_action__builder.hpp\n'}
[0.287172] (pyrobosim_msgs) StdoutLine: {'line': b'-- Up-to-date symlink: /convince_ws/install/pyrobosim_msgs/include/pyrobosim_msgs/pyrobosim_msgs/action/detail/execute_task_action__struct.hpp\n'}
[0.287257] (pyrobosim_msgs) StdoutLine: {'line': b'-- Up-to-date symlink: /convince_ws/install/pyrobosim_msgs/include/pyrobosim_msgs/pyrobosim_msgs/action/detail/execute_task_action__traits.hpp\n'}
[0.287346] (pyrobosim_msgs) StdoutLine: {'line': b'-- Up-to-date symlink: /convince_ws/install/pyrobosim_msgs/include/pyrobosim_msgs/pyrobosim_msgs/action/detail/execute_task_action__type_support.hpp\n'}
[0.287441] (pyrobosim_msgs) StdoutLine: {'line': b'-- Up-to-date symlink: /convince_ws/install/pyrobosim_msgs/include/pyrobosim_msgs/pyrobosim_msgs/action/detail/execute_task_plan__builder.hpp\n'}
[0.287538] (pyrobosim_msgs) StdoutLine: {'line': b'-- Up-to-date symlink: /convince_ws/install/pyrobosim_msgs/include/pyrobosim_msgs/pyrobosim_msgs/action/detail/execute_task_plan__struct.hpp\n'}
[0.287659] (btcpp_ros2_interfaces) StdoutLine: {'line': b'-- Up-to-date symlink: /convince_ws/install/btcpp_ros2_interfaces/share/ament_index/resource_index/packages/btcpp_ros2_interfaces\n'}
[0.287781] (pyrobosim_msgs) StdoutLine: {'line': b'-- Up-to-date symlink: /convince_ws/install/pyrobosim_msgs/include/pyrobosim_msgs/pyrobosim_msgs/action/detail/execute_task_plan__traits.hpp\n'}
[0.287883] (pyrobosim_msgs) StdoutLine: {'line': b'-- Up-to-date symlink: /convince_ws/install/pyrobosim_msgs/include/pyrobosim_msgs/pyrobosim_msgs/action/detail/execute_task_plan__type_support.hpp\n'}
[0.288001] (pyrobosim_msgs) StdoutLine: {'line': b'-- Up-to-date symlink: /convince_ws/install/pyrobosim_msgs/include/pyrobosim_msgs/pyrobosim_msgs/action/detail/follow_path__builder.hpp\n'}
[0.288130] (pyrobosim_msgs) StdoutLine: {'line': b'-- Up-to-date symlink: /convince_ws/install/pyrobosim_msgs/include/pyrobosim_msgs/pyrobosim_msgs/action/detail/follow_path__struct.hpp\n'}
[0.288191] (btcpp_ros2_interfaces) StdoutLine: {'line': b'-- Up-to-date symlink: /convince_ws/install/btcpp_ros2_interfaces/share/btcpp_ros2_interfaces/cmake/rosidl_cmake-extras.cmake\n'}
[0.288252] (pyrobosim_msgs) StdoutLine: {'line': b'-- Up-to-date symlink: /convince_ws/install/pyrobosim_msgs/include/pyrobosim_msgs/pyrobosim_msgs/action/detail/follow_path__traits.hpp\n'}
[0.288286] (pyrobosim_msgs) StdoutLine: {'line': b'-- Up-to-date symlink: /convince_ws/install/pyrobosim_msgs/include/pyrobosim_msgs/pyrobosim_msgs/action/detail/follow_path__type_support.hpp\n'}
[0.288318] (btcpp_ros2_interfaces) StdoutLine: {'line': b'-- Up-to-date symlink: /convince_ws/install/btcpp_ros2_interfaces/share/btcpp_ros2_interfaces/cmake/ament_cmake_export_dependencies-extras.cmake\n'}
[0.288348] (pyrobosim_msgs) StdoutLine: {'line': b'-- Up-to-date symlink: /convince_ws/install/pyrobosim_msgs/include/pyrobosim_msgs/pyrobosim_msgs/action/detail/plan_path__builder.hpp\n'}
[0.288377] (pyrobosim_msgs) StdoutLine: {'line': b'-- Up-to-date symlink: /convince_ws/install/pyrobosim_msgs/include/pyrobosim_msgs/pyrobosim_msgs/action/detail/plan_path__struct.hpp\n'}
[0.288406] (pyrobosim_msgs) StdoutLine: {'line': b'-- Up-to-date symlink: /convince_ws/install/pyrobosim_msgs/include/pyrobosim_msgs/pyrobosim_msgs/action/detail/plan_path__traits.hpp\n'}
[0.288435] (pyrobosim_msgs) StdoutLine: {'line': b'-- Up-to-date symlink: /convince_ws/install/pyrobosim_msgs/include/pyrobosim_msgs/pyrobosim_msgs/action/detail/plan_path__type_support.hpp\n'}
[0.288463] (pyrobosim_msgs) StdoutLine: {'line': b'-- Up-to-date symlink: /convince_ws/install/pyrobosim_msgs/include/pyrobosim_msgs/pyrobosim_msgs/action/detect_objects.hpp\n'}
[0.288492] (btcpp_ros2_interfaces) StdoutLine: {'line': b'-- Up-to-date symlink: /convince_ws/install/btcpp_ros2_interfaces/share/btcpp_ros2_interfaces/cmake/ament_cmake_export_include_directories-extras.cmake\n'}
[0.288522] (pyrobosim_msgs) StdoutLine: {'line': b'-- Up-to-date symlink: /convince_ws/install/pyrobosim_msgs/include/pyrobosim_msgs/pyrobosim_msgs/action/execute_task_action.hpp\n'}
[0.288567] (pyrobosim_msgs) StdoutLine: {'line': b'-- Up-to-date symlink: /convince_ws/install/pyrobosim_msgs/include/pyrobosim_msgs/pyrobosim_msgs/action/execute_task_plan.hpp\n'}
[0.288597] (pyrobosim_msgs) StdoutLine: {'line': b'-- Up-to-date symlink: /convince_ws/install/pyrobosim_msgs/include/pyrobosim_msgs/pyrobosim_msgs/action/follow_path.hpp\n'}
[0.288625] (btcpp_ros2_interfaces) StdoutLine: {'line': b'-- Up-to-date symlink: /convince_ws/install/btcpp_ros2_interfaces/share/btcpp_ros2_interfaces/cmake/ament_cmake_export_libraries-extras.cmake\n'}
[0.288655] (pyrobosim_msgs) StdoutLine: {'line': b'-- Up-to-date symlink: /convince_ws/install/pyrobosim_msgs/include/pyrobosim_msgs/pyrobosim_msgs/action/plan_path.hpp\n'}
[0.288683] (pyrobosim_msgs) StdoutLine: {'line': b'-- Up-to-date symlink: /convince_ws/install/pyrobosim_msgs/include/pyrobosim_msgs/pyrobosim_msgs/msg/detail/execution_result__builder.hpp\n'}
[0.288712] (pyrobosim_msgs) StdoutLine: {'line': b'-- Up-to-date symlink: /convince_ws/install/pyrobosim_msgs/include/pyrobosim_msgs/pyrobosim_msgs/msg/detail/execution_result__struct.hpp\n'}
[0.288741] (btcpp_ros2_interfaces) StdoutLine: {'line': b'-- Up-to-date symlink: /convince_ws/install/btcpp_ros2_interfaces/share/btcpp_ros2_interfaces/cmake/ament_cmake_export_targets-extras.cmake\n'}
[0.288771] (pyrobosim_msgs) StdoutLine: {'line': b'-- Up-to-date symlink: /convince_ws/install/pyrobosim_msgs/include/pyrobosim_msgs/pyrobosim_msgs/msg/detail/execution_result__traits.hpp\n'}
[0.288801] (pyrobosim_msgs) StdoutLine: {'line': b'-- Up-to-date symlink: /convince_ws/install/pyrobosim_msgs/include/pyrobosim_msgs/pyrobosim_msgs/msg/detail/execution_result__type_support.hpp\n'}
[0.288832] (pyrobosim_msgs) StdoutLine: {'line': b'-- Up-to-date symlink: /convince_ws/install/pyrobosim_msgs/include/pyrobosim_msgs/pyrobosim_msgs/msg/detail/goal_predicate__builder.hpp\n'}
[0.288864] (pyrobosim_msgs) StdoutLine: {'line': b'-- Up-to-date symlink: /convince_ws/install/pyrobosim_msgs/include/pyrobosim_msgs/pyrobosim_msgs/msg/detail/goal_predicate__struct.hpp\n'}
[0.288892] (btcpp_ros2_interfaces) StdoutLine: {'line': b'-- Up-to-date symlink: /convince_ws/install/btcpp_ros2_interfaces/share/btcpp_ros2_interfaces/cmake/rosidl_cmake_export_typesupport_targets-extras.cmake\n'}
[0.288934] (bt_interfaces_dummy) StdoutLine: {'line': b'-- Install configuration: ""\n'}
[0.288994] (pyrobosim_msgs) StdoutLine: {'line': b'-- Up-to-date symlink: /convince_ws/install/pyrobosim_msgs/include/pyrobosim_msgs/pyrobosim_msgs/msg/detail/goal_predicate__traits.hpp\n'}
[0.289025] (pyrobosim_msgs) StdoutLine: {'line': b'-- Up-to-date symlink: /convince_ws/install/pyrobosim_msgs/include/pyrobosim_msgs/pyrobosim_msgs/msg/detail/goal_predicate__type_support.hpp\n'}
[0.289054] (pyrobosim_msgs) StdoutLine: {'line': b'-- Up-to-date symlink: /convince_ws/install/pyrobosim_msgs/include/pyrobosim_msgs/pyrobosim_msgs/msg/detail/goal_specification__builder.hpp\n'}
[0.289083] (btcpp_ros2_interfaces) StdoutLine: {'line': b'-- Up-to-date symlink: /convince_ws/install/btcpp_ros2_interfaces/share/btcpp_ros2_interfaces/cmake/rosidl_cmake_export_typesupport_libraries-extras.cmake\n'}
[0.289112] (pyrobosim_msgs) StdoutLine: {'line': b'-- Up-to-date symlink: /convince_ws/install/pyrobosim_msgs/include/pyrobosim_msgs/pyrobosim_msgs/msg/detail/goal_specification__struct.hpp\n'}
[0.289148] (pyrobosim_msgs) StdoutLine: {'line': b'-- Up-to-date symlink: /convince_ws/install/pyrobosim_msgs/include/pyrobosim_msgs/pyrobosim_msgs/msg/detail/goal_specification__traits.hpp\n'}
[0.289191] (pyrobosim_msgs) StdoutLine: {'line': b'-- Up-to-date symlink: /convince_ws/install/pyrobosim_msgs/include/pyrobosim_msgs/pyrobosim_msgs/msg/detail/goal_specification__type_support.hpp\n'}
[0.289221] (btcpp_ros2_interfaces) StdoutLine: {'line': b'-- Up-to-date symlink: /convince_ws/install/btcpp_ros2_interfaces/share/btcpp_ros2_interfaces/cmake/btcpp_ros2_interfacesConfig.cmake\n'}
[0.289257] (pyrobosim_msgs) StdoutLine: {'line': b'-- Up-to-date symlink: /convince_ws/install/pyrobosim_msgs/include/pyrobosim_msgs/pyrobosim_msgs/msg/detail/hallway_state__builder.hpp\n'}
[0.289286] (pyrobosim_msgs) StdoutLine: {'line': b'-- Up-to-date symlink: /convince_ws/install/pyrobosim_msgs/include/pyrobosim_msgs/pyrobosim_msgs/msg/detail/hallway_state__struct.hpp\n'}
[0.289315] (btcpp_ros2_interfaces) StdoutLine: {'line': b'-- Up-to-date symlink: /convince_ws/install/btcpp_ros2_interfaces/share/btcpp_ros2_interfaces/cmake/btcpp_ros2_interfacesConfig-version.cmake\n'}
[0.289344] (pyrobosim_msgs) StdoutLine: {'line': b'-- Up-to-date symlink: /convince_ws/install/pyrobosim_msgs/include/pyrobosim_msgs/pyrobosim_msgs/msg/detail/hallway_state__traits.hpp\n'}
[0.289371] (pyrobosim_msgs) StdoutLine: {'line': b'-- Up-to-date symlink: /convince_ws/install/pyrobosim_msgs/include/pyrobosim_msgs/pyrobosim_msgs/msg/detail/hallway_state__type_support.hpp\n'}
[0.289399] (btcpp_ros2_interfaces) StdoutLine: {'line': b'-- Up-to-date symlink: /convince_ws/install/btcpp_ros2_interfaces/share/btcpp_ros2_interfaces/package.xml\n'}
[0.289432] (pyrobosim_msgs) StdoutLine: {'line': b'-- Up-to-date symlink: /convince_ws/install/pyrobosim_msgs/include/pyrobosim_msgs/pyrobosim_msgs/msg/detail/location_state__builder.hpp\n'}
[0.289462] (pyrobosim_msgs) StdoutLine: {'line': b'-- Up-to-date symlink: /convince_ws/install/pyrobosim_msgs/include/pyrobosim_msgs/pyrobosim_msgs/msg/detail/location_state__struct.hpp\n'}
[0.289491] (pyrobosim_msgs) StdoutLine: {'line': b'-- Up-to-date symlink: /convince_ws/install/pyrobosim_msgs/include/pyrobosim_msgs/pyrobosim_msgs/msg/detail/location_state__traits.hpp\n'}
[0.289519] (bt_interfaces_dummy) StdoutLine: {'line': b'-- Execute custom install script\n'}
[0.289562] (pyrobosim_msgs) StdoutLine: {'line': b'-- Up-to-date symlink: /convince_ws/install/pyrobosim_msgs/include/pyrobosim_msgs/pyrobosim_msgs/msg/detail/location_state__type_support.hpp\n'}
[0.289601] (pyrobosim_msgs) StdoutLine: {'line': b'-- Up-to-date symlink: /convince_ws/install/pyrobosim_msgs/include/pyrobosim_msgs/pyrobosim_msgs/msg/detail/object_state__builder.hpp\n'}
[0.289633] (pyrobosim_msgs) StdoutLine: {'line': b'-- Up-to-date symlink: /convince_ws/install/pyrobosim_msgs/include/pyrobosim_msgs/pyrobosim_msgs/msg/detail/object_state__struct.hpp\n'}
[0.289664] (btcpp_ros2_interfaces) StdoutLine: {'line': b'-- Up-to-date: /convince_ws/install/btcpp_ros2_interfaces/lib/libbtcpp_ros2_interfaces__rosidl_generator_c.so\n'}
[0.289695] (pyrobosim_msgs) StdoutLine: {'line': b'-- Up-to-date symlink: /convince_ws/install/pyrobosim_msgs/include/pyrobosim_msgs/pyrobosim_msgs/msg/detail/object_state__traits.hpp\n'}
[0.289725] (bt_interfaces_dummy) StdoutLine: {'line': b'-- Up-to-date symlink: /convince_ws/install/bt_interfaces_dummy/share/ament_index/resource_index/rosidl_interfaces/bt_interfaces_dummy\n'}
[0.289763] (pyrobosim_msgs) StdoutLine: {'line': b'-- Up-to-date symlink: /convince_ws/install/pyrobosim_msgs/include/pyrobosim_msgs/pyrobosim_msgs/msg/detail/object_state__type_support.hpp\n'}
[0.289793] (pyrobosim_msgs) StdoutLine: {'line': b'-- Up-to-date symlink: /convince_ws/install/pyrobosim_msgs/include/pyrobosim_msgs/pyrobosim_msgs/msg/detail/path__builder.hpp\n'}
[0.289822] (pyrobosim_msgs) StdoutLine: {'line': b'-- Up-to-date symlink: /convince_ws/install/pyrobosim_msgs/include/pyrobosim_msgs/pyrobosim_msgs/msg/detail/path__struct.hpp\n'}
[0.289850] (bt_interfaces_dummy) StdoutLine: {'line': b'-- Up-to-date symlink: /convince_ws/install/bt_interfaces_dummy/share/bt_interfaces_dummy/srv/TickAction.json\n'}
[0.289879] (pyrobosim_msgs) StdoutLine: {'line': b'-- Up-to-date symlink: /convince_ws/install/pyrobosim_msgs/include/pyrobosim_msgs/pyrobosim_msgs/msg/detail/path__traits.hpp\n'}
[0.289907] (pyrobosim_msgs) StdoutLine: {'line': b'-- Up-to-date symlink: /convince_ws/install/pyrobosim_msgs/include/pyrobosim_msgs/pyrobosim_msgs/msg/detail/path__type_support.hpp\n'}
[0.289940] (btcpp_ros2_interfaces) StdoutLine: {'line': b'-- Up-to-date: /convince_ws/install/btcpp_ros2_interfaces/lib/libbtcpp_ros2_interfaces__rosidl_typesupport_fastrtps_c.so\n'}
[0.289974] (pyrobosim_msgs) StdoutLine: {'line': b'-- Up-to-date symlink: /convince_ws/install/pyrobosim_msgs/include/pyrobosim_msgs/pyrobosim_msgs/msg/detail/robot_state__builder.hpp\n'}
[0.290003] (pyrobosim_msgs) StdoutLine: {'line': b'-- Up-to-date symlink: /convince_ws/install/pyrobosim_msgs/include/pyrobosim_msgs/pyrobosim_msgs/msg/detail/robot_state__struct.hpp\n'}
[0.290032] (bt_interfaces_dummy) StdoutLine: {'line': b'-- Up-to-date symlink: /convince_ws/install/bt_interfaces_dummy/share/bt_interfaces_dummy/msg/ActionResponse.json\n'}
[0.290064] (pyrobosim_msgs) StdoutLine: {'line': b'-- Up-to-date symlink: /convince_ws/install/pyrobosim_msgs/include/pyrobosim_msgs/pyrobosim_msgs/msg/detail/robot_state__traits.hpp\n'}
[0.290094] (bt_interfaces_dummy) StdoutLine: {'line': b'-- Up-to-date symlink: /convince_ws/install/bt_interfaces_dummy/share/bt_interfaces_dummy/msg/ConditionResponse.json\n'}
[0.290126] (pyrobosim_msgs) StdoutLine: {'line': b'-- Up-to-date symlink: /convince_ws/install/pyrobosim_msgs/include/pyrobosim_msgs/pyrobosim_msgs/msg/detail/robot_state__type_support.hpp\n'}
[0.290170] (pyrobosim_msgs) StdoutLine: {'line': b'-- Up-to-date symlink: /convince_ws/install/pyrobosim_msgs/include/pyrobosim_msgs/pyrobosim_msgs/msg/detail/task_action__builder.hpp\n'}
[0.290200] (pyrobosim_msgs) StdoutLine: {'line': b'-- Up-to-date symlink: /convince_ws/install/pyrobosim_msgs/include/pyrobosim_msgs/pyrobosim_msgs/msg/detail/task_action__struct.hpp\n'}
[0.290229] (btcpp_ros2_interfaces) StdoutLine: {'line': b'-- Up-to-date: /convince_ws/install/btcpp_ros2_interfaces/lib/libbtcpp_ros2_interfaces__rosidl_typesupport_introspection_c.so\n'}
[0.290265] (pyrobosim_msgs) StdoutLine: {'line': b'-- Up-to-date symlink: /convince_ws/install/pyrobosim_msgs/include/pyrobosim_msgs/pyrobosim_msgs/msg/detail/task_action__traits.hpp\n'}
[0.290295] (pyrobosim_msgs) StdoutLine: {'line': b'-- Up-to-date symlink: /convince_ws/install/pyrobosim_msgs/include/pyrobosim_msgs/pyrobosim_msgs/msg/detail/task_action__type_support.hpp\n'}
[0.290324] (bt_interfaces_dummy) StdoutLine: {'line': b'-- Up-to-date symlink: /convince_ws/install/bt_interfaces_dummy/share/bt_interfaces_dummy/srv/HaltAction.json\n'}
[0.290370] (pyrobosim_msgs) StdoutLine: {'line': b'-- Up-to-date symlink: /convince_ws/install/pyrobosim_msgs/include/pyrobosim_msgs/pyrobosim_msgs/msg/detail/task_plan__builder.hpp\n'}
[0.290401] (pyrobosim_msgs) StdoutLine: {'line': b'-- Up-to-date symlink: /convince_ws/install/pyrobosim_msgs/include/pyrobosim_msgs/pyrobosim_msgs/msg/detail/task_plan__struct.hpp\n'}
[0.290430] (pyrobosim_msgs) StdoutLine: {'line': b'-- Up-to-date symlink: /convince_ws/install/pyrobosim_msgs/include/pyrobosim_msgs/pyrobosim_msgs/msg/detail/task_plan__traits.hpp\n'}
[0.290462] (bt_interfaces_dummy) StdoutLine: {'line': b'-- Up-to-date symlink: /convince_ws/install/bt_interfaces_dummy/share/bt_interfaces_dummy/srv/TickCondition.json\n'}
[0.290491] (btcpp_ros2_interfaces) StdoutLine: {'line': b'-- Up-to-date: /convince_ws/install/btcpp_ros2_interfaces/lib/libbtcpp_ros2_interfaces__rosidl_typesupport_c.so\n'}
[0.290519] (pyrobosim_msgs) StdoutLine: {'line': b'-- Up-to-date symlink: /convince_ws/install/pyrobosim_msgs/include/pyrobosim_msgs/pyrobosim_msgs/msg/detail/task_plan__type_support.hpp\n'}
[0.290547] (pyrobosim_msgs) StdoutLine: {'line': b'-- Up-to-date symlink: /convince_ws/install/pyrobosim_msgs/include/pyrobosim_msgs/pyrobosim_msgs/msg/detail/world_info__builder.hpp\n'}
[0.290573] (pyrobosim_msgs) StdoutLine: {'line': b'-- Up-to-date symlink: /convince_ws/install/pyrobosim_msgs/include/pyrobosim_msgs/pyrobosim_msgs/msg/detail/world_info__struct.hpp\n'}
[0.290603] (bt_interfaces_dummy) StdoutLine: {'line': b'-- Up-to-date symlink: /convince_ws/install/bt_interfaces_dummy/share/bt_interfaces_dummy/srv/ReloadTree.json\n'}
[0.290637] (pyrobosim_msgs) StdoutLine: {'line': b'-- Up-to-date symlink: /convince_ws/install/pyrobosim_msgs/include/pyrobosim_msgs/pyrobosim_msgs/msg/detail/world_info__traits.hpp\n'}
[0.290669] (pyrobosim_msgs) StdoutLine: {'line': b'-- Up-to-date symlink: /convince_ws/install/pyrobosim_msgs/include/pyrobosim_msgs/pyrobosim_msgs/msg/detail/world_info__type_support.hpp\n'}
[0.290697] (btcpp_ros2_interfaces) StdoutLine: {'line': b'-- Up-to-date: /convince_ws/install/btcpp_ros2_interfaces/lib/libbtcpp_ros2_interfaces__rosidl_typesupport_fastrtps_cpp.so\n'}
[0.290725] (pyrobosim_msgs) StdoutLine: {'line': b'-- Up-to-date symlink: /convince_ws/install/pyrobosim_msgs/include/pyrobosim_msgs/pyrobosim_msgs/msg/detail/world_state__builder.hpp\n'}
[0.290753] (pyrobosim_msgs) StdoutLine: {'line': b'-- Up-to-date symlink: /convince_ws/install/pyrobosim_msgs/include/pyrobosim_msgs/pyrobosim_msgs/msg/detail/world_state__struct.hpp\n'}
[0.290781] (pyrobosim_msgs) StdoutLine: {'line': b'-- Up-to-date symlink: /convince_ws/install/pyrobosim_msgs/include/pyrobosim_msgs/pyrobosim_msgs/msg/detail/world_state__traits.hpp\n'}
[0.290810] (pyrobosim_msgs) StdoutLine: {'line': b'-- Up-to-date symlink: /convince_ws/install/pyrobosim_msgs/include/pyrobosim_msgs/pyrobosim_msgs/msg/detail/world_state__type_support.hpp\n'}
[0.290837] (pyrobosim_msgs) StdoutLine: {'line': b'-- Up-to-date symlink: /convince_ws/install/pyrobosim_msgs/include/pyrobosim_msgs/pyrobosim_msgs/msg/execution_result.hpp\n'}
[0.290864] (pyrobosim_msgs) StdoutLine: {'line': b'-- Up-to-date symlink: /convince_ws/install/pyrobosim_msgs/include/pyrobosim_msgs/pyrobosim_msgs/msg/goal_predicate.hpp\n'}
[0.290891] (btcpp_ros2_interfaces) StdoutLine: {'line': b'-- Up-to-date: /convince_ws/install/btcpp_ros2_interfaces/lib/libbtcpp_ros2_interfaces__rosidl_typesupport_introspection_cpp.so\n'}
[0.290926] (pyrobosim_msgs) StdoutLine: {'line': b'-- Up-to-date symlink: /convince_ws/install/pyrobosim_msgs/include/pyrobosim_msgs/pyrobosim_msgs/msg/goal_specification.hpp\n'}
[0.290961] (pyrobosim_msgs) StdoutLine: {'line': b'-- Up-to-date symlink: /convince_ws/install/pyrobosim_msgs/include/pyrobosim_msgs/pyrobosim_msgs/msg/hallway_state.hpp\n'}
[0.290990] (pyrobosim_msgs) StdoutLine: {'line': b'-- Up-to-date symlink: /convince_ws/install/pyrobosim_msgs/include/pyrobosim_msgs/pyrobosim_msgs/msg/location_state.hpp\n'}
[0.291017] (pyrobosim_msgs) StdoutLine: {'line': b'-- Up-to-date symlink: /convince_ws/install/pyrobosim_msgs/include/pyrobosim_msgs/pyrobosim_msgs/msg/object_state.hpp\n'}
[0.291044] (pyrobosim_msgs) StdoutLine: {'line': b'-- Up-to-date symlink: /convince_ws/install/pyrobosim_msgs/include/pyrobosim_msgs/pyrobosim_msgs/msg/path.hpp\n'}
[0.291071] (pyrobosim_msgs) StdoutLine: {'line': b'-- Up-to-date symlink: /convince_ws/install/pyrobosim_msgs/include/pyrobosim_msgs/pyrobosim_msgs/msg/robot_state.hpp\n'}
[0.291099] (bt_interfaces_dummy) StdoutLine: {'line': b'-- Up-to-date symlink: /convince_ws/install/bt_interfaces_dummy/include/bt_interfaces_dummy/bt_interfaces_dummy/msg/action_response.h\n'}
[0.291132] (pyrobosim_msgs) StdoutLine: {'line': b'-- Up-to-date symlink: /convince_ws/install/pyrobosim_msgs/include/pyrobosim_msgs/pyrobosim_msgs/msg/rosidl_generator_cpp__visibility_control.hpp\n'}
[0.291176] (btcpp_ros2_interfaces) StdoutLine: {'line': b'-- Up-to-date: /convince_ws/install/btcpp_ros2_interfaces/lib/libbtcpp_ros2_interfaces__rosidl_typesupport_cpp.so\n'}
[0.291217] (pyrobosim_msgs) StdoutLine: {'line': b'-- Up-to-date symlink: /convince_ws/install/pyrobosim_msgs/include/pyrobosim_msgs/pyrobosim_msgs/msg/task_action.hpp\n'}
[0.291247] (pyrobosim_msgs) StdoutLine: {'line': b'-- Up-to-date symlink: /convince_ws/install/pyrobosim_msgs/include/pyrobosim_msgs/pyrobosim_msgs/msg/task_plan.hpp\n'}
[0.291277] (bt_interfaces_dummy) StdoutLine: {'line': b'-- Up-to-date symlink: /convince_ws/install/bt_interfaces_dummy/include/bt_interfaces_dummy/bt_interfaces_dummy/msg/condition_response.h\n'}
[0.291319] (pyrobosim_msgs) StdoutLine: {'line': b'-- Up-to-date symlink: /convince_ws/install/pyrobosim_msgs/include/pyrobosim_msgs/pyrobosim_msgs/msg/world_info.hpp\n'}
[0.291349] (pyrobosim_msgs) StdoutLine: {'line': b'-- Up-to-date symlink: /convince_ws/install/pyrobosim_msgs/include/pyrobosim_msgs/pyrobosim_msgs/msg/world_state.hpp\n'}
[0.291386] (bt_interfaces_dummy) StdoutLine: {'line': b'-- Up-to-date symlink: /convince_ws/install/bt_interfaces_dummy/include/bt_interfaces_dummy/bt_interfaces_dummy/msg/detail/action_response__functions.h\n'}
[0.291419] (pyrobosim_msgs) StdoutLine: {'line': b'-- Up-to-date symlink: /convince_ws/install/pyrobosim_msgs/include/pyrobosim_msgs/pyrobosim_msgs/srv/detail/request_world_info__builder.hpp\n'}
[0.291483] (pyrobosim_msgs) StdoutLine: {'line': b'-- Up-to-date symlink: /convince_ws/install/pyrobosim_msgs/include/pyrobosim_msgs/pyrobosim_msgs/srv/detail/request_world_info__struct.hpp\n'}
[0.291513] (bt_interfaces_dummy) StdoutLine: {'line': b'-- Up-to-date symlink: /convince_ws/install/bt_interfaces_dummy/include/bt_interfaces_dummy/bt_interfaces_dummy/msg/detail/action_response__struct.h\n'}
[0.291542] (pyrobosim_msgs) StdoutLine: {'line': b'-- Up-to-date symlink: /convince_ws/install/pyrobosim_msgs/include/pyrobosim_msgs/pyrobosim_msgs/srv/detail/request_world_info__traits.hpp\n'}
[0.291570] (pyrobosim_msgs) StdoutLine: {'line': b'-- Up-to-date symlink: /convince_ws/install/pyrobosim_msgs/include/pyrobosim_msgs/pyrobosim_msgs/srv/detail/request_world_info__type_support.hpp\n'}
[0.291596] (pyrobosim_msgs) StdoutLine: {'line': b'-- Up-to-date symlink: /convince_ws/install/pyrobosim_msgs/include/pyrobosim_msgs/pyrobosim_msgs/srv/detail/request_world_state__builder.hpp\n'}
[0.291623] (pyrobosim_msgs) StdoutLine: {'line': b'-- Up-to-date symlink: /convince_ws/install/pyrobosim_msgs/include/pyrobosim_msgs/pyrobosim_msgs/srv/detail/request_world_state__struct.hpp\n'}
[0.291650] (pyrobosim_msgs) StdoutLine: {'line': b'-- Up-to-date symlink: /convince_ws/install/pyrobosim_msgs/include/pyrobosim_msgs/pyrobosim_msgs/srv/detail/request_world_state__traits.hpp\n'}
[0.291677] (pyrobosim_msgs) StdoutLine: {'line': b'-- Up-to-date symlink: /convince_ws/install/pyrobosim_msgs/include/pyrobosim_msgs/pyrobosim_msgs/srv/detail/request_world_state__type_support.hpp\n'}
[0.291705] (pyrobosim_msgs) StdoutLine: {'line': b'-- Up-to-date symlink: /convince_ws/install/pyrobosim_msgs/include/pyrobosim_msgs/pyrobosim_msgs/srv/detail/reset_world__builder.hpp\n'}
[0.291732] (bt_interfaces_dummy) StdoutLine: {'line': b'-- Up-to-date symlink: /convince_ws/install/bt_interfaces_dummy/include/bt_interfaces_dummy/bt_interfaces_dummy/msg/detail/action_response__type_support.h\n'}
[0.291857] (bt_interfaces_dummy) StdoutLine: {'line': b'-- Up-to-date symlink: /convince_ws/install/bt_interfaces_dummy/include/bt_interfaces_dummy/bt_interfaces_dummy/msg/detail/condition_response__functions.h\n'}
[0.291930] (bt_interfaces_dummy) StdoutLine: {'line': b'-- Up-to-date symlink: /convince_ws/install/bt_interfaces_dummy/include/bt_interfaces_dummy/bt_interfaces_dummy/msg/detail/condition_response__struct.h\n'}
[0.291979] (pyrobosim_msgs) StdoutLine: {'line': b'-- Up-to-date symlink: /convince_ws/install/pyrobosim_msgs/include/pyrobosim_msgs/pyrobosim_msgs/srv/detail/reset_world__struct.hpp\n'}
[0.292010] (pyrobosim_msgs) StdoutLine: {'line': b'-- Up-to-date symlink: /convince_ws/install/pyrobosim_msgs/include/pyrobosim_msgs/pyrobosim_msgs/srv/detail/reset_world__traits.hpp\n'}
[0.292037] (bt_interfaces_dummy) StdoutLine: {'line': b'-- Up-to-date symlink: /convince_ws/install/bt_interfaces_dummy/include/bt_interfaces_dummy/bt_interfaces_dummy/msg/detail/condition_response__type_support.h\n'}
[0.292066] (pyrobosim_msgs) StdoutLine: {'line': b'-- Up-to-date symlink: /convince_ws/install/pyrobosim_msgs/include/pyrobosim_msgs/pyrobosim_msgs/srv/detail/reset_world__type_support.hpp\n'}
[0.292095] (pyrobosim_msgs) StdoutLine: {'line': b'-- Up-to-date symlink: /convince_ws/install/pyrobosim_msgs/include/pyrobosim_msgs/pyrobosim_msgs/srv/detail/set_location_state__builder.hpp\n'}
[0.292128] (pyrobosim_msgs) StdoutLine: {'line': b'-- Up-to-date symlink: /convince_ws/install/pyrobosim_msgs/include/pyrobosim_msgs/pyrobosim_msgs/srv/detail/set_location_state__struct.hpp\n'}
[0.292267] (bt_interfaces_dummy) StdoutLine: {'line': b'-- Up-to-date symlink: /convince_ws/install/bt_interfaces_dummy/include/bt_interfaces_dummy/bt_interfaces_dummy/msg/rosidl_generator_c__visibility_control.h\n'}
[0.292320] (pyrobosim_msgs) StdoutLine: {'line': b'-- Up-to-date symlink: /convince_ws/install/pyrobosim_msgs/include/pyrobosim_msgs/pyrobosim_msgs/srv/detail/set_location_state__traits.hpp\n'}
[0.292351] (bt_interfaces_dummy) StdoutLine: {'line': b'-- Up-to-date symlink: /convince_ws/install/bt_interfaces_dummy/include/bt_interfaces_dummy/bt_interfaces_dummy/srv/detail/halt_action__functions.h\n'}
[0.292381] (bt_interfaces_dummy) StdoutLine: {'line': b'-- Up-to-date symlink: /convince_ws/install/bt_interfaces_dummy/include/bt_interfaces_dummy/bt_interfaces_dummy/srv/detail/halt_action__struct.h\n'}
[0.292410] (bt_interfaces_dummy) StdoutLine: {'line': b'-- Up-to-date symlink: /convince_ws/install/bt_interfaces_dummy/include/bt_interfaces_dummy/bt_interfaces_dummy/srv/detail/halt_action__type_support.h\n'}
[0.292459] (pyrobosim_msgs) StdoutLine: {'line': b'-- Up-to-date symlink: /convince_ws/install/pyrobosim_msgs/include/pyrobosim_msgs/pyrobosim_msgs/srv/detail/set_location_state__type_support.hpp\n'}
[0.292491] (bt_interfaces_dummy) StdoutLine: {'line': b'-- Up-to-date symlink: /convince_ws/install/bt_interfaces_dummy/include/bt_interfaces_dummy/bt_interfaces_dummy/srv/detail/reload_tree__functions.h\n'}
[0.292521] (pyrobosim_msgs) StdoutLine: {'line': b'-- Up-to-date symlink: /convince_ws/install/pyrobosim_msgs/include/pyrobosim_msgs/pyrobosim_msgs/srv/request_world_info.hpp\n'}
[0.292551] (pyrobosim_msgs) StdoutLine: {'line': b'-- Up-to-date symlink: /convince_ws/install/pyrobosim_msgs/include/pyrobosim_msgs/pyrobosim_msgs/srv/request_world_state.hpp\n'}
[0.292580] (pyrobosim_msgs) StdoutLine: {'line': b'-- Up-to-date symlink: /convince_ws/install/pyrobosim_msgs/include/pyrobosim_msgs/pyrobosim_msgs/srv/reset_world.hpp\n'}
[0.292607] (pyrobosim_msgs) StdoutLine: {'line': b'-- Up-to-date symlink: /convince_ws/install/pyrobosim_msgs/include/pyrobosim_msgs/pyrobosim_msgs/srv/set_location_state.hpp\n'}
[0.292635] (bt_interfaces_dummy) StdoutLine: {'line': b'-- Up-to-date symlink: /convince_ws/install/bt_interfaces_dummy/include/bt_interfaces_dummy/bt_interfaces_dummy/srv/detail/reload_tree__struct.h\n'}
[0.292664] (bt_interfaces_dummy) StdoutLine: {'line': b'-- Up-to-date symlink: /convince_ws/install/bt_interfaces_dummy/include/bt_interfaces_dummy/bt_interfaces_dummy/srv/detail/reload_tree__type_support.h\n'}
[0.292692] (bt_interfaces_dummy) StdoutLine: {'line': b'-- Up-to-date symlink: /convince_ws/install/bt_interfaces_dummy/include/bt_interfaces_dummy/bt_interfaces_dummy/srv/detail/tick_action__functions.h\n'}
[0.292771] (bt_interfaces_dummy) StdoutLine: {'line': b'-- Up-to-date symlink: /convince_ws/install/bt_interfaces_dummy/include/bt_interfaces_dummy/bt_interfaces_dummy/srv/detail/tick_action__struct.h\n'}
[0.292801] (bt_interfaces_dummy) StdoutLine: {'line': b'-- Up-to-date symlink: /convince_ws/install/bt_interfaces_dummy/include/bt_interfaces_dummy/bt_interfaces_dummy/srv/detail/tick_action__type_support.h\n'}
[0.292830] (bt_interfaces_dummy) StdoutLine: {'line': b'-- Up-to-date symlink: /convince_ws/install/bt_interfaces_dummy/include/bt_interfaces_dummy/bt_interfaces_dummy/srv/detail/tick_condition__functions.h\n'}
[0.292858] (bt_interfaces_dummy) StdoutLine: {'line': b'-- Up-to-date symlink: /convince_ws/install/bt_interfaces_dummy/include/bt_interfaces_dummy/bt_interfaces_dummy/srv/detail/tick_condition__struct.h\n'}
[0.292887] (bt_interfaces_dummy) StdoutLine: {'line': b'-- Up-to-date symlink: /convince_ws/install/bt_interfaces_dummy/include/bt_interfaces_dummy/bt_interfaces_dummy/srv/detail/tick_condition__type_support.h\n'}
[0.292915] (pyrobosim_msgs) StdoutLine: {'line': b'-- Up-to-date symlink: /convince_ws/install/pyrobosim_msgs/include/pyrobosim_msgs/pyrobosim_msgs/action/detail/detect_objects__rosidl_typesupport_fastrtps_cpp.hpp\n'}
[0.293019] (bt_interfaces_dummy) StdoutLine: {'line': b'-- Up-to-date symlink: /convince_ws/install/bt_interfaces_dummy/include/bt_interfaces_dummy/bt_interfaces_dummy/srv/halt_action.h\n'}
[0.293052] (pyrobosim_msgs) StdoutLine: {'line': b'-- Up-to-date symlink: /convince_ws/install/pyrobosim_msgs/include/pyrobosim_msgs/pyrobosim_msgs/action/detail/execute_task_action__rosidl_typesupport_fastrtps_cpp.hpp\n'}
[0.293083] (bt_interfaces_dummy) StdoutLine: {'line': b'-- Up-to-date symlink: /convince_ws/install/bt_interfaces_dummy/include/bt_interfaces_dummy/bt_interfaces_dummy/srv/reload_tree.h\n'}
[0.293112] (bt_interfaces_dummy) StdoutLine: {'line': b'-- Up-to-date symlink: /convince_ws/install/bt_interfaces_dummy/include/bt_interfaces_dummy/bt_interfaces_dummy/srv/tick_action.h\n'}
[0.293147] (bt_interfaces_dummy) StdoutLine: {'line': b'-- Up-to-date symlink: /convince_ws/install/bt_interfaces_dummy/include/bt_interfaces_dummy/bt_interfaces_dummy/srv/tick_condition.h\n'}
[0.293176] (pyrobosim_msgs) StdoutLine: {'line': b'-- Up-to-date symlink: /convince_ws/install/pyrobosim_msgs/include/pyrobosim_msgs/pyrobosim_msgs/action/detail/execute_task_plan__rosidl_typesupport_fastrtps_cpp.hpp\n'}
[0.293208] (pyrobosim_msgs) StdoutLine: {'line': b'-- Up-to-date symlink: /convince_ws/install/pyrobosim_msgs/include/pyrobosim_msgs/pyrobosim_msgs/action/detail/follow_path__rosidl_typesupport_fastrtps_cpp.hpp\n'}
[0.293237] (pyrobosim_msgs) StdoutLine: {'line': b'-- Up-to-date symlink: /convince_ws/install/pyrobosim_msgs/include/pyrobosim_msgs/pyrobosim_msgs/action/detail/plan_path__rosidl_typesupport_fastrtps_cpp.hpp\n'}
[0.293265] (pyrobosim_msgs) StdoutLine: {'line': b'-- Up-to-date symlink: /convince_ws/install/pyrobosim_msgs/include/pyrobosim_msgs/pyrobosim_msgs/msg/detail/execution_result__rosidl_typesupport_fastrtps_cpp.hpp\n'}
[0.293293] (bt_interfaces_dummy) StdoutLine: {'line': b'-- Up-to-date symlink: /convince_ws/install/bt_interfaces_dummy/share/bt_interfaces_dummy/environment/library_path.sh\n'}
[0.293329] (pyrobosim_msgs) StdoutLine: {'line': b'-- Up-to-date symlink: /convince_ws/install/pyrobosim_msgs/include/pyrobosim_msgs/pyrobosim_msgs/msg/detail/goal_predicate__rosidl_typesupport_fastrtps_cpp.hpp\n'}
[0.293357] (pyrobosim_msgs) StdoutLine: {'line': b'-- Up-to-date symlink: /convince_ws/install/pyrobosim_msgs/include/pyrobosim_msgs/pyrobosim_msgs/msg/detail/goal_specification__rosidl_typesupport_fastrtps_cpp.hpp\n'}
[0.293438] (bt_interfaces_dummy) StdoutLine: {'line': b'-- Up-to-date symlink: /convince_ws/install/bt_interfaces_dummy/share/bt_interfaces_dummy/environment/library_path.dsv\n'}
[0.293468] (pyrobosim_msgs) StdoutLine: {'line': b'-- Up-to-date symlink: /convince_ws/install/pyrobosim_msgs/include/pyrobosim_msgs/pyrobosim_msgs/msg/detail/hallway_state__rosidl_typesupport_fastrtps_cpp.hpp\n'}
[0.293498] (pyrobosim_msgs) StdoutLine: {'line': b'-- Up-to-date symlink: /convince_ws/install/pyrobosim_msgs/include/pyrobosim_msgs/pyrobosim_msgs/msg/detail/location_state__rosidl_typesupport_fastrtps_cpp.hpp\n'}
[0.293527] (pyrobosim_msgs) StdoutLine: {'line': b'-- Up-to-date symlink: /convince_ws/install/pyrobosim_msgs/include/pyrobosim_msgs/pyrobosim_msgs/msg/detail/object_state__rosidl_typesupport_fastrtps_cpp.hpp\n'}
[0.293558] (pyrobosim_msgs) StdoutLine: {'line': b'-- Up-to-date symlink: /convince_ws/install/pyrobosim_msgs/include/pyrobosim_msgs/pyrobosim_msgs/msg/detail/path__rosidl_typesupport_fastrtps_cpp.hpp\n'}
[0.293587] (pyrobosim_msgs) StdoutLine: {'line': b'-- Up-to-date symlink: /convince_ws/install/pyrobosim_msgs/include/pyrobosim_msgs/pyrobosim_msgs/msg/detail/robot_state__rosidl_typesupport_fastrtps_cpp.hpp\n'}
[0.293615] (pyrobosim_msgs) StdoutLine: {'line': b'-- Up-to-date symlink: /convince_ws/install/pyrobosim_msgs/include/pyrobosim_msgs/pyrobosim_msgs/msg/detail/task_action__rosidl_typesupport_fastrtps_cpp.hpp\n'}
[0.293642] (bt_interfaces_dummy) StdoutLine: {'line': b'-- Up-to-date symlink: /convince_ws/install/bt_interfaces_dummy/include/bt_interfaces_dummy/bt_interfaces_dummy/msg/detail/action_response__rosidl_typesupport_fastrtps_c.h\n'}
[0.293683] (pyrobosim_msgs) StdoutLine: {'line': b'-- Up-to-date symlink: /convince_ws/install/pyrobosim_msgs/include/pyrobosim_msgs/pyrobosim_msgs/msg/detail/task_plan__rosidl_typesupport_fastrtps_cpp.hpp\n'}
[0.293713] (pyrobosim_msgs) StdoutLine: {'line': b'-- Up-to-date symlink: /convince_ws/install/pyrobosim_msgs/include/pyrobosim_msgs/pyrobosim_msgs/msg/detail/world_info__rosidl_typesupport_fastrtps_cpp.hpp\n'}
[0.293749] (pyrobosim_msgs) StdoutLine: {'line': b'-- Up-to-date symlink: /convince_ws/install/pyrobosim_msgs/include/pyrobosim_msgs/pyrobosim_msgs/msg/detail/world_state__rosidl_typesupport_fastrtps_cpp.hpp\n'}
[0.293779] (bt_interfaces_dummy) StdoutLine: {'line': b'-- Up-to-date symlink: /convince_ws/install/bt_interfaces_dummy/include/bt_interfaces_dummy/bt_interfaces_dummy/msg/detail/condition_response__rosidl_typesupport_fastrtps_c.h\n'}
[0.293810] (bt_interfaces_dummy) StdoutLine: {'line': b'-- Up-to-date symlink: /convince_ws/install/bt_interfaces_dummy/include/bt_interfaces_dummy/bt_interfaces_dummy/msg/rosidl_typesupport_fastrtps_c__visibility_control.h\n'}
[0.293839] (pyrobosim_msgs) StdoutLine: {'line': b'-- Up-to-date symlink: /convince_ws/install/pyrobosim_msgs/include/pyrobosim_msgs/pyrobosim_msgs/msg/rosidl_typesupport_fastrtps_cpp__visibility_control.h\n'}
[0.293875] (bt_interfaces_dummy) StdoutLine: {'line': b'-- Up-to-date symlink: /convince_ws/install/bt_interfaces_dummy/include/bt_interfaces_dummy/bt_interfaces_dummy/srv/detail/halt_action__rosidl_typesupport_fastrtps_c.h\n'}
[0.293905] (pyrobosim_msgs) StdoutLine: {'line': b'-- Up-to-date symlink: /convince_ws/install/pyrobosim_msgs/include/pyrobosim_msgs/pyrobosim_msgs/srv/detail/request_world_info__rosidl_typesupport_fastrtps_cpp.hpp\n'}
[0.293934] (pyrobosim_msgs) StdoutLine: {'line': b'-- Up-to-date symlink: /convince_ws/install/pyrobosim_msgs/include/pyrobosim_msgs/pyrobosim_msgs/srv/detail/request_world_state__rosidl_typesupport_fastrtps_cpp.hpp\n'}
[0.293963] (pyrobosim_msgs) StdoutLine: {'line': b'-- Up-to-date symlink: /convince_ws/install/pyrobosim_msgs/include/pyrobosim_msgs/pyrobosim_msgs/srv/detail/reset_world__rosidl_typesupport_fastrtps_cpp.hpp\n'}
[0.293992] (pyrobosim_msgs) StdoutLine: {'line': b'-- Up-to-date symlink: /convince_ws/install/pyrobosim_msgs/include/pyrobosim_msgs/pyrobosim_msgs/srv/detail/set_location_state__rosidl_typesupport_fastrtps_cpp.hpp\n'}
[0.294024] (bt_interfaces_dummy) StdoutLine: {'line': b'-- Up-to-date symlink: /convince_ws/install/bt_interfaces_dummy/include/bt_interfaces_dummy/bt_interfaces_dummy/srv/detail/reload_tree__rosidl_typesupport_fastrtps_c.h\n'}
[0.294054] (bt_interfaces_dummy) StdoutLine: {'line': b'-- Up-to-date symlink: /convince_ws/install/bt_interfaces_dummy/include/bt_interfaces_dummy/bt_interfaces_dummy/srv/detail/tick_action__rosidl_typesupport_fastrtps_c.h\n'}
[0.294086] (bt_interfaces_dummy) StdoutLine: {'line': b'-- Up-to-date symlink: /convince_ws/install/bt_interfaces_dummy/include/bt_interfaces_dummy/bt_interfaces_dummy/srv/detail/tick_condition__rosidl_typesupport_fastrtps_c.h\n'}
[0.294114] (bt_interfaces_dummy) StdoutLine: {'line': b'-- Up-to-date symlink: /convince_ws/install/bt_interfaces_dummy/include/bt_interfaces_dummy/bt_interfaces_dummy/msg/detail/action_response__rosidl_typesupport_introspection_c.h\n'}
[0.294150] (bt_interfaces_dummy) StdoutLine: {'line': b'-- Up-to-date symlink: /convince_ws/install/bt_interfaces_dummy/include/bt_interfaces_dummy/bt_interfaces_dummy/msg/detail/condition_response__rosidl_typesupport_introspection_c.h\n'}
[0.294192] (bt_interfaces_dummy) StdoutLine: {'line': b'-- Up-to-date symlink: /convince_ws/install/bt_interfaces_dummy/include/bt_interfaces_dummy/bt_interfaces_dummy/msg/rosidl_typesupport_introspection_c__visibility_control.h\n'}
[0.294223] (bt_interfaces_dummy) StdoutLine: {'line': b'-- Up-to-date symlink: /convince_ws/install/bt_interfaces_dummy/include/bt_interfaces_dummy/bt_interfaces_dummy/srv/detail/halt_action__rosidl_typesupport_introspection_c.h\n'}
[0.294255] (pyrobosim_msgs) StdoutLine: {'line': b'-- Up-to-date symlink: /convince_ws/install/pyrobosim_msgs/include/pyrobosim_msgs/pyrobosim_msgs/action/detail/detect_objects__rosidl_typesupport_introspection_c.h\n'}
[0.294360] (pyrobosim_msgs) StdoutLine: {'line': b'-- Up-to-date symlink: /convince_ws/install/pyrobosim_msgs/include/pyrobosim_msgs/pyrobosim_msgs/action/detail/execute_task_action__rosidl_typesupport_introspection_c.h\n'}
[0.294391] (bt_interfaces_dummy) StdoutLine: {'line': b'-- Up-to-date symlink: /convince_ws/install/bt_interfaces_dummy/include/bt_interfaces_dummy/bt_interfaces_dummy/srv/detail/reload_tree__rosidl_typesupport_introspection_c.h\n'}
[0.294526] (bt_interfaces_dummy) StdoutLine: {'line': b'-- Up-to-date symlink: /convince_ws/install/bt_interfaces_dummy/include/bt_interfaces_dummy/bt_interfaces_dummy/srv/detail/tick_action__rosidl_typesupport_introspection_c.h\n'}
[0.294557] (bt_interfaces_dummy) StdoutLine: {'line': b'-- Up-to-date symlink: /convince_ws/install/bt_interfaces_dummy/include/bt_interfaces_dummy/bt_interfaces_dummy/srv/detail/tick_condition__rosidl_typesupport_introspection_c.h\n'}
[0.294586] (pyrobosim_msgs) StdoutLine: {'line': b'-- Up-to-date symlink: /convince_ws/install/pyrobosim_msgs/include/pyrobosim_msgs/pyrobosim_msgs/action/detail/execute_task_plan__rosidl_typesupport_introspection_c.h\n'}
[0.294615] (pyrobosim_msgs) StdoutLine: {'line': b'-- Up-to-date symlink: /convince_ws/install/pyrobosim_msgs/include/pyrobosim_msgs/pyrobosim_msgs/action/detail/follow_path__rosidl_typesupport_introspection_c.h\n'}
[0.294644] (pyrobosim_msgs) StdoutLine: {'line': b'-- Up-to-date symlink: /convince_ws/install/pyrobosim_msgs/include/pyrobosim_msgs/pyrobosim_msgs/action/detail/plan_path__rosidl_typesupport_introspection_c.h\n'}
[0.294686] (pyrobosim_msgs) StdoutLine: {'line': b'-- Up-to-date symlink: /convince_ws/install/pyrobosim_msgs/include/pyrobosim_msgs/pyrobosim_msgs/msg/detail/execution_result__rosidl_typesupport_introspection_c.h\n'}
[0.294715] (pyrobosim_msgs) StdoutLine: {'line': b'-- Up-to-date symlink: /convince_ws/install/pyrobosim_msgs/include/pyrobosim_msgs/pyrobosim_msgs/msg/detail/goal_predicate__rosidl_typesupport_introspection_c.h\n'}
[0.294744] (pyrobosim_msgs) StdoutLine: {'line': b'-- Up-to-date symlink: /convince_ws/install/pyrobosim_msgs/include/pyrobosim_msgs/pyrobosim_msgs/msg/detail/goal_specification__rosidl_typesupport_introspection_c.h\n'}
[0.294772] (pyrobosim_msgs) StdoutLine: {'line': b'-- Up-to-date symlink: /convince_ws/install/pyrobosim_msgs/include/pyrobosim_msgs/pyrobosim_msgs/msg/detail/hallway_state__rosidl_typesupport_introspection_c.h\n'}
[0.294800] (pyrobosim_msgs) StdoutLine: {'line': b'-- Up-to-date symlink: /convince_ws/install/pyrobosim_msgs/include/pyrobosim_msgs/pyrobosim_msgs/msg/detail/location_state__rosidl_typesupport_introspection_c.h\n'}
[0.294834] (pyrobosim_msgs) StdoutLine: {'line': b'-- Up-to-date symlink: /convince_ws/install/pyrobosim_msgs/include/pyrobosim_msgs/pyrobosim_msgs/msg/detail/object_state__rosidl_typesupport_introspection_c.h\n'}
[0.294866] (pyrobosim_msgs) StdoutLine: {'line': b'-- Up-to-date symlink: /convince_ws/install/pyrobosim_msgs/include/pyrobosim_msgs/pyrobosim_msgs/msg/detail/path__rosidl_typesupport_introspection_c.h\n'}
[0.294896] (bt_interfaces_dummy) StdoutLine: {'line': b'-- Up-to-date symlink: /convince_ws/install/bt_interfaces_dummy/include/bt_interfaces_dummy/bt_interfaces_dummy/msg/action_response.hpp\n'}
[0.294924] (bt_interfaces_dummy) StdoutLine: {'line': b'-- Up-to-date symlink: /convince_ws/install/bt_interfaces_dummy/include/bt_interfaces_dummy/bt_interfaces_dummy/msg/condition_response.hpp\n'}
[0.294953] (bt_interfaces_dummy) StdoutLine: {'line': b'-- Up-to-date symlink: /convince_ws/install/bt_interfaces_dummy/include/bt_interfaces_dummy/bt_interfaces_dummy/msg/detail/action_response__builder.hpp\n'}
[0.294981] (bt_interfaces_dummy) StdoutLine: {'line': b'-- Up-to-date symlink: /convince_ws/install/bt_interfaces_dummy/include/bt_interfaces_dummy/bt_interfaces_dummy/msg/detail/action_response__struct.hpp\n'}
[0.295012] (pyrobosim_msgs) StdoutLine: {'line': b'-- Up-to-date symlink: /convince_ws/install/pyrobosim_msgs/include/pyrobosim_msgs/pyrobosim_msgs/msg/detail/robot_state__rosidl_typesupport_introspection_c.h\n'}
[0.295041] (pyrobosim_msgs) StdoutLine: {'line': b'-- Up-to-date symlink: /convince_ws/install/pyrobosim_msgs/include/pyrobosim_msgs/pyrobosim_msgs/msg/detail/task_action__rosidl_typesupport_introspection_c.h\n'}
[0.295069] (pyrobosim_msgs) StdoutLine: {'line': b'-- Up-to-date symlink: /convince_ws/install/pyrobosim_msgs/include/pyrobosim_msgs/pyrobosim_msgs/msg/detail/task_plan__rosidl_typesupport_introspection_c.h\n'}
[0.295097] (pyrobosim_msgs) StdoutLine: {'line': b'-- Up-to-date symlink: /convince_ws/install/pyrobosim_msgs/include/pyrobosim_msgs/pyrobosim_msgs/msg/detail/world_info__rosidl_typesupport_introspection_c.h\n'}
[0.295129] (pyrobosim_msgs) StdoutLine: {'line': b'-- Up-to-date symlink: /convince_ws/install/pyrobosim_msgs/include/pyrobosim_msgs/pyrobosim_msgs/msg/detail/world_state__rosidl_typesupport_introspection_c.h\n'}
[0.295265] (pyrobosim_msgs) StdoutLine: {'line': b'-- Up-to-date symlink: /convince_ws/install/pyrobosim_msgs/include/pyrobosim_msgs/pyrobosim_msgs/msg/rosidl_typesupport_introspection_c__visibility_control.h\n'}
[0.295299] (bt_interfaces_dummy) StdoutLine: {'line': b'-- Up-to-date symlink: /convince_ws/install/bt_interfaces_dummy/include/bt_interfaces_dummy/bt_interfaces_dummy/msg/detail/action_response__traits.hpp\n'}
[0.295337] (bt_interfaces_dummy) StdoutLine: {'line': b'-- Up-to-date symlink: /convince_ws/install/bt_interfaces_dummy/include/bt_interfaces_dummy/bt_interfaces_dummy/msg/detail/action_response__type_support.hpp\n'}
[0.295367] (bt_interfaces_dummy) StdoutLine: {'line': b'-- Up-to-date symlink: /convince_ws/install/bt_interfaces_dummy/include/bt_interfaces_dummy/bt_interfaces_dummy/msg/detail/condition_response__builder.hpp\n'}
[0.295396] (pyrobosim_msgs) StdoutLine: {'line': b'-- Up-to-date symlink: /convince_ws/install/pyrobosim_msgs/include/pyrobosim_msgs/pyrobosim_msgs/srv/detail/request_world_info__rosidl_typesupport_introspection_c.h\n'}
[0.295425] (pyrobosim_msgs) StdoutLine: {'line': b'-- Up-to-date symlink: /convince_ws/install/pyrobosim_msgs/include/pyrobosim_msgs/pyrobosim_msgs/srv/detail/request_world_state__rosidl_typesupport_introspection_c.h\n'}
[0.295457] (bt_interfaces_dummy) StdoutLine: {'line': b'-- Up-to-date symlink: /convince_ws/install/bt_interfaces_dummy/include/bt_interfaces_dummy/bt_interfaces_dummy/msg/detail/condition_response__struct.hpp\n'}
[0.295487] (bt_interfaces_dummy) StdoutLine: {'line': b'-- Up-to-date symlink: /convince_ws/install/bt_interfaces_dummy/include/bt_interfaces_dummy/bt_interfaces_dummy/msg/detail/condition_response__traits.hpp\n'}
[0.295518] (bt_interfaces_dummy) StdoutLine: {'line': b'-- Up-to-date symlink: /convince_ws/install/bt_interfaces_dummy/include/bt_interfaces_dummy/bt_interfaces_dummy/msg/detail/condition_response__type_support.hpp\n'}
[0.295548] (pyrobosim_msgs) StdoutLine: {'line': b'-- Up-to-date symlink: /convince_ws/install/pyrobosim_msgs/include/pyrobosim_msgs/pyrobosim_msgs/srv/detail/reset_world__rosidl_typesupport_introspection_c.h\n'}
[0.295579] (pyrobosim_msgs) StdoutLine: {'line': b'-- Up-to-date symlink: /convince_ws/install/pyrobosim_msgs/include/pyrobosim_msgs/pyrobosim_msgs/srv/detail/set_location_state__rosidl_typesupport_introspection_c.h\n'}
[0.295607] (bt_interfaces_dummy) StdoutLine: {'line': b'-- Up-to-date symlink: /convince_ws/install/bt_interfaces_dummy/include/bt_interfaces_dummy/bt_interfaces_dummy/msg/rosidl_generator_cpp__visibility_control.hpp\n'}
[0.295635] (bt_interfaces_dummy) StdoutLine: {'line': b'-- Up-to-date symlink: /convince_ws/install/bt_interfaces_dummy/include/bt_interfaces_dummy/bt_interfaces_dummy/srv/detail/halt_action__builder.hpp\n'}
[0.295669] (bt_interfaces_dummy) StdoutLine: {'line': b'-- Up-to-date symlink: /convince_ws/install/bt_interfaces_dummy/include/bt_interfaces_dummy/bt_interfaces_dummy/srv/detail/halt_action__struct.hpp\n'}
[0.295703] (bt_interfaces_dummy) StdoutLine: {'line': b'-- Up-to-date symlink: /convince_ws/install/bt_interfaces_dummy/include/bt_interfaces_dummy/bt_interfaces_dummy/srv/detail/halt_action__traits.hpp\n'}
[0.295733] (bt_interfaces_dummy) StdoutLine: {'line': b'-- Up-to-date symlink: /convince_ws/install/bt_interfaces_dummy/include/bt_interfaces_dummy/bt_interfaces_dummy/srv/detail/halt_action__type_support.hpp\n'}
[0.295762] (bt_interfaces_dummy) StdoutLine: {'line': b'-- Up-to-date symlink: /convince_ws/install/bt_interfaces_dummy/include/bt_interfaces_dummy/bt_interfaces_dummy/srv/detail/reload_tree__builder.hpp\n'}
[0.295795] (bt_interfaces_dummy) StdoutLine: {'line': b'-- Up-to-date symlink: /convince_ws/install/bt_interfaces_dummy/include/bt_interfaces_dummy/bt_interfaces_dummy/srv/detail/reload_tree__struct.hpp\n'}
[0.295825] (pyrobosim_msgs) StdoutLine: {'line': b'-- Up-to-date symlink: /convince_ws/install/pyrobosim_msgs/include/pyrobosim_msgs/pyrobosim_msgs/action/detail/detect_objects__rosidl_typesupport_introspection_cpp.hpp\n'}
[0.295956] (bt_interfaces_dummy) StdoutLine: {'line': b'-- Up-to-date symlink: /convince_ws/install/bt_interfaces_dummy/include/bt_interfaces_dummy/bt_interfaces_dummy/srv/detail/reload_tree__traits.hpp\n'}
[0.295988] (bt_interfaces_dummy) StdoutLine: {'line': b'-- Up-to-date symlink: /convince_ws/install/bt_interfaces_dummy/include/bt_interfaces_dummy/bt_interfaces_dummy/srv/detail/reload_tree__type_support.hpp\n'}
[0.296017] (pyrobosim_msgs) StdoutLine: {'line': b'-- Up-to-date symlink: /convince_ws/install/pyrobosim_msgs/include/pyrobosim_msgs/pyrobosim_msgs/action/detail/execute_task_action__rosidl_typesupport_introspection_cpp.hpp\n'}
[0.296046] (bt_interfaces_dummy) StdoutLine: {'line': b'-- Up-to-date symlink: /convince_ws/install/bt_interfaces_dummy/include/bt_interfaces_dummy/bt_interfaces_dummy/srv/detail/tick_action__builder.hpp\n'}
[0.296075] (pyrobosim_msgs) StdoutLine: {'line': b'-- Up-to-date symlink: /convince_ws/install/pyrobosim_msgs/include/pyrobosim_msgs/pyrobosim_msgs/action/detail/execute_task_plan__rosidl_typesupport_introspection_cpp.hpp\n'}
[0.296102] (pyrobosim_msgs) StdoutLine: {'line': b'-- Up-to-date symlink: /convince_ws/install/pyrobosim_msgs/include/pyrobosim_msgs/pyrobosim_msgs/action/detail/follow_path__rosidl_typesupport_introspection_cpp.hpp\n'}
[0.296152] (bt_interfaces_dummy) StdoutLine: {'line': b'-- Up-to-date symlink: /convince_ws/install/bt_interfaces_dummy/include/bt_interfaces_dummy/bt_interfaces_dummy/srv/detail/tick_action__struct.hpp\n'}
[0.296185] (pyrobosim_msgs) StdoutLine: {'line': b'-- Up-to-date symlink: /convince_ws/install/pyrobosim_msgs/include/pyrobosim_msgs/pyrobosim_msgs/action/detail/plan_path__rosidl_typesupport_introspection_cpp.hpp\n'}
[0.296215] (bt_interfaces_dummy) StdoutLine: {'line': b'-- Up-to-date symlink: /convince_ws/install/bt_interfaces_dummy/include/bt_interfaces_dummy/bt_interfaces_dummy/srv/detail/tick_action__traits.hpp\n'}
[0.296244] (pyrobosim_msgs) StdoutLine: {'line': b'-- Up-to-date symlink: /convince_ws/install/pyrobosim_msgs/include/pyrobosim_msgs/pyrobosim_msgs/msg/detail/execution_result__rosidl_typesupport_introspection_cpp.hpp\n'}
[0.296280] (bt_interfaces_dummy) StdoutLine: {'line': b'-- Up-to-date symlink: /convince_ws/install/bt_interfaces_dummy/include/bt_interfaces_dummy/bt_interfaces_dummy/srv/detail/tick_action__type_support.hpp\n'}
[0.296313] (pyrobosim_msgs) StdoutLine: {'line': b'-- Up-to-date symlink: /convince_ws/install/pyrobosim_msgs/include/pyrobosim_msgs/pyrobosim_msgs/msg/detail/goal_predicate__rosidl_typesupport_introspection_cpp.hpp\n'}
[0.296345] (bt_interfaces_dummy) StdoutLine: {'line': b'-- Up-to-date symlink: /convince_ws/install/bt_interfaces_dummy/include/bt_interfaces_dummy/bt_interfaces_dummy/srv/detail/tick_condition__builder.hpp\n'}
[0.296377] (pyrobosim_msgs) StdoutLine: {'line': b'-- Up-to-date symlink: /convince_ws/install/pyrobosim_msgs/include/pyrobosim_msgs/pyrobosim_msgs/msg/detail/goal_specification__rosidl_typesupport_introspection_cpp.hpp\n'}
[0.296443] (bt_interfaces_dummy) StdoutLine: {'line': b'-- Up-to-date symlink: /convince_ws/install/bt_interfaces_dummy/include/bt_interfaces_dummy/bt_interfaces_dummy/srv/detail/tick_condition__struct.hpp\n'}
[0.296497] (pyrobosim_msgs) StdoutLine: {'line': b'-- Up-to-date symlink: /convince_ws/install/pyrobosim_msgs/include/pyrobosim_msgs/pyrobosim_msgs/msg/detail/hallway_state__rosidl_typesupport_introspection_cpp.hpp\n'}
[0.296530] (pyrobosim_msgs) StdoutLine: {'line': b'-- Up-to-date symlink: /convince_ws/install/pyrobosim_msgs/include/pyrobosim_msgs/pyrobosim_msgs/msg/detail/location_state__rosidl_typesupport_introspection_cpp.hpp\n'}
[0.296562] (bt_interfaces_dummy) StdoutLine: {'line': b'-- Up-to-date symlink: /convince_ws/install/bt_interfaces_dummy/include/bt_interfaces_dummy/bt_interfaces_dummy/srv/detail/tick_condition__traits.hpp\n'}
[0.296594] (bt_interfaces_dummy) StdoutLine: {'line': b'-- Up-to-date symlink: /convince_ws/install/bt_interfaces_dummy/include/bt_interfaces_dummy/bt_interfaces_dummy/srv/detail/tick_condition__type_support.hpp\n'}
[0.296624] (pyrobosim_msgs) StdoutLine: {'line': b'-- Up-to-date symlink: /convince_ws/install/pyrobosim_msgs/include/pyrobosim_msgs/pyrobosim_msgs/msg/detail/object_state__rosidl_typesupport_introspection_cpp.hpp\n'}
[0.296655] (bt_interfaces_dummy) StdoutLine: {'line': b'-- Up-to-date symlink: /convince_ws/install/bt_interfaces_dummy/include/bt_interfaces_dummy/bt_interfaces_dummy/srv/halt_action.hpp\n'}
[0.296686] (bt_interfaces_dummy) StdoutLine: {'line': b'-- Up-to-date symlink: /convince_ws/install/bt_interfaces_dummy/include/bt_interfaces_dummy/bt_interfaces_dummy/srv/reload_tree.hpp\n'}
[0.296717] (bt_interfaces_dummy) StdoutLine: {'line': b'-- Up-to-date symlink: /convince_ws/install/bt_interfaces_dummy/include/bt_interfaces_dummy/bt_interfaces_dummy/srv/tick_action.hpp\n'}
[0.296748] (pyrobosim_msgs) StdoutLine: {'line': b'-- Up-to-date symlink: /convince_ws/install/pyrobosim_msgs/include/pyrobosim_msgs/pyrobosim_msgs/msg/detail/path__rosidl_typesupport_introspection_cpp.hpp\n'}
[0.296801] (pyrobosim_msgs) StdoutLine: {'line': b'-- Up-to-date symlink: /convince_ws/install/pyrobosim_msgs/include/pyrobosim_msgs/pyrobosim_msgs/msg/detail/robot_state__rosidl_typesupport_introspection_cpp.hpp\n'}
[0.296834] (pyrobosim_msgs) StdoutLine: {'line': b'-- Up-to-date symlink: /convince_ws/install/pyrobosim_msgs/include/pyrobosim_msgs/pyrobosim_msgs/msg/detail/task_action__rosidl_typesupport_introspection_cpp.hpp\n'}
[0.296865] (pyrobosim_msgs) StdoutLine: {'line': b'-- Up-to-date symlink: /convince_ws/install/pyrobosim_msgs/include/pyrobosim_msgs/pyrobosim_msgs/msg/detail/task_plan__rosidl_typesupport_introspection_cpp.hpp\n'}
[0.296893] (bt_interfaces_dummy) StdoutLine: {'line': b'-- Up-to-date symlink: /convince_ws/install/bt_interfaces_dummy/include/bt_interfaces_dummy/bt_interfaces_dummy/srv/tick_condition.hpp\n'}
[0.296922] (pyrobosim_msgs) StdoutLine: {'line': b'-- Up-to-date symlink: /convince_ws/install/pyrobosim_msgs/include/pyrobosim_msgs/pyrobosim_msgs/msg/detail/world_info__rosidl_typesupport_introspection_cpp.hpp\n'}
[0.296951] (pyrobosim_msgs) StdoutLine: {'line': b'-- Up-to-date symlink: /convince_ws/install/pyrobosim_msgs/include/pyrobosim_msgs/pyrobosim_msgs/msg/detail/world_state__rosidl_typesupport_introspection_cpp.hpp\n'}
[0.296980] (pyrobosim_msgs) StdoutLine: {'line': b'-- Up-to-date symlink: /convince_ws/install/pyrobosim_msgs/include/pyrobosim_msgs/pyrobosim_msgs/srv/detail/request_world_info__rosidl_typesupport_introspection_cpp.hpp\n'}
[0.297009] (pyrobosim_msgs) StdoutLine: {'line': b'-- Up-to-date symlink: /convince_ws/install/pyrobosim_msgs/include/pyrobosim_msgs/pyrobosim_msgs/srv/detail/request_world_state__rosidl_typesupport_introspection_cpp.hpp\n'}
[0.297037] (pyrobosim_msgs) StdoutLine: {'line': b'-- Up-to-date symlink: /convince_ws/install/pyrobosim_msgs/include/pyrobosim_msgs/pyrobosim_msgs/srv/detail/reset_world__rosidl_typesupport_introspection_cpp.hpp\n'}
[0.297066] (pyrobosim_msgs) StdoutLine: {'line': b'-- Up-to-date symlink: /convince_ws/install/pyrobosim_msgs/include/pyrobosim_msgs/pyrobosim_msgs/srv/detail/set_location_state__rosidl_typesupport_introspection_cpp.hpp\n'}
[0.297099] (pyrobosim_msgs) StdoutLine: {'line': b'-- Up-to-date symlink: /convince_ws/install/pyrobosim_msgs/share/pyrobosim_msgs/environment/pythonpath.sh\n'}
[0.297132] (pyrobosim_msgs) StdoutLine: {'line': b'-- Up-to-date symlink: /convince_ws/install/pyrobosim_msgs/share/pyrobosim_msgs/environment/pythonpath.dsv\n'}
[0.297163] (bt_interfaces_dummy) StdoutLine: {'line': b'-- Up-to-date symlink: /convince_ws/install/bt_interfaces_dummy/include/bt_interfaces_dummy/bt_interfaces_dummy/msg/detail/action_response__rosidl_typesupport_fastrtps_cpp.hpp\n'}
[0.297193] (bt_interfaces_dummy) StdoutLine: {'line': b'-- Up-to-date symlink: /convince_ws/install/bt_interfaces_dummy/include/bt_interfaces_dummy/bt_interfaces_dummy/msg/detail/condition_response__rosidl_typesupport_fastrtps_cpp.hpp\n'}
[0.297222] (bt_interfaces_dummy) StdoutLine: {'line': b'-- Up-to-date symlink: /convince_ws/install/bt_interfaces_dummy/include/bt_interfaces_dummy/bt_interfaces_dummy/msg/rosidl_typesupport_fastrtps_cpp__visibility_control.h\n'}
[0.297251] (bt_interfaces_dummy) StdoutLine: {'line': b'-- Up-to-date symlink: /convince_ws/install/bt_interfaces_dummy/include/bt_interfaces_dummy/bt_interfaces_dummy/srv/detail/halt_action__rosidl_typesupport_fastrtps_cpp.hpp\n'}
[0.297280] (bt_interfaces_dummy) StdoutLine: {'line': b'-- Up-to-date symlink: /convince_ws/install/bt_interfaces_dummy/include/bt_interfaces_dummy/bt_interfaces_dummy/srv/detail/reload_tree__rosidl_typesupport_fastrtps_cpp.hpp\n'}
[0.297308] (bt_interfaces_dummy) StdoutLine: {'line': b'-- Up-to-date symlink: /convince_ws/install/bt_interfaces_dummy/include/bt_interfaces_dummy/bt_interfaces_dummy/srv/detail/tick_action__rosidl_typesupport_fastrtps_cpp.hpp\n'}
[0.297338] (pyrobosim_msgs) StdoutLine: {'line': b'-- Up-to-date symlink: /convince_ws/install/pyrobosim_msgs/lib/python3.12/site-packages/pyrobosim_msgs-4.3.3-py3.12.egg-info/PKG-INFO\n'}
[0.297366] (pyrobosim_msgs) StdoutLine: {'line': b'-- Up-to-date symlink: /convince_ws/install/pyrobosim_msgs/lib/python3.12/site-packages/pyrobosim_msgs-4.3.3-py3.12.egg-info/SOURCES.txt\n'}
[0.297395] (pyrobosim_msgs) StdoutLine: {'line': b'-- Up-to-date symlink: /convince_ws/install/pyrobosim_msgs/lib/python3.12/site-packages/pyrobosim_msgs-4.3.3-py3.12.egg-info/dependency_links.txt\n'}
[0.297423] (bt_interfaces_dummy) StdoutLine: {'line': b'-- Up-to-date symlink: /convince_ws/install/bt_interfaces_dummy/include/bt_interfaces_dummy/bt_interfaces_dummy/srv/detail/tick_condition__rosidl_typesupport_fastrtps_cpp.hpp\n'}
[0.297451] (pyrobosim_msgs) StdoutLine: {'line': b'-- Up-to-date symlink: /convince_ws/install/pyrobosim_msgs/lib/python3.12/site-packages/pyrobosim_msgs-4.3.3-py3.12.egg-info/top_level.txt\n'}
[0.297479] (bt_interfaces_dummy) StdoutLine: {'line': b'-- Up-to-date symlink: /convince_ws/install/bt_interfaces_dummy/include/bt_interfaces_dummy/bt_interfaces_dummy/msg/detail/action_response__rosidl_typesupport_introspection_cpp.hpp\n'}
[0.297507] (bt_interfaces_dummy) StdoutLine: {'line': b'-- Up-to-date symlink: /convince_ws/install/bt_interfaces_dummy/include/bt_interfaces_dummy/bt_interfaces_dummy/msg/detail/condition_response__rosidl_typesupport_introspection_cpp.hpp\n'}
[0.297536] (bt_interfaces_dummy) StdoutLine: {'line': b'-- Up-to-date symlink: /convince_ws/install/bt_interfaces_dummy/include/bt_interfaces_dummy/bt_interfaces_dummy/srv/detail/halt_action__rosidl_typesupport_introspection_cpp.hpp\n'}
[0.297566] (bt_interfaces_dummy) StdoutLine: {'line': b'-- Up-to-date symlink: /convince_ws/install/bt_interfaces_dummy/include/bt_interfaces_dummy/bt_interfaces_dummy/srv/detail/reload_tree__rosidl_typesupport_introspection_cpp.hpp\n'}
[0.297594] (bt_interfaces_dummy) StdoutLine: {'line': b'-- Up-to-date symlink: /convince_ws/install/bt_interfaces_dummy/include/bt_interfaces_dummy/bt_interfaces_dummy/srv/detail/tick_action__rosidl_typesupport_introspection_cpp.hpp\n'}
[0.297622] (bt_interfaces_dummy) StdoutLine: {'line': b'-- Up-to-date symlink: /convince_ws/install/bt_interfaces_dummy/include/bt_interfaces_dummy/bt_interfaces_dummy/srv/detail/tick_condition__rosidl_typesupport_introspection_cpp.hpp\n'}
[0.297698] (bt_interfaces_dummy) StdoutLine: {'line': b'-- Up-to-date symlink: /convince_ws/install/bt_interfaces_dummy/share/bt_interfaces_dummy/environment/pythonpath.sh\n'}
[0.297728] (bt_interfaces_dummy) StdoutLine: {'line': b'-- Up-to-date symlink: /convince_ws/install/bt_interfaces_dummy/share/bt_interfaces_dummy/environment/pythonpath.dsv\n'}
[0.297756] (bt_interfaces_dummy) StdoutLine: {'line': b'-- Up-to-date symlink: /convince_ws/install/bt_interfaces_dummy/lib/python3.12/site-packages/bt_interfaces_dummy-0.0.0-py3.12.egg-info/PKG-INFO\n'}
[0.297785] (pyrobosim_msgs) StdoutLine: {'line': b'-- Up-to-date symlink: /convince_ws/install/pyrobosim_msgs/lib/python3.12/site-packages/pyrobosim_msgs/__init__.py\n'}
[0.297814] (pyrobosim_msgs) StdoutLine: {'line': b'-- Up-to-date symlink: /convince_ws/install/pyrobosim_msgs/lib/python3.12/site-packages/pyrobosim_msgs/_pyrobosim_msgs_s.ep.rosidl_typesupport_c.c\n'}
[0.298010] (pyrobosim_msgs) StdoutLine: {'line': b'-- Up-to-date symlink: /convince_ws/install/pyrobosim_msgs/lib/python3.12/site-packages/pyrobosim_msgs/_pyrobosim_msgs_s.ep.rosidl_typesupport_fastrtps_c.c\n'}
[0.298040] (bt_interfaces_dummy) StdoutLine: {'line': b'-- Up-to-date symlink: /convince_ws/install/bt_interfaces_dummy/lib/python3.12/site-packages/bt_interfaces_dummy-0.0.0-py3.12.egg-info/SOURCES.txt\n'}
[0.298068] (bt_interfaces_dummy) StdoutLine: {'line': b'-- Up-to-date symlink: /convince_ws/install/bt_interfaces_dummy/lib/python3.12/site-packages/bt_interfaces_dummy-0.0.0-py3.12.egg-info/dependency_links.txt\n'}
[0.298095] (bt_interfaces_dummy) StdoutLine: {'line': b'-- Up-to-date symlink: /convince_ws/install/bt_interfaces_dummy/lib/python3.12/site-packages/bt_interfaces_dummy-0.0.0-py3.12.egg-info/top_level.txt\n'}
[0.298122] (pyrobosim_msgs) StdoutLine: {'line': b'-- Up-to-date symlink: /convince_ws/install/pyrobosim_msgs/lib/python3.12/site-packages/pyrobosim_msgs/_pyrobosim_msgs_s.ep.rosidl_typesupport_introspection_c.c\n'}
[0.298155] (pyrobosim_msgs) StdoutLine: {'line': b'-- Up-to-date symlink: /convince_ws/install/pyrobosim_msgs/lib/python3.12/site-packages/pyrobosim_msgs/action/__init__.py\n'}
[0.298183] (pyrobosim_msgs) StdoutLine: {'line': b'-- Up-to-date symlink: /convince_ws/install/pyrobosim_msgs/lib/python3.12/site-packages/pyrobosim_msgs/action/_detect_objects.py\n'}
[0.298219] (pyrobosim_msgs) StdoutLine: {'line': b'-- Up-to-date symlink: /convince_ws/install/pyrobosim_msgs/lib/python3.12/site-packages/pyrobosim_msgs/action/_detect_objects_s.c\n'}
[0.298247] (pyrobosim_msgs) StdoutLine: {'line': b'-- Up-to-date symlink: /convince_ws/install/pyrobosim_msgs/lib/python3.12/site-packages/pyrobosim_msgs/action/_execute_task_action.py\n'}
[0.298275] (pyrobosim_msgs) StdoutLine: {'line': b'-- Up-to-date symlink: /convince_ws/install/pyrobosim_msgs/lib/python3.12/site-packages/pyrobosim_msgs/action/_execute_task_action_s.c\n'}
[0.298364] (pyrobosim_msgs) StdoutLine: {'line': b'-- Up-to-date symlink: /convince_ws/install/pyrobosim_msgs/lib/python3.12/site-packages/pyrobosim_msgs/action/_execute_task_plan.py\n'}
[0.298395] (pyrobosim_msgs) StdoutLine: {'line': b'-- Up-to-date symlink: /convince_ws/install/pyrobosim_msgs/lib/python3.12/site-packages/pyrobosim_msgs/action/_execute_task_plan_s.c\n'}
[0.298423] (pyrobosim_msgs) StdoutLine: {'line': b'-- Up-to-date symlink: /convince_ws/install/pyrobosim_msgs/lib/python3.12/site-packages/pyrobosim_msgs/action/_follow_path.py\n'}
[0.298454] (pyrobosim_msgs) StdoutLine: {'line': b'-- Up-to-date symlink: /convince_ws/install/pyrobosim_msgs/lib/python3.12/site-packages/pyrobosim_msgs/action/_follow_path_s.c\n'}
[0.298483] (bt_interfaces_dummy) StdoutLine: {'line': b'-- Up-to-date symlink: /convince_ws/install/bt_interfaces_dummy/lib/python3.12/site-packages/bt_interfaces_dummy/__init__.py\n'}
[0.298534] (pyrobosim_msgs) StdoutLine: {'line': b'-- Up-to-date symlink: /convince_ws/install/pyrobosim_msgs/lib/python3.12/site-packages/pyrobosim_msgs/action/_plan_path.py\n'}
[0.298565] (bt_interfaces_dummy) StdoutLine: {'line': b'-- Up-to-date symlink: /convince_ws/install/bt_interfaces_dummy/lib/python3.12/site-packages/bt_interfaces_dummy/_bt_interfaces_dummy_s.ep.rosidl_typesupport_c.c\n'}
[0.298593] (bt_interfaces_dummy) StdoutLine: {'line': b'-- Up-to-date symlink: /convince_ws/install/bt_interfaces_dummy/lib/python3.12/site-packages/bt_interfaces_dummy/_bt_interfaces_dummy_s.ep.rosidl_typesupport_fastrtps_c.c\n'}
[0.298620] (pyrobosim_msgs) StdoutLine: {'line': b'-- Up-to-date symlink: /convince_ws/install/pyrobosim_msgs/lib/python3.12/site-packages/pyrobosim_msgs/action/_plan_path_s.c\n'}
[0.298646] (pyrobosim_msgs) StdoutLine: {'line': b'-- Up-to-date symlink: /convince_ws/install/pyrobosim_msgs/lib/python3.12/site-packages/pyrobosim_msgs/msg/__init__.py\n'}
[0.298672] (pyrobosim_msgs) StdoutLine: {'line': b'-- Up-to-date symlink: /convince_ws/install/pyrobosim_msgs/lib/python3.12/site-packages/pyrobosim_msgs/msg/_execution_result.py\n'}
[0.298699] (bt_interfaces_dummy) StdoutLine: {'line': b'-- Up-to-date symlink: /convince_ws/install/bt_interfaces_dummy/lib/python3.12/site-packages/bt_interfaces_dummy/_bt_interfaces_dummy_s.ep.rosidl_typesupport_introspection_c.c\n'}
[0.298726] (pyrobosim_msgs) StdoutLine: {'line': b'-- Up-to-date symlink: /convince_ws/install/pyrobosim_msgs/lib/python3.12/site-packages/pyrobosim_msgs/msg/_execution_result_s.c\n'}
[0.298752] (bt_interfaces_dummy) StdoutLine: {'line': b'-- Up-to-date symlink: /convince_ws/install/bt_interfaces_dummy/lib/python3.12/site-packages/bt_interfaces_dummy/bt_interfaces_dummy_s__rosidl_typesupport_c.so\n'}
[0.298780] (pyrobosim_msgs) StdoutLine: {'line': b'-- Up-to-date symlink: /convince_ws/install/pyrobosim_msgs/lib/python3.12/site-packages/pyrobosim_msgs/msg/_goal_predicate.py\n'}
[0.298809] (bt_interfaces_dummy) StdoutLine: {'line': b'-- Up-to-date symlink: /convince_ws/install/bt_interfaces_dummy/lib/python3.12/site-packages/bt_interfaces_dummy/bt_interfaces_dummy_s__rosidl_typesupport_fastrtps_c.so\n'}
[0.298837] (pyrobosim_msgs) StdoutLine: {'line': b'-- Up-to-date symlink: /convince_ws/install/pyrobosim_msgs/lib/python3.12/site-packages/pyrobosim_msgs/msg/_goal_predicate_s.c\n'}
[0.298865] (bt_interfaces_dummy) StdoutLine: {'line': b'-- Up-to-date symlink: /convince_ws/install/bt_interfaces_dummy/lib/python3.12/site-packages/bt_interfaces_dummy/bt_interfaces_dummy_s__rosidl_typesupport_introspection_c.so\n'}
[0.298892] (bt_interfaces_dummy) StdoutLine: {'line': b'-- Up-to-date symlink: /convince_ws/install/bt_interfaces_dummy/lib/python3.12/site-packages/bt_interfaces_dummy/msg/__init__.py\n'}
[0.298919] (pyrobosim_msgs) StdoutLine: {'line': b'-- Up-to-date symlink: /convince_ws/install/pyrobosim_msgs/lib/python3.12/site-packages/pyrobosim_msgs/msg/_goal_specification.py\n'}
[0.298947] (pyrobosim_msgs) StdoutLine: {'line': b'-- Up-to-date symlink: /convince_ws/install/pyrobosim_msgs/lib/python3.12/site-packages/pyrobosim_msgs/msg/_goal_specification_s.c\n'}
[0.298974] (bt_interfaces_dummy) StdoutLine: {'line': b'-- Up-to-date symlink: /convince_ws/install/bt_interfaces_dummy/lib/python3.12/site-packages/bt_interfaces_dummy/msg/_action_response.py\n'}
[0.299003] (pyrobosim_msgs) StdoutLine: {'line': b'-- Up-to-date symlink: /convince_ws/install/pyrobosim_msgs/lib/python3.12/site-packages/pyrobosim_msgs/msg/_hallway_state.py\n'}
[0.299030] (bt_interfaces_dummy) StdoutLine: {'line': b'-- Up-to-date symlink: /convince_ws/install/bt_interfaces_dummy/lib/python3.12/site-packages/bt_interfaces_dummy/msg/_action_response_s.c\n'}
[0.299058] (bt_interfaces_dummy) StdoutLine: {'line': b'-- Up-to-date symlink: /convince_ws/install/bt_interfaces_dummy/lib/python3.12/site-packages/bt_interfaces_dummy/msg/_condition_response.py\n'}
[0.299086] (bt_interfaces_dummy) StdoutLine: {'line': b'-- Up-to-date symlink: /convince_ws/install/bt_interfaces_dummy/lib/python3.12/site-packages/bt_interfaces_dummy/msg/_condition_response_s.c\n'}
[0.299120] (pyrobosim_msgs) StdoutLine: {'line': b'-- Up-to-date symlink: /convince_ws/install/pyrobosim_msgs/lib/python3.12/site-packages/pyrobosim_msgs/msg/_hallway_state_s.c\n'}
[0.299153] (pyrobosim_msgs) StdoutLine: {'line': b'-- Up-to-date symlink: /convince_ws/install/pyrobosim_msgs/lib/python3.12/site-packages/pyrobosim_msgs/msg/_location_state.py\n'}
[0.299181] (pyrobosim_msgs) StdoutLine: {'line': b'-- Up-to-date symlink: /convince_ws/install/pyrobosim_msgs/lib/python3.12/site-packages/pyrobosim_msgs/msg/_location_state_s.c\n'}
[0.299212] (pyrobosim_msgs) StdoutLine: {'line': b'-- Up-to-date symlink: /convince_ws/install/pyrobosim_msgs/lib/python3.12/site-packages/pyrobosim_msgs/msg/_object_state.py\n'}
[0.299240] (pyrobosim_msgs) StdoutLine: {'line': b'-- Up-to-date symlink: /convince_ws/install/pyrobosim_msgs/lib/python3.12/site-packages/pyrobosim_msgs/msg/_object_state_s.c\n'}
[0.299267] (pyrobosim_msgs) StdoutLine: {'line': b'-- Up-to-date symlink: /convince_ws/install/pyrobosim_msgs/lib/python3.12/site-packages/pyrobosim_msgs/msg/_path.py\n'}
[0.299295] (bt_interfaces_dummy) StdoutLine: {'line': b'-- Up-to-date symlink: /convince_ws/install/bt_interfaces_dummy/lib/python3.12/site-packages/bt_interfaces_dummy/srv/__init__.py\n'}
[0.299325] (bt_interfaces_dummy) StdoutLine: {'line': b'-- Up-to-date symlink: /convince_ws/install/bt_interfaces_dummy/lib/python3.12/site-packages/bt_interfaces_dummy/srv/_halt_action.py\n'}
[0.299353] (bt_interfaces_dummy) StdoutLine: {'line': b'-- Up-to-date symlink: /convince_ws/install/bt_interfaces_dummy/lib/python3.12/site-packages/bt_interfaces_dummy/srv/_halt_action_s.c\n'}
[0.299382] (bt_interfaces_dummy) StdoutLine: {'line': b'-- Up-to-date symlink: /convince_ws/install/bt_interfaces_dummy/lib/python3.12/site-packages/bt_interfaces_dummy/srv/_reload_tree.py\n'}
[0.299411] (pyrobosim_msgs) StdoutLine: {'line': b'-- Up-to-date symlink: /convince_ws/install/pyrobosim_msgs/lib/python3.12/site-packages/pyrobosim_msgs/msg/_path_s.c\n'}
[0.299440] (bt_interfaces_dummy) StdoutLine: {'line': b'-- Up-to-date symlink: /convince_ws/install/bt_interfaces_dummy/lib/python3.12/site-packages/bt_interfaces_dummy/srv/_reload_tree_s.c\n'}
[0.299476] (pyrobosim_msgs) StdoutLine: {'line': b'-- Up-to-date symlink: /convince_ws/install/pyrobosim_msgs/lib/python3.12/site-packages/pyrobosim_msgs/msg/_robot_state.py\n'}
[0.299505] (bt_interfaces_dummy) StdoutLine: {'line': b'-- Up-to-date symlink: /convince_ws/install/bt_interfaces_dummy/lib/python3.12/site-packages/bt_interfaces_dummy/srv/_tick_action.py\n'}
[0.299532] (pyrobosim_msgs) StdoutLine: {'line': b'-- Up-to-date symlink: /convince_ws/install/pyrobosim_msgs/lib/python3.12/site-packages/pyrobosim_msgs/msg/_robot_state_s.c\n'}
[0.299559] (pyrobosim_msgs) StdoutLine: {'line': b'-- Up-to-date symlink: /convince_ws/install/pyrobosim_msgs/lib/python3.12/site-packages/pyrobosim_msgs/msg/_task_action.py\n'}
[0.299586] (bt_interfaces_dummy) StdoutLine: {'line': b'-- Up-to-date symlink: /convince_ws/install/bt_interfaces_dummy/lib/python3.12/site-packages/bt_interfaces_dummy/srv/_tick_action_s.c\n'}
[0.299615] (bt_interfaces_dummy) StdoutLine: {'line': b'-- Up-to-date symlink: /convince_ws/install/bt_interfaces_dummy/lib/python3.12/site-packages/bt_interfaces_dummy/srv/_tick_condition.py\n'}
[0.299643] (pyrobosim_msgs) StdoutLine: {'line': b'-- Up-to-date symlink: /convince_ws/install/pyrobosim_msgs/lib/python3.12/site-packages/pyrobosim_msgs/msg/_task_action_s.c\n'}
[0.299671] (bt_interfaces_dummy) StdoutLine: {'line': b'-- Up-to-date symlink: /convince_ws/install/bt_interfaces_dummy/lib/python3.12/site-packages/bt_interfaces_dummy/srv/_tick_condition_s.c\n'}
[0.299699] (pyrobosim_msgs) StdoutLine: {'line': b'-- Up-to-date symlink: /convince_ws/install/pyrobosim_msgs/lib/python3.12/site-packages/pyrobosim_msgs/msg/_task_plan.py\n'}
[0.299728] (pyrobosim_msgs) StdoutLine: {'line': b'-- Up-to-date symlink: /convince_ws/install/pyrobosim_msgs/lib/python3.12/site-packages/pyrobosim_msgs/msg/_task_plan_s.c\n'}
[0.299755] (pyrobosim_msgs) StdoutLine: {'line': b'-- Up-to-date symlink: /convince_ws/install/pyrobosim_msgs/lib/python3.12/site-packages/pyrobosim_msgs/msg/_world_info.py\n'}
[0.299792] (bt_interfaces_dummy) StdoutLine: {'line': b'-- Up-to-date symlink: /convince_ws/install/bt_interfaces_dummy/lib/python3.12/site-packages/bt_interfaces_dummy/bt_interfaces_dummy_s__rosidl_typesupport_fastrtps_c.so\n'}
[0.299818] (pyrobosim_msgs) StdoutLine: {'line': b'-- Up-to-date symlink: /convince_ws/install/pyrobosim_msgs/lib/python3.12/site-packages/pyrobosim_msgs/msg/_world_info_s.c\n'}
[0.299845] (pyrobosim_msgs) StdoutLine: {'line': b'-- Up-to-date symlink: /convince_ws/install/pyrobosim_msgs/lib/python3.12/site-packages/pyrobosim_msgs/msg/_world_state.py\n'}
[0.299871] (pyrobosim_msgs) StdoutLine: {'line': b'-- Up-to-date symlink: /convince_ws/install/pyrobosim_msgs/lib/python3.12/site-packages/pyrobosim_msgs/msg/_world_state_s.c\n'}
[0.299898] (bt_interfaces_dummy) StdoutLine: {'line': b'-- Up-to-date symlink: /convince_ws/install/bt_interfaces_dummy/lib/python3.12/site-packages/bt_interfaces_dummy/bt_interfaces_dummy_s__rosidl_typesupport_introspection_c.so\n'}
[0.299926] (bt_interfaces_dummy) StdoutLine: {'line': b'-- Up-to-date symlink: /convince_ws/install/bt_interfaces_dummy/lib/python3.12/site-packages/bt_interfaces_dummy/bt_interfaces_dummy_s__rosidl_typesupport_c.so\n'}
[0.299954] (bt_interfaces_dummy) StdoutLine: {'line': b'-- Up-to-date symlink: /convince_ws/install/bt_interfaces_dummy/share/bt_interfaces_dummy/srv/TickAction.idl\n'}
[0.299980] (pyrobosim_msgs) StdoutLine: {'line': b'-- Up-to-date symlink: /convince_ws/install/pyrobosim_msgs/lib/python3.12/site-packages/pyrobosim_msgs/pyrobosim_msgs_s__rosidl_typesupport_c.so\n'}
[0.300143] (pyrobosim_msgs) StdoutLine: {'line': b'-- Up-to-date symlink: /convince_ws/install/pyrobosim_msgs/lib/python3.12/site-packages/pyrobosim_msgs/pyrobosim_msgs_s__rosidl_typesupport_fastrtps_c.so\n'}
[0.300173] (pyrobosim_msgs) StdoutLine: {'line': b'-- Up-to-date symlink: /convince_ws/install/pyrobosim_msgs/lib/python3.12/site-packages/pyrobosim_msgs/pyrobosim_msgs_s__rosidl_typesupport_introspection_c.so\n'}
[0.300212] (-) TimerEvent: {}
[0.300271] (pyrobosim_msgs) StdoutLine: {'line': b'-- Up-to-date symlink: /convince_ws/install/pyrobosim_msgs/lib/python3.12/site-packages/pyrobosim_msgs/srv/__init__.py\n'}
[0.300309] (pyrobosim_msgs) StdoutLine: {'line': b'-- Up-to-date symlink: /convince_ws/install/pyrobosim_msgs/lib/python3.12/site-packages/pyrobosim_msgs/srv/_request_world_info.py\n'}
[0.300346] (pyrobosim_msgs) StdoutLine: {'line': b'-- Up-to-date symlink: /convince_ws/install/pyrobosim_msgs/lib/python3.12/site-packages/pyrobosim_msgs/srv/_request_world_info_s.c\n'}
[0.300375] (bt_interfaces_dummy) StdoutLine: {'line': b'-- Up-to-date symlink: /convince_ws/install/bt_interfaces_dummy/share/bt_interfaces_dummy/msg/ActionResponse.idl\n'}
[0.300406] (bt_interfaces_dummy) StdoutLine: {'line': b'-- Up-to-date symlink: /convince_ws/install/bt_interfaces_dummy/share/bt_interfaces_dummy/msg/ConditionResponse.idl\n'}
[0.300436] (bt_interfaces_dummy) StdoutLine: {'line': b'-- Up-to-date symlink: /convince_ws/install/bt_interfaces_dummy/share/bt_interfaces_dummy/srv/HaltAction.idl\n'}
[0.300464] (bt_interfaces_dummy) StdoutLine: {'line': b'-- Up-to-date symlink: /convince_ws/install/bt_interfaces_dummy/share/bt_interfaces_dummy/srv/TickCondition.idl\n'}
[0.300492] (bt_interfaces_dummy) StdoutLine: {'line': b'-- Up-to-date symlink: /convince_ws/install/bt_interfaces_dummy/share/bt_interfaces_dummy/srv/ReloadTree.idl\n'}
[0.300537] (bt_interfaces_dummy) StdoutLine: {'line': b'-- Up-to-date symlink: /convince_ws/install/bt_interfaces_dummy/share/bt_interfaces_dummy/srv/TickAction.srv\n'}
[0.300569] (pyrobosim_msgs) StdoutLine: {'line': b'-- Up-to-date symlink: /convince_ws/install/pyrobosim_msgs/lib/python3.12/site-packages/pyrobosim_msgs/srv/_request_world_state.py\n'}
[0.300599] (bt_interfaces_dummy) StdoutLine: {'line': b'-- Up-to-date symlink: /convince_ws/install/bt_interfaces_dummy/share/bt_interfaces_dummy/msg/ActionResponse.msg\n'}
[0.300657] (pyrobosim_msgs) StdoutLine: {'line': b'-- Up-to-date symlink: /convince_ws/install/pyrobosim_msgs/lib/python3.12/site-packages/pyrobosim_msgs/srv/_request_world_state_s.c\n'}
[0.300686] (pyrobosim_msgs) StdoutLine: {'line': b'-- Up-to-date symlink: /convince_ws/install/pyrobosim_msgs/lib/python3.12/site-packages/pyrobosim_msgs/srv/_reset_world.py\n'}
[0.300714] (pyrobosim_msgs) StdoutLine: {'line': b'-- Up-to-date symlink: /convince_ws/install/pyrobosim_msgs/lib/python3.12/site-packages/pyrobosim_msgs/srv/_reset_world_s.c\n'}
[0.300742] (pyrobosim_msgs) StdoutLine: {'line': b'-- Up-to-date symlink: /convince_ws/install/pyrobosim_msgs/lib/python3.12/site-packages/pyrobosim_msgs/srv/_set_location_state.py\n'}
[0.300770] (pyrobosim_msgs) StdoutLine: {'line': b'-- Up-to-date symlink: /convince_ws/install/pyrobosim_msgs/lib/python3.12/site-packages/pyrobosim_msgs/srv/_set_location_state_s.c\n'}
[0.300799] (pyrobosim_msgs) StdoutLine: {'line': b'-- Up-to-date symlink: /convince_ws/install/pyrobosim_msgs/lib/python3.12/site-packages/pyrobosim_msgs/pyrobosim_msgs_s__rosidl_typesupport_fastrtps_c.so\n'}
[0.300828] (pyrobosim_msgs) StdoutLine: {'line': b'-- Up-to-date symlink: /convince_ws/install/pyrobosim_msgs/lib/python3.12/site-packages/pyrobosim_msgs/pyrobosim_msgs_s__rosidl_typesupport_introspection_c.so\n'}
[0.300856] (bt_interfaces_dummy) StdoutLine: {'line': b'-- Up-to-date symlink: /convince_ws/install/bt_interfaces_dummy/share/bt_interfaces_dummy/msg/ConditionResponse.msg\n'}
[0.300885] (bt_interfaces_dummy) StdoutLine: {'line': b'-- Up-to-date symlink: /convince_ws/install/bt_interfaces_dummy/share/bt_interfaces_dummy/srv/HaltAction.srv\n'}
[0.300912] (pyrobosim_msgs) StdoutLine: {'line': b'-- Up-to-date symlink: /convince_ws/install/pyrobosim_msgs/lib/python3.12/site-packages/pyrobosim_msgs/pyrobosim_msgs_s__rosidl_typesupport_c.so\n'}
[0.300939] (bt_interfaces_dummy) StdoutLine: {'line': b'-- Up-to-date symlink: /convince_ws/install/bt_interfaces_dummy/share/bt_interfaces_dummy/srv/TickCondition.srv\n'}
[0.300967] (bt_interfaces_dummy) StdoutLine: {'line': b'-- Up-to-date symlink: /convince_ws/install/bt_interfaces_dummy/share/bt_interfaces_dummy/srv/ReloadTree.srv\n'}
[0.300995] (pyrobosim_msgs) StdoutLine: {'line': b'-- Up-to-date symlink: /convince_ws/install/pyrobosim_msgs/share/pyrobosim_msgs/msg/ExecutionResult.idl\n'}
[0.301023] (bt_interfaces_dummy) StdoutLine: {'line': b'-- Up-to-date symlink: /convince_ws/install/bt_interfaces_dummy/share/ament_index/resource_index/package_run_dependencies/bt_interfaces_dummy\n'}
[0.301051] (pyrobosim_msgs) StdoutLine: {'line': b'-- Up-to-date symlink: /convince_ws/install/pyrobosim_msgs/share/pyrobosim_msgs/msg/GoalPredicate.idl\n'}
[0.301079] (bt_interfaces_dummy) StdoutLine: {'line': b'-- Up-to-date symlink: /convince_ws/install/bt_interfaces_dummy/share/ament_index/resource_index/parent_prefix_path/bt_interfaces_dummy\n'}
[0.301107] (bt_interfaces_dummy) StdoutLine: {'line': b'-- Up-to-date symlink: /convince_ws/install/bt_interfaces_dummy/share/bt_interfaces_dummy/environment/ament_prefix_path.sh\n'}
[0.301142] (pyrobosim_msgs) StdoutLine: {'line': b'-- Up-to-date symlink: /convince_ws/install/pyrobosim_msgs/share/pyrobosim_msgs/msg/GoalSpecification.idl\n'}
[0.301172] (pyrobosim_msgs) StdoutLine: {'line': b'-- Up-to-date symlink: /convince_ws/install/pyrobosim_msgs/share/pyrobosim_msgs/msg/HallwayState.idl\n'}
[0.301200] (bt_interfaces_dummy) StdoutLine: {'line': b'-- Up-to-date symlink: /convince_ws/install/bt_interfaces_dummy/share/bt_interfaces_dummy/environment/ament_prefix_path.dsv\n'}
[0.301228] (pyrobosim_msgs) StdoutLine: {'line': b'-- Up-to-date symlink: /convince_ws/install/pyrobosim_msgs/share/pyrobosim_msgs/msg/LocationState.idl\n'}
[0.301256] (bt_interfaces_dummy) StdoutLine: {'line': b'-- Up-to-date symlink: /convince_ws/install/bt_interfaces_dummy/share/bt_interfaces_dummy/environment/path.sh\n'}
[0.301285] (bt_interfaces_dummy) StdoutLine: {'line': b'-- Up-to-date symlink: /convince_ws/install/bt_interfaces_dummy/share/bt_interfaces_dummy/environment/path.dsv\n'}
[0.301320] (bt_interfaces_dummy) StdoutLine: {'line': b'-- Up-to-date symlink: /convince_ws/install/bt_interfaces_dummy/share/bt_interfaces_dummy/local_setup.bash\n'}
[0.301348] (pyrobosim_msgs) StdoutLine: {'line': b'-- Up-to-date symlink: /convince_ws/install/pyrobosim_msgs/share/pyrobosim_msgs/msg/ObjectState.idl\n'}
[0.301375] (pyrobosim_msgs) StdoutLine: {'line': b'-- Up-to-date symlink: /convince_ws/install/pyrobosim_msgs/share/pyrobosim_msgs/msg/Path.idl\n'}
[0.301403] (pyrobosim_msgs) StdoutLine: {'line': b'-- Up-to-date symlink: /convince_ws/install/pyrobosim_msgs/share/pyrobosim_msgs/msg/RobotState.idl\n'}
[0.301430] (pyrobosim_msgs) StdoutLine: {'line': b'-- Up-to-date symlink: /convince_ws/install/pyrobosim_msgs/share/pyrobosim_msgs/msg/TaskAction.idl\n'}
[0.301458] (pyrobosim_msgs) StdoutLine: {'line': b'-- Up-to-date symlink: /convince_ws/install/pyrobosim_msgs/share/pyrobosim_msgs/msg/TaskPlan.idl\n'}
[0.301485] (pyrobosim_msgs) StdoutLine: {'line': b'-- Up-to-date symlink: /convince_ws/install/pyrobosim_msgs/share/pyrobosim_msgs/msg/WorldInfo.idl\n'}
[0.301512] (bt_interfaces_dummy) StdoutLine: {'line': b'-- Up-to-date symlink: /convince_ws/install/bt_interfaces_dummy/share/bt_interfaces_dummy/local_setup.sh\n'}
[0.301540] (bt_interfaces_dummy) StdoutLine: {'line': b'-- Up-to-date symlink: /convince_ws/install/bt_interfaces_dummy/share/bt_interfaces_dummy/local_setup.zsh\n'}
[0.301569] (bt_interfaces_dummy) StdoutLine: {'line': b'-- Up-to-date symlink: /convince_ws/install/bt_interfaces_dummy/share/bt_interfaces_dummy/local_setup.dsv\n'}
[0.301597] (bt_interfaces_dummy) StdoutLine: {'line': b'-- Symlinking: /convince_ws/install/bt_interfaces_dummy/share/bt_interfaces_dummy/package.dsv\n'}
[0.301625] (pyrobosim_msgs) StdoutLine: {'line': b'-- Up-to-date symlink: /convince_ws/install/pyrobosim_msgs/share/pyrobosim_msgs/msg/WorldState.idl\n'}
[0.301653] (pyrobosim_msgs) StdoutLine: {'line': b'-- Up-to-date symlink: /convince_ws/install/pyrobosim_msgs/share/pyrobosim_msgs/srv/RequestWorldInfo.idl\n'}
[0.301681] (pyrobosim_msgs) StdoutLine: {'line': b'-- Up-to-date symlink: /convince_ws/install/pyrobosim_msgs/share/pyrobosim_msgs/srv/RequestWorldState.idl\n'}
[0.301710] (pyrobosim_msgs) StdoutLine: {'line': b'-- Up-to-date symlink: /convince_ws/install/pyrobosim_msgs/share/pyrobosim_msgs/srv/ResetWorld.idl\n'}
[0.301738] (pyrobosim_msgs) StdoutLine: {'line': b'-- Up-to-date symlink: /convince_ws/install/pyrobosim_msgs/share/pyrobosim_msgs/srv/SetLocationState.idl\n'}
[0.301764] (pyrobosim_msgs) StdoutLine: {'line': b'-- Up-to-date symlink: /convince_ws/install/pyrobosim_msgs/share/pyrobosim_msgs/action/DetectObjects.idl\n'}
[0.301792] (pyrobosim_msgs) StdoutLine: {'line': b'-- Up-to-date symlink: /convince_ws/install/pyrobosim_msgs/share/pyrobosim_msgs/action/ExecuteTaskAction.idl\n'}
[0.301818] (pyrobosim_msgs) StdoutLine: {'line': b'-- Up-to-date symlink: /convince_ws/install/pyrobosim_msgs/share/pyrobosim_msgs/action/ExecuteTaskPlan.idl\n'}
[0.301845] (pyrobosim_msgs) StdoutLine: {'line': b'-- Up-to-date symlink: /convince_ws/install/pyrobosim_msgs/share/pyrobosim_msgs/action/FollowPath.idl\n'}
[0.301872] (pyrobosim_msgs) StdoutLine: {'line': b'-- Up-to-date symlink: /convince_ws/install/pyrobosim_msgs/share/pyrobosim_msgs/action/PlanPath.idl\n'}
[0.302026] (pyrobosim_msgs) StdoutLine: {'line': b'-- Up-to-date symlink: /convince_ws/install/pyrobosim_msgs/share/pyrobosim_msgs/msg/ExecutionResult.msg\n'}
[0.302058] (pyrobosim_msgs) StdoutLine: {'line': b'-- Up-to-date symlink: /convince_ws/install/pyrobosim_msgs/share/pyrobosim_msgs/msg/GoalPredicate.msg\n'}
[0.302087] (pyrobosim_msgs) StdoutLine: {'line': b'-- Up-to-date symlink: /convince_ws/install/pyrobosim_msgs/share/pyrobosim_msgs/msg/GoalSpecification.msg\n'}
[0.302115] (pyrobosim_msgs) StdoutLine: {'line': b'-- Up-to-date symlink: /convince_ws/install/pyrobosim_msgs/share/pyrobosim_msgs/msg/HallwayState.msg\n'}
[0.302151] (pyrobosim_msgs) StdoutLine: {'line': b'-- Up-to-date symlink: /convince_ws/install/pyrobosim_msgs/share/pyrobosim_msgs/msg/LocationState.msg\n'}
[0.302198] (pyrobosim_msgs) StdoutLine: {'line': b'-- Up-to-date symlink: /convince_ws/install/pyrobosim_msgs/share/pyrobosim_msgs/msg/ObjectState.msg\n'}
[0.302228] (pyrobosim_msgs) StdoutLine: {'line': b'-- Up-to-date symlink: /convince_ws/install/pyrobosim_msgs/share/pyrobosim_msgs/msg/Path.msg\n'}
[0.302256] (pyrobosim_msgs) StdoutLine: {'line': b'-- Up-to-date symlink: /convince_ws/install/pyrobosim_msgs/share/pyrobosim_msgs/msg/RobotState.msg\n'}
[0.302285] (pyrobosim_msgs) StdoutLine: {'line': b'-- Up-to-date symlink: /convince_ws/install/pyrobosim_msgs/share/pyrobosim_msgs/msg/TaskAction.msg\n'}
[0.302312] (pyrobosim_msgs) StdoutLine: {'line': b'-- Up-to-date symlink: /convince_ws/install/pyrobosim_msgs/share/pyrobosim_msgs/msg/TaskPlan.msg\n'}
[0.302338] (pyrobosim_msgs) StdoutLine: {'line': b'-- Up-to-date symlink: /convince_ws/install/pyrobosim_msgs/share/pyrobosim_msgs/msg/WorldInfo.msg\n'}
[0.302367] (pyrobosim_msgs) StdoutLine: {'line': b'-- Up-to-date symlink: /convince_ws/install/pyrobosim_msgs/share/pyrobosim_msgs/msg/WorldState.msg\n'}
[0.302395] (pyrobosim_msgs) StdoutLine: {'line': b'-- Up-to-date symlink: /convince_ws/install/pyrobosim_msgs/share/pyrobosim_msgs/srv/RequestWorldInfo.srv\n'}
[0.302424] (pyrobosim_msgs) StdoutLine: {'line': b'-- Up-to-date symlink: /convince_ws/install/pyrobosim_msgs/share/pyrobosim_msgs/srv/RequestWorldState.srv\n'}
[0.302453] (pyrobosim_msgs) StdoutLine: {'line': b'-- Up-to-date symlink: /convince_ws/install/pyrobosim_msgs/share/pyrobosim_msgs/srv/ResetWorld.srv\n'}
[0.302482] (pyrobosim_msgs) StdoutLine: {'line': b'-- Up-to-date symlink: /convince_ws/install/pyrobosim_msgs/share/pyrobosim_msgs/srv/SetLocationState.srv\n'}
[0.302509] (pyrobosim_msgs) StdoutLine: {'line': b'-- Up-to-date symlink: /convince_ws/install/pyrobosim_msgs/share/pyrobosim_msgs/action/DetectObjects.action\n'}
[0.302538] (overarching_msgs) StdoutLine: {'line': b"Listing '/convince_ws/install/overarching_msgs/lib/python3.12/site-packages/overarching_msgs'...\n"}
[0.302570] (overarching_msgs) StdoutLine: {'line': b"Listing '/convince_ws/install/overarching_msgs/lib/python3.12/site-packages/overarching_msgs/action'...\n"}
[0.302599] (overarching_msgs) StdoutLine: {'line': b"Listing '/convince_ws/install/overarching_msgs/lib/python3.12/site-packages/overarching_msgs/msg'...\n"}
[0.302627] (pyrobosim_msgs) StdoutLine: {'line': b'-- Up-to-date symlink: /convince_ws/install/pyrobosim_msgs/share/pyrobosim_msgs/action/ExecuteTaskAction.action\n'}
[0.302656] (pyrobosim_msgs) StdoutLine: {'line': b'-- Up-to-date symlink: /convince_ws/install/pyrobosim_msgs/share/pyrobosim_msgs/action/ExecuteTaskPlan.action\n'}
[0.302684] (pyrobosim_msgs) StdoutLine: {'line': b'-- Up-to-date symlink: /convince_ws/install/pyrobosim_msgs/share/pyrobosim_msgs/action/FollowPath.action\n'}
[0.302713] (pyrobosim_msgs) StdoutLine: {'line': b'-- Up-to-date symlink: /convince_ws/install/pyrobosim_msgs/share/pyrobosim_msgs/action/PlanPath.action\n'}
[0.302741] (pyrobosim_msgs) StdoutLine: {'line': b'-- Up-to-date symlink: /convince_ws/install/pyrobosim_msgs/share/ament_index/resource_index/package_run_dependencies/pyrobosim_msgs\n'}
[0.302768] (pyrobosim_msgs) StdoutLine: {'line': b'-- Up-to-date symlink: /convince_ws/install/pyrobosim_msgs/share/ament_index/resource_index/parent_prefix_path/pyrobosim_msgs\n'}
[0.302796] (pyrobosim_msgs) StdoutLine: {'line': b'-- Up-to-date symlink: /convince_ws/install/pyrobosim_msgs/share/pyrobosim_msgs/environment/ament_prefix_path.sh\n'}
[0.302824] (pyrobosim_msgs) StdoutLine: {'line': b'-- Up-to-date symlink: /convince_ws/install/pyrobosim_msgs/share/pyrobosim_msgs/environment/ament_prefix_path.dsv\n'}
[0.302852] (pyrobosim_msgs) StdoutLine: {'line': b'-- Up-to-date symlink: /convince_ws/install/pyrobosim_msgs/share/pyrobosim_msgs/environment/path.sh\n'}
[0.302879] (pyrobosim_msgs) StdoutLine: {'line': b'-- Up-to-date symlink: /convince_ws/install/pyrobosim_msgs/share/pyrobosim_msgs/environment/path.dsv\n'}
[0.302907] (pyrobosim_msgs) StdoutLine: {'line': b'-- Up-to-date symlink: /convince_ws/install/pyrobosim_msgs/share/pyrobosim_msgs/local_setup.bash\n'}
[0.302939] (pyrobosim_msgs) StdoutLine: {'line': b'-- Up-to-date symlink: /convince_ws/install/pyrobosim_msgs/share/pyrobosim_msgs/local_setup.sh\n'}
[0.302967] (pyrobosim_msgs) StdoutLine: {'line': b'-- Up-to-date symlink: /convince_ws/install/pyrobosim_msgs/share/pyrobosim_msgs/local_setup.zsh\n'}
[0.302995] (pyrobosim_msgs) StdoutLine: {'line': b'-- Up-to-date symlink: /convince_ws/install/pyrobosim_msgs/share/pyrobosim_msgs/local_setup.dsv\n'}
[0.303022] (pyrobosim_msgs) StdoutLine: {'line': b'-- Symlinking: /convince_ws/install/pyrobosim_msgs/share/pyrobosim_msgs/package.dsv\n'}
[0.303050] (overarching_msgs) StdoutLine: {'line': b'-- Up-to-date: /convince_ws/install/overarching_msgs/lib/liboverarching_msgs__rosidl_generator_py.so\n'}
[0.303079] (overarching_msgs) StdoutLine: {'line': b'-- Up-to-date: /convince_ws/install/overarching_msgs/share/overarching_msgs/cmake/export_overarching_msgs__rosidl_generator_cExport.cmake\n'}
[0.303107] (overarching_msgs) StdoutLine: {'line': b'-- Up-to-date: /convince_ws/install/overarching_msgs/share/overarching_msgs/cmake/export_overarching_msgs__rosidl_generator_cExport-noconfig.cmake\n'}
[0.303140] (overarching_msgs) StdoutLine: {'line': b'-- Up-to-date: /convince_ws/install/overarching_msgs/share/overarching_msgs/cmake/export_overarching_msgs__rosidl_typesupport_fastrtps_cExport.cmake\n'}
[0.303169] (overarching_msgs) StdoutLine: {'line': b'-- Up-to-date: /convince_ws/install/overarching_msgs/share/overarching_msgs/cmake/export_overarching_msgs__rosidl_typesupport_fastrtps_cExport-noconfig.cmake\n'}
[0.303199] (overarching_msgs) StdoutLine: {'line': b'-- Up-to-date: /convince_ws/install/overarching_msgs/share/overarching_msgs/cmake/overarching_msgs__rosidl_typesupport_introspection_cExport.cmake\n'}
[0.303228] (overarching_msgs) StdoutLine: {'line': b'-- Up-to-date: /convince_ws/install/overarching_msgs/share/overarching_msgs/cmake/overarching_msgs__rosidl_typesupport_introspection_cExport-noconfig.cmake\n'}
[0.303256] (overarching_msgs) StdoutLine: {'line': b'-- Up-to-date: /convince_ws/install/overarching_msgs/share/overarching_msgs/cmake/overarching_msgs__rosidl_typesupport_cExport.cmake\n'}
[0.303283] (overarching_msgs) StdoutLine: {'line': b'-- Up-to-date: /convince_ws/install/overarching_msgs/share/overarching_msgs/cmake/overarching_msgs__rosidl_typesupport_cExport-noconfig.cmake\n'}
[0.303312] (overarching_msgs) StdoutLine: {'line': b'-- Up-to-date: /convince_ws/install/overarching_msgs/share/overarching_msgs/cmake/export_overarching_msgs__rosidl_generator_cppExport.cmake\n'}
[0.303348] (overarching_msgs) StdoutLine: {'line': b'-- Up-to-date: /convince_ws/install/overarching_msgs/share/overarching_msgs/cmake/export_overarching_msgs__rosidl_typesupport_fastrtps_cppExport.cmake\n'}
[0.303397] (overarching_msgs) StdoutLine: {'line': b'-- Up-to-date: /convince_ws/install/overarching_msgs/share/overarching_msgs/cmake/export_overarching_msgs__rosidl_typesupport_fastrtps_cppExport-noconfig.cmake\n'}
[0.303429] (overarching_msgs) StdoutLine: {'line': b'-- Up-to-date: /convince_ws/install/overarching_msgs/share/overarching_msgs/cmake/overarching_msgs__rosidl_typesupport_introspection_cppExport.cmake\n'}
[0.303458] (overarching_msgs) StdoutLine: {'line': b'-- Up-to-date: /convince_ws/install/overarching_msgs/share/overarching_msgs/cmake/overarching_msgs__rosidl_typesupport_introspection_cppExport-noconfig.cmake\n'}
[0.303486] (overarching_msgs) StdoutLine: {'line': b'-- Up-to-date: /convince_ws/install/overarching_msgs/share/overarching_msgs/cmake/overarching_msgs__rosidl_typesupport_cppExport.cmake\n'}
[0.303516] (overarching_msgs) StdoutLine: {'line': b'-- Up-to-date: /convince_ws/install/overarching_msgs/share/overarching_msgs/cmake/overarching_msgs__rosidl_typesupport_cppExport-noconfig.cmake\n'}
[0.303546] (overarching_msgs) StdoutLine: {'line': b'-- Up-to-date: /convince_ws/install/overarching_msgs/share/overarching_msgs/cmake/export_overarching_msgs__rosidl_generator_pyExport.cmake\n'}
[0.303660] (overarching_msgs) StdoutLine: {'line': b'-- Up-to-date: /convince_ws/install/overarching_msgs/share/overarching_msgs/cmake/export_overarching_msgs__rosidl_generator_pyExport-noconfig.cmake\n'}
[0.303691] (overarching_msgs) CommandEnded: {'returncode': 0}
[0.303793] (bt_interfaces_dummy) StdoutLine: {'line': b'-- Up-to-date symlink: /convince_ws/install/bt_interfaces_dummy/share/ament_index/resource_index/packages/bt_interfaces_dummy\n'}
[0.303844] (bt_interfaces_dummy) StdoutLine: {'line': b'-- Up-to-date symlink: /convince_ws/install/bt_interfaces_dummy/share/bt_interfaces_dummy/cmake/rosidl_cmake-extras.cmake\n'}
[0.303877] (bt_interfaces_dummy) StdoutLine: {'line': b'-- Up-to-date symlink: /convince_ws/install/bt_interfaces_dummy/share/bt_interfaces_dummy/cmake/ament_cmake_export_dependencies-extras.cmake\n'}
[0.303907] (bt_interfaces_dummy) StdoutLine: {'line': b'-- Up-to-date symlink: /convince_ws/install/bt_interfaces_dummy/share/bt_interfaces_dummy/cmake/ament_cmake_export_include_directories-extras.cmake\n'}
[0.303935] (bt_interfaces_dummy) StdoutLine: {'line': b'-- Up-to-date symlink: /convince_ws/install/bt_interfaces_dummy/share/bt_interfaces_dummy/cmake/ament_cmake_export_libraries-extras.cmake\n'}
[0.303964] (bt_interfaces_dummy) StdoutLine: {'line': b'-- Up-to-date symlink: /convince_ws/install/bt_interfaces_dummy/share/bt_interfaces_dummy/cmake/ament_cmake_export_targets-extras.cmake\n'}
[0.303992] (bt_interfaces_dummy) StdoutLine: {'line': b'-- Up-to-date symlink: /convince_ws/install/bt_interfaces_dummy/share/bt_interfaces_dummy/cmake/rosidl_cmake_export_typesupport_targets-extras.cmake\n'}
[0.304019] (bt_interfaces_dummy) StdoutLine: {'line': b'-- Up-to-date symlink: /convince_ws/install/bt_interfaces_dummy/share/bt_interfaces_dummy/cmake/rosidl_cmake_export_typesupport_libraries-extras.cmake\n'}
[0.304047] (bt_interfaces_dummy) StdoutLine: {'line': b'-- Up-to-date symlink: /convince_ws/install/bt_interfaces_dummy/share/bt_interfaces_dummy/cmake/bt_interfaces_dummyConfig.cmake\n'}
[0.304075] (bt_interfaces_dummy) StdoutLine: {'line': b'-- Up-to-date symlink: /convince_ws/install/bt_interfaces_dummy/share/bt_interfaces_dummy/cmake/bt_interfaces_dummyConfig-version.cmake\n'}
[0.304105] (bt_interfaces_dummy) StdoutLine: {'line': b'-- Up-to-date symlink: /convince_ws/install/bt_interfaces_dummy/share/bt_interfaces_dummy/package.xml\n'}
[0.304139] (bt_interfaces_dummy) StdoutLine: {'line': b'-- Up-to-date: /convince_ws/install/bt_interfaces_dummy/lib/libbt_interfaces_dummy__rosidl_generator_c.so\n'}
[0.304170] (bt_interfaces_dummy) StdoutLine: {'line': b'-- Up-to-date: /convince_ws/install/bt_interfaces_dummy/lib/libbt_interfaces_dummy__rosidl_typesupport_fastrtps_c.so\n'}
[0.304199] (bt_interfaces_dummy) StdoutLine: {'line': b'-- Up-to-date: /convince_ws/install/bt_interfaces_dummy/lib/libbt_interfaces_dummy__rosidl_typesupport_introspection_c.so\n'}
[0.304228] (bt_interfaces_dummy) StdoutLine: {'line': b'-- Up-to-date: /convince_ws/install/bt_interfaces_dummy/lib/libbt_interfaces_dummy__rosidl_typesupport_c.so\n'}
[0.304258] (pyrobosim_msgs) StdoutLine: {'line': b'-- Up-to-date symlink: /convince_ws/install/pyrobosim_msgs/share/ament_index/resource_index/packages/pyrobosim_msgs\n'}
[0.304290] (bt_interfaces_dummy) StdoutLine: {'line': b'-- Up-to-date: /convince_ws/install/bt_interfaces_dummy/lib/libbt_interfaces_dummy__rosidl_typesupport_fastrtps_cpp.so\n'}
[0.304319] (pyrobosim_msgs) StdoutLine: {'line': b'-- Up-to-date symlink: /convince_ws/install/pyrobosim_msgs/share/pyrobosim_msgs/cmake/rosidl_cmake-extras.cmake\n'}
[0.304347] (pyrobosim_msgs) StdoutLine: {'line': b'-- Up-to-date symlink: /convince_ws/install/pyrobosim_msgs/share/pyrobosim_msgs/cmake/ament_cmake_export_dependencies-extras.cmake\n'}
[0.304376] (bt_interfaces_dummy) StdoutLine: {'line': b'-- Up-to-date: /convince_ws/install/bt_interfaces_dummy/lib/libbt_interfaces_dummy__rosidl_typesupport_introspection_cpp.so\n'}
[0.304417] (pyrobosim_msgs) StdoutLine: {'line': b'-- Up-to-date symlink: /convince_ws/install/pyrobosim_msgs/share/pyrobosim_msgs/cmake/ament_cmake_export_include_directories-extras.cmake\n'}
[0.304452] (pyrobosim_msgs) StdoutLine: {'line': b'-- Up-to-date symlink: /convince_ws/install/pyrobosim_msgs/share/pyrobosim_msgs/cmake/ament_cmake_export_libraries-extras.cmake\n'}
[0.304481] (bt_interfaces_dummy) StdoutLine: {'line': b'-- Up-to-date: /convince_ws/install/bt_interfaces_dummy/lib/libbt_interfaces_dummy__rosidl_typesupport_cpp.so\n'}
[0.304510] (pyrobosim_msgs) StdoutLine: {'line': b'-- Up-to-date symlink: /convince_ws/install/pyrobosim_msgs/share/pyrobosim_msgs/cmake/ament_cmake_export_targets-extras.cmake\n'}
[0.304539] (pyrobosim_msgs) StdoutLine: {'line': b'-- Up-to-date symlink: /convince_ws/install/pyrobosim_msgs/share/pyrobosim_msgs/cmake/rosidl_cmake_export_typesupport_targets-extras.cmake\n'}
[0.304592] (pyrobosim_msgs) StdoutLine: {'line': b'-- Up-to-date symlink: /convince_ws/install/pyrobosim_msgs/share/pyrobosim_msgs/cmake/rosidl_cmake_export_typesupport_libraries-extras.cmake\n'}
[0.304622] (pyrobosim_msgs) StdoutLine: {'line': b'-- Up-to-date symlink: /convince_ws/install/pyrobosim_msgs/share/pyrobosim_msgs/cmake/pyrobosim_msgsConfig.cmake\n'}
[0.304652] (pyrobosim_msgs) StdoutLine: {'line': b'-- Up-to-date symlink: /convince_ws/install/pyrobosim_msgs/share/pyrobosim_msgs/cmake/pyrobosim_msgsConfig-version.cmake\n'}
[0.304682] (pyrobosim_msgs) StdoutLine: {'line': b'-- Up-to-date symlink: /convince_ws/install/pyrobosim_msgs/share/pyrobosim_msgs/package.xml\n'}
[0.304710] (pyrobosim_msgs) StdoutLine: {'line': b'-- Up-to-date: /convince_ws/install/pyrobosim_msgs/lib/libpyrobosim_msgs__rosidl_generator_c.so\n'}
[0.304740] (pyrobosim_msgs) StdoutLine: {'line': b'-- Up-to-date: /convince_ws/install/pyrobosim_msgs/lib/libpyrobosim_msgs__rosidl_typesupport_fastrtps_c.so\n'}
[0.304769] (pyrobosim_msgs) StdoutLine: {'line': b'-- Up-to-date: /convince_ws/install/pyrobosim_msgs/lib/libpyrobosim_msgs__rosidl_typesupport_fastrtps_cpp.so\n'}
[0.304799] (pyrobosim_msgs) StdoutLine: {'line': b'-- Up-to-date: /convince_ws/install/pyrobosim_msgs/lib/libpyrobosim_msgs__rosidl_typesupport_introspection_c.so\n'}
[0.304827] (pyrobosim_msgs) StdoutLine: {'line': b'-- Up-to-date: /convince_ws/install/pyrobosim_msgs/lib/libpyrobosim_msgs__rosidl_typesupport_c.so\n'}
[0.304856] (pyrobosim_msgs) StdoutLine: {'line': b'-- Up-to-date: /convince_ws/install/pyrobosim_msgs/lib/libpyrobosim_msgs__rosidl_typesupport_introspection_cpp.so\n'}
[0.304883] (pyrobosim_msgs) StdoutLine: {'line': b'-- Up-to-date: /convince_ws/install/pyrobosim_msgs/lib/libpyrobosim_msgs__rosidl_typesupport_cpp.so\n'}
[0.304912] (btcpp_ros2_interfaces) StdoutLine: {'line': b"Listing '/convince_ws/install/btcpp_ros2_interfaces/lib/python3.12/site-packages/btcpp_ros2_interfaces'...\n"}
[0.304944] (btcpp_ros2_interfaces) StdoutLine: {'line': b"Listing '/convince_ws/install/btcpp_ros2_interfaces/lib/python3.12/site-packages/btcpp_ros2_interfaces/action'...\n"}
[0.304972] (btcpp_ros2_interfaces) StdoutLine: {'line': b"Listing '/convince_ws/install/btcpp_ros2_interfaces/lib/python3.12/site-packages/btcpp_ros2_interfaces/msg'...\n"}
[0.304999] (btcpp_ros2_interfaces) StdoutLine: {'line': b"Listing '/convince_ws/install/btcpp_ros2_interfaces/lib/python3.12/site-packages/btcpp_ros2_interfaces/srv'...\n"}
[0.305034] (btcpp_ros2_interfaces) StdoutLine: {'line': b'-- Up-to-date: /convince_ws/install/btcpp_ros2_interfaces/lib/libbtcpp_ros2_interfaces__rosidl_generator_py.so\n'}
[0.305061] (btcpp_ros2_interfaces) StdoutLine: {'line': b'-- Up-to-date: /convince_ws/install/btcpp_ros2_interfaces/share/btcpp_ros2_interfaces/cmake/export_btcpp_ros2_interfaces__rosidl_generator_cExport.cmake\n'}
[0.305089] (btcpp_ros2_interfaces) StdoutLine: {'line': b'-- Up-to-date: /convince_ws/install/btcpp_ros2_interfaces/share/btcpp_ros2_interfaces/cmake/export_btcpp_ros2_interfaces__rosidl_generator_cExport-noconfig.cmake\n'}
[0.305117] (btcpp_ros2_interfaces) StdoutLine: {'line': b'-- Up-to-date: /convince_ws/install/btcpp_ros2_interfaces/share/btcpp_ros2_interfaces/cmake/export_btcpp_ros2_interfaces__rosidl_typesupport_fastrtps_cExport.cmake\n'}
[0.305215] (btcpp_ros2_interfaces) StdoutLine: {'line': b'-- Up-to-date: /convince_ws/install/btcpp_ros2_interfaces/share/btcpp_ros2_interfaces/cmake/export_btcpp_ros2_interfaces__rosidl_typesupport_fastrtps_cExport-noconfig.cmake\n'}
[0.305244] (btcpp_ros2_interfaces) StdoutLine: {'line': b'-- Up-to-date: /convince_ws/install/btcpp_ros2_interfaces/share/btcpp_ros2_interfaces/cmake/btcpp_ros2_interfaces__rosidl_typesupport_introspection_cExport.cmake\n'}
[0.305325] (btcpp_ros2_interfaces) StdoutLine: {'line': b'-- Up-to-date: /convince_ws/install/btcpp_ros2_interfaces/share/btcpp_ros2_interfaces/cmake/btcpp_ros2_interfaces__rosidl_typesupport_introspection_cExport-noconfig.cmake\n'}
[0.305355] (btcpp_ros2_interfaces) StdoutLine: {'line': b'-- Up-to-date: /convince_ws/install/btcpp_ros2_interfaces/share/btcpp_ros2_interfaces/cmake/btcpp_ros2_interfaces__rosidl_typesupport_cExport.cmake\n'}
[0.305384] (btcpp_ros2_interfaces) StdoutLine: {'line': b'-- Up-to-date: /convince_ws/install/btcpp_ros2_interfaces/share/btcpp_ros2_interfaces/cmake/btcpp_ros2_interfaces__rosidl_typesupport_cExport-noconfig.cmake\n'}
[0.305414] (btcpp_ros2_interfaces) StdoutLine: {'line': b'-- Up-to-date: /convince_ws/install/btcpp_ros2_interfaces/share/btcpp_ros2_interfaces/cmake/export_btcpp_ros2_interfaces__rosidl_generator_cppExport.cmake\n'}
[0.305443] (btcpp_ros2_interfaces) StdoutLine: {'line': b'-- Up-to-date: /convince_ws/install/btcpp_ros2_interfaces/share/btcpp_ros2_interfaces/cmake/export_btcpp_ros2_interfaces__rosidl_typesupport_fastrtps_cppExport.cmake\n'}
[0.305470] (btcpp_ros2_interfaces) StdoutLine: {'line': b'-- Up-to-date: /convince_ws/install/btcpp_ros2_interfaces/share/btcpp_ros2_interfaces/cmake/export_btcpp_ros2_interfaces__rosidl_typesupport_fastrtps_cppExport-noconfig.cmake\n'}
[0.305498] (btcpp_ros2_interfaces) StdoutLine: {'line': b'-- Up-to-date: /convince_ws/install/btcpp_ros2_interfaces/share/btcpp_ros2_interfaces/cmake/btcpp_ros2_interfaces__rosidl_typesupport_introspection_cppExport.cmake\n'}
[0.305542] (btcpp_ros2_interfaces) StdoutLine: {'line': b'-- Up-to-date: /convince_ws/install/btcpp_ros2_interfaces/share/btcpp_ros2_interfaces/cmake/btcpp_ros2_interfaces__rosidl_typesupport_introspection_cppExport-noconfig.cmake\n'}
[0.305572] (btcpp_ros2_interfaces) StdoutLine: {'line': b'-- Up-to-date: /convince_ws/install/btcpp_ros2_interfaces/share/btcpp_ros2_interfaces/cmake/btcpp_ros2_interfaces__rosidl_typesupport_cppExport.cmake\n'}
[0.305600] (btcpp_ros2_interfaces) StdoutLine: {'line': b'-- Up-to-date: /convince_ws/install/btcpp_ros2_interfaces/share/btcpp_ros2_interfaces/cmake/btcpp_ros2_interfaces__rosidl_typesupport_cppExport-noconfig.cmake\n'}
[0.305628] (btcpp_ros2_interfaces) StdoutLine: {'line': b'-- Up-to-date: /convince_ws/install/btcpp_ros2_interfaces/share/btcpp_ros2_interfaces/cmake/export_btcpp_ros2_interfaces__rosidl_generator_pyExport.cmake\n'}
[0.305656] (btcpp_ros2_interfaces) StdoutLine: {'line': b'-- Up-to-date: /convince_ws/install/btcpp_ros2_interfaces/share/btcpp_ros2_interfaces/cmake/export_btcpp_ros2_interfaces__rosidl_generator_pyExport-noconfig.cmake\n'}
[0.309569] (pyrobosim_msgs) StdoutLine: {'line': b"Listing '/convince_ws/install/pyrobosim_msgs/lib/python3.12/site-packages/pyrobosim_msgs'...\n"}
[0.309635] (pyrobosim_msgs) StdoutLine: {'line': b"Listing '/convince_ws/install/pyrobosim_msgs/lib/python3.12/site-packages/pyrobosim_msgs/action'...\n"}
[0.309665] (pyrobosim_msgs) StdoutLine: {'line': b"Listing '/convince_ws/install/pyrobosim_msgs/lib/python3.12/site-packages/pyrobosim_msgs/msg'...\n"}
[0.309694] (pyrobosim_msgs) StdoutLine: {'line': b"Listing '/convince_ws/install/pyrobosim_msgs/lib/python3.12/site-packages/pyrobosim_msgs/srv'...\n"}
[0.311254] (bt_interfaces_dummy) StdoutLine: {'line': b"Listing '/convince_ws/install/bt_interfaces_dummy/lib/python3.12/site-packages/bt_interfaces_dummy'...\n"}
[0.311336] (bt_interfaces_dummy) StdoutLine: {'line': b"Listing '/convince_ws/install/bt_interfaces_dummy/lib/python3.12/site-packages/bt_interfaces_dummy/msg'...\n"}
[0.311378] (bt_interfaces_dummy) StdoutLine: {'line': b"Listing '/convince_ws/install/bt_interfaces_dummy/lib/python3.12/site-packages/bt_interfaces_dummy/srv'...\n"}
[0.312875] (pyrobosim_msgs) StdoutLine: {'line': b'-- Up-to-date: /convince_ws/install/pyrobosim_msgs/lib/libpyrobosim_msgs__rosidl_generator_py.so\n'}
[0.312936] (pyrobosim_msgs) StdoutLine: {'line': b'-- Up-to-date: /convince_ws/install/pyrobosim_msgs/share/pyrobosim_msgs/cmake/export_pyrobosim_msgs__rosidl_generator_cExport.cmake\n'}
[0.312968] (pyrobosim_msgs) StdoutLine: {'line': b'-- Up-to-date: /convince_ws/install/pyrobosim_msgs/share/pyrobosim_msgs/cmake/export_pyrobosim_msgs__rosidl_generator_cExport-noconfig.cmake\n'}
[0.313005] (pyrobosim_msgs) StdoutLine: {'line': b'-- Up-to-date: /convince_ws/install/pyrobosim_msgs/share/pyrobosim_msgs/cmake/export_pyrobosim_msgs__rosidl_typesupport_fastrtps_cExport.cmake\n'}
[0.313041] (pyrobosim_msgs) StdoutLine: {'line': b'-- Up-to-date: /convince_ws/install/pyrobosim_msgs/share/pyrobosim_msgs/cmake/export_pyrobosim_msgs__rosidl_typesupport_fastrtps_cExport-noconfig.cmake\n'}
[0.313077] (pyrobosim_msgs) StdoutLine: {'line': b'-- Up-to-date: /convince_ws/install/pyrobosim_msgs/share/pyrobosim_msgs/cmake/export_pyrobosim_msgs__rosidl_generator_cppExport.cmake\n'}
[0.313122] (pyrobosim_msgs) StdoutLine: {'line': b'-- Up-to-date: /convince_ws/install/pyrobosim_msgs/share/pyrobosim_msgs/cmake/export_pyrobosim_msgs__rosidl_typesupport_fastrtps_cppExport.cmake\n'}
[0.313163] (pyrobosim_msgs) StdoutLine: {'line': b'-- Up-to-date: /convince_ws/install/pyrobosim_msgs/share/pyrobosim_msgs/cmake/export_pyrobosim_msgs__rosidl_typesupport_fastrtps_cppExport-noconfig.cmake\n'}
[0.313207] (pyrobosim_msgs) StdoutLine: {'line': b'-- Up-to-date: /convince_ws/install/pyrobosim_msgs/share/pyrobosim_msgs/cmake/pyrobosim_msgs__rosidl_typesupport_introspection_cExport.cmake\n'}
[0.313252] (pyrobosim_msgs) StdoutLine: {'line': b'-- Up-to-date: /convince_ws/install/pyrobosim_msgs/share/pyrobosim_msgs/cmake/pyrobosim_msgs__rosidl_typesupport_introspection_cExport-noconfig.cmake\n'}
[0.313311] (pyrobosim_msgs) StdoutLine: {'line': b'-- Up-to-date: /convince_ws/install/pyrobosim_msgs/share/pyrobosim_msgs/cmake/pyrobosim_msgs__rosidl_typesupport_cExport.cmake\n'}
[0.313359] (pyrobosim_msgs) StdoutLine: {'line': b'-- Up-to-date: /convince_ws/install/pyrobosim_msgs/share/pyrobosim_msgs/cmake/pyrobosim_msgs__rosidl_typesupport_cExport-noconfig.cmake\n'}
[0.313396] (pyrobosim_msgs) StdoutLine: {'line': b'-- Up-to-date: /convince_ws/install/pyrobosim_msgs/share/pyrobosim_msgs/cmake/pyrobosim_msgs__rosidl_typesupport_introspection_cppExport.cmake\n'}
[0.313442] (pyrobosim_msgs) StdoutLine: {'line': b'-- Up-to-date: /convince_ws/install/pyrobosim_msgs/share/pyrobosim_msgs/cmake/pyrobosim_msgs__rosidl_typesupport_introspection_cppExport-noconfig.cmake\n'}
[0.313473] (pyrobosim_msgs) StdoutLine: {'line': b'-- Up-to-date: /convince_ws/install/pyrobosim_msgs/share/pyrobosim_msgs/cmake/pyrobosim_msgs__rosidl_typesupport_cppExport.cmake\n'}
[0.313503] (pyrobosim_msgs) StdoutLine: {'line': b'-- Up-to-date: /convince_ws/install/pyrobosim_msgs/share/pyrobosim_msgs/cmake/pyrobosim_msgs__rosidl_typesupport_cppExport-noconfig.cmake\n'}
[0.313538] (pyrobosim_msgs) StdoutLine: {'line': b'-- Up-to-date: /convince_ws/install/pyrobosim_msgs/share/pyrobosim_msgs/cmake/export_pyrobosim_msgs__rosidl_generator_pyExport.cmake\n'}
[0.313574] (pyrobosim_msgs) StdoutLine: {'line': b'-- Up-to-date: /convince_ws/install/pyrobosim_msgs/share/pyrobosim_msgs/cmake/export_pyrobosim_msgs__rosidl_generator_pyExport-noconfig.cmake\n'}
[0.315058] (bt_interfaces_dummy) StdoutLine: {'line': b'-- Up-to-date: /convince_ws/install/bt_interfaces_dummy/lib/libbt_interfaces_dummy__rosidl_generator_py.so\n'}
[0.315111] (bt_interfaces_dummy) StdoutLine: {'line': b'-- Up-to-date: /convince_ws/install/bt_interfaces_dummy/share/bt_interfaces_dummy/cmake/export_bt_interfaces_dummy__rosidl_generator_cExport.cmake\n'}
[0.315165] (bt_interfaces_dummy) StdoutLine: {'line': b'-- Up-to-date: /convince_ws/install/bt_interfaces_dummy/share/bt_interfaces_dummy/cmake/export_bt_interfaces_dummy__rosidl_generator_cExport-noconfig.cmake\n'}
[0.315204] (bt_interfaces_dummy) StdoutLine: {'line': b'-- Up-to-date: /convince_ws/install/bt_interfaces_dummy/share/bt_interfaces_dummy/cmake/export_bt_interfaces_dummy__rosidl_typesupport_fastrtps_cExport.cmake\n'}
[0.315255] (bt_interfaces_dummy) StdoutLine: {'line': b'-- Up-to-date: /convince_ws/install/bt_interfaces_dummy/share/bt_interfaces_dummy/cmake/export_bt_interfaces_dummy__rosidl_typesupport_fastrtps_cExport-noconfig.cmake\n'}
[0.315286] (bt_interfaces_dummy) StdoutLine: {'line': b'-- Up-to-date: /convince_ws/install/bt_interfaces_dummy/share/bt_interfaces_dummy/cmake/bt_interfaces_dummy__rosidl_typesupport_introspection_cExport.cmake\n'}
[0.315315] (bt_interfaces_dummy) StdoutLine: {'line': b'-- Up-to-date: /convince_ws/install/bt_interfaces_dummy/share/bt_interfaces_dummy/cmake/bt_interfaces_dummy__rosidl_typesupport_introspection_cExport-noconfig.cmake\n'}
[0.315361] (bt_interfaces_dummy) StdoutLine: {'line': b'-- Up-to-date: /convince_ws/install/bt_interfaces_dummy/share/bt_interfaces_dummy/cmake/bt_interfaces_dummy__rosidl_typesupport_cExport.cmake\n'}
[0.315528] (bt_interfaces_dummy) StdoutLine: {'line': b'-- Up-to-date: /convince_ws/install/bt_interfaces_dummy/share/bt_interfaces_dummy/cmake/bt_interfaces_dummy__rosidl_typesupport_cExport-noconfig.cmake\n'}
[0.315607] (bt_interfaces_dummy) StdoutLine: {'line': b'-- Up-to-date: /convince_ws/install/bt_interfaces_dummy/share/bt_interfaces_dummy/cmake/export_bt_interfaces_dummy__rosidl_generator_cppExport.cmake\n'}
[0.315656] (bt_interfaces_dummy) StdoutLine: {'line': b'-- Up-to-date: /convince_ws/install/bt_interfaces_dummy/share/bt_interfaces_dummy/cmake/export_bt_interfaces_dummy__rosidl_typesupport_fastrtps_cppExport.cmake\n'}
[0.315702] (bt_interfaces_dummy) StdoutLine: {'line': b'-- Up-to-date: /convince_ws/install/bt_interfaces_dummy/share/bt_interfaces_dummy/cmake/export_bt_interfaces_dummy__rosidl_typesupport_fastrtps_cppExport-noconfig.cmake\n'}
[0.315736] (bt_interfaces_dummy) StdoutLine: {'line': b'-- Up-to-date: /convince_ws/install/bt_interfaces_dummy/share/bt_interfaces_dummy/cmake/bt_interfaces_dummy__rosidl_typesupport_introspection_cppExport.cmake\n'}
[0.315766] (bt_interfaces_dummy) StdoutLine: {'line': b'-- Up-to-date: /convince_ws/install/bt_interfaces_dummy/share/bt_interfaces_dummy/cmake/bt_interfaces_dummy__rosidl_typesupport_introspection_cppExport-noconfig.cmake\n'}
[0.315795] (bt_interfaces_dummy) StdoutLine: {'line': b'-- Up-to-date: /convince_ws/install/bt_interfaces_dummy/share/bt_interfaces_dummy/cmake/bt_interfaces_dummy__rosidl_typesupport_cppExport.cmake\n'}
[0.315824] (bt_interfaces_dummy) StdoutLine: {'line': b'-- Up-to-date: /convince_ws/install/bt_interfaces_dummy/share/bt_interfaces_dummy/cmake/bt_interfaces_dummy__rosidl_typesupport_cppExport-noconfig.cmake\n'}
[0.315865] (bt_interfaces_dummy) StdoutLine: {'line': b'-- Up-to-date: /convince_ws/install/bt_interfaces_dummy/share/bt_interfaces_dummy/cmake/export_bt_interfaces_dummy__rosidl_generator_pyExport.cmake\n'}
[0.315908] (bt_interfaces_dummy) StdoutLine: {'line': b'-- Up-to-date: /convince_ws/install/bt_interfaces_dummy/share/bt_interfaces_dummy/cmake/export_bt_interfaces_dummy__rosidl_generator_pyExport-noconfig.cmake\n'}
[0.319920] (overarching_msgs) JobEnded: {'identifier': 'overarching_msgs', 'rc': 0}
[0.320590] (btcpp_ros2_interfaces) CommandEnded: {'returncode': 0}
[0.329295] (btcpp_ros2_interfaces) JobEnded: {'identifier': 'btcpp_ros2_interfaces', 'rc': 0}
[0.329986] (behaviortree_ros2) JobStarted: {'identifier': 'behaviortree_ros2'}
[0.331078] (bt_interfaces_dummy) CommandEnded: {'returncode': 0}
[0.340196] (bt_interfaces_dummy) JobEnded: {'identifier': 'bt_interfaces_dummy', 'rc': 0}
[0.340635] (pyrobosim_msgs) CommandEnded: {'returncode': 0}
[0.349069] (pyrobosim_msgs) JobEnded: {'identifier': 'pyrobosim_msgs', 'rc': 0}
[0.349489] (bt_nodes) JobStarted: {'identifier': 'bt_nodes'}
[0.350906] (pyrobosim_ros) JobStarted: {'identifier': 'pyrobosim_ros'}
[0.352428] (place_object_skill) JobStarted: {'identifier': 'place_object_skill'}
[0.354441] (behaviortree_ros2) JobProgress: {'identifier': 'behaviortree_ros2', 'progress': 'cmake'}
[0.354613] (behaviortree_ros2) JobProgress: {'identifier': 'behaviortree_ros2', 'progress': 'build'}
[0.354714] (behaviortree_ros2) Command: {'cmd': ['/usr/bin/cmake', '--build', '/convince_ws/build/behaviortree_ros2', '--', '-j20', '-l20'], 'cwd': '/convince_ws/build/behaviortree_ros2', 'env': OrderedDict({'PYTHONWARNINGS': 'ignore:setup.py install is deprecated,ignore:easy_install command is deprecated', 'HOSTNAME': '2581be2b12e1', 'SHLVL': '1', 'LD_LIBRARY_PATH': '/convince_ws/install/btcpp_ros2_interfaces/lib:/opt/ros/jazzy/opt/zmqpp_vendor/lib:/opt/ros/jazzy/lib/x86_64-linux-gnu:/opt/ros/jazzy/lib', 'HOME': '/root', 'OLDPWD': '/convince_ws', 'ROS_PYTHON_VERSION': '3', 'ROS_DISTRO': 'jazzy', '_': '/usr/bin/colcon', 'ROS_VERSION': '2', 'TERM': 'xterm', 'QT_X11_NO_MITSHM': '1', 'PATH': '/opt/ros/jazzy/bin:/usr/local/sbin:/usr/local/bin:/usr/sbin:/usr/bin:/sbin:/bin', 'DISPLAY': ':1', 'LANG': 'C.UTF-8', 'AMENT_PREFIX_PATH': '/convince_ws/install/btcpp_ros2_interfaces:/opt/ros/jazzy', 'ROS_WS': '/convince_ws', 'ROS_AUTOMATIC_DISCOVERY_RANGE': 'SUBNET', 'PWD': '/convince_ws/build/behaviortree_ros2', 'LC_ALL': 'C.UTF-8', 'PYTHONPATH': '/convince_ws/install/btcpp_ros2_interfaces/lib/python3.12/site-packages:/opt/ros/jazzy/lib/python3.12/site-packages', 'COLCON': '1', 'CMAKE_PREFIX_PATH': '/convince_ws/install/btcpp_ros2_interfaces:/opt/ros/jazzy'}), 'shell': False}
[0.356085] (bt_nodes) JobProgress: {'identifier': 'bt_nodes', 'progress': 'cmake'}
[0.356614] (bt_nodes) JobProgress: {'identifier': 'bt_nodes', 'progress': 'build'}
[0.356777] (bt_nodes) Command: {'cmd': ['/usr/bin/cmake', '--build', '/convince_ws/build/bt_nodes', '--', '-j20', '-l20'], 'cwd': '/convince_ws/build/bt_nodes', 'env': OrderedDict({'PYTHONWARNINGS': 'ignore:setup.py install is deprecated,ignore:easy_install command is deprecated', 'HOSTNAME': '2581be2b12e1', 'SHLVL': '1', 'LD_LIBRARY_PATH': '/convince_ws/install/bt_interfaces_dummy/lib:/opt/ros/jazzy/opt/zmqpp_vendor/lib:/opt/ros/jazzy/lib/x86_64-linux-gnu:/opt/ros/jazzy/lib', 'HOME': '/root', 'OLDPWD': '/convince_ws', 'ROS_PYTHON_VERSION': '3', 'ROS_DISTRO': 'jazzy', '_': '/usr/bin/colcon', 'ROS_VERSION': '2', 'TERM': 'xterm', 'QT_X11_NO_MITSHM': '1', 'PATH': '/opt/ros/jazzy/bin:/usr/local/sbin:/usr/local/bin:/usr/sbin:/usr/bin:/sbin:/bin', 'DISPLAY': ':1', 'LANG': 'C.UTF-8', 'AMENT_PREFIX_PATH': '/convince_ws/install/bt_interfaces_dummy:/opt/ros/jazzy', 'ROS_WS': '/convince_ws', 'ROS_AUTOMATIC_DISCOVERY_RANGE': 'SUBNET', 'PWD': '/convince_ws/build/bt_nodes', 'LC_ALL': 'C.UTF-8', 'PYTHONPATH': '/convince_ws/install/bt_interfaces_dummy/lib/python3.12/site-packages:/opt/ros/jazzy/lib/python3.12/site-packages', 'COLCON': '1', 'CMAKE_PREFIX_PATH': '/convince_ws/install/bt_interfaces_dummy:/opt/ros/jazzy'}), 'shell': False}
[0.357663] (pyrobosim_ros) JobProgress: {'identifier': 'pyrobosim_ros', 'progress': 'cmake'}
[0.358082] (pyrobosim_ros) JobProgress: {'identifier': 'pyrobosim_ros', 'progress': 'build'}
[0.358251] (pyrobosim_ros) Command: {'cmd': ['/usr/bin/cmake', '--build', '/convince_ws/build/pyrobosim_ros', '--', '-j20', '-l20'], 'cwd': '/convince_ws/build/pyrobosim_ros', 'env': OrderedDict({'PYTHONWARNINGS': 'ignore:setup.py install is deprecated,ignore:easy_install command is deprecated', 'HOSTNAME': '2581be2b12e1', 'SHLVL': '1', 'LD_LIBRARY_PATH': '/convince_ws/install/pyrobosim_msgs/lib:/opt/ros/jazzy/opt/zmqpp_vendor/lib:/opt/ros/jazzy/lib/x86_64-linux-gnu:/opt/ros/jazzy/lib', 'HOME': '/root', 'OLDPWD': '/convince_ws', 'ROS_PYTHON_VERSION': '3', 'ROS_DISTRO': 'jazzy', '_': '/usr/bin/colcon', 'ROS_VERSION': '2', 'TERM': 'xterm', 'QT_X11_NO_MITSHM': '1', 'PATH': '/opt/ros/jazzy/bin:/usr/local/sbin:/usr/local/bin:/usr/sbin:/usr/bin:/sbin:/bin', 'DISPLAY': ':1', 'LANG': 'C.UTF-8', 'AMENT_PREFIX_PATH': '/convince_ws/install/pyrobosim_msgs:/opt/ros/jazzy', 'ROS_WS': '/convince_ws', 'ROS_AUTOMATIC_DISCOVERY_RANGE': 'SUBNET', 'PWD': '/convince_ws/build/pyrobosim_ros', 'LC_ALL': 'C.UTF-8', 'PYTHONPATH': '/convince_ws/install/pyrobosim_msgs/lib/python3.12/site-packages:/opt/ros/jazzy/lib/python3.12/site-packages', 'COLCON': '1', 'CMAKE_PREFIX_PATH': '/convince_ws/install/pyrobosim_msgs:/opt/ros/jazzy'}), 'shell': False}
[0.359187] (place_object_skill) JobProgress: {'identifier': 'place_object_skill', 'progress': 'cmake'}
[0.359797] (place_object_skill) JobProgress: {'identifier': 'place_object_skill', 'progress': 'build'}
[0.360009] (place_object_skill) Command: {'cmd': ['/usr/bin/cmake', '--build', '/convince_ws/build/place_object_skill', '--', '-j20', '-l20'], 'cwd': '/convince_ws/build/place_object_skill', 'env': OrderedDict({'PYTHONWARNINGS': 'ignore:setup.py install is deprecated,ignore:easy_install command is deprecated', 'HOSTNAME': '2581be2b12e1', 'SHLVL': '1', 'LD_LIBRARY_PATH': '/convince_ws/install/overarching_msgs/lib:/convince_ws/install/bt_interfaces_dummy/lib:/opt/ros/jazzy/opt/zmqpp_vendor/lib:/opt/ros/jazzy/lib/x86_64-linux-gnu:/opt/ros/jazzy/lib', 'HOME': '/root', 'OLDPWD': '/convince_ws', 'ROS_PYTHON_VERSION': '3', 'ROS_DISTRO': 'jazzy', '_': '/usr/bin/colcon', 'ROS_VERSION': '2', 'TERM': 'xterm', 'QT_X11_NO_MITSHM': '1', 'PATH': '/opt/ros/jazzy/bin:/usr/local/sbin:/usr/local/bin:/usr/sbin:/usr/bin:/sbin:/bin', 'DISPLAY': ':1', 'LANG': 'C.UTF-8', 'AMENT_PREFIX_PATH': '/convince_ws/install/overarching_msgs:/convince_ws/install/bt_interfaces_dummy:/opt/ros/jazzy', 'ROS_WS': '/convince_ws', 'ROS_AUTOMATIC_DISCOVERY_RANGE': 'SUBNET', 'PWD': '/convince_ws/build/place_object_skill', 'LC_ALL': 'C.UTF-8', 'PYTHONPATH': '/convince_ws/install/overarching_msgs/lib/python3.12/site-packages:/convince_ws/install/bt_interfaces_dummy/lib/python3.12/site-packages:/opt/ros/jazzy/lib/python3.12/site-packages', 'COLCON': '1', 'CMAKE_PREFIX_PATH': '/convince_ws/install/overarching_msgs:/convince_ws/install/bt_interfaces_dummy:/opt/ros/jazzy'}), 'shell': False}
[0.388367] (behaviortree_ros2) StdoutLine: {'line': b'[ 28%] Built target bt_executor_parameters\n'}
[0.396830] (pyrobosim_ros) StdoutLine: {'line': b'Built target ament_cmake_python_symlink_pyrobosim_ros\n'}
[0.400109] (bt_nodes) StdoutLine: {'line': b'[100%] Built target bt_nodes\n'}
[0.400287] (-) TimerEvent: {}
[0.406771] (place_object_skill) StdoutLine: {'line': b'[100%] Built target place_object_skill\n'}
[0.408320] (bt_nodes) CommandEnded: {'returncode': 0}
[0.408799] (bt_nodes) JobProgress: {'identifier': 'bt_nodes', 'progress': 'install'}
[0.408976] (bt_nodes) Command: {'cmd': ['/usr/bin/cmake', '--install', '/convince_ws/build/bt_nodes'], 'cwd': '/convince_ws/build/bt_nodes', 'env': OrderedDict({'PYTHONWARNINGS': 'ignore:setup.py install is deprecated,ignore:easy_install command is deprecated', 'HOSTNAME': '2581be2b12e1', 'SHLVL': '1', 'LD_LIBRARY_PATH': '/convince_ws/install/bt_interfaces_dummy/lib:/opt/ros/jazzy/opt/zmqpp_vendor/lib:/opt/ros/jazzy/lib/x86_64-linux-gnu:/opt/ros/jazzy/lib', 'HOME': '/root', 'OLDPWD': '/convince_ws', 'ROS_PYTHON_VERSION': '3', 'ROS_DISTRO': 'jazzy', '_': '/usr/bin/colcon', 'ROS_VERSION': '2', 'TERM': 'xterm', 'QT_X11_NO_MITSHM': '1', 'PATH': '/opt/ros/jazzy/bin:/usr/local/sbin:/usr/local/bin:/usr/sbin:/usr/bin:/sbin:/bin', 'DISPLAY': ':1', 'LANG': 'C.UTF-8', 'AMENT_PREFIX_PATH': '/convince_ws/install/bt_interfaces_dummy:/opt/ros/jazzy', 'ROS_WS': '/convince_ws', 'ROS_AUTOMATIC_DISCOVERY_RANGE': 'SUBNET', 'PWD': '/convince_ws/build/bt_nodes', 'LC_ALL': 'C.UTF-8', 'PYTHONPATH': '/convince_ws/install/bt_interfaces_dummy/lib/python3.12/site-packages:/opt/ros/jazzy/lib/python3.12/site-packages', 'COLCON': '1', 'CMAKE_PREFIX_PATH': '/convince_ws/install/bt_interfaces_dummy:/opt/ros/jazzy'}), 'shell': False}
[0.413542] (bt_nodes) StdoutLine: {'line': b'-- Install configuration: ""\n'}
[0.413786] (bt_nodes) StdoutLine: {'line': b'-- Execute custom install script\n'}
[0.413915] (bt_nodes) StdoutLine: {'line': b'-- Up-to-date symlink: /convince_ws/install/bt_nodes/share/bt_nodes/environment/library_path.sh\n'}
[0.414034] (bt_nodes) StdoutLine: {'line': b'-- Up-to-date symlink: /convince_ws/install/bt_nodes/share/bt_nodes/environment/library_path.dsv\n'}
[0.414321] (bt_nodes) StdoutLine: {'line': b'-- Up-to-date symlink: /convince_ws/install/bt_nodes/include/ROS2Action.h\n'}
[0.414504] (bt_nodes) StdoutLine: {'line': b'-- Up-to-date symlink: /convince_ws/install/bt_nodes/share/ament_index/resource_index/package_run_dependencies/bt_nodes\n'}
[0.414610] (bt_nodes) StdoutLine: {'line': b'-- Up-to-date symlink: /convince_ws/install/bt_nodes/share/ament_index/resource_index/parent_prefix_path/bt_nodes\n'}
[0.414680] (bt_nodes) StdoutLine: {'line': b'-- Up-to-date symlink: /convince_ws/install/bt_nodes/share/bt_nodes/environment/ament_prefix_path.sh\n'}
[0.414747] (bt_nodes) StdoutLine: {'line': b'-- Up-to-date symlink: /convince_ws/install/bt_nodes/share/bt_nodes/environment/ament_prefix_path.dsv\n'}
[0.414813] (bt_nodes) StdoutLine: {'line': b'-- Up-to-date symlink: /convince_ws/install/bt_nodes/share/bt_nodes/environment/path.sh\n'}
[0.414879] (bt_nodes) StdoutLine: {'line': b'-- Up-to-date symlink: /convince_ws/install/bt_nodes/share/bt_nodes/environment/path.dsv\n'}
[0.415071] (bt_nodes) StdoutLine: {'line': b'-- Up-to-date symlink: /convince_ws/install/bt_nodes/share/bt_nodes/local_setup.bash\n'}
[0.415208] (place_object_skill) CommandEnded: {'returncode': 0}
[0.415403] (behaviortree_ros2) StdoutLine: {'line': b'[100%] Built target behaviortree_ros2\n'}
[0.415544] (bt_nodes) StdoutLine: {'line': b'-- Up-to-date symlink: /convince_ws/install/bt_nodes/share/bt_nodes/local_setup.sh\n'}
[0.415627] (bt_nodes) StdoutLine: {'line': b'-- Up-to-date symlink: /convince_ws/install/bt_nodes/share/bt_nodes/local_setup.zsh\n'}
[0.415832] (bt_nodes) StdoutLine: {'line': b'-- Up-to-date symlink: /convince_ws/install/bt_nodes/share/bt_nodes/local_setup.dsv\n'}
[0.415988] (bt_nodes) StdoutLine: {'line': b'-- Symlinking: /convince_ws/install/bt_nodes/share/bt_nodes/package.dsv\n'}
[0.416071] (place_object_skill) JobProgress: {'identifier': 'place_object_skill', 'progress': 'install'}
[0.416303] (place_object_skill) Command: {'cmd': ['/usr/bin/cmake', '--install', '/convince_ws/build/place_object_skill'], 'cwd': '/convince_ws/build/place_object_skill', 'env': OrderedDict({'PYTHONWARNINGS': 'ignore:setup.py install is deprecated,ignore:easy_install command is deprecated', 'HOSTNAME': '2581be2b12e1', 'SHLVL': '1', 'LD_LIBRARY_PATH': '/convince_ws/install/overarching_msgs/lib:/convince_ws/install/bt_interfaces_dummy/lib:/opt/ros/jazzy/opt/zmqpp_vendor/lib:/opt/ros/jazzy/lib/x86_64-linux-gnu:/opt/ros/jazzy/lib', 'HOME': '/root', 'OLDPWD': '/convince_ws', 'ROS_PYTHON_VERSION': '3', 'ROS_DISTRO': 'jazzy', '_': '/usr/bin/colcon', 'ROS_VERSION': '2', 'TERM': 'xterm', 'QT_X11_NO_MITSHM': '1', 'PATH': '/opt/ros/jazzy/bin:/usr/local/sbin:/usr/local/bin:/usr/sbin:/usr/bin:/sbin:/bin', 'DISPLAY': ':1', 'LANG': 'C.UTF-8', 'AMENT_PREFIX_PATH': '/convince_ws/install/overarching_msgs:/convince_ws/install/bt_interfaces_dummy:/opt/ros/jazzy', 'ROS_WS': '/convince_ws', 'ROS_AUTOMATIC_DISCOVERY_RANGE': 'SUBNET', 'PWD': '/convince_ws/build/place_object_skill', 'LC_ALL': 'C.UTF-8', 'PYTHONPATH': '/convince_ws/install/overarching_msgs/lib/python3.12/site-packages:/convince_ws/install/bt_interfaces_dummy/lib/python3.12/site-packages:/opt/ros/jazzy/lib/python3.12/site-packages', 'COLCON': '1', 'CMAKE_PREFIX_PATH': '/convince_ws/install/overarching_msgs:/convince_ws/install/bt_interfaces_dummy:/opt/ros/jazzy'}), 'shell': False}
[0.419638] (bt_nodes) StdoutLine: {'line': b'-- Up-to-date symlink: /convince_ws/install/bt_nodes/share/ament_index/resource_index/packages/bt_nodes\n'}
[0.419813] (bt_nodes) StdoutLine: {'line': b'-- Up-to-date symlink: /convince_ws/install/bt_nodes/share/bt_nodes/cmake/ament_cmake_export_targets-extras.cmake\n'}
[0.419890] (bt_nodes) StdoutLine: {'line': b'-- Up-to-date symlink: /convince_ws/install/bt_nodes/share/bt_nodes/cmake/bt_nodesConfig.cmake\n'}
[0.419974] (bt_nodes) StdoutLine: {'line': b'-- Up-to-date symlink: /convince_ws/install/bt_nodes/share/bt_nodes/cmake/bt_nodesConfig-version.cmake\n'}
[0.420055] (bt_nodes) StdoutLine: {'line': b'-- Up-to-date symlink: /convince_ws/install/bt_nodes/share/bt_nodes/package.xml\n'}
[0.420119] (bt_nodes) StdoutLine: {'line': b'-- Up-to-date: /convince_ws/install/bt_nodes/lib/libbt_nodes.a\n'}
[0.420193] (bt_nodes) StdoutLine: {'line': b'-- Up-to-date: /convince_ws/install/bt_nodes/share/bt_nodes/cmake/bt_nodesExport.cmake\n'}
[0.420256] (bt_nodes) StdoutLine: {'line': b'-- Up-to-date: /convince_ws/install/bt_nodes/share/bt_nodes/cmake/bt_nodesExport-noconfig.cmake\n'}
[0.420817] (behaviortree_ros2) CommandEnded: {'returncode': 0}
[0.421193] (behaviortree_ros2) JobProgress: {'identifier': 'behaviortree_ros2', 'progress': 'install'}
[0.421425] (behaviortree_ros2) Command: {'cmd': ['/usr/bin/cmake', '--install', '/convince_ws/build/behaviortree_ros2'], 'cwd': '/convince_ws/build/behaviortree_ros2', 'env': OrderedDict({'PYTHONWARNINGS': 'ignore:setup.py install is deprecated,ignore:easy_install command is deprecated', 'HOSTNAME': '2581be2b12e1', 'SHLVL': '1', 'LD_LIBRARY_PATH': '/convince_ws/install/btcpp_ros2_interfaces/lib:/opt/ros/jazzy/opt/zmqpp_vendor/lib:/opt/ros/jazzy/lib/x86_64-linux-gnu:/opt/ros/jazzy/lib', 'HOME': '/root', 'OLDPWD': '/convince_ws', 'ROS_PYTHON_VERSION': '3', 'ROS_DISTRO': 'jazzy', '_': '/usr/bin/colcon', 'ROS_VERSION': '2', 'TERM': 'xterm', 'QT_X11_NO_MITSHM': '1', 'PATH': '/opt/ros/jazzy/bin:/usr/local/sbin:/usr/local/bin:/usr/sbin:/usr/bin:/sbin:/bin', 'DISPLAY': ':1', 'LANG': 'C.UTF-8', 'AMENT_PREFIX_PATH': '/convince_ws/install/btcpp_ros2_interfaces:/opt/ros/jazzy', 'ROS_WS': '/convince_ws', 'ROS_AUTOMATIC_DISCOVERY_RANGE': 'SUBNET', 'PWD': '/convince_ws/build/behaviortree_ros2', 'LC_ALL': 'C.UTF-8', 'PYTHONPATH': '/convince_ws/install/btcpp_ros2_interfaces/lib/python3.12/site-packages:/opt/ros/jazzy/lib/python3.12/site-packages', 'COLCON': '1', 'CMAKE_PREFIX_PATH': '/convince_ws/install/btcpp_ros2_interfaces:/opt/ros/jazzy'}), 'shell': False}
[0.421905] (place_object_skill) StdoutLine: {'line': b'-- Install configuration: ""\n'}
[0.422332] (place_object_skill) StdoutLine: {'line': b'-- Execute custom install script\n'}
[0.422481] (bt_nodes) CommandEnded: {'returncode': 0}
[0.422699] (place_object_skill) StdoutLine: {'line': b'-- Up-to-date symlink: /convince_ws/install/place_object_skill/lib/place_object_skill/place_object_skill\n'}
[0.422806] (place_object_skill) StdoutLine: {'line': b'-- Up-to-date symlink: /convince_ws/install/place_object_skill/share/ament_index/resource_index/package_run_dependencies/place_object_skill\n'}
[0.422941] (place_object_skill) StdoutLine: {'line': b'-- Up-to-date symlink: /convince_ws/install/place_object_skill/share/ament_index/resource_index/parent_prefix_path/place_object_skill\n'}
[0.423044] (place_object_skill) StdoutLine: {'line': b'-- Up-to-date symlink: /convince_ws/install/place_object_skill/share/place_object_skill/environment/ament_prefix_path.sh\n'}
[0.423136] (place_object_skill) StdoutLine: {'line': b'-- Up-to-date symlink: /convince_ws/install/place_object_skill/share/place_object_skill/environment/ament_prefix_path.dsv\n'}
[0.423227] (place_object_skill) StdoutLine: {'line': b'-- Up-to-date symlink: /convince_ws/install/place_object_skill/share/place_object_skill/environment/path.sh\n'}
[0.423319] (place_object_skill) StdoutLine: {'line': b'-- Up-to-date symlink: /convince_ws/install/place_object_skill/share/place_object_skill/environment/path.dsv\n'}
[0.423416] (place_object_skill) StdoutLine: {'line': b'-- Up-to-date symlink: /convince_ws/install/place_object_skill/share/place_object_skill/local_setup.bash\n'}
[0.423529] (place_object_skill) StdoutLine: {'line': b'-- Up-to-date symlink: /convince_ws/install/place_object_skill/share/place_object_skill/local_setup.sh\n'}
[0.423764] (place_object_skill) StdoutLine: {'line': b'-- Up-to-date symlink: /convince_ws/install/place_object_skill/share/place_object_skill/local_setup.zsh\n'}
[0.423955] (place_object_skill) StdoutLine: {'line': b'-- Up-to-date symlink: /convince_ws/install/place_object_skill/share/place_object_skill/local_setup.dsv\n'}
[0.424045] (place_object_skill) StdoutLine: {'line': b'-- Symlinking: /convince_ws/install/place_object_skill/share/place_object_skill/package.dsv\n'}
[0.426080] (behaviortree_ros2) StdoutLine: {'line': b'-- Install configuration: ""\n'}
[0.426283] (behaviortree_ros2) StdoutLine: {'line': b'-- Execute custom install script\n'}
[0.426693] (behaviortree_ros2) StdoutLine: {'line': b'-- Up-to-date symlink: /convince_ws/install/behaviortree_ros2/include/behaviortree_ros2/bt_executor_parameters.hpp\n'}
[0.426889] (behaviortree_ros2) StdoutLine: {'line': b'-- Up-to-date symlink: /convince_ws/install/behaviortree_ros2/include//behaviortree_ros2/bt_action_node.hpp\n'}
[0.426972] (behaviortree_ros2) StdoutLine: {'line': b'-- Up-to-date symlink: /convince_ws/install/behaviortree_ros2/include//behaviortree_ros2/bt_ros_logger.hpp\n'}
[0.427161] (behaviortree_ros2) StdoutLine: {'line': b'-- Up-to-date symlink: /convince_ws/install/behaviortree_ros2/include//behaviortree_ros2/bt_service_node.hpp\n'}
[0.427278] (behaviortree_ros2) StdoutLine: {'line': b'-- Up-to-date symlink: /convince_ws/install/behaviortree_ros2/include//behaviortree_ros2/bt_topic_pub_node.hpp\n'}
[0.427411] (behaviortree_ros2) StdoutLine: {'line': b'-- Up-to-date symlink: /convince_ws/install/behaviortree_ros2/include//behaviortree_ros2/bt_topic_sub_node.hpp\n'}
[0.427524] (behaviortree_ros2) StdoutLine: {'line': b'-- Up-to-date symlink: /convince_ws/install/behaviortree_ros2/include//behaviortree_ros2/bt_utils.hpp\n'}
[0.427778] (behaviortree_ros2) StdoutLine: {'line': b'-- Up-to-date symlink: /convince_ws/install/behaviortree_ros2/include//behaviortree_ros2/plugins.hpp\n'}
[0.427955] (behaviortree_ros2) StdoutLine: {'line': b'-- Up-to-date symlink: /convince_ws/install/behaviortree_ros2/include//behaviortree_ros2/ros_node_params.hpp\n'}
[0.428105] (behaviortree_ros2) StdoutLine: {'line': b'-- Up-to-date symlink: /convince_ws/install/behaviortree_ros2/include//behaviortree_ros2/tree_execution_server.hpp\n'}
[0.428321] (behaviortree_ros2) StdoutLine: {'line': b'-- Up-to-date symlink: /convince_ws/install/behaviortree_ros2/share/behaviortree_ros2/environment/library_path.sh\n'}
[0.428506] (behaviortree_ros2) StdoutLine: {'line': b'-- Up-to-date symlink: /convince_ws/install/behaviortree_ros2/share/behaviortree_ros2/environment/library_path.dsv\n'}
[0.428710] (behaviortree_ros2) StdoutLine: {'line': b'-- Up-to-date symlink: /convince_ws/install/behaviortree_ros2/share/ament_index/resource_index/package_run_dependencies/behaviortree_ros2\n'}
[0.428928] (behaviortree_ros2) StdoutLine: {'line': b'-- Up-to-date symlink: /convince_ws/install/behaviortree_ros2/share/ament_index/resource_index/parent_prefix_path/behaviortree_ros2\n'}
[0.429024] (behaviortree_ros2) StdoutLine: {'line': b'-- Up-to-date symlink: /convince_ws/install/behaviortree_ros2/share/behaviortree_ros2/environment/ament_prefix_path.sh\n'}
[0.429621] (behaviortree_ros2) StdoutLine: {'line': b'-- Up-to-date symlink: /convince_ws/install/behaviortree_ros2/share/behaviortree_ros2/environment/ament_prefix_path.dsv\n'}
[0.429885] (behaviortree_ros2) StdoutLine: {'line': b'-- Up-to-date symlink: /convince_ws/install/behaviortree_ros2/share/behaviortree_ros2/environment/path.sh\n'}
[0.430030] (behaviortree_ros2) StdoutLine: {'line': b'-- Up-to-date symlink: /convince_ws/install/behaviortree_ros2/share/behaviortree_ros2/environment/path.dsv\n'}
[0.430248] (behaviortree_ros2) StdoutLine: {'line': b'-- Up-to-date symlink: /convince_ws/install/behaviortree_ros2/share/behaviortree_ros2/local_setup.bash\n'}
[0.430409] (behaviortree_ros2) StdoutLine: {'line': b'-- Up-to-date symlink: /convince_ws/install/behaviortree_ros2/share/behaviortree_ros2/local_setup.sh\n'}
[0.430495] (behaviortree_ros2) StdoutLine: {'line': b'-- Up-to-date symlink: /convince_ws/install/behaviortree_ros2/share/behaviortree_ros2/local_setup.zsh\n'}
[0.430690] (behaviortree_ros2) StdoutLine: {'line': b'-- Up-to-date symlink: /convince_ws/install/behaviortree_ros2/share/behaviortree_ros2/local_setup.dsv\n'}
[0.430834] (behaviortree_ros2) StdoutLine: {'line': b'-- Symlinking: /convince_ws/install/behaviortree_ros2/share/behaviortree_ros2/package.dsv\n'}
[0.431005] (place_object_skill) StdoutLine: {'line': b'-- Up-to-date symlink: /convince_ws/install/place_object_skill/share/ament_index/resource_index/packages/place_object_skill\n'}
[0.431186] (place_object_skill) StdoutLine: {'line': b'-- Up-to-date symlink: /convince_ws/install/place_object_skill/share/place_object_skill/cmake/place_object_skillConfig.cmake\n'}
[0.431358] (place_object_skill) StdoutLine: {'line': b'-- Up-to-date symlink: /convince_ws/install/place_object_skill/share/place_object_skill/cmake/place_object_skillConfig-version.cmake\n'}
[0.431502] (place_object_skill) StdoutLine: {'line': b'-- Up-to-date symlink: /convince_ws/install/place_object_skill/share/place_object_skill/package.xml\n'}
[0.431638] (bt_nodes) JobEnded: {'identifier': 'bt_nodes', 'rc': 0}
[0.432855] (place_object_skill) CommandEnded: {'returncode': 0}
[0.433082] (behaviortree_ros2) StdoutLine: {'line': b'-- Up-to-date symlink: /convince_ws/install/behaviortree_ros2/share/ament_index/resource_index/packages/behaviortree_ros2\n'}
[0.433245] (behaviortree_ros2) StdoutLine: {'line': b'-- Up-to-date symlink: /convince_ws/install/behaviortree_ros2/share/behaviortree_ros2/cmake/ament_cmake_export_dependencies-extras.cmake\n'}
[0.433354] (behaviortree_ros2) StdoutLine: {'line': b'-- Up-to-date symlink: /convince_ws/install/behaviortree_ros2/share/behaviortree_ros2/cmake/ament_cmake_export_targets-extras.cmake\n'}
[0.433450] (behaviortree_ros2) StdoutLine: {'line': b'-- Up-to-date symlink: /convince_ws/install/behaviortree_ros2/share/behaviortree_ros2/cmake/ament_cmake_export_include_directories-extras.cmake\n'}
[0.433523] (behaviortree_ros2) StdoutLine: {'line': b'-- Up-to-date symlink: /convince_ws/install/behaviortree_ros2/share/behaviortree_ros2/cmake/ament_cmake_export_libraries-extras.cmake\n'}
[0.433607] (behaviortree_ros2) StdoutLine: {'line': b'-- Up-to-date symlink: /convince_ws/install/behaviortree_ros2/share/behaviortree_ros2/cmake/behaviortree_ros2Config.cmake\n'}
[0.433694] (behaviortree_ros2) StdoutLine: {'line': b'-- Up-to-date symlink: /convince_ws/install/behaviortree_ros2/share/behaviortree_ros2/cmake/behaviortree_ros2Config-version.cmake\n'}
[0.433772] (behaviortree_ros2) StdoutLine: {'line': b'-- Up-to-date symlink: /convince_ws/install/behaviortree_ros2/share/behaviortree_ros2/package.xml\n'}
[0.433948] (behaviortree_ros2) StdoutLine: {'line': b'-- Up-to-date: /convince_ws/install/behaviortree_ros2/lib/libbehaviortree_ros2.a\n'}
[0.434018] (behaviortree_ros2) StdoutLine: {'line': b'-- Up-to-date: /convince_ws/install/behaviortree_ros2/share/behaviortree_ros2/cmake/behaviortree_ros2TargetsExport.cmake\n'}
[0.434091] (behaviortree_ros2) StdoutLine: {'line': b'-- Up-to-date: /convince_ws/install/behaviortree_ros2/share/behaviortree_ros2/cmake/behaviortree_ros2TargetsExport-noconfig.cmake\n'}
[0.442353] (place_object_skill) JobEnded: {'identifier': 'place_object_skill', 'rc': 0}
[0.442832] (behaviortree_ros2) CommandEnded: {'returncode': 0}
[0.451398] (behaviortree_ros2) JobEnded: {'identifier': 'behaviortree_ros2', 'rc': 0}
[0.451879] (bt_executor) JobStarted: {'identifier': 'bt_executor'}
[0.453343] (btcpp_ros2_samples) JobStarted: {'identifier': 'btcpp_ros2_samples'}
[0.459631] (btcpp_ros2_samples) JobProgress: {'identifier': 'btcpp_ros2_samples', 'progress': 'cmake'}
[0.460150] (btcpp_ros2_samples) JobProgress: {'identifier': 'btcpp_ros2_samples', 'progress': 'build'}
[0.460317] (btcpp_ros2_samples) Command: {'cmd': ['/usr/bin/cmake', '--build', '/convince_ws/build/btcpp_ros2_samples', '--', '-j20', '-l20'], 'cwd': '/convince_ws/build/btcpp_ros2_samples', 'env': OrderedDict({'PYTHONWARNINGS': 'ignore:setup.py install is deprecated,ignore:easy_install command is deprecated', 'HOSTNAME': '2581be2b12e1', 'SHLVL': '1', 'LD_LIBRARY_PATH': '/convince_ws/install/behaviortree_ros2/lib:/convince_ws/install/btcpp_ros2_interfaces/lib:/opt/ros/jazzy/opt/zmqpp_vendor/lib:/opt/ros/jazzy/lib/x86_64-linux-gnu:/opt/ros/jazzy/lib', 'HOME': '/root', 'OLDPWD': '/convince_ws', 'ROS_PYTHON_VERSION': '3', 'ROS_DISTRO': 'jazzy', '_': '/usr/bin/colcon', 'ROS_VERSION': '2', 'TERM': 'xterm', 'QT_X11_NO_MITSHM': '1', 'PATH': '/opt/ros/jazzy/bin:/usr/local/sbin:/usr/local/bin:/usr/sbin:/usr/bin:/sbin:/bin', 'DISPLAY': ':1', 'LANG': 'C.UTF-8', 'AMENT_PREFIX_PATH': '/convince_ws/install/behaviortree_ros2:/convince_ws/install/btcpp_ros2_interfaces:/opt/ros/jazzy', 'ROS_WS': '/convince_ws', 'ROS_AUTOMATIC_DISCOVERY_RANGE': 'SUBNET', 'PWD': '/convince_ws/build/btcpp_ros2_samples', 'LC_ALL': 'C.UTF-8', 'PYTHONPATH': '/convince_ws/install/btcpp_ros2_interfaces/lib/python3.12/site-packages:/opt/ros/jazzy/lib/python3.12/site-packages', 'COLCON': '1', 'CMAKE_PREFIX_PATH': '/convince_ws/install/behaviortree_ros2:/convince_ws/install/btcpp_ros2_interfaces:/opt/ros/jazzy'}), 'shell': False}
[0.464180] (bt_executor) JobProgress: {'identifier': 'bt_executor', 'progress': 'cmake'}
[0.464688] (bt_executor) JobProgress: {'identifier': 'bt_executor', 'progress': 'build'}
[0.464879] (bt_executor) Command: {'cmd': ['/usr/bin/cmake', '--build', '/convince_ws/build/bt_executor', '--', '-j20', '-l20'], 'cwd': '/convince_ws/build/bt_executor', 'env': OrderedDict({'PYTHONWARNINGS': 'ignore:setup.py install is deprecated,ignore:easy_install command is deprecated', 'HOSTNAME': '2581be2b12e1', 'SHLVL': '1', 'LD_LIBRARY_PATH': '/convince_ws/install/bt_nodes/lib:/convince_ws/install/behaviortree_ros2/lib:/convince_ws/install/pyrobosim_msgs/lib:/convince_ws/install/overarching_msgs/lib:/convince_ws/install/btcpp_ros2_interfaces/lib:/convince_ws/install/bt_interfaces_dummy/lib:/opt/ros/jazzy/opt/zmqpp_vendor/lib:/opt/ros/jazzy/lib/x86_64-linux-gnu:/opt/ros/jazzy/lib', 'HOME': '/root', 'OLDPWD': '/convince_ws', 'ROS_PYTHON_VERSION': '3', 'ROS_DISTRO': 'jazzy', '_': '/usr/bin/colcon', 'ROS_VERSION': '2', 'TERM': 'xterm', 'QT_X11_NO_MITSHM': '1', 'PATH': '/opt/ros/jazzy/bin:/usr/local/sbin:/usr/local/bin:/usr/sbin:/usr/bin:/sbin:/bin', 'DISPLAY': ':1', 'LANG': 'C.UTF-8', 'AMENT_PREFIX_PATH': '/convince_ws/install/bt_nodes:/convince_ws/install/behaviortree_ros2:/convince_ws/install/pyrobosim_msgs:/convince_ws/install/overarching_msgs:/convince_ws/install/btcpp_ros2_interfaces:/convince_ws/install/bt_interfaces_dummy:/opt/ros/jazzy', 'ROS_WS': '/convince_ws', 'ROS_AUTOMATIC_DISCOVERY_RANGE': 'SUBNET', 'PWD': '/convince_ws/build/bt_executor', 'LC_ALL': 'C.UTF-8', 'PYTHONPATH': '/convince_ws/install/pyrobosim_msgs/lib/python3.12/site-packages:/convince_ws/install/overarching_msgs/lib/python3.12/site-packages:/convince_ws/install/btcpp_ros2_interfaces/lib/python3.12/site-packages:/convince_ws/install/bt_interfaces_dummy/lib/python3.12/site-packages:/opt/ros/jazzy/lib/python3.12/site-packages', 'COLCON': '1', 'CMAKE_PREFIX_PATH': '/convince_ws/install/bt_nodes:/convince_ws/install/behaviortree_ros2:/convince_ws/install/pyrobosim_msgs:/convince_ws/install/overarching_msgs:/convince_ws/install/btcpp_ros2_interfaces:/convince_ws/install/bt_interfaces_dummy:/opt/ros/jazzy'}), 'shell': False}
[0.466890] (pyrobosim) Command: {'cmd': ['/usr/bin/python3', '-W', 'ignore:setup.py install is deprecated', '-W', 'ignore:easy_install command is deprecated', 'setup.py', 'develop', '--editable', '--build-directory', '/convince_ws/build/pyrobosim/build', '--no-deps'], 'cwd': '/convince_ws/build/pyrobosim', 'env': {'PYTHONWARNINGS': 'ignore:setup.py install is deprecated,ignore:easy_install command is deprecated', 'HOSTNAME': '2581be2b12e1', 'SHLVL': '1', 'LD_LIBRARY_PATH': '/opt/ros/jazzy/opt/zmqpp_vendor/lib:/opt/ros/jazzy/lib/x86_64-linux-gnu:/opt/ros/jazzy/lib', 'HOME': '/root', 'OLDPWD': '/convince_ws', 'ROS_PYTHON_VERSION': '3', 'ROS_DISTRO': 'jazzy', '_': '/usr/bin/colcon', 'ROS_VERSION': '2', 'TERM': 'xterm', 'QT_X11_NO_MITSHM': '1', 'PATH': '/opt/ros/jazzy/bin:/usr/local/sbin:/usr/local/bin:/usr/sbin:/usr/bin:/sbin:/bin', 'DISPLAY': ':1', 'LANG': 'C.UTF-8', 'AMENT_PREFIX_PATH': '/opt/ros/jazzy', 'ROS_WS': '/convince_ws', 'ROS_AUTOMATIC_DISCOVERY_RANGE': 'SUBNET', 'PWD': '/convince_ws/build/pyrobosim', 'LC_ALL': 'C.UTF-8', 'PYTHONPATH': '/convince_ws/build/pyrobosim/prefix_override:/usr/lib/python3/dist-packages/colcon_core/task/python/colcon_distutils_commands:/convince_ws/install/pyrobosim/lib/python3.12/site-packages:/opt/ros/jazzy/lib/python3.12/site-packages', 'COLCON': '1'}, 'shell': False}
[0.500372] (-) TimerEvent: {}
[0.502321] (pyrobosim_ros) StdoutLine: {'line': b'running egg_info\n'}
[0.503654] (btcpp_ros2_samples) StdoutLine: {'line': b'[ 22%] Built target sleep_plugin\n'}
[0.503821] (btcpp_ros2_samples) StdoutLine: {'line': b'[ 22%] Built target subscriber_test\n'}
[0.504652] (btcpp_ros2_samples) StdoutLine: {'line': b'[ 38%] Built target bool_client\n'}
[0.506053] (btcpp_ros2_samples) StdoutLine: {'line': b'[ 50%] Built target sleep_server\n'}
[0.506759] (btcpp_ros2_samples) StdoutLine: {'line': b'[ 72%] Built target bool_server\n'}
[0.506865] (btcpp_ros2_samples) StdoutLine: {'line': b'[ 72%] Built target sample_bt_executor\n'}
[0.509136] (bt_executor) StdoutLine: {'line': b'[ 50%] \x1b[32mBuilding CXX object CMakeFiles/btcpp_executor.dir/src/btcpp_executor.cpp.o\x1b[0m\n'}
[0.509386] (btcpp_ros2_samples) StdoutLine: {'line': b'[ 88%] Built target sleep_client\n'}
[0.509648] (pyrobosim_ros) StdoutLine: {'line': b'writing pyrobosim_ros.egg-info/PKG-INFO\n'}
[0.509793] (pyrobosim_ros) StdoutLine: {'line': b'writing dependency_links to pyrobosim_ros.egg-info/dependency_links.txt\n'}
[0.509879] (pyrobosim_ros) StdoutLine: {'line': b'writing top-level names to pyrobosim_ros.egg-info/top_level.txt\n'}
[0.523261] (btcpp_ros2_samples) StdoutLine: {'line': b'[100%] Built target sleep_client_dyn\n'}
[0.529039] (btcpp_ros2_samples) CommandEnded: {'returncode': 0}
[0.529220] (pyrobosim_ros) StdoutLine: {'line': b"reading manifest file 'pyrobosim_ros.egg-info/SOURCES.txt'\n"}
[0.529400] (pyrobosim_ros) StdoutLine: {'line': b"writing manifest file 'pyrobosim_ros.egg-info/SOURCES.txt'\n"}
[0.529536] (btcpp_ros2_samples) JobProgress: {'identifier': 'btcpp_ros2_samples', 'progress': 'install'}
[0.529700] (btcpp_ros2_samples) Command: {'cmd': ['/usr/bin/cmake', '--install', '/convince_ws/build/btcpp_ros2_samples'], 'cwd': '/convince_ws/build/btcpp_ros2_samples', 'env': OrderedDict({'PYTHONWARNINGS': 'ignore:setup.py install is deprecated,ignore:easy_install command is deprecated', 'HOSTNAME': '2581be2b12e1', 'SHLVL': '1', 'LD_LIBRARY_PATH': '/convince_ws/install/behaviortree_ros2/lib:/convince_ws/install/btcpp_ros2_interfaces/lib:/opt/ros/jazzy/opt/zmqpp_vendor/lib:/opt/ros/jazzy/lib/x86_64-linux-gnu:/opt/ros/jazzy/lib', 'HOME': '/root', 'OLDPWD': '/convince_ws', 'ROS_PYTHON_VERSION': '3', 'ROS_DISTRO': 'jazzy', '_': '/usr/bin/colcon', 'ROS_VERSION': '2', 'TERM': 'xterm', 'QT_X11_NO_MITSHM': '1', 'PATH': '/opt/ros/jazzy/bin:/usr/local/sbin:/usr/local/bin:/usr/sbin:/usr/bin:/sbin:/bin', 'DISPLAY': ':1', 'LANG': 'C.UTF-8', 'AMENT_PREFIX_PATH': '/convince_ws/install/behaviortree_ros2:/convince_ws/install/btcpp_ros2_interfaces:/opt/ros/jazzy', 'ROS_WS': '/convince_ws', 'ROS_AUTOMATIC_DISCOVERY_RANGE': 'SUBNET', 'PWD': '/convince_ws/build/btcpp_ros2_samples', 'LC_ALL': 'C.UTF-8', 'PYTHONPATH': '/convince_ws/install/btcpp_ros2_interfaces/lib/python3.12/site-packages:/opt/ros/jazzy/lib/python3.12/site-packages', 'COLCON': '1', 'CMAKE_PREFIX_PATH': '/convince_ws/install/behaviortree_ros2:/convince_ws/install/btcpp_ros2_interfaces:/opt/ros/jazzy'}), 'shell': False}
[0.536156] (btcpp_ros2_samples) StdoutLine: {'line': b'-- Install configuration: ""\n'}
[0.536318] (btcpp_ros2_samples) StdoutLine: {'line': b'-- Execute custom install script\n'}
[0.536492] (btcpp_ros2_samples) StdoutLine: {'line': b'-- Up-to-date symlink: /convince_ws/install/btcpp_ros2_samples/lib/btcpp_ros2_samples/sleep_client\n'}
[0.536566] (btcpp_ros2_samples) StdoutLine: {'line': b'-- Up-to-date symlink: /convince_ws/install/btcpp_ros2_samples/lib/btcpp_ros2_samples/sleep_client_dyn\n'}
[0.536629] (btcpp_ros2_samples) StdoutLine: {'line': b'-- Up-to-date symlink: /convince_ws/install/btcpp_ros2_samples/lib/btcpp_ros2_samples/sleep_server\n'}
[0.536688] (btcpp_ros2_samples) StdoutLine: {'line': b'-- Up-to-date symlink: /convince_ws/install/btcpp_ros2_samples/lib/btcpp_ros2_samples/libsleep_plugin.so\n'}
[0.536748] (btcpp_ros2_samples) StdoutLine: {'line': b'-- Up-to-date symlink: /convince_ws/install/btcpp_ros2_samples/lib/btcpp_ros2_samples/subscriber_test\n'}
[0.536807] (btcpp_ros2_samples) StdoutLine: {'line': b'-- Up-to-date symlink: /convince_ws/install/btcpp_ros2_samples/lib/btcpp_ros2_samples/sample_bt_executor\n'}
[0.536863] (btcpp_ros2_samples) StdoutLine: {'line': b'-- Up-to-date symlink: /convince_ws/install/btcpp_ros2_samples/lib/btcpp_ros2_samples/bool_client\n'}
[0.536926] (btcpp_ros2_samples) StdoutLine: {'line': b'-- Up-to-date symlink: /convince_ws/install/btcpp_ros2_samples/lib/btcpp_ros2_samples/bool_server\n'}
[0.537041] (btcpp_ros2_samples) StdoutLine: {'line': b'-- Up-to-date symlink: /convince_ws/install/btcpp_ros2_samples/share/btcpp_ros2_samples/bt_plugins/libsleep_plugin.so\n'}
[0.537253] (btcpp_ros2_samples) StdoutLine: {'line': b'-- Up-to-date symlink: /convince_ws/install/btcpp_ros2_samples/share/btcpp_ros2_samples//behavior_trees/cross_door.xml\n'}
[0.537297] (btcpp_ros2_samples) StdoutLine: {'line': b'-- Up-to-date symlink: /convince_ws/install/btcpp_ros2_samples/share/btcpp_ros2_samples//behavior_trees/door_closed.xml\n'}
[0.537339] (btcpp_ros2_samples) StdoutLine: {'line': b'-- Up-to-date symlink: /convince_ws/install/btcpp_ros2_samples/share/btcpp_ros2_samples//behavior_trees/sleep_action.xml\n'}
[0.537450] (btcpp_ros2_samples) StdoutLine: {'line': b'-- Up-to-date symlink: /convince_ws/install/btcpp_ros2_samples/share/btcpp_ros2_samples//config/sample_bt_executor.yaml\n'}
[0.537548] (btcpp_ros2_samples) StdoutLine: {'line': b'-- Up-to-date symlink: /convince_ws/install/btcpp_ros2_samples/share/btcpp_ros2_samples//launch/sample_bt_executor.launch.xml\n'}
[0.537630] (btcpp_ros2_samples) StdoutLine: {'line': b'-- Up-to-date symlink: /convince_ws/install/btcpp_ros2_samples/share/ament_index/resource_index/package_run_dependencies/btcpp_ros2_samples\n'}
[0.537701] (btcpp_ros2_samples) StdoutLine: {'line': b'-- Up-to-date symlink: /convince_ws/install/btcpp_ros2_samples/share/ament_index/resource_index/parent_prefix_path/btcpp_ros2_samples\n'}
[0.537774] (btcpp_ros2_samples) StdoutLine: {'line': b'-- Up-to-date symlink: /convince_ws/install/btcpp_ros2_samples/share/btcpp_ros2_samples/environment/ament_prefix_path.sh\n'}
[0.537835] (btcpp_ros2_samples) StdoutLine: {'line': b'-- Up-to-date symlink: /convince_ws/install/btcpp_ros2_samples/share/btcpp_ros2_samples/environment/ament_prefix_path.dsv\n'}
[0.537899] (btcpp_ros2_samples) StdoutLine: {'line': b'-- Up-to-date symlink: /convince_ws/install/btcpp_ros2_samples/share/btcpp_ros2_samples/environment/path.sh\n'}
[0.537958] (btcpp_ros2_samples) StdoutLine: {'line': b'-- Up-to-date symlink: /convince_ws/install/btcpp_ros2_samples/share/btcpp_ros2_samples/environment/path.dsv\n'}
[0.538014] (btcpp_ros2_samples) StdoutLine: {'line': b'-- Up-to-date symlink: /convince_ws/install/btcpp_ros2_samples/share/btcpp_ros2_samples/local_setup.bash\n'}
[0.538068] (btcpp_ros2_samples) StdoutLine: {'line': b'-- Up-to-date symlink: /convince_ws/install/btcpp_ros2_samples/share/btcpp_ros2_samples/local_setup.sh\n'}
[0.538122] (btcpp_ros2_samples) StdoutLine: {'line': b'-- Up-to-date symlink: /convince_ws/install/btcpp_ros2_samples/share/btcpp_ros2_samples/local_setup.zsh\n'}
[0.538191] (btcpp_ros2_samples) StdoutLine: {'line': b'-- Up-to-date symlink: /convince_ws/install/btcpp_ros2_samples/share/btcpp_ros2_samples/local_setup.dsv\n'}
[0.538234] (btcpp_ros2_samples) StdoutLine: {'line': b'-- Symlinking: /convince_ws/install/btcpp_ros2_samples/share/btcpp_ros2_samples/package.dsv\n'}
[0.543080] (btcpp_ros2_samples) StdoutLine: {'line': b'-- Up-to-date symlink: /convince_ws/install/btcpp_ros2_samples/share/ament_index/resource_index/packages/btcpp_ros2_samples\n'}
[0.543272] (btcpp_ros2_samples) StdoutLine: {'line': b'-- Up-to-date symlink: /convince_ws/install/btcpp_ros2_samples/share/btcpp_ros2_samples/cmake/ament_cmake_export_dependencies-extras.cmake\n'}
[0.543367] (btcpp_ros2_samples) StdoutLine: {'line': b'-- Up-to-date symlink: /convince_ws/install/btcpp_ros2_samples/share/btcpp_ros2_samples/cmake/btcpp_ros2_samplesConfig.cmake\n'}
[0.543442] (btcpp_ros2_samples) StdoutLine: {'line': b'-- Up-to-date symlink: /convince_ws/install/btcpp_ros2_samples/share/btcpp_ros2_samples/cmake/btcpp_ros2_samplesConfig-version.cmake\n'}
[0.543514] (btcpp_ros2_samples) StdoutLine: {'line': b'-- Up-to-date symlink: /convince_ws/install/btcpp_ros2_samples/share/btcpp_ros2_samples/package.xml\n'}
[0.544417] (btcpp_ros2_samples) CommandEnded: {'returncode': 0}
[0.545450] (pyrobosim_ros) StdoutLine: {'line': b'Built target ament_cmake_python_build_pyrobosim_ros_egg\n'}
[0.554788] (btcpp_ros2_samples) JobEnded: {'identifier': 'btcpp_ros2_samples', 'rc': 0}
[0.555420] (pyrobosim_ros) CommandEnded: {'returncode': 0}
[0.555810] (pyrobosim_ros) JobProgress: {'identifier': 'pyrobosim_ros', 'progress': 'install'}
[0.555963] (pyrobosim_ros) Command: {'cmd': ['/usr/bin/cmake', '--install', '/convince_ws/build/pyrobosim_ros'], 'cwd': '/convince_ws/build/pyrobosim_ros', 'env': OrderedDict({'PYTHONWARNINGS': 'ignore:setup.py install is deprecated,ignore:easy_install command is deprecated', 'HOSTNAME': '2581be2b12e1', 'SHLVL': '1', 'LD_LIBRARY_PATH': '/convince_ws/install/pyrobosim_msgs/lib:/opt/ros/jazzy/opt/zmqpp_vendor/lib:/opt/ros/jazzy/lib/x86_64-linux-gnu:/opt/ros/jazzy/lib', 'HOME': '/root', 'OLDPWD': '/convince_ws', 'ROS_PYTHON_VERSION': '3', 'ROS_DISTRO': 'jazzy', '_': '/usr/bin/colcon', 'ROS_VERSION': '2', 'TERM': 'xterm', 'QT_X11_NO_MITSHM': '1', 'PATH': '/opt/ros/jazzy/bin:/usr/local/sbin:/usr/local/bin:/usr/sbin:/usr/bin:/sbin:/bin', 'DISPLAY': ':1', 'LANG': 'C.UTF-8', 'AMENT_PREFIX_PATH': '/convince_ws/install/pyrobosim_msgs:/opt/ros/jazzy', 'ROS_WS': '/convince_ws', 'ROS_AUTOMATIC_DISCOVERY_RANGE': 'SUBNET', 'PWD': '/convince_ws/build/pyrobosim_ros', 'LC_ALL': 'C.UTF-8', 'PYTHONPATH': '/convince_ws/install/pyrobosim_msgs/lib/python3.12/site-packages:/opt/ros/jazzy/lib/python3.12/site-packages', 'COLCON': '1', 'CMAKE_PREFIX_PATH': '/convince_ws/install/pyrobosim_msgs:/opt/ros/jazzy'}), 'shell': False}
[0.560705] (pyrobosim_ros) StdoutLine: {'line': b'-- Install configuration: ""\n'}
[0.560986] (pyrobosim_ros) StdoutLine: {'line': b'-- Execute custom install script\n'}
[0.561121] (pyrobosim_ros) StdoutLine: {'line': b'-- Up-to-date symlink: /convince_ws/install/pyrobosim_ros/lib/pyrobosim_ros/demo.py\n'}
[0.561216] (pyrobosim_ros) StdoutLine: {'line': b'-- Up-to-date symlink: /convince_ws/install/pyrobosim_ros/lib/pyrobosim_ros/demo_commands.py\n'}
[0.561298] (pyrobosim_ros) StdoutLine: {'line': b'-- Up-to-date symlink: /convince_ws/install/pyrobosim_ros/lib/pyrobosim_ros/demo_pddl_world.py\n'}
[0.561388] (pyrobosim_ros) StdoutLine: {'line': b'-- Up-to-date symlink: /convince_ws/install/pyrobosim_ros/lib/pyrobosim_ros/demo_pddl_planner.py\n'}
[0.561476] (pyrobosim_ros) StdoutLine: {'line': b'-- Up-to-date symlink: /convince_ws/install/pyrobosim_ros/lib/pyrobosim_ros/demo_pddl_goal_publisher.py\n'}
[0.561546] (pyrobosim_ros) StdoutLine: {'line': b'-- Up-to-date symlink: /convince_ws/install/pyrobosim_ros/lib/pyrobosim_ros/demo_velocity_publisher.py\n'}
[0.561623] (pyrobosim_ros) StdoutLine: {'line': b'-- Up-to-date symlink: /convince_ws/install/pyrobosim_ros/share/pyrobosim_ros/environment/pythonpath.sh\n'}
[0.561689] (pyrobosim_ros) StdoutLine: {'line': b'-- Up-to-date symlink: /convince_ws/install/pyrobosim_ros/share/pyrobosim_ros/environment/pythonpath.dsv\n'}
[0.561777] (pyrobosim_ros) StdoutLine: {'line': b'-- Up-to-date symlink: /convince_ws/install/pyrobosim_ros/lib/python3.12/site-packages/pyrobosim_ros-4.3.3-py3.12.egg-info/PKG-INFO\n'}
[0.561863] (pyrobosim_ros) StdoutLine: {'line': b'-- Up-to-date symlink: /convince_ws/install/pyrobosim_ros/lib/python3.12/site-packages/pyrobosim_ros-4.3.3-py3.12.egg-info/SOURCES.txt\n'}
[0.561931] (pyrobosim_ros) StdoutLine: {'line': b'-- Up-to-date symlink: /convince_ws/install/pyrobosim_ros/lib/python3.12/site-packages/pyrobosim_ros-4.3.3-py3.12.egg-info/dependency_links.txt\n'}
[0.562007] (pyrobosim_ros) StdoutLine: {'line': b'-- Up-to-date symlink: /convince_ws/install/pyrobosim_ros/lib/python3.12/site-packages/pyrobosim_ros-4.3.3-py3.12.egg-info/top_level.txt\n'}
[0.562092] (pyrobosim_ros) StdoutLine: {'line': b'-- Up-to-date symlink: /convince_ws/install/pyrobosim_ros/lib/python3.12/site-packages/pyrobosim_ros/__init__.py\n'}
[0.562175] (pyrobosim_ros) StdoutLine: {'line': b'-- Up-to-date symlink: /convince_ws/install/pyrobosim_ros/lib/python3.12/site-packages/pyrobosim_ros/ros_conversions.py\n'}
[0.562250] (pyrobosim_ros) StdoutLine: {'line': b'-- Up-to-date symlink: /convince_ws/install/pyrobosim_ros/lib/python3.12/site-packages/pyrobosim_ros/ros_interface.py\n'}
[0.562327] (pyrobosim_ros) StdoutLine: {'line': b'-- Up-to-date symlink: /convince_ws/install/pyrobosim_ros/share/pyrobosim_ros/launch/demo.launch.py\n'}
[0.562412] (pyrobosim_ros) StdoutLine: {'line': b'-- Up-to-date symlink: /convince_ws/install/pyrobosim_ros/share/pyrobosim_ros/launch/demo_commands.launch.py\n'}
[0.562489] (pyrobosim_ros) StdoutLine: {'line': b'-- Up-to-date symlink: /convince_ws/install/pyrobosim_ros/share/pyrobosim_ros/launch/demo_commands_multirobot.launch.py\n'}
[0.562567] (pyrobosim_ros) StdoutLine: {'line': b'-- Up-to-date symlink: /convince_ws/install/pyrobosim_ros/share/pyrobosim_ros/launch/demo_pddl.launch.py\n'}
[0.562646] (pyrobosim_ros) StdoutLine: {'line': b'-- Up-to-date symlink: /convince_ws/install/pyrobosim_ros/share/ament_index/resource_index/package_run_dependencies/pyrobosim_ros\n'}
[0.562712] (pyrobosim_ros) StdoutLine: {'line': b'-- Up-to-date symlink: /convince_ws/install/pyrobosim_ros/share/ament_index/resource_index/parent_prefix_path/pyrobosim_ros\n'}
[0.562788] (pyrobosim_ros) StdoutLine: {'line': b'-- Up-to-date symlink: /convince_ws/install/pyrobosim_ros/share/pyrobosim_ros/environment/ament_prefix_path.sh\n'}
[0.562873] (pyrobosim_ros) StdoutLine: {'line': b'-- Up-to-date symlink: /convince_ws/install/pyrobosim_ros/share/pyrobosim_ros/environment/ament_prefix_path.dsv\n'}
[0.562957] (pyrobosim_ros) StdoutLine: {'line': b'-- Up-to-date symlink: /convince_ws/install/pyrobosim_ros/share/pyrobosim_ros/environment/path.sh\n'}
[0.563031] (pyrobosim_ros) StdoutLine: {'line': b'-- Up-to-date symlink: /convince_ws/install/pyrobosim_ros/share/pyrobosim_ros/environment/path.dsv\n'}
[0.563107] (pyrobosim_ros) StdoutLine: {'line': b'-- Up-to-date symlink: /convince_ws/install/pyrobosim_ros/share/pyrobosim_ros/local_setup.bash\n'}
[0.563181] (pyrobosim_ros) StdoutLine: {'line': b'-- Up-to-date symlink: /convince_ws/install/pyrobosim_ros/share/pyrobosim_ros/local_setup.sh\n'}
[0.563245] (pyrobosim_ros) StdoutLine: {'line': b'-- Up-to-date symlink: /convince_ws/install/pyrobosim_ros/share/pyrobosim_ros/local_setup.zsh\n'}
[0.563346] (pyrobosim_ros) StdoutLine: {'line': b'-- Up-to-date symlink: /convince_ws/install/pyrobosim_ros/share/pyrobosim_ros/local_setup.dsv\n'}
[0.563392] (pyrobosim_ros) StdoutLine: {'line': b'-- Symlinking: /convince_ws/install/pyrobosim_ros/share/pyrobosim_ros/package.dsv\n'}
[0.567852] (pyrobosim_ros) StdoutLine: {'line': b'-- Up-to-date symlink: /convince_ws/install/pyrobosim_ros/share/ament_index/resource_index/packages/pyrobosim_ros\n'}
[0.567973] (pyrobosim_ros) StdoutLine: {'line': b'-- Up-to-date symlink: /convince_ws/install/pyrobosim_ros/share/pyrobosim_ros/cmake/pyrobosim_rosConfig.cmake\n'}
[0.568052] (pyrobosim_ros) StdoutLine: {'line': b'-- Up-to-date symlink: /convince_ws/install/pyrobosim_ros/share/pyrobosim_ros/cmake/pyrobosim_rosConfig-version.cmake\n'}
[0.568117] (pyrobosim_ros) StdoutLine: {'line': b'-- Up-to-date symlink: /convince_ws/install/pyrobosim_ros/share/pyrobosim_ros/package.xml\n'}
[0.593807] (pyrobosim_ros) StdoutLine: {'line': b"Listing '/convince_ws/install/pyrobosim_ros/lib/python3.12/site-packages/pyrobosim_ros'...\n"}
[0.597937] (pyrobosim_ros) CommandEnded: {'returncode': 0}
[0.600586] (-) TimerEvent: {}
[0.606198] (pyrobosim) StdoutLine: {'line': b'running develop\n'}
[0.609285] (pyrobosim_ros) JobEnded: {'identifier': 'pyrobosim_ros', 'rc': 0}
[0.609629] (tutorial_sim) JobStarted: {'identifier': 'tutorial_sim'}
[0.672611] (pyrobosim) StdoutLine: {'line': b'running egg_info\n'}
[0.679060] (pyrobosim) StdoutLine: {'line': b'writing pyrobosim.egg-info/PKG-INFO\n'}
[0.679325] (pyrobosim) StdoutLine: {'line': b'writing dependency_links to pyrobosim.egg-info/dependency_links.txt\n'}
[0.679403] (pyrobosim) StdoutLine: {'line': b'writing requirements to pyrobosim.egg-info/requires.txt\n'}
[0.679566] (pyrobosim) StdoutLine: {'line': b'writing top-level names to pyrobosim.egg-info/top_level.txt\n'}
[0.693547] (pyrobosim) StdoutLine: {'line': b"reading manifest file 'pyrobosim.egg-info/SOURCES.txt'\n"}
[0.694615] (pyrobosim) StdoutLine: {'line': b"writing manifest file 'pyrobosim.egg-info/SOURCES.txt'\n"}
[0.700712] (-) TimerEvent: {}
[0.701677] (pyrobosim) StdoutLine: {'line': b'running build_ext\n'}
[0.701793] (pyrobosim) StdoutLine: {'line': b'Creating /convince_ws/install/pyrobosim/lib/python3.12/site-packages/pyrobosim.egg-link (link to .)\n'}
[0.701939] (pyrobosim) StdoutLine: {'line': b'\n'}
[0.702026] (pyrobosim) StdoutLine: {'line': b'Installed /convince_ws/build/pyrobosim\n'}
[0.718865] (pyrobosim) CommandEnded: {'returncode': 0}
[0.724308] (pyrobosim) JobEnded: {'identifier': 'pyrobosim', 'rc': 0}
[0.800909] (-) TimerEvent: {}
[0.901258] (-) TimerEvent: {}
[0.962116] (tutorial_sim) Command: {'cmd': ['/usr/bin/python3', '-W', 'ignore:setup.py install is deprecated', '-W', 'ignore:easy_install command is deprecated', 'setup.py', 'develop', '--editable', '--build-directory', '/convince_ws/build/tutorial_sim/build', '--no-deps', 'symlink_data'], 'cwd': '/convince_ws/build/tutorial_sim', 'env': {'PYTHONWARNINGS': 'ignore:setup.py install is deprecated,ignore:easy_install command is deprecated', 'HOSTNAME': '2581be2b12e1', 'SHLVL': '1', 'LD_LIBRARY_PATH': '/convince_ws/install/pyrobosim_msgs/lib:/convince_ws/install/overarching_msgs/lib:/opt/ros/jazzy/opt/zmqpp_vendor/lib:/opt/ros/jazzy/lib/x86_64-linux-gnu:/opt/ros/jazzy/lib', 'HOME': '/root', 'OLDPWD': '/convince_ws', 'ROS_PYTHON_VERSION': '3', 'ROS_DISTRO': 'jazzy', '_': '/usr/bin/colcon', 'ROS_VERSION': '2', 'TERM': 'xterm', 'QT_X11_NO_MITSHM': '1', 'PATH': '/opt/ros/jazzy/bin:/usr/local/sbin:/usr/local/bin:/usr/sbin:/usr/bin:/sbin:/bin', 'DISPLAY': ':1', 'LANG': 'C.UTF-8', 'AMENT_PREFIX_PATH': '/convince_ws/install/pyrobosim_ros:/convince_ws/install/pyrobosim_msgs:/convince_ws/install/overarching_msgs:/opt/ros/jazzy', 'ROS_WS': '/convince_ws', 'ROS_AUTOMATIC_DISCOVERY_RANGE': 'SUBNET', 'PWD': '/convince_ws/build/tutorial_sim', 'LC_ALL': 'C.UTF-8', 'PYTHONPATH': '/convince_ws/build/tutorial_sim/prefix_override:/usr/lib/python3/dist-packages/colcon_core/task/python/colcon_distutils_commands:/convince_ws/install/tutorial_sim/lib/python3.12/site-packages:/convince_ws/install/pyrobosim_ros/lib/python3.12/site-packages:/convince_ws/install/pyrobosim_msgs/lib/python3.12/site-packages:/convince_ws/install/overarching_msgs/lib/python3.12/site-packages:/opt/ros/jazzy/lib/python3.12/site-packages', 'COLCON': '1', 'CMAKE_PREFIX_PATH': '/convince_ws/install/pyrobosim_ros:/convince_ws/install/pyrobosim_msgs:/convince_ws/install/overarching_msgs'}, 'shell': False}
[1.001479] (-) TimerEvent: {}
[1.096785] (tutorial_sim) StdoutLine: {'line': b'running develop\n'}
[1.101689] (-) TimerEvent: {}
[1.159345] (tutorial_sim) StdoutLine: {'line': b'running egg_info\n'}
[1.165426] (tutorial_sim) StdoutLine: {'line': b'writing tutorial_sim.egg-info/PKG-INFO\n'}
[1.165578] (tutorial_sim) StdoutLine: {'line': b'writing dependency_links to tutorial_sim.egg-info/dependency_links.txt\n'}
[1.165654] (tutorial_sim) StdoutLine: {'line': b'writing entry points to tutorial_sim.egg-info/entry_points.txt\n'}
[1.165723] (tutorial_sim) StdoutLine: {'line': b'writing requirements to tutorial_sim.egg-info/requires.txt\n'}
[1.165790] (tutorial_sim) StdoutLine: {'line': b'writing top-level names to tutorial_sim.egg-info/top_level.txt\n'}
[1.179105] (tutorial_sim) StdoutLine: {'line': b"reading manifest file 'tutorial_sim.egg-info/SOURCES.txt'\n"}
[1.179536] (tutorial_sim) StdoutLine: {'line': b"writing manifest file 'tutorial_sim.egg-info/SOURCES.txt'\n"}
[1.186766] (tutorial_sim) StdoutLine: {'line': b'running build_ext\n'}
[1.186916] (tutorial_sim) StdoutLine: {'line': b'Creating /convince_ws/install/tutorial_sim/lib/python3.12/site-packages/tutorial-sim.egg-link (link to .)\n'}
[1.187128] (tutorial_sim) StdoutLine: {'line': b'Installing run script to /convince_ws/install/tutorial_sim/lib/tutorial_sim\n'}
[1.187452] (tutorial_sim) StdoutLine: {'line': b'Installing translate_component script to /convince_ws/install/tutorial_sim/lib/tutorial_sim\n'}
[1.187667] (tutorial_sim) StdoutLine: {'line': b'\n'}
[1.187733] (tutorial_sim) StdoutLine: {'line': b'Installed /convince_ws/build/tutorial_sim\n'}
[1.187766] (tutorial_sim) StdoutLine: {'line': b'running symlink_data\n'}
[1.201876] (-) TimerEvent: {}
[1.203550] (tutorial_sim) CommandEnded: {'returncode': 0}
[1.207306] (tutorial_sim) JobEnded: {'identifier': 'tutorial_sim', 'rc': 0}
[1.302019] (-) TimerEvent: {}
[1.402266] (-) TimerEvent: {}
[1.502569] (-) TimerEvent: {}
[1.602827] (-) TimerEvent: {}
[1.703023] (-) TimerEvent: {}
[1.803204] (-) TimerEvent: {}
[1.903589] (-) TimerEvent: {}
[2.003894] (-) TimerEvent: {}
[2.104194] (-) TimerEvent: {}
[2.204406] (-) TimerEvent: {}
[2.304718] (-) TimerEvent: {}
[2.404948] (-) TimerEvent: {}
[2.505258] (-) TimerEvent: {}
[2.605451] (-) TimerEvent: {}
[2.705650] (-) TimerEvent: {}
[2.805963] (-) TimerEvent: {}
[2.906253] (-) TimerEvent: {}
[3.006443] (-) TimerEvent: {}
[3.106639] (-) TimerEvent: {}
[3.206831] (-) TimerEvent: {}
[3.307051] (-) TimerEvent: {}
[3.407291] (-) TimerEvent: {}
[3.507493] (-) TimerEvent: {}
[3.607797] (-) TimerEvent: {}
[3.708104] (-) TimerEvent: {}
[3.808432] (-) TimerEvent: {}
[3.908737] (-) TimerEvent: {}
[4.009054] (-) TimerEvent: {}
[4.109291] (-) TimerEvent: {}
[4.209593] (-) TimerEvent: {}
[4.309889] (-) TimerEvent: {}
[4.410201] (-) TimerEvent: {}
[4.510522] (-) TimerEvent: {}
[4.610817] (-) TimerEvent: {}
[4.711111] (-) TimerEvent: {}
[4.811304] (-) TimerEvent: {}
[4.911604] (-) TimerEvent: {}
[5.011895] (-) TimerEvent: {}
[5.112216] (-) TimerEvent: {}
[5.212505] (-) TimerEvent: {}
[5.312790] (-) TimerEvent: {}
[5.413081] (-) TimerEvent: {}
[5.513269] (-) TimerEvent: {}
[5.613550] (-) TimerEvent: {}
[5.713842] (-) TimerEvent: {}
[5.814129] (-) TimerEvent: {}
[5.914408] (-) TimerEvent: {}
[6.014690] (-) TimerEvent: {}
[6.114909] (-) TimerEvent: {}
[6.215205] (-) TimerEvent: {}
[6.315502] (-) TimerEvent: {}
[6.415725] (-) TimerEvent: {}
[6.516022] (-) TimerEvent: {}
[6.616307] (-) TimerEvent: {}
[6.716620] (-) TimerEvent: {}
[6.760433] (bt_executor) StdoutLine: {'line': b'[100%] \x1b[32m\x1b[1mLinking CXX executable btcpp_executor\x1b[0m\n'}
[6.816829] (-) TimerEvent: {}
[6.917140] (-) TimerEvent: {}
[7.017340] (-) TimerEvent: {}
[7.022871] (bt_executor) StdoutLine: {'line': b'[100%] Built target btcpp_executor\n'}
[7.034113] (bt_executor) CommandEnded: {'returncode': 0}
[7.034541] (bt_executor) JobProgress: {'identifier': 'bt_executor', 'progress': 'install'}
[7.034684] (bt_executor) Command: {'cmd': ['/usr/bin/cmake', '--install', '/convince_ws/build/bt_executor'], 'cwd': '/convince_ws/build/bt_executor', 'env': OrderedDict({'PYTHONWARNINGS': 'ignore:setup.py install is deprecated,ignore:easy_install command is deprecated', 'HOSTNAME': '2581be2b12e1', 'SHLVL': '1', 'LD_LIBRARY_PATH': '/convince_ws/install/bt_nodes/lib:/convince_ws/install/behaviortree_ros2/lib:/convince_ws/install/pyrobosim_msgs/lib:/convince_ws/install/overarching_msgs/lib:/convince_ws/install/btcpp_ros2_interfaces/lib:/convince_ws/install/bt_interfaces_dummy/lib:/opt/ros/jazzy/opt/zmqpp_vendor/lib:/opt/ros/jazzy/lib/x86_64-linux-gnu:/opt/ros/jazzy/lib', 'HOME': '/root', 'OLDPWD': '/convince_ws', 'ROS_PYTHON_VERSION': '3', 'ROS_DISTRO': 'jazzy', '_': '/usr/bin/colcon', 'ROS_VERSION': '2', 'TERM': 'xterm', 'QT_X11_NO_MITSHM': '1', 'PATH': '/opt/ros/jazzy/bin:/usr/local/sbin:/usr/local/bin:/usr/sbin:/usr/bin:/sbin:/bin', 'DISPLAY': ':1', 'LANG': 'C.UTF-8', 'AMENT_PREFIX_PATH': '/convince_ws/install/bt_nodes:/convince_ws/install/behaviortree_ros2:/convince_ws/install/pyrobosim_msgs:/convince_ws/install/overarching_msgs:/convince_ws/install/btcpp_ros2_interfaces:/convince_ws/install/bt_interfaces_dummy:/opt/ros/jazzy', 'ROS_WS': '/convince_ws', 'ROS_AUTOMATIC_DISCOVERY_RANGE': 'SUBNET', 'PWD': '/convince_ws/build/bt_executor', 'LC_ALL': 'C.UTF-8', 'PYTHONPATH': '/convince_ws/install/pyrobosim_msgs/lib/python3.12/site-packages:/convince_ws/install/overarching_msgs/lib/python3.12/site-packages:/convince_ws/install/btcpp_ros2_interfaces/lib/python3.12/site-packages:/convince_ws/install/bt_interfaces_dummy/lib/python3.12/site-packages:/opt/ros/jazzy/lib/python3.12/site-packages', 'COLCON': '1', 'CMAKE_PREFIX_PATH': '/convince_ws/install/bt_nodes:/convince_ws/install/behaviortree_ros2:/convince_ws/install/pyrobosim_msgs:/convince_ws/install/overarching_msgs:/convince_ws/install/btcpp_ros2_interfaces:/convince_ws/install/bt_interfaces_dummy:/opt/ros/jazzy'}), 'shell': False}
[7.039030] (bt_executor) StdoutLine: {'line': b'-- Install configuration: ""\n'}
[7.039108] (bt_executor) StdoutLine: {'line': b'-- Execute custom install script\n'}
[7.039389] (bt_executor) StdoutLine: {'line': b'-- Up-to-date symlink: /convince_ws/install/bt_executor/share/bt_executor/trees/navigation_demo.xml\n'}
[7.039428] (bt_executor) StdoutLine: {'line': b'-- Up-to-date symlink: /convince_ws/install/bt_executor/share/bt_executor/trees/pyrobosim_btcpp_model.xml\n'}
[7.039487] (bt_executor) StdoutLine: {'line': b'-- Up-to-date symlink: /convince_ws/install/bt_executor/share/bt_executor/trees/roscon2024.btproj\n'}
[7.039518] (bt_executor) StdoutLine: {'line': b'-- Up-to-date symlink: /convince_ws/install/bt_executor/share/bt_executor/trees/solution/problem1.xml\n'}
[7.039560] (bt_executor) StdoutLine: {'line': b'-- Up-to-date symlink: /convince_ws/install/bt_executor/share/bt_executor/trees/solution/problem2.xml\n'}
[7.039605] (bt_executor) StdoutLine: {'line': b'-- Up-to-date symlink: /convince_ws/install/bt_executor/share/bt_executor/trees/solution/problem3.xml\n'}
[7.039632] (bt_executor) StdoutLine: {'line': b'-- Up-to-date symlink: /convince_ws/install/bt_executor/share/bt_executor/trees/solution/problem4.xml\n'}
[7.039686] (bt_executor) StdoutLine: {'line': b'-- Up-to-date symlink: /convince_ws/install/bt_executor/lib/bt_executor/btcpp_executor\n'}
[7.039876] (bt_executor) StdoutLine: {'line': b'-- Up-to-date symlink: /convince_ws/install/bt_executor/include//pyrobosim_btcpp/nodes/battery_nodes.hpp\n'}
[7.039918] (bt_executor) StdoutLine: {'line': b'-- Up-to-date symlink: /convince_ws/install/bt_executor/include//pyrobosim_btcpp/nodes/close_node.hpp\n'}
[7.039959] (bt_executor) StdoutLine: {'line': b'-- Up-to-date symlink: /convince_ws/install/bt_executor/include//pyrobosim_btcpp/nodes/detect_object_node.hpp\n'}
[7.039998] (bt_executor) StdoutLine: {'line': b'-- Up-to-date symlink: /convince_ws/install/bt_executor/include//pyrobosim_btcpp/nodes/execute_task_node.hpp\n'}
[7.040035] (bt_executor) StdoutLine: {'line': b'-- Up-to-date symlink: /convince_ws/install/bt_executor/include//pyrobosim_btcpp/nodes/get_current_location_node.hpp\n'}
[7.040073] (bt_executor) StdoutLine: {'line': b'-- Up-to-date symlink: /convince_ws/install/bt_executor/include//pyrobosim_btcpp/nodes/get_next_location_node.hpp\n'}
[7.040111] (bt_executor) StdoutLine: {'line': b'-- Up-to-date symlink: /convince_ws/install/bt_executor/include//pyrobosim_btcpp/nodes/navigate_node.hpp\n'}
[7.040153] (bt_executor) StdoutLine: {'line': b'-- Up-to-date symlink: /convince_ws/install/bt_executor/include//pyrobosim_btcpp/nodes/open_node.hpp\n'}
[7.040190] (bt_executor) StdoutLine: {'line': b'-- Up-to-date symlink: /convince_ws/install/bt_executor/include//pyrobosim_btcpp/nodes/pick_object_node.hpp\n'}
[7.040227] (bt_executor) StdoutLine: {'line': b'-- Up-to-date symlink: /convince_ws/install/bt_executor/include//pyrobosim_btcpp/nodes/place_object_node.hpp\n'}
[7.040302] (bt_executor) StdoutLine: {'line': b'-- Up-to-date symlink: /convince_ws/install/bt_executor/share/ament_index/resource_index/package_run_dependencies/bt_executor\n'}
[7.040369] (bt_executor) StdoutLine: {'line': b'-- Up-to-date symlink: /convince_ws/install/bt_executor/share/ament_index/resource_index/parent_prefix_path/bt_executor\n'}
[7.040444] (bt_executor) StdoutLine: {'line': b'-- Up-to-date symlink: /convince_ws/install/bt_executor/share/bt_executor/environment/ament_prefix_path.sh\n'}
[7.040492] (bt_executor) StdoutLine: {'line': b'-- Up-to-date symlink: /convince_ws/install/bt_executor/share/bt_executor/environment/ament_prefix_path.dsv\n'}
[7.040552] (bt_executor) StdoutLine: {'line': b'-- Up-to-date symlink: /convince_ws/install/bt_executor/share/bt_executor/environment/path.sh\n'}
[7.040605] (bt_executor) StdoutLine: {'line': b'-- Up-to-date symlink: /convince_ws/install/bt_executor/share/bt_executor/environment/path.dsv\n'}
[7.040658] (bt_executor) StdoutLine: {'line': b'-- Up-to-date symlink: /convince_ws/install/bt_executor/share/bt_executor/local_setup.bash\n'}
[7.040710] (bt_executor) StdoutLine: {'line': b'-- Up-to-date symlink: /convince_ws/install/bt_executor/share/bt_executor/local_setup.sh\n'}
[7.040769] (bt_executor) StdoutLine: {'line': b'-- Up-to-date symlink: /convince_ws/install/bt_executor/share/bt_executor/local_setup.zsh\n'}
[7.040810] (bt_executor) StdoutLine: {'line': b'-- Up-to-date symlink: /convince_ws/install/bt_executor/share/bt_executor/local_setup.dsv\n'}
[7.040851] (bt_executor) StdoutLine: {'line': b'-- Symlinking: /convince_ws/install/bt_executor/share/bt_executor/package.dsv\n'}
[7.047751] (bt_executor) StdoutLine: {'line': b'-- Up-to-date symlink: /convince_ws/install/bt_executor/share/ament_index/resource_index/packages/bt_executor\n'}
[7.047826] (bt_executor) StdoutLine: {'line': b'-- Up-to-date symlink: /convince_ws/install/bt_executor/share/bt_executor/cmake/ament_cmake_export_dependencies-extras.cmake\n'}
[7.047873] (bt_executor) StdoutLine: {'line': b'-- Up-to-date symlink: /convince_ws/install/bt_executor/share/bt_executor/cmake/ament_cmake_export_include_directories-extras.cmake\n'}
[7.047918] (bt_executor) StdoutLine: {'line': b'-- Up-to-date symlink: /convince_ws/install/bt_executor/share/bt_executor/cmake/bt_executorConfig.cmake\n'}
[7.047954] (bt_executor) StdoutLine: {'line': b'-- Up-to-date symlink: /convince_ws/install/bt_executor/share/bt_executor/cmake/bt_executorConfig-version.cmake\n'}
[7.047982] (bt_executor) StdoutLine: {'line': b'-- Up-to-date symlink: /convince_ws/install/bt_executor/share/bt_executor/package.xml\n'}
[7.049004] (bt_executor) CommandEnded: {'returncode': 0}
[7.057896] (bt_executor) JobEnded: {'identifier': 'bt_executor', 'rc': 0}
[7.058376] (tutorial_run) JobStarted: {'identifier': 'tutorial_run'}
[7.117414] (-) TimerEvent: {}
[7.217684] (-) TimerEvent: {}
[7.317950] (-) TimerEvent: {}
[7.404958] (tutorial_run) Command: {'cmd': ['/usr/bin/python3', '-W', 'ignore:setup.py install is deprecated', '-W', 'ignore:easy_install command is deprecated', 'setup.py', 'develop', '--editable', '--build-directory', '/convince_ws/build/tutorial_run/build', '--no-deps', 'symlink_data'], 'cwd': '/convince_ws/build/tutorial_run', 'env': {'PYTHONWARNINGS': 'ignore:setup.py install is deprecated,ignore:easy_install command is deprecated', 'HOSTNAME': '2581be2b12e1', 'SHLVL': '1', 'LD_LIBRARY_PATH': '/convince_ws/install/bt_nodes/lib:/convince_ws/install/behaviortree_ros2/lib:/convince_ws/install/pyrobosim_msgs/lib:/convince_ws/install/overarching_msgs/lib:/convince_ws/install/btcpp_ros2_interfaces/lib:/convince_ws/install/bt_interfaces_dummy/lib:/opt/ros/jazzy/opt/zmqpp_vendor/lib:/opt/ros/jazzy/lib/x86_64-linux-gnu:/opt/ros/jazzy/lib', 'HOME': '/root', 'OLDPWD': '/convince_ws', 'ROS_PYTHON_VERSION': '3', 'ROS_DISTRO': 'jazzy', '_': '/usr/bin/colcon', 'ROS_VERSION': '2', 'TERM': 'xterm', 'QT_X11_NO_MITSHM': '1', 'PATH': '/opt/ros/jazzy/bin:/usr/local/sbin:/usr/local/bin:/usr/sbin:/usr/bin:/sbin:/bin', 'DISPLAY': ':1', 'LANG': 'C.UTF-8', 'AMENT_PREFIX_PATH': '/convince_ws/install/tutorial_sim:/convince_ws/install/bt_executor:/convince_ws/install/pyrobosim_ros:/convince_ws/install/place_object_skill:/convince_ws/install/bt_nodes:/convince_ws/install/behaviortree_ros2:/convince_ws/install/pyrobosim_msgs:/convince_ws/install/overarching_msgs:/convince_ws/install/btcpp_ros2_interfaces:/convince_ws/install/bt_interfaces_dummy:/opt/ros/jazzy', 'ROS_WS': '/convince_ws', 'ROS_AUTOMATIC_DISCOVERY_RANGE': 'SUBNET', 'PWD': '/convince_ws/build/tutorial_run', 'LC_ALL': 'C.UTF-8', 'PYTHONPATH': '/convince_ws/build/tutorial_run/prefix_override:/usr/lib/python3/dist-packages/colcon_core/task/python/colcon_distutils_commands:/convince_ws/install/tutorial_run/lib/python3.12/site-packages:/convince_ws/build/tutorial_sim:/convince_ws/install/tutorial_sim/lib/python3.12/site-packages:/convince_ws/install/pyrobosim_ros/lib/python3.12/site-packages:/convince_ws/install/pyrobosim_msgs/lib/python3.12/site-packages:/convince_ws/install/overarching_msgs/lib/python3.12/site-packages:/convince_ws/install/btcpp_ros2_interfaces/lib/python3.12/site-packages:/convince_ws/install/bt_interfaces_dummy/lib/python3.12/site-packages:/opt/ros/jazzy/lib/python3.12/site-packages', 'COLCON': '1', 'CMAKE_PREFIX_PATH': '/convince_ws/install/bt_executor:/convince_ws/install/pyrobosim_ros:/convince_ws/install/place_object_skill:/convince_ws/install/bt_nodes:/convince_ws/install/behaviortree_ros2:/convince_ws/install/pyrobosim_msgs:/convince_ws/install/overarching_msgs:/convince_ws/install/btcpp_ros2_interfaces:/convince_ws/install/bt_interfaces_dummy'}, 'shell': False}
[7.418122] (-) TimerEvent: {}
[7.518382] (-) TimerEvent: {}
[7.530588] (tutorial_run) StdoutLine: {'line': b'running develop\n'}
[7.591366] (tutorial_run) StdoutLine: {'line': b'running egg_info\n'}
[7.596983] (tutorial_run) StdoutLine: {'line': b'writing tutorial_run.egg-info/PKG-INFO\n'}
[7.597050] (tutorial_run) StdoutLine: {'line': b'writing dependency_links to tutorial_run.egg-info/dependency_links.txt\n'}
[7.597083] (tutorial_run) StdoutLine: {'line': b'writing requirements to tutorial_run.egg-info/requires.txt\n'}
[7.597225] (tutorial_run) StdoutLine: {'line': b'writing top-level names to tutorial_run.egg-info/top_level.txt\n'}
[7.608941] (tutorial_run) StdoutLine: {'line': b"reading manifest file 'tutorial_run.egg-info/SOURCES.txt'\n"}
[7.609299] (tutorial_run) StdoutLine: {'line': b"writing manifest file 'tutorial_run.egg-info/SOURCES.txt'\n"}
[7.615826] (tutorial_run) StdoutLine: {'line': b'running build_ext\n'}
[7.615907] (tutorial_run) StdoutLine: {'line': b'Creating /convince_ws/install/tutorial_run/lib/python3.12/site-packages/tutorial-run.egg-link (link to .)\n'}
[7.615939] (tutorial_run) StdoutLine: {'line': b'\n'}
[7.615968] (tutorial_run) StdoutLine: {'line': b'Installed /convince_ws/build/tutorial_run\n'}
[7.615996] (tutorial_run) StdoutLine: {'line': b'running symlink_data\n'}
[7.618445] (-) TimerEvent: {}
[7.630311] (tutorial_run) CommandEnded: {'returncode': 0}
[7.633675] (tutorial_run) JobEnded: {'identifier': 'tutorial_run', 'rc': 0}
[7.633988] (-) EventReactorShutdown: {}
