Not searching for unused variables given on the command line.
-- The C compiler identification is GNU 13.3.0
-- The CXX compiler identification is GNU 13.3.0
-- Detecting C compiler ABI info
-- Detecting C compiler ABI info - done
-- Check for working C compiler: /usr/bin/cc - skipped
-- Detecting C compile features
-- Detecting C compile features - done
-- Detecting CXX compiler ABI info
-- Detecting CXX compiler ABI info - done
-- Check for working CXX compiler: /usr/bin/c++ - skipped
-- Detecting CXX compile features
-- Detecting CXX compile features - done
-- Found ament_cmake: 2.5.5 (/opt/ros/jazzy/share/ament_cmake/cmake)
-- Found Python3: /usr/bin/python3 (found version "3.12.3") found components: Interpreter 
-- Override CMake install command with custom implementation using symlinks instead of copying resources
-- Found rclcpp: 28.1.16 (/opt/ros/jazzy/share/rclcpp/cmake)
-- Found rosidl_generator_c: 4.6.7 (/opt/ros/jazzy/share/rosidl_generator_c/cmake)
-- Found rosidl_generator_cpp: 4.6.7 (/opt/ros/jazzy/share/rosidl_generator_cpp/cmake)
-- Using all available rosidl_typesupport_c: rosidl_typesupport_fastrtps_c;rosidl_typesupport_introspection_c
-- Using all available rosidl_typesupport_cpp: rosidl_typesupport_fastrtps_cpp;rosidl_typesupport_introspection_cpp
-- Found rmw_implementation_cmake: 7.3.3 (/opt/ros/jazzy/share/rmw_implementation_cmake/cmake)
-- Found rmw_fastrtps_cpp: 8.4.3 (/opt/ros/jazzy/share/rmw_fastrtps_cpp/cmake)
-- Found OpenSSL: /usr/lib/x86_64-linux-gnu/libcrypto.so (found version "3.0.13")  
-- Found FastRTPS: /opt/ros/jazzy/include (Required is at least version "2.13") 
-- Using RMW implementation 'rmw_fastrtps_cpp' as default
-- Found rclpy: 7.1.9 (/opt/ros/jazzy/share/rclpy/cmake)
-- Found rosidl_default_generators: 1.6.0 (/opt/ros/jazzy/share/rosidl_default_generators/cmake)
-- Found rosidl_adapter: 4.6.7 (/opt/ros/jazzy/share/rosidl_adapter/cmake)
-- Found geometry_msgs: 5.3.6 (/opt/ros/jazzy/share/geometry_msgs/cmake)
-- Found ament_cmake_ros: 0.12.0 (/opt/ros/jazzy/share/ament_cmake_ros/cmake)
-- Using all available rosidl_typesupport_c: rosidl_typesupport_fastrtps_c;rosidl_typesupport_introspection_c
-- Using all available rosidl_typesupport_cpp: rosidl_typesupport_fastrtps_cpp;rosidl_typesupport_introspection_cpp
-- Found python_cmake_module: 0.11.1 (/opt/ros/jazzy/share/python_cmake_module/cmake)
-- Found PythonExtra: /usr/bin/python3  
-- Found Python3: /usr/bin/python3 (found version "3.12.3") found components: Interpreter Development NumPy Development.Module Development.Embed 
-- Configuring done (3.3s)
-- Generating done (0.1s)
-- Build files have been written to: /convince_ws/build/pyrobosim_msgs
[  0%] [34m[1mGenerating type hashes for ROS interfaces[0m
[  0%] Built target ament_cmake_python_symlink_pyrobosim_msgs
running egg_info
creating pyrobosim_msgs.egg-info
writing pyrobosim_msgs.egg-info/PKG-INFO
writing dependency_links to pyrobosim_msgs.egg-info/dependency_links.txt
writing top-level names to pyrobosim_msgs.egg-info/top_level.txt
writing manifest file 'pyrobosim_msgs.egg-info/SOURCES.txt'
reading manifest file 'pyrobosim_msgs.egg-info/SOURCES.txt'
writing manifest file 'pyrobosim_msgs.egg-info/SOURCES.txt'
[  0%] Built target ament_cmake_python_build_pyrobosim_msgs_egg
[  0%] Built target pyrobosim_msgs__rosidl_generator_type_description
[  1%] [34m[1mGenerating C code for ROS interfaces[0m
[  1%] [34m[1mGenerating C++ code for ROS interfaces[0m
[  1%] Built target pyrobosim_msgs__cpp
[  3%] [32mBuilding C object CMakeFiles/pyrobosim_msgs__rosidl_generator_c.dir/rosidl_generator_c/pyrobosim_msgs/msg/detail/goal_specification__description.c.o[0m
[  3%] [32mBuilding C object CMakeFiles/pyrobosim_msgs__rosidl_generator_c.dir/rosidl_generator_c/pyrobosim_msgs/msg/detail/goal_predicate__functions.c.o[0m
[  3%] [32mBuilding C object CMakeFiles/pyrobosim_msgs__rosidl_generator_c.dir/rosidl_generator_c/pyrobosim_msgs/msg/detail/execution_result__description.c.o[0m
[  4%] [32mBuilding C object CMakeFiles/pyrobosim_msgs__rosidl_generator_c.dir/rosidl_generator_c/pyrobosim_msgs/msg/detail/execution_result__functions.c.o[0m
[  5%] [32mBuilding C object CMakeFiles/pyrobosim_msgs__rosidl_generator_c.dir/rosidl_generator_c/pyrobosim_msgs/msg/detail/goal_specification__type_support.c.o[0m
[  5%] [32mBuilding C object CMakeFiles/pyrobosim_msgs__rosidl_generator_c.dir/rosidl_generator_c/pyrobosim_msgs/msg/detail/goal_predicate__description.c.o[0m
[  6%] [32mBuilding C object CMakeFiles/pyrobosim_msgs__rosidl_generator_c.dir/rosidl_generator_c/pyrobosim_msgs/msg/detail/hallway_state__description.c.o[0m
[  6%] [32mBuilding C object CMakeFiles/pyrobosim_msgs__rosidl_generator_c.dir/rosidl_generator_c/pyrobosim_msgs/msg/detail/hallway_state__type_support.c.o[0m
[  7%] [32mBuilding C object CMakeFiles/pyrobosim_msgs__rosidl_generator_c.dir/rosidl_generator_c/pyrobosim_msgs/msg/detail/location_state__functions.c.o[0m
[  8%] [32mBuilding C object CMakeFiles/pyrobosim_msgs__rosidl_generator_c.dir/rosidl_generator_c/pyrobosim_msgs/msg/detail/object_state__description.c.o[0m
[  8%] [32mBuilding C object CMakeFiles/pyrobosim_msgs__rosidl_generator_c.dir/rosidl_generator_c/pyrobosim_msgs/msg/detail/goal_predicate__type_support.c.o[0m
[  8%] [32mBuilding C object CMakeFiles/pyrobosim_msgs__rosidl_generator_c.dir/rosidl_generator_c/pyrobosim_msgs/msg/detail/hallway_state__functions.c.o[0m
[  8%] [32mBuilding C object CMakeFiles/pyrobosim_msgs__rosidl_generator_c.dir/rosidl_generator_c/pyrobosim_msgs/msg/detail/goal_specification__functions.c.o[0m
[  8%] [32mBuilding C object CMakeFiles/pyrobosim_msgs__rosidl_generator_c.dir/rosidl_generator_c/pyrobosim_msgs/msg/detail/object_state__functions.c.o[0m
[  8%] [32mBuilding C object CMakeFiles/pyrobosim_msgs__rosidl_generator_c.dir/rosidl_generator_c/pyrobosim_msgs/msg/detail/location_state__description.c.o[0m
[  8%] [32mBuilding C object CMakeFiles/pyrobosim_msgs__rosidl_generator_c.dir/rosidl_generator_c/pyrobosim_msgs/msg/detail/object_state__type_support.c.o[0m
[  8%] [32mBuilding C object CMakeFiles/pyrobosim_msgs__rosidl_generator_c.dir/rosidl_generator_c/pyrobosim_msgs/msg/detail/location_state__type_support.c.o[0m
[  8%] [32mBuilding C object CMakeFiles/pyrobosim_msgs__rosidl_generator_c.dir/rosidl_generator_c/pyrobosim_msgs/msg/detail/execution_result__type_support.c.o[0m
[  9%] [32mBuilding C object CMakeFiles/pyrobosim_msgs__rosidl_generator_c.dir/rosidl_generator_c/pyrobosim_msgs/msg/detail/path__description.c.o[0m
[  9%] [32mBuilding C object CMakeFiles/pyrobosim_msgs__rosidl_generator_c.dir/rosidl_generator_c/pyrobosim_msgs/msg/detail/path__functions.c.o[0m
[ 10%] [32mBuilding C object CMakeFiles/pyrobosim_msgs__rosidl_generator_c.dir/rosidl_generator_c/pyrobosim_msgs/msg/detail/path__type_support.c.o[0m
[ 10%] [32mBuilding C object CMakeFiles/pyrobosim_msgs__rosidl_generator_c.dir/rosidl_generator_c/pyrobosim_msgs/msg/detail/robot_state__description.c.o[0m
[ 10%] [32mBuilding C object CMakeFiles/pyrobosim_msgs__rosidl_generator_c.dir/rosidl_generator_c/pyrobosim_msgs/msg/detail/robot_state__type_support.c.o[0m
[ 11%] [32mBuilding C object CMakeFiles/pyrobosim_msgs__rosidl_generator_c.dir/rosidl_generator_c/pyrobosim_msgs/msg/detail/robot_state__functions.c.o[0m
[ 11%] [32mBuilding C object CMakeFiles/pyrobosim_msgs__rosidl_generator_c.dir/rosidl_generator_c/pyrobosim_msgs/msg/detail/task_action__description.c.o[0m
[ 12%] [32mBuilding C object CMakeFiles/pyrobosim_msgs__rosidl_generator_c.dir/rosidl_generator_c/pyrobosim_msgs/msg/detail/task_action__functions.c.o[0m
[ 12%] [32mBuilding C object CMakeFiles/pyrobosim_msgs__rosidl_generator_c.dir/rosidl_generator_c/pyrobosim_msgs/msg/detail/task_action__type_support.c.o[0m
[ 12%] [32mBuilding C object CMakeFiles/pyrobosim_msgs__rosidl_generator_c.dir/rosidl_generator_c/pyrobosim_msgs/msg/detail/task_plan__functions.c.o[0m
[ 13%] [32mBuilding C object CMakeFiles/pyrobosim_msgs__rosidl_generator_c.dir/rosidl_generator_c/pyrobosim_msgs/msg/detail/task_plan__description.c.o[0m
[ 13%] [32mBuilding C object CMakeFiles/pyrobosim_msgs__rosidl_generator_c.dir/rosidl_generator_c/pyrobosim_msgs/msg/detail/world_info__description.c.o[0m
[ 14%] [32mBuilding C object CMakeFiles/pyrobosim_msgs__rosidl_generator_c.dir/rosidl_generator_c/pyrobosim_msgs/msg/detail/task_plan__type_support.c.o[0m
[ 14%] [32mBuilding C object CMakeFiles/pyrobosim_msgs__rosidl_generator_c.dir/rosidl_generator_c/pyrobosim_msgs/msg/detail/world_info__functions.c.o[0m
[ 14%] [32mBuilding C object CMakeFiles/pyrobosim_msgs__rosidl_generator_c.dir/rosidl_generator_c/pyrobosim_msgs/msg/detail/world_state__description.c.o[0m
[ 15%] [32mBuilding C object CMakeFiles/pyrobosim_msgs__rosidl_generator_c.dir/rosidl_generator_c/pyrobosim_msgs/msg/detail/world_info__type_support.c.o[0m
[ 16%] [32mBuilding C object CMakeFiles/pyrobosim_msgs__rosidl_generator_c.dir/rosidl_generator_c/pyrobosim_msgs/msg/detail/world_state__functions.c.o[0m
[ 17%] [32mBuilding C object CMakeFiles/pyrobosim_msgs__rosidl_generator_c.dir/rosidl_generator_c/pyrobosim_msgs/srv/detail/request_world_info__description.c.o[0m
[ 16%] [32mBuilding C object CMakeFiles/pyrobosim_msgs__rosidl_generator_c.dir/rosidl_generator_c/pyrobosim_msgs/srv/detail/request_world_info__type_support.c.o[0m
[ 18%] [32mBuilding C object CMakeFiles/pyrobosim_msgs__rosidl_generator_c.dir/rosidl_generator_c/pyrobosim_msgs/srv/detail/request_world_state__description.c.o[0m
[ 18%] [32mBuilding C object CMakeFiles/pyrobosim_msgs__rosidl_generator_c.dir/rosidl_generator_c/pyrobosim_msgs/msg/detail/world_state__type_support.c.o[0m
[ 19%] [32mBuilding C object CMakeFiles/pyrobosim_msgs__rosidl_generator_c.dir/rosidl_generator_c/pyrobosim_msgs/srv/detail/request_world_state__type_support.c.o[0m
[ 19%] [32mBuilding C object CMakeFiles/pyrobosim_msgs__rosidl_generator_c.dir/rosidl_generator_c/pyrobosim_msgs/srv/detail/request_world_state__functions.c.o[0m
[ 19%] [32mBuilding C object CMakeFiles/pyrobosim_msgs__rosidl_generator_c.dir/rosidl_generator_c/pyrobosim_msgs/srv/detail/request_world_info__functions.c.o[0m
[ 19%] [32mBuilding C object CMakeFiles/pyrobosim_msgs__rosidl_generator_c.dir/rosidl_generator_c/pyrobosim_msgs/srv/detail/reset_world__description.c.o[0m
[ 19%] [32mBuilding C object CMakeFiles/pyrobosim_msgs__rosidl_generator_c.dir/rosidl_generator_c/pyrobosim_msgs/srv/detail/reset_world__type_support.c.o[0m
[ 20%] [32mBuilding C object CMakeFiles/pyrobosim_msgs__rosidl_generator_c.dir/rosidl_generator_c/pyrobosim_msgs/srv/detail/set_location_state__functions.c.o[0m
[ 21%] [32mBuilding C object CMakeFiles/pyrobosim_msgs__rosidl_generator_c.dir/rosidl_generator_c/pyrobosim_msgs/srv/detail/reset_world__functions.c.o[0m
[ 22%] [32mBuilding C object CMakeFiles/pyrobosim_msgs__rosidl_generator_c.dir/rosidl_generator_c/pyrobosim_msgs/action/detail/detect_objects__description.c.o[0m
[ 22%] [32mBuilding C object CMakeFiles/pyrobosim_msgs__rosidl_generator_c.dir/rosidl_generator_c/pyrobosim_msgs/srv/detail/set_location_state__description.c.o[0m
[ 23%] [32mBuilding C object CMakeFiles/pyrobosim_msgs__rosidl_generator_c.dir/rosidl_generator_c/pyrobosim_msgs/action/detail/detect_objects__type_support.c.o[0m
[ 23%] [32mBuilding C object CMakeFiles/pyrobosim_msgs__rosidl_generator_c.dir/rosidl_generator_c/pyrobosim_msgs/srv/detail/set_location_state__type_support.c.o[0m
[ 23%] [32mBuilding C object CMakeFiles/pyrobosim_msgs__rosidl_generator_c.dir/rosidl_generator_c/pyrobosim_msgs/action/detail/detect_objects__functions.c.o[0m
[ 23%] [32mBuilding C object CMakeFiles/pyrobosim_msgs__rosidl_generator_c.dir/rosidl_generator_c/pyrobosim_msgs/action/detail/execute_task_action__description.c.o[0m
[ 23%] [32mBuilding C object CMakeFiles/pyrobosim_msgs__rosidl_generator_c.dir/rosidl_generator_c/pyrobosim_msgs/action/detail/execute_task_action__functions.c.o[0m
[ 23%] [32mBuilding C object CMakeFiles/pyrobosim_msgs__rosidl_generator_c.dir/rosidl_generator_c/pyrobosim_msgs/action/detail/execute_task_plan__description.c.o[0m
[ 24%] [32mBuilding C object CMakeFiles/pyrobosim_msgs__rosidl_generator_c.dir/rosidl_generator_c/pyrobosim_msgs/action/detail/execute_task_plan__functions.c.o[0m
[ 25%] [32mBuilding C object CMakeFiles/pyrobosim_msgs__rosidl_generator_c.dir/rosidl_generator_c/pyrobosim_msgs/action/detail/execute_task_action__type_support.c.o[0m
[ 25%] [32mBuilding C object CMakeFiles/pyrobosim_msgs__rosidl_generator_c.dir/rosidl_generator_c/pyrobosim_msgs/action/detail/execute_task_plan__type_support.c.o[0m
[ 26%] [32mBuilding C object CMakeFiles/pyrobosim_msgs__rosidl_generator_c.dir/rosidl_generator_c/pyrobosim_msgs/action/detail/follow_path__description.c.o[0m
[ 26%] [32mBuilding C object CMakeFiles/pyrobosim_msgs__rosidl_generator_c.dir/rosidl_generator_c/pyrobosim_msgs/action/detail/follow_path__functions.c.o[0m
[ 27%] [32mBuilding C object CMakeFiles/pyrobosim_msgs__rosidl_generator_c.dir/rosidl_generator_c/pyrobosim_msgs/action/detail/plan_path__description.c.o[0m
[ 27%] [32mBuilding C object CMakeFiles/pyrobosim_msgs__rosidl_generator_c.dir/rosidl_generator_c/pyrobosim_msgs/action/detail/follow_path__type_support.c.o[0m
[ 27%] [32mBuilding C object CMakeFiles/pyrobosim_msgs__rosidl_generator_c.dir/rosidl_generator_c/pyrobosim_msgs/action/detail/plan_path__functions.c.o[0m
[ 28%] [32mBuilding C object CMakeFiles/pyrobosim_msgs__rosidl_generator_c.dir/rosidl_generator_c/pyrobosim_msgs/action/detail/plan_path__type_support.c.o[0m
[ 28%] [32m[1mLinking C shared library libpyrobosim_msgs__rosidl_generator_c.so[0m
[ 28%] Built target pyrobosim_msgs__rosidl_generator_c
[ 28%] [34m[1mGenerating C++ type support dispatch for ROS interfaces[0m
[ 28%] [34m[1mGenerating C type support dispatch for ROS interfaces[0m
[ 28%] [34m[1mGenerating C type support for eProsima Fast-RTPS[0m
[ 29%] [34m[1mGenerating C++ type support for eProsima Fast-RTPS[0m
[ 30%] [34m[1mGenerating C introspection for ROS interfaces[0m
[ 31%] [34m[1mGenerating C++ introspection for ROS interfaces[0m
[ 31%] [32mBuilding CXX object CMakeFiles/pyrobosim_msgs__rosidl_typesupport_c.dir/rosidl_typesupport_c/pyrobosim_msgs/msg/hallway_state__type_support.cpp.o[0m
[ 33%] [32mBuilding CXX object CMakeFiles/pyrobosim_msgs__rosidl_typesupport_c.dir/rosidl_typesupport_c/pyrobosim_msgs/msg/execution_result__type_support.cpp.o[0m
[ 34%] [32mBuilding CXX object CMakeFiles/pyrobosim_msgs__rosidl_typesupport_c.dir/rosidl_typesupport_c/pyrobosim_msgs/msg/location_state__type_support.cpp.o[0m
[ 33%] [32mBuilding CXX object CMakeFiles/pyrobosim_msgs__rosidl_typesupport_c.dir/rosidl_typesupport_c/pyrobosim_msgs/msg/robot_state__type_support.cpp.o[0m
[ 35%] [32mBuilding CXX object CMakeFiles/pyrobosim_msgs__rosidl_typesupport_c.dir/rosidl_typesupport_c/pyrobosim_msgs/msg/path__type_support.cpp.o[0m
[ 35%] [32mBuilding CXX object CMakeFiles/pyrobosim_msgs__rosidl_typesupport_c.dir/rosidl_typesupport_c/pyrobosim_msgs/msg/task_action__type_support.cpp.o[0m
[ 35%] [32mBuilding CXX object CMakeFiles/pyrobosim_msgs__rosidl_typesupport_c.dir/rosidl_typesupport_c/pyrobosim_msgs/msg/goal_specification__type_support.cpp.o[0m
[ 35%] [32mBuilding CXX object CMakeFiles/pyrobosim_msgs__rosidl_typesupport_c.dir/rosidl_typesupport_c/pyrobosim_msgs/msg/world_info__type_support.cpp.o[0m
[ 35%] [32mBuilding CXX object CMakeFiles/pyrobosim_msgs__rosidl_typesupport_c.dir/rosidl_typesupport_c/pyrobosim_msgs/msg/object_state__type_support.cpp.o[0m
[ 36%] [32mBuilding CXX object CMakeFiles/pyrobosim_msgs__rosidl_typesupport_c.dir/rosidl_typesupport_c/pyrobosim_msgs/msg/task_plan__type_support.cpp.o[0m
[ 36%] [32mBuilding CXX object CMakeFiles/pyrobosim_msgs__rosidl_typesupport_c.dir/rosidl_typesupport_c/pyrobosim_msgs/srv/request_world_info__type_support.cpp.o[0m
[ 37%] [32mBuilding CXX object CMakeFiles/pyrobosim_msgs__rosidl_typesupport_c.dir/rosidl_typesupport_c/pyrobosim_msgs/msg/world_state__type_support.cpp.o[0m
[ 37%] [32mBuilding CXX object CMakeFiles/pyrobosim_msgs__rosidl_typesupport_c.dir/rosidl_typesupport_c/pyrobosim_msgs/msg/goal_predicate__type_support.cpp.o[0m
[ 38%] [32mBuilding CXX object CMakeFiles/pyrobosim_msgs__rosidl_typesupport_c.dir/rosidl_typesupport_c/pyrobosim_msgs/srv/reset_world__type_support.cpp.o[0m
[ 38%] [32mBuilding CXX object CMakeFiles/pyrobosim_msgs__rosidl_typesupport_c.dir/rosidl_typesupport_c/pyrobosim_msgs/srv/request_world_state__type_support.cpp.o[0m
[ 38%] [32mBuilding CXX object CMakeFiles/pyrobosim_msgs__rosidl_typesupport_c.dir/rosidl_typesupport_c/pyrobosim_msgs/srv/set_location_state__type_support.cpp.o[0m
[ 39%] [32mBuilding CXX object CMakeFiles/pyrobosim_msgs__rosidl_typesupport_c.dir/rosidl_typesupport_c/pyrobosim_msgs/action/detect_objects__type_support.cpp.o[0m
[ 39%] [32mBuilding CXX object CMakeFiles/pyrobosim_msgs__rosidl_typesupport_c.dir/rosidl_typesupport_c/pyrobosim_msgs/action/execute_task_action__type_support.cpp.o[0m
[ 40%] [32mBuilding CXX object CMakeFiles/pyrobosim_msgs__rosidl_typesupport_c.dir/rosidl_typesupport_c/pyrobosim_msgs/action/execute_task_plan__type_support.cpp.o[0m
[ 40%] [32mBuilding CXX object CMakeFiles/pyrobosim_msgs__rosidl_typesupport_c.dir/rosidl_typesupport_c/pyrobosim_msgs/action/follow_path__type_support.cpp.o[0m
[ 40%] [32mBuilding CXX object CMakeFiles/pyrobosim_msgs__rosidl_typesupport_c.dir/rosidl_typesupport_c/pyrobosim_msgs/action/plan_path__type_support.cpp.o[0m
[ 40%] [32mBuilding CXX object CMakeFiles/pyrobosim_msgs__rosidl_typesupport_cpp.dir/rosidl_typesupport_cpp/pyrobosim_msgs/msg/hallway_state__type_support.cpp.o[0m
[ 40%] [32mBuilding CXX object CMakeFiles/pyrobosim_msgs__rosidl_typesupport_cpp.dir/rosidl_typesupport_cpp/pyrobosim_msgs/msg/location_state__type_support.cpp.o[0m
[ 41%] [32mBuilding CXX object CMakeFiles/pyrobosim_msgs__rosidl_typesupport_cpp.dir/rosidl_typesupport_cpp/pyrobosim_msgs/msg/execution_result__type_support.cpp.o[0m
[ 41%] [32mBuilding CXX object CMakeFiles/pyrobosim_msgs__rosidl_typesupport_cpp.dir/rosidl_typesupport_cpp/pyrobosim_msgs/msg/path__type_support.cpp.o[0m
[ 42%] [32mBuilding CXX object CMakeFiles/pyrobosim_msgs__rosidl_typesupport_cpp.dir/rosidl_typesupport_cpp/pyrobosim_msgs/msg/goal_specification__type_support.cpp.o[0m
[ 44%] [32mBuilding CXX object CMakeFiles/pyrobosim_msgs__rosidl_typesupport_cpp.dir/rosidl_typesupport_cpp/pyrobosim_msgs/msg/robot_state__type_support.cpp.o[0m
[ 43%] [32mBuilding CXX object CMakeFiles/pyrobosim_msgs__rosidl_typesupport_cpp.dir/rosidl_typesupport_cpp/pyrobosim_msgs/msg/object_state__type_support.cpp.o[0m
[ 44%] [32mBuilding CXX object CMakeFiles/pyrobosim_msgs__rosidl_typesupport_cpp.dir/rosidl_typesupport_cpp/pyrobosim_msgs/msg/goal_predicate__type_support.cpp.o[0m
[ 44%] [32mBuilding CXX object CMakeFiles/pyrobosim_msgs__rosidl_typesupport_cpp.dir/rosidl_typesupport_cpp/pyrobosim_msgs/msg/task_action__type_support.cpp.o[0m
[ 44%] [32mBuilding CXX object CMakeFiles/pyrobosim_msgs__rosidl_typesupport_cpp.dir/rosidl_typesupport_cpp/pyrobosim_msgs/msg/task_plan__type_support.cpp.o[0m
[ 45%] [32mBuilding CXX object CMakeFiles/pyrobosim_msgs__rosidl_typesupport_cpp.dir/rosidl_typesupport_cpp/pyrobosim_msgs/msg/world_info__type_support.cpp.o[0m
[ 46%] [32mBuilding CXX object CMakeFiles/pyrobosim_msgs__rosidl_typesupport_cpp.dir/rosidl_typesupport_cpp/pyrobosim_msgs/srv/request_world_info__type_support.cpp.o[0m
[ 46%] [32mBuilding CXX object CMakeFiles/pyrobosim_msgs__rosidl_typesupport_cpp.dir/rosidl_typesupport_cpp/pyrobosim_msgs/msg/world_state__type_support.cpp.o[0m
[ 46%] [32mBuilding CXX object CMakeFiles/pyrobosim_msgs__rosidl_typesupport_cpp.dir/rosidl_typesupport_cpp/pyrobosim_msgs/srv/request_world_state__type_support.cpp.o[0m
[ 47%] [32mBuilding CXX object CMakeFiles/pyrobosim_msgs__rosidl_typesupport_cpp.dir/rosidl_typesupport_cpp/pyrobosim_msgs/srv/reset_world__type_support.cpp.o[0m
[ 48%] [32m[1mLinking CXX shared library libpyrobosim_msgs__rosidl_typesupport_c.so[0m
[ 48%] Built target pyrobosim_msgs__rosidl_typesupport_c
[ 48%] [32mBuilding CXX object CMakeFiles/pyrobosim_msgs__rosidl_typesupport_cpp.dir/rosidl_typesupport_cpp/pyrobosim_msgs/srv/set_location_state__type_support.cpp.o[0m
[ 48%] [32mBuilding CXX object CMakeFiles/pyrobosim_msgs__rosidl_typesupport_cpp.dir/rosidl_typesupport_cpp/pyrobosim_msgs/action/detect_objects__type_support.cpp.o[0m
[ 49%] [32mBuilding CXX object CMakeFiles/pyrobosim_msgs__rosidl_typesupport_cpp.dir/rosidl_typesupport_cpp/pyrobosim_msgs/action/execute_task_action__type_support.cpp.o[0m
[ 49%] [32mBuilding CXX object CMakeFiles/pyrobosim_msgs__rosidl_typesupport_cpp.dir/rosidl_typesupport_cpp/pyrobosim_msgs/action/execute_task_plan__type_support.cpp.o[0m
[ 50%] [32mBuilding CXX object CMakeFiles/pyrobosim_msgs__rosidl_typesupport_cpp.dir/rosidl_typesupport_cpp/pyrobosim_msgs/action/follow_path__type_support.cpp.o[0m
[ 50%] [32mBuilding CXX object CMakeFiles/pyrobosim_msgs__rosidl_typesupport_cpp.dir/rosidl_typesupport_cpp/pyrobosim_msgs/action/plan_path__type_support.cpp.o[0m
[ 50%] [32mBuilding CXX object CMakeFiles/pyrobosim_msgs__rosidl_typesupport_introspection_cpp.dir/rosidl_typesupport_introspection_cpp/pyrobosim_msgs/msg/detail/execution_result__type_support.cpp.o[0m
[ 51%] [32mBuilding CXX object CMakeFiles/pyrobosim_msgs__rosidl_typesupport_introspection_cpp.dir/rosidl_typesupport_introspection_cpp/pyrobosim_msgs/msg/detail/goal_predicate__type_support.cpp.o[0m
[ 51%] [32mBuilding CXX object CMakeFiles/pyrobosim_msgs__rosidl_typesupport_introspection_cpp.dir/rosidl_typesupport_introspection_cpp/pyrobosim_msgs/msg/detail/goal_specification__type_support.cpp.o[0m
[ 52%] [32mBuilding CXX object CMakeFiles/pyrobosim_msgs__rosidl_typesupport_introspection_cpp.dir/rosidl_typesupport_introspection_cpp/pyrobosim_msgs/msg/detail/location_state__type_support.cpp.o[0m
[ 52%] [32mBuilding CXX object CMakeFiles/pyrobosim_msgs__rosidl_typesupport_introspection_cpp.dir/rosidl_typesupport_introspection_cpp/pyrobosim_msgs/msg/detail/object_state__type_support.cpp.o[0m
[ 52%] [32mBuilding CXX object CMakeFiles/pyrobosim_msgs__rosidl_typesupport_introspection_cpp.dir/rosidl_typesupport_introspection_cpp/pyrobosim_msgs/msg/detail/hallway_state__type_support.cpp.o[0m
[ 53%] [32mBuilding CXX object CMakeFiles/pyrobosim_msgs__rosidl_typesupport_introspection_cpp.dir/rosidl_typesupport_introspection_cpp/pyrobosim_msgs/msg/detail/path__type_support.cpp.o[0m
[ 53%] [32mBuilding CXX object CMakeFiles/pyrobosim_msgs__rosidl_typesupport_introspection_cpp.dir/rosidl_typesupport_introspection_cpp/pyrobosim_msgs/msg/detail/robot_state__type_support.cpp.o[0m
[ 53%] [32mBuilding C object CMakeFiles/pyrobosim_msgs__rosidl_typesupport_introspection_c.dir/rosidl_typesupport_introspection_c/pyrobosim_msgs/msg/detail/execution_result__type_support.c.o[0m
[ 53%] [32mBuilding CXX object CMakeFiles/pyrobosim_msgs__rosidl_typesupport_introspection_cpp.dir/rosidl_typesupport_introspection_cpp/pyrobosim_msgs/msg/detail/task_action__type_support.cpp.o[0m
[ 54%] [32mBuilding CXX object CMakeFiles/pyrobosim_msgs__rosidl_typesupport_introspection_cpp.dir/rosidl_typesupport_introspection_cpp/pyrobosim_msgs/msg/detail/task_plan__type_support.cpp.o[0m
[ 55%] [32mBuilding C object CMakeFiles/pyrobosim_msgs__rosidl_typesupport_introspection_c.dir/rosidl_typesupport_introspection_c/pyrobosim_msgs/msg/detail/goal_predicate__type_support.c.o[0m
[ 55%] [32mBuilding CXX object CMakeFiles/pyrobosim_msgs__rosidl_typesupport_introspection_cpp.dir/rosidl_typesupport_introspection_cpp/pyrobosim_msgs/msg/detail/world_info__type_support.cpp.o[0m
[ 55%] [32mBuilding C object CMakeFiles/pyrobosim_msgs__rosidl_typesupport_introspection_c.dir/rosidl_typesupport_introspection_c/pyrobosim_msgs/msg/detail/goal_specification__type_support.c.o[0m
[ 56%] [32mBuilding CXX object CMakeFiles/pyrobosim_msgs__rosidl_typesupport_introspection_cpp.dir/rosidl_typesupport_introspection_cpp/pyrobosim_msgs/msg/detail/world_state__type_support.cpp.o[0m
[ 56%] [32mBuilding C object CMakeFiles/pyrobosim_msgs__rosidl_typesupport_introspection_c.dir/rosidl_typesupport_introspection_c/pyrobosim_msgs/msg/detail/hallway_state__type_support.c.o[0m
[ 57%] [32mBuilding C object CMakeFiles/pyrobosim_msgs__rosidl_typesupport_introspection_c.dir/rosidl_typesupport_introspection_c/pyrobosim_msgs/msg/detail/location_state__type_support.c.o[0m
[ 57%] [32mBuilding C object CMakeFiles/pyrobosim_msgs__rosidl_typesupport_introspection_c.dir/rosidl_typesupport_introspection_c/pyrobosim_msgs/msg/detail/object_state__type_support.c.o[0m
[ 58%] [32mBuilding C object CMakeFiles/pyrobosim_msgs__rosidl_typesupport_introspection_c.dir/rosidl_typesupport_introspection_c/pyrobosim_msgs/msg/detail/path__type_support.c.o[0m
[ 58%] [32mBuilding CXX object CMakeFiles/pyrobosim_msgs__rosidl_typesupport_introspection_cpp.dir/rosidl_typesupport_introspection_cpp/pyrobosim_msgs/srv/detail/request_world_info__type_support.cpp.o[0m
[ 58%] [32mBuilding C object CMakeFiles/pyrobosim_msgs__rosidl_typesupport_introspection_c.dir/rosidl_typesupport_introspection_c/pyrobosim_msgs/msg/detail/robot_state__type_support.c.o[0m
[ 59%] [32mBuilding C object CMakeFiles/pyrobosim_msgs__rosidl_typesupport_introspection_c.dir/rosidl_typesupport_introspection_c/pyrobosim_msgs/msg/detail/task_action__type_support.c.o[0m
[ 59%] [32mBuilding C object CMakeFiles/pyrobosim_msgs__rosidl_typesupport_introspection_c.dir/rosidl_typesupport_introspection_c/pyrobosim_msgs/msg/detail/task_plan__type_support.c.o[0m
[ 59%] [32mBuilding C object CMakeFiles/pyrobosim_msgs__rosidl_typesupport_introspection_c.dir/rosidl_typesupport_introspection_c/pyrobosim_msgs/msg/detail/world_info__type_support.c.o[0m
[ 60%] [32mBuilding CXX object CMakeFiles/pyrobosim_msgs__rosidl_typesupport_introspection_cpp.dir/rosidl_typesupport_introspection_cpp/pyrobosim_msgs/srv/detail/request_world_state__type_support.cpp.o[0m
[ 60%] [32mBuilding CXX object CMakeFiles/pyrobosim_msgs__rosidl_typesupport_introspection_cpp.dir/rosidl_typesupport_introspection_cpp/pyrobosim_msgs/srv/detail/reset_world__type_support.cpp.o[0m
[ 61%] [32mBuilding C object CMakeFiles/pyrobosim_msgs__rosidl_typesupport_introspection_c.dir/rosidl_typesupport_introspection_c/pyrobosim_msgs/msg/detail/world_state__type_support.c.o[0m
[ 61%] [32mBuilding C object CMakeFiles/pyrobosim_msgs__rosidl_typesupport_introspection_c.dir/rosidl_typesupport_introspection_c/pyrobosim_msgs/srv/detail/request_world_info__type_support.c.o[0m
[ 61%] [32mBuilding CXX object CMakeFiles/pyrobosim_msgs__rosidl_typesupport_introspection_cpp.dir/rosidl_typesupport_introspection_cpp/pyrobosim_msgs/srv/detail/set_location_state__type_support.cpp.o[0m
[ 62%] [32mBuilding C object CMakeFiles/pyrobosim_msgs__rosidl_typesupport_introspection_c.dir/rosidl_typesupport_introspection_c/pyrobosim_msgs/srv/detail/request_world_state__type_support.c.o[0m
[ 63%] [32mBuilding CXX object CMakeFiles/pyrobosim_msgs__rosidl_typesupport_introspection_cpp.dir/rosidl_typesupport_introspection_cpp/pyrobosim_msgs/action/detail/detect_objects__type_support.cpp.o[0m
[ 63%] [32mBuilding C object CMakeFiles/pyrobosim_msgs__rosidl_typesupport_introspection_c.dir/rosidl_typesupport_introspection_c/pyrobosim_msgs/srv/detail/reset_world__type_support.c.o[0m
[ 63%] [32mBuilding CXX object CMakeFiles/pyrobosim_msgs__rosidl_typesupport_introspection_cpp.dir/rosidl_typesupport_introspection_cpp/pyrobosim_msgs/action/detail/execute_task_action__type_support.cpp.o[0m
[ 64%] [32mBuilding C object CMakeFiles/pyrobosim_msgs__rosidl_typesupport_introspection_c.dir/rosidl_typesupport_introspection_c/pyrobosim_msgs/srv/detail/set_location_state__type_support.c.o[0m
[ 65%] [32mBuilding CXX object CMakeFiles/pyrobosim_msgs__rosidl_typesupport_introspection_cpp.dir/rosidl_typesupport_introspection_cpp/pyrobosim_msgs/action/detail/execute_task_plan__type_support.cpp.o[0m
[ 65%] [32mBuilding CXX object CMakeFiles/pyrobosim_msgs__rosidl_typesupport_introspection_cpp.dir/rosidl_typesupport_introspection_cpp/pyrobosim_msgs/action/detail/follow_path__type_support.cpp.o[0m
[ 66%] [32mBuilding CXX object CMakeFiles/pyrobosim_msgs__rosidl_typesupport_introspection_cpp.dir/rosidl_typesupport_introspection_cpp/pyrobosim_msgs/action/detail/plan_path__type_support.cpp.o[0m
[ 66%] [32mBuilding C object CMakeFiles/pyrobosim_msgs__rosidl_typesupport_introspection_c.dir/rosidl_typesupport_introspection_c/pyrobosim_msgs/action/detail/detect_objects__type_support.c.o[0m
[ 66%] [32mBuilding C object CMakeFiles/pyrobosim_msgs__rosidl_typesupport_introspection_c.dir/rosidl_typesupport_introspection_c/pyrobosim_msgs/action/detail/execute_task_action__type_support.c.o[0m
[ 67%] [32mBuilding C object CMakeFiles/pyrobosim_msgs__rosidl_typesupport_introspection_c.dir/rosidl_typesupport_introspection_c/pyrobosim_msgs/action/detail/execute_task_plan__type_support.c.o[0m
[ 67%] [32mBuilding C object CMakeFiles/pyrobosim_msgs__rosidl_typesupport_introspection_c.dir/rosidl_typesupport_introspection_c/pyrobosim_msgs/action/detail/follow_path__type_support.c.o[0m
[ 68%] [32mBuilding C object CMakeFiles/pyrobosim_msgs__rosidl_typesupport_introspection_c.dir/rosidl_typesupport_introspection_c/pyrobosim_msgs/action/detail/plan_path__type_support.c.o[0m
[ 68%] [32m[1mLinking C shared library libpyrobosim_msgs__rosidl_typesupport_introspection_c.so[0m
[ 68%] Built target pyrobosim_msgs__rosidl_typesupport_introspection_c
[ 69%] [32m[1mLinking CXX shared library libpyrobosim_msgs__rosidl_typesupport_cpp.so[0m
[ 70%] [32mBuilding CXX object CMakeFiles/pyrobosim_msgs__rosidl_typesupport_fastrtps_cpp.dir/rosidl_typesupport_fastrtps_cpp/pyrobosim_msgs/msg/detail/dds_fastrtps/path__type_support.cpp.o[0m
[ 70%] [32mBuilding CXX object CMakeFiles/pyrobosim_msgs__rosidl_typesupport_fastrtps_cpp.dir/rosidl_typesupport_fastrtps_cpp/pyrobosim_msgs/msg/detail/dds_fastrtps/goal_specification__type_support.cpp.o[0m
[ 70%] [32mBuilding CXX object CMakeFiles/pyrobosim_msgs__rosidl_typesupport_fastrtps_cpp.dir/rosidl_typesupport_fastrtps_cpp/pyrobosim_msgs/msg/detail/dds_fastrtps/execution_result__type_support.cpp.o[0m
[ 71%] [32mBuilding CXX object CMakeFiles/pyrobosim_msgs__rosidl_typesupport_fastrtps_cpp.dir/rosidl_typesupport_fastrtps_cpp/pyrobosim_msgs/msg/detail/dds_fastrtps/object_state__type_support.cpp.o[0m
[ 71%] [32mBuilding CXX object CMakeFiles/pyrobosim_msgs__rosidl_typesupport_fastrtps_cpp.dir/rosidl_typesupport_fastrtps_cpp/pyrobosim_msgs/msg/detail/dds_fastrtps/location_state__type_support.cpp.o[0m
[ 72%] [32mBuilding CXX object CMakeFiles/pyrobosim_msgs__rosidl_typesupport_fastrtps_cpp.dir/rosidl_typesupport_fastrtps_cpp/pyrobosim_msgs/msg/detail/dds_fastrtps/task_action__type_support.cpp.o[0m
[ 72%] [32mBuilding CXX object CMakeFiles/pyrobosim_msgs__rosidl_typesupport_fastrtps_cpp.dir/rosidl_typesupport_fastrtps_cpp/pyrobosim_msgs/msg/detail/dds_fastrtps/goal_predicate__type_support.cpp.o[0m
[ 72%] [32mBuilding CXX object CMakeFiles/pyrobosim_msgs__rosidl_typesupport_fastrtps_cpp.dir/rosidl_typesupport_fastrtps_cpp/pyrobosim_msgs/msg/detail/dds_fastrtps/robot_state__type_support.cpp.o[0m
[ 72%] [32mBuilding CXX object CMakeFiles/pyrobosim_msgs__rosidl_typesupport_fastrtps_cpp.dir/rosidl_typesupport_fastrtps_cpp/pyrobosim_msgs/msg/detail/dds_fastrtps/task_plan__type_support.cpp.o[0m
[ 73%] [32mBuilding CXX object CMakeFiles/pyrobosim_msgs__rosidl_typesupport_fastrtps_cpp.dir/rosidl_typesupport_fastrtps_cpp/pyrobosim_msgs/msg/detail/dds_fastrtps/world_info__type_support.cpp.o[0m
[ 74%] [32mBuilding CXX object CMakeFiles/pyrobosim_msgs__rosidl_typesupport_fastrtps_cpp.dir/rosidl_typesupport_fastrtps_cpp/pyrobosim_msgs/msg/detail/dds_fastrtps/hallway_state__type_support.cpp.o[0m
[ 74%] [32mBuilding CXX object CMakeFiles/pyrobosim_msgs__rosidl_typesupport_fastrtps_cpp.dir/rosidl_typesupport_fastrtps_cpp/pyrobosim_msgs/msg/detail/dds_fastrtps/world_state__type_support.cpp.o[0m
[ 74%] Built target pyrobosim_msgs__rosidl_typesupport_cpp
[ 74%] [32mBuilding CXX object CMakeFiles/pyrobosim_msgs__rosidl_typesupport_fastrtps_cpp.dir/rosidl_typesupport_fastrtps_cpp/pyrobosim_msgs/srv/detail/dds_fastrtps/request_world_info__type_support.cpp.o[0m
[ 75%] [32mBuilding CXX object CMakeFiles/pyrobosim_msgs__rosidl_typesupport_fastrtps_cpp.dir/rosidl_typesupport_fastrtps_cpp/pyrobosim_msgs/srv/detail/dds_fastrtps/request_world_state__type_support.cpp.o[0m
[ 75%] [32mBuilding CXX object CMakeFiles/pyrobosim_msgs__rosidl_typesupport_fastrtps_cpp.dir/rosidl_typesupport_fastrtps_cpp/pyrobosim_msgs/srv/detail/dds_fastrtps/reset_world__type_support.cpp.o[0m
[ 76%] [32mBuilding CXX object CMakeFiles/pyrobosim_msgs__rosidl_typesupport_fastrtps_cpp.dir/rosidl_typesupport_fastrtps_cpp/pyrobosim_msgs/srv/detail/dds_fastrtps/set_location_state__type_support.cpp.o[0m
[ 76%] [32mBuilding CXX object CMakeFiles/pyrobosim_msgs__rosidl_typesupport_fastrtps_cpp.dir/rosidl_typesupport_fastrtps_cpp/pyrobosim_msgs/action/detail/dds_fastrtps/detect_objects__type_support.cpp.o[0m
[ 77%] [32mBuilding CXX object CMakeFiles/pyrobosim_msgs__rosidl_typesupport_fastrtps_cpp.dir/rosidl_typesupport_fastrtps_cpp/pyrobosim_msgs/action/detail/dds_fastrtps/execute_task_action__type_support.cpp.o[0m
[ 77%] [32mBuilding CXX object CMakeFiles/pyrobosim_msgs__rosidl_typesupport_fastrtps_cpp.dir/rosidl_typesupport_fastrtps_cpp/pyrobosim_msgs/action/detail/dds_fastrtps/execute_task_plan__type_support.cpp.o[0m
[ 77%] [32mBuilding CXX object CMakeFiles/pyrobosim_msgs__rosidl_typesupport_fastrtps_cpp.dir/rosidl_typesupport_fastrtps_cpp/pyrobosim_msgs/action/detail/dds_fastrtps/follow_path__type_support.cpp.o[0m
[ 78%] [32mBuilding CXX object CMakeFiles/pyrobosim_msgs__rosidl_typesupport_fastrtps_cpp.dir/rosidl_typesupport_fastrtps_cpp/pyrobosim_msgs/action/detail/dds_fastrtps/plan_path__type_support.cpp.o[0m
[ 78%] [32m[1mLinking CXX shared library libpyrobosim_msgs__rosidl_typesupport_introspection_cpp.so[0m
[ 78%] [32mBuilding CXX object CMakeFiles/pyrobosim_msgs__rosidl_typesupport_fastrtps_c.dir/rosidl_typesupport_fastrtps_c/pyrobosim_msgs/msg/detail/goal_specification__type_support_c.cpp.o[0m
[ 78%] [32mBuilding CXX object CMakeFiles/pyrobosim_msgs__rosidl_typesupport_fastrtps_c.dir/rosidl_typesupport_fastrtps_c/pyrobosim_msgs/msg/detail/execution_result__type_support_c.cpp.o[0m
[ 79%] [32mBuilding CXX object CMakeFiles/pyrobosim_msgs__rosidl_typesupport_fastrtps_c.dir/rosidl_typesupport_fastrtps_c/pyrobosim_msgs/msg/detail/goal_predicate__type_support_c.cpp.o[0m
[ 79%] [32mBuilding CXX object CMakeFiles/pyrobosim_msgs__rosidl_typesupport_fastrtps_c.dir/rosidl_typesupport_fastrtps_c/pyrobosim_msgs/msg/detail/path__type_support_c.cpp.o[0m
[ 78%] [32mBuilding CXX object CMakeFiles/pyrobosim_msgs__rosidl_typesupport_fastrtps_c.dir/rosidl_typesupport_fastrtps_c/pyrobosim_msgs/msg/detail/location_state__type_support_c.cpp.o[0m
[ 80%] [32mBuilding CXX object CMakeFiles/pyrobosim_msgs__rosidl_typesupport_fastrtps_c.dir/rosidl_typesupport_fastrtps_c/pyrobosim_msgs/msg/detail/hallway_state__type_support_c.cpp.o[0m
[ 81%] [32mBuilding CXX object CMakeFiles/pyrobosim_msgs__rosidl_typesupport_fastrtps_c.dir/rosidl_typesupport_fastrtps_c/pyrobosim_msgs/msg/detail/object_state__type_support_c.cpp.o[0m
[ 81%] [32mBuilding CXX object CMakeFiles/pyrobosim_msgs__rosidl_typesupport_fastrtps_c.dir/rosidl_typesupport_fastrtps_c/pyrobosim_msgs/msg/detail/robot_state__type_support_c.cpp.o[0m
[ 82%] [32mBuilding CXX object CMakeFiles/pyrobosim_msgs__rosidl_typesupport_fastrtps_c.dir/rosidl_typesupport_fastrtps_c/pyrobosim_msgs/msg/detail/task_action__type_support_c.cpp.o[0m
[ 82%] [32mBuilding CXX object CMakeFiles/pyrobosim_msgs__rosidl_typesupport_fastrtps_c.dir/rosidl_typesupport_fastrtps_c/pyrobosim_msgs/msg/detail/task_plan__type_support_c.cpp.o[0m
[ 83%] [32mBuilding CXX object CMakeFiles/pyrobosim_msgs__rosidl_typesupport_fastrtps_c.dir/rosidl_typesupport_fastrtps_c/pyrobosim_msgs/msg/detail/world_info__type_support_c.cpp.o[0m
[ 83%] Built target pyrobosim_msgs__rosidl_typesupport_introspection_cpp
[ 83%] [32mBuilding CXX object CMakeFiles/pyrobosim_msgs__rosidl_typesupport_fastrtps_c.dir/rosidl_typesupport_fastrtps_c/pyrobosim_msgs/msg/detail/world_state__type_support_c.cpp.o[0m
[ 84%] [32mBuilding CXX object CMakeFiles/pyrobosim_msgs__rosidl_typesupport_fastrtps_c.dir/rosidl_typesupport_fastrtps_c/pyrobosim_msgs/srv/detail/request_world_info__type_support_c.cpp.o[0m
[ 84%] [32mBuilding CXX object CMakeFiles/pyrobosim_msgs__rosidl_typesupport_fastrtps_c.dir/rosidl_typesupport_fastrtps_c/pyrobosim_msgs/srv/detail/request_world_state__type_support_c.cpp.o[0m
[ 85%] [32mBuilding CXX object CMakeFiles/pyrobosim_msgs__rosidl_typesupport_fastrtps_c.dir/rosidl_typesupport_fastrtps_c/pyrobosim_msgs/srv/detail/set_location_state__type_support_c.cpp.o[0m
[ 85%] [32mBuilding CXX object CMakeFiles/pyrobosim_msgs__rosidl_typesupport_fastrtps_c.dir/rosidl_typesupport_fastrtps_c/pyrobosim_msgs/srv/detail/reset_world__type_support_c.cpp.o[0m
[ 85%] [32mBuilding CXX object CMakeFiles/pyrobosim_msgs__rosidl_typesupport_fastrtps_c.dir/rosidl_typesupport_fastrtps_c/pyrobosim_msgs/action/detail/detect_objects__type_support_c.cpp.o[0m
[ 86%] [32mBuilding CXX object CMakeFiles/pyrobosim_msgs__rosidl_typesupport_fastrtps_c.dir/rosidl_typesupport_fastrtps_c/pyrobosim_msgs/action/detail/execute_task_action__type_support_c.cpp.o[0m
[ 86%] [32mBuilding CXX object CMakeFiles/pyrobosim_msgs__rosidl_typesupport_fastrtps_c.dir/rosidl_typesupport_fastrtps_c/pyrobosim_msgs/action/detail/execute_task_plan__type_support_c.cpp.o[0m
[ 86%] [32mBuilding CXX object CMakeFiles/pyrobosim_msgs__rosidl_typesupport_fastrtps_c.dir/rosidl_typesupport_fastrtps_c/pyrobosim_msgs/action/detail/plan_path__type_support_c.cpp.o[0m
[ 87%] [32mBuilding CXX object CMakeFiles/pyrobosim_msgs__rosidl_typesupport_fastrtps_c.dir/rosidl_typesupport_fastrtps_c/pyrobosim_msgs/action/detail/follow_path__type_support_c.cpp.o[0m
[ 87%] [32m[1mLinking CXX shared library libpyrobosim_msgs__rosidl_typesupport_fastrtps_cpp.so[0m
[ 87%] Built target pyrobosim_msgs__rosidl_typesupport_fastrtps_cpp
[ 87%] [32m[1mLinking CXX shared library libpyrobosim_msgs__rosidl_typesupport_fastrtps_c.so[0m
[ 87%] Built target pyrobosim_msgs__rosidl_typesupport_fastrtps_c
[ 87%] Built target pyrobosim_msgs
[ 87%] [34m[1mGenerating Python code for ROS interfaces[0m
[ 87%] Built target pyrobosim_msgs__py
[ 88%] [32mBuilding C object CMakeFiles/pyrobosim_msgs__rosidl_generator_py.dir/rosidl_generator_py/pyrobosim_msgs/msg/_location_state_s.c.o[0m
[ 88%] [32mBuilding C object CMakeFiles/pyrobosim_msgs__rosidl_generator_py.dir/rosidl_generator_py/pyrobosim_msgs/msg/_execution_result_s.c.o[0m
[ 88%] [32mBuilding C object CMakeFiles/pyrobosim_msgs__rosidl_generator_py.dir/rosidl_generator_py/pyrobosim_msgs/msg/_goal_specification_s.c.o[0m
[ 88%] [32mBuilding C object CMakeFiles/pyrobosim_msgs__rosidl_generator_py.dir/rosidl_generator_py/pyrobosim_msgs/msg/_goal_predicate_s.c.o[0m
[ 88%] [32mBuilding C object CMakeFiles/pyrobosim_msgs__rosidl_generator_py.dir/rosidl_generator_py/pyrobosim_msgs/msg/_task_action_s.c.o[0m
[ 88%] [32mBuilding C object CMakeFiles/pyrobosim_msgs__rosidl_generator_py.dir/rosidl_generator_py/pyrobosim_msgs/msg/_world_state_s.c.o[0m
[ 88%] [32mBuilding C object CMakeFiles/pyrobosim_msgs__rosidl_generator_py.dir/rosidl_generator_py/pyrobosim_msgs/msg/_task_plan_s.c.o[0m
[ 89%] [32mBuilding C object CMakeFiles/pyrobosim_msgs__rosidl_generator_py.dir/rosidl_generator_py/pyrobosim_msgs/msg/_hallway_state_s.c.o[0m
[ 91%] [32mBuilding C object CMakeFiles/pyrobosim_msgs__rosidl_generator_py.dir/rosidl_generator_py/pyrobosim_msgs/msg/_world_info_s.c.o[0m
[ 91%] [32mBuilding C object CMakeFiles/pyrobosim_msgs__rosidl_generator_py.dir/rosidl_generator_py/pyrobosim_msgs/msg/_object_state_s.c.o[0m
[ 91%] [32mBuilding C object CMakeFiles/pyrobosim_msgs__rosidl_generator_py.dir/rosidl_generator_py/pyrobosim_msgs/srv/_request_world_state_s.c.o[0m
[ 91%] [32mBuilding C object CMakeFiles/pyrobosim_msgs__rosidl_generator_py.dir/rosidl_generator_py/pyrobosim_msgs/msg/_path_s.c.o[0m
[ 92%] [32mBuilding C object CMakeFiles/pyrobosim_msgs__rosidl_generator_py.dir/rosidl_generator_py/pyrobosim_msgs/msg/_robot_state_s.c.o[0m
[ 92%] [32mBuilding C object CMakeFiles/pyrobosim_msgs__rosidl_generator_py.dir/rosidl_generator_py/pyrobosim_msgs/srv/_set_location_state_s.c.o[0m
[ 93%] [32mBuilding C object CMakeFiles/pyrobosim_msgs__rosidl_generator_py.dir/rosidl_generator_py/pyrobosim_msgs/srv/_request_world_info_s.c.o[0m
[ 95%] [32mBuilding C object CMakeFiles/pyrobosim_msgs__rosidl_generator_py.dir/rosidl_generator_py/pyrobosim_msgs/action/_execute_task_action_s.c.o[0m
[ 95%] [32mBuilding C object CMakeFiles/pyrobosim_msgs__rosidl_generator_py.dir/rosidl_generator_py/pyrobosim_msgs/srv/_reset_world_s.c.o[0m
[ 95%] [32mBuilding C object CMakeFiles/pyrobosim_msgs__rosidl_generator_py.dir/rosidl_generator_py/pyrobosim_msgs/action/_detect_objects_s.c.o[0m
[ 96%] [32mBuilding C object CMakeFiles/pyrobosim_msgs__rosidl_generator_py.dir/rosidl_generator_py/pyrobosim_msgs/action/_execute_task_plan_s.c.o[0m
[ 96%] [32mBuilding C object CMakeFiles/pyrobosim_msgs__rosidl_generator_py.dir/rosidl_generator_py/pyrobosim_msgs/action/_follow_path_s.c.o[0m
[ 96%] [32mBuilding C object CMakeFiles/pyrobosim_msgs__rosidl_generator_py.dir/rosidl_generator_py/pyrobosim_msgs/action/_plan_path_s.c.o[0m
[ 97%] [32m[1mLinking C shared library libpyrobosim_msgs__rosidl_generator_py.so[0m
[ 97%] Built target pyrobosim_msgs__rosidl_generator_py
[ 97%] [32mBuilding C object CMakeFiles/pyrobosim_msgs_s__rosidl_typesupport_c.dir/rosidl_generator_py/pyrobosim_msgs/_pyrobosim_msgs_s.ep.rosidl_typesupport_c.c.o[0m
[ 97%] [32mBuilding C object CMakeFiles/pyrobosim_msgs_s__rosidl_typesupport_introspection_c.dir/rosidl_generator_py/pyrobosim_msgs/_pyrobosim_msgs_s.ep.rosidl_typesupport_introspection_c.c.o[0m
[ 97%] [32mBuilding C object CMakeFiles/pyrobosim_msgs_s__rosidl_typesupport_fastrtps_c.dir/rosidl_generator_py/pyrobosim_msgs/_pyrobosim_msgs_s.ep.rosidl_typesupport_fastrtps_c.c.o[0m
[ 98%] [32m[1mLinking C shared module rosidl_generator_py/pyrobosim_msgs/pyrobosim_msgs_s__rosidl_typesupport_introspection_c.so[0m
[ 99%] [32m[1mLinking C shared module rosidl_generator_py/pyrobosim_msgs/pyrobosim_msgs_s__rosidl_typesupport_c.so[0m
[100%] [32m[1mLinking C shared module rosidl_generator_py/pyrobosim_msgs/pyrobosim_msgs_s__rosidl_typesupport_fastrtps_c.so[0m
[100%] Built target pyrobosim_msgs_s__rosidl_typesupport_introspection_c
[100%] Built target pyrobosim_msgs_s__rosidl_typesupport_c
[100%] Built target pyrobosim_msgs_s__rosidl_typesupport_fastrtps_c
-- Install configuration: ""
-- Execute custom install script
-- Symlinking: /convince_ws/install/pyrobosim_msgs/share/ament_index/resource_index/rosidl_interfaces/pyrobosim_msgs
-- Symlinking: /convince_ws/install/pyrobosim_msgs/share/pyrobosim_msgs/msg/ExecutionResult.json
-- Symlinking: /convince_ws/install/pyrobosim_msgs/share/pyrobosim_msgs/msg/GoalPredicate.json
-- Symlinking: /convince_ws/install/pyrobosim_msgs/share/pyrobosim_msgs/msg/GoalSpecification.json
-- Symlinking: /convince_ws/install/pyrobosim_msgs/share/pyrobosim_msgs/msg/HallwayState.json
-- Symlinking: /convince_ws/install/pyrobosim_msgs/share/pyrobosim_msgs/msg/LocationState.json
-- Symlinking: /convince_ws/install/pyrobosim_msgs/share/pyrobosim_msgs/msg/ObjectState.json
-- Symlinking: /convince_ws/install/pyrobosim_msgs/share/pyrobosim_msgs/msg/Path.json
-- Symlinking: /convince_ws/install/pyrobosim_msgs/share/pyrobosim_msgs/msg/RobotState.json
-- Symlinking: /convince_ws/install/pyrobosim_msgs/share/pyrobosim_msgs/msg/TaskAction.json
-- Symlinking: /convince_ws/install/pyrobosim_msgs/share/pyrobosim_msgs/msg/TaskPlan.json
-- Symlinking: /convince_ws/install/pyrobosim_msgs/share/pyrobosim_msgs/msg/WorldInfo.json
-- Symlinking: /convince_ws/install/pyrobosim_msgs/share/pyrobosim_msgs/msg/WorldState.json
-- Symlinking: /convince_ws/install/pyrobosim_msgs/share/pyrobosim_msgs/srv/RequestWorldInfo.json
-- Symlinking: /convince_ws/install/pyrobosim_msgs/share/pyrobosim_msgs/srv/RequestWorldState.json
-- Symlinking: /convince_ws/install/pyrobosim_msgs/share/pyrobosim_msgs/srv/ResetWorld.json
-- Symlinking: /convince_ws/install/pyrobosim_msgs/share/pyrobosim_msgs/srv/SetLocationState.json
-- Symlinking: /convince_ws/install/pyrobosim_msgs/share/pyrobosim_msgs/action/DetectObjects.json
-- Symlinking: /convince_ws/install/pyrobosim_msgs/share/pyrobosim_msgs/action/ExecuteTaskAction.json
-- Symlinking: /convince_ws/install/pyrobosim_msgs/share/pyrobosim_msgs/action/ExecuteTaskPlan.json
-- Symlinking: /convince_ws/install/pyrobosim_msgs/share/pyrobosim_msgs/action/FollowPath.json
-- Symlinking: /convince_ws/install/pyrobosim_msgs/share/pyrobosim_msgs/action/PlanPath.json
-- Symlinking: /convince_ws/install/pyrobosim_msgs/include/pyrobosim_msgs/pyrobosim_msgs/action/detail/detect_objects__functions.h
-- Symlinking: /convince_ws/install/pyrobosim_msgs/include/pyrobosim_msgs/pyrobosim_msgs/action/detail/detect_objects__struct.h
-- Symlinking: /convince_ws/install/pyrobosim_msgs/include/pyrobosim_msgs/pyrobosim_msgs/action/detail/detect_objects__type_support.h
-- Symlinking: /convince_ws/install/pyrobosim_msgs/include/pyrobosim_msgs/pyrobosim_msgs/action/detail/execute_task_action__functions.h
-- Symlinking: /convince_ws/install/pyrobosim_msgs/include/pyrobosim_msgs/pyrobosim_msgs/action/detail/execute_task_action__struct.h
-- Symlinking: /convince_ws/install/pyrobosim_msgs/include/pyrobosim_msgs/pyrobosim_msgs/action/detail/execute_task_action__type_support.h
-- Symlinking: /convince_ws/install/pyrobosim_msgs/include/pyrobosim_msgs/pyrobosim_msgs/action/detail/execute_task_plan__functions.h
-- Symlinking: /convince_ws/install/pyrobosim_msgs/include/pyrobosim_msgs/pyrobosim_msgs/action/detail/execute_task_plan__struct.h
-- Symlinking: /convince_ws/install/pyrobosim_msgs/include/pyrobosim_msgs/pyrobosim_msgs/action/detail/execute_task_plan__type_support.h
-- Symlinking: /convince_ws/install/pyrobosim_msgs/include/pyrobosim_msgs/pyrobosim_msgs/action/detail/follow_path__functions.h
-- Symlinking: /convince_ws/install/pyrobosim_msgs/include/pyrobosim_msgs/pyrobosim_msgs/action/detail/follow_path__struct.h
-- Symlinking: /convince_ws/install/pyrobosim_msgs/include/pyrobosim_msgs/pyrobosim_msgs/action/detail/follow_path__type_support.h
-- Symlinking: /convince_ws/install/pyrobosim_msgs/include/pyrobosim_msgs/pyrobosim_msgs/action/detail/plan_path__functions.h
-- Symlinking: /convince_ws/install/pyrobosim_msgs/include/pyrobosim_msgs/pyrobosim_msgs/action/detail/plan_path__struct.h
-- Symlinking: /convince_ws/install/pyrobosim_msgs/include/pyrobosim_msgs/pyrobosim_msgs/action/detail/plan_path__type_support.h
-- Symlinking: /convince_ws/install/pyrobosim_msgs/include/pyrobosim_msgs/pyrobosim_msgs/action/detect_objects.h
-- Symlinking: /convince_ws/install/pyrobosim_msgs/include/pyrobosim_msgs/pyrobosim_msgs/action/execute_task_action.h
-- Symlinking: /convince_ws/install/pyrobosim_msgs/include/pyrobosim_msgs/pyrobosim_msgs/action/execute_task_plan.h
-- Symlinking: /convince_ws/install/pyrobosim_msgs/include/pyrobosim_msgs/pyrobosim_msgs/action/follow_path.h
-- Symlinking: /convince_ws/install/pyrobosim_msgs/include/pyrobosim_msgs/pyrobosim_msgs/action/plan_path.h
-- Symlinking: /convince_ws/install/pyrobosim_msgs/include/pyrobosim_msgs/pyrobosim_msgs/msg/detail/execution_result__functions.h
-- Symlinking: /convince_ws/install/pyrobosim_msgs/include/pyrobosim_msgs/pyrobosim_msgs/msg/detail/execution_result__struct.h
-- Symlinking: /convince_ws/install/pyrobosim_msgs/include/pyrobosim_msgs/pyrobosim_msgs/msg/detail/execution_result__type_support.h
-- Symlinking: /convince_ws/install/pyrobosim_msgs/include/pyrobosim_msgs/pyrobosim_msgs/msg/detail/goal_predicate__functions.h
-- Symlinking: /convince_ws/install/pyrobosim_msgs/include/pyrobosim_msgs/pyrobosim_msgs/msg/detail/goal_predicate__struct.h
-- Symlinking: /convince_ws/install/pyrobosim_msgs/include/pyrobosim_msgs/pyrobosim_msgs/msg/detail/goal_predicate__type_support.h
-- Symlinking: /convince_ws/install/pyrobosim_msgs/include/pyrobosim_msgs/pyrobosim_msgs/msg/detail/goal_specification__functions.h
-- Symlinking: /convince_ws/install/pyrobosim_msgs/include/pyrobosim_msgs/pyrobosim_msgs/msg/detail/goal_specification__struct.h
-- Symlinking: /convince_ws/install/pyrobosim_msgs/include/pyrobosim_msgs/pyrobosim_msgs/msg/detail/goal_specification__type_support.h
-- Symlinking: /convince_ws/install/pyrobosim_msgs/include/pyrobosim_msgs/pyrobosim_msgs/msg/detail/hallway_state__functions.h
-- Symlinking: /convince_ws/install/pyrobosim_msgs/include/pyrobosim_msgs/pyrobosim_msgs/msg/detail/hallway_state__struct.h
-- Symlinking: /convince_ws/install/pyrobosim_msgs/include/pyrobosim_msgs/pyrobosim_msgs/msg/detail/hallway_state__type_support.h
-- Symlinking: /convince_ws/install/pyrobosim_msgs/include/pyrobosim_msgs/pyrobosim_msgs/msg/detail/location_state__functions.h
-- Symlinking: /convince_ws/install/pyrobosim_msgs/include/pyrobosim_msgs/pyrobosim_msgs/msg/detail/location_state__struct.h
-- Symlinking: /convince_ws/install/pyrobosim_msgs/include/pyrobosim_msgs/pyrobosim_msgs/msg/detail/location_state__type_support.h
-- Symlinking: /convince_ws/install/pyrobosim_msgs/include/pyrobosim_msgs/pyrobosim_msgs/msg/detail/object_state__functions.h
-- Symlinking: /convince_ws/install/pyrobosim_msgs/include/pyrobosim_msgs/pyrobosim_msgs/msg/detail/object_state__struct.h
-- Symlinking: /convince_ws/install/pyrobosim_msgs/include/pyrobosim_msgs/pyrobosim_msgs/msg/detail/object_state__type_support.h
-- Symlinking: /convince_ws/install/pyrobosim_msgs/include/pyrobosim_msgs/pyrobosim_msgs/msg/detail/path__functions.h
-- Symlinking: /convince_ws/install/pyrobosim_msgs/include/pyrobosim_msgs/pyrobosim_msgs/msg/detail/path__struct.h
-- Symlinking: /convince_ws/install/pyrobosim_msgs/include/pyrobosim_msgs/pyrobosim_msgs/msg/detail/path__type_support.h
-- Symlinking: /convince_ws/install/pyrobosim_msgs/include/pyrobosim_msgs/pyrobosim_msgs/msg/detail/robot_state__functions.h
-- Symlinking: /convince_ws/install/pyrobosim_msgs/include/pyrobosim_msgs/pyrobosim_msgs/msg/detail/robot_state__struct.h
-- Symlinking: /convince_ws/install/pyrobosim_msgs/include/pyrobosim_msgs/pyrobosim_msgs/msg/detail/robot_state__type_support.h
-- Symlinking: /convince_ws/install/pyrobosim_msgs/include/pyrobosim_msgs/pyrobosim_msgs/msg/detail/task_action__functions.h
-- Symlinking: /convince_ws/install/pyrobosim_msgs/include/pyrobosim_msgs/pyrobosim_msgs/msg/detail/task_action__struct.h
-- Symlinking: /convince_ws/install/pyrobosim_msgs/include/pyrobosim_msgs/pyrobosim_msgs/msg/detail/task_action__type_support.h
-- Symlinking: /convince_ws/install/pyrobosim_msgs/include/pyrobosim_msgs/pyrobosim_msgs/msg/detail/task_plan__functions.h
-- Symlinking: /convince_ws/install/pyrobosim_msgs/include/pyrobosim_msgs/pyrobosim_msgs/msg/detail/task_plan__struct.h
-- Symlinking: /convince_ws/install/pyrobosim_msgs/include/pyrobosim_msgs/pyrobosim_msgs/msg/detail/task_plan__type_support.h
-- Symlinking: /convince_ws/install/pyrobosim_msgs/include/pyrobosim_msgs/pyrobosim_msgs/msg/detail/world_info__functions.h
-- Symlinking: /convince_ws/install/pyrobosim_msgs/include/pyrobosim_msgs/pyrobosim_msgs/msg/detail/world_info__struct.h
-- Symlinking: /convince_ws/install/pyrobosim_msgs/include/pyrobosim_msgs/pyrobosim_msgs/msg/detail/world_info__type_support.h
-- Symlinking: /convince_ws/install/pyrobosim_msgs/include/pyrobosim_msgs/pyrobosim_msgs/msg/detail/world_state__functions.h
-- Symlinking: /convince_ws/install/pyrobosim_msgs/include/pyrobosim_msgs/pyrobosim_msgs/msg/detail/world_state__struct.h
-- Symlinking: /convince_ws/install/pyrobosim_msgs/include/pyrobosim_msgs/pyrobosim_msgs/msg/detail/world_state__type_support.h
-- Symlinking: /convince_ws/install/pyrobosim_msgs/include/pyrobosim_msgs/pyrobosim_msgs/msg/execution_result.h
-- Symlinking: /convince_ws/install/pyrobosim_msgs/include/pyrobosim_msgs/pyrobosim_msgs/msg/goal_predicate.h
-- Symlinking: /convince_ws/install/pyrobosim_msgs/include/pyrobosim_msgs/pyrobosim_msgs/msg/goal_specification.h
-- Symlinking: /convince_ws/install/pyrobosim_msgs/include/pyrobosim_msgs/pyrobosim_msgs/msg/hallway_state.h
-- Symlinking: /convince_ws/install/pyrobosim_msgs/include/pyrobosim_msgs/pyrobosim_msgs/msg/location_state.h
-- Symlinking: /convince_ws/install/pyrobosim_msgs/include/pyrobosim_msgs/pyrobosim_msgs/msg/object_state.h
-- Symlinking: /convince_ws/install/pyrobosim_msgs/include/pyrobosim_msgs/pyrobosim_msgs/msg/path.h
-- Symlinking: /convince_ws/install/pyrobosim_msgs/include/pyrobosim_msgs/pyrobosim_msgs/msg/robot_state.h
-- Symlinking: /convince_ws/install/pyrobosim_msgs/include/pyrobosim_msgs/pyrobosim_msgs/msg/rosidl_generator_c__visibility_control.h
-- Symlinking: /convince_ws/install/pyrobosim_msgs/include/pyrobosim_msgs/pyrobosim_msgs/msg/task_action.h
-- Symlinking: /convince_ws/install/pyrobosim_msgs/include/pyrobosim_msgs/pyrobosim_msgs/msg/task_plan.h
-- Symlinking: /convince_ws/install/pyrobosim_msgs/include/pyrobosim_msgs/pyrobosim_msgs/msg/world_info.h
-- Symlinking: /convince_ws/install/pyrobosim_msgs/include/pyrobosim_msgs/pyrobosim_msgs/msg/world_state.h
-- Symlinking: /convince_ws/install/pyrobosim_msgs/include/pyrobosim_msgs/pyrobosim_msgs/srv/detail/request_world_info__functions.h
-- Symlinking: /convince_ws/install/pyrobosim_msgs/include/pyrobosim_msgs/pyrobosim_msgs/srv/detail/request_world_info__struct.h
-- Symlinking: /convince_ws/install/pyrobosim_msgs/include/pyrobosim_msgs/pyrobosim_msgs/srv/detail/request_world_info__type_support.h
-- Symlinking: /convince_ws/install/pyrobosim_msgs/include/pyrobosim_msgs/pyrobosim_msgs/srv/detail/request_world_state__functions.h
-- Symlinking: /convince_ws/install/pyrobosim_msgs/include/pyrobosim_msgs/pyrobosim_msgs/srv/detail/request_world_state__struct.h
-- Symlinking: /convince_ws/install/pyrobosim_msgs/include/pyrobosim_msgs/pyrobosim_msgs/srv/detail/request_world_state__type_support.h
-- Symlinking: /convince_ws/install/pyrobosim_msgs/include/pyrobosim_msgs/pyrobosim_msgs/srv/detail/reset_world__functions.h
-- Symlinking: /convince_ws/install/pyrobosim_msgs/include/pyrobosim_msgs/pyrobosim_msgs/srv/detail/reset_world__struct.h
-- Symlinking: /convince_ws/install/pyrobosim_msgs/include/pyrobosim_msgs/pyrobosim_msgs/srv/detail/reset_world__type_support.h
-- Symlinking: /convince_ws/install/pyrobosim_msgs/include/pyrobosim_msgs/pyrobosim_msgs/srv/detail/set_location_state__functions.h
-- Symlinking: /convince_ws/install/pyrobosim_msgs/include/pyrobosim_msgs/pyrobosim_msgs/srv/detail/set_location_state__struct.h
-- Symlinking: /convince_ws/install/pyrobosim_msgs/include/pyrobosim_msgs/pyrobosim_msgs/srv/detail/set_location_state__type_support.h
-- Symlinking: /convince_ws/install/pyrobosim_msgs/include/pyrobosim_msgs/pyrobosim_msgs/srv/request_world_info.h
-- Symlinking: /convince_ws/install/pyrobosim_msgs/include/pyrobosim_msgs/pyrobosim_msgs/srv/request_world_state.h
-- Symlinking: /convince_ws/install/pyrobosim_msgs/include/pyrobosim_msgs/pyrobosim_msgs/srv/reset_world.h
-- Symlinking: /convince_ws/install/pyrobosim_msgs/include/pyrobosim_msgs/pyrobosim_msgs/srv/set_location_state.h
-- Symlinking: /convince_ws/install/pyrobosim_msgs/share/pyrobosim_msgs/environment/library_path.sh
-- Symlinking: /convince_ws/install/pyrobosim_msgs/share/pyrobosim_msgs/environment/library_path.dsv
-- Symlinking: /convince_ws/install/pyrobosim_msgs/include/pyrobosim_msgs/pyrobosim_msgs/action/detail/detect_objects__rosidl_typesupport_fastrtps_c.h
-- Symlinking: /convince_ws/install/pyrobosim_msgs/include/pyrobosim_msgs/pyrobosim_msgs/action/detail/execute_task_action__rosidl_typesupport_fastrtps_c.h
-- Symlinking: /convince_ws/install/pyrobosim_msgs/include/pyrobosim_msgs/pyrobosim_msgs/action/detail/execute_task_plan__rosidl_typesupport_fastrtps_c.h
-- Symlinking: /convince_ws/install/pyrobosim_msgs/include/pyrobosim_msgs/pyrobosim_msgs/action/detail/follow_path__rosidl_typesupport_fastrtps_c.h
-- Symlinking: /convince_ws/install/pyrobosim_msgs/include/pyrobosim_msgs/pyrobosim_msgs/action/detail/plan_path__rosidl_typesupport_fastrtps_c.h
-- Symlinking: /convince_ws/install/pyrobosim_msgs/include/pyrobosim_msgs/pyrobosim_msgs/msg/detail/execution_result__rosidl_typesupport_fastrtps_c.h
-- Symlinking: /convince_ws/install/pyrobosim_msgs/include/pyrobosim_msgs/pyrobosim_msgs/msg/detail/goal_predicate__rosidl_typesupport_fastrtps_c.h
-- Symlinking: /convince_ws/install/pyrobosim_msgs/include/pyrobosim_msgs/pyrobosim_msgs/msg/detail/goal_specification__rosidl_typesupport_fastrtps_c.h
-- Symlinking: /convince_ws/install/pyrobosim_msgs/include/pyrobosim_msgs/pyrobosim_msgs/msg/detail/hallway_state__rosidl_typesupport_fastrtps_c.h
-- Symlinking: /convince_ws/install/pyrobosim_msgs/include/pyrobosim_msgs/pyrobosim_msgs/msg/detail/location_state__rosidl_typesupport_fastrtps_c.h
-- Symlinking: /convince_ws/install/pyrobosim_msgs/include/pyrobosim_msgs/pyrobosim_msgs/msg/detail/object_state__rosidl_typesupport_fastrtps_c.h
-- Symlinking: /convince_ws/install/pyrobosim_msgs/include/pyrobosim_msgs/pyrobosim_msgs/msg/detail/path__rosidl_typesupport_fastrtps_c.h
-- Symlinking: /convince_ws/install/pyrobosim_msgs/include/pyrobosim_msgs/pyrobosim_msgs/msg/detail/robot_state__rosidl_typesupport_fastrtps_c.h
-- Symlinking: /convince_ws/install/pyrobosim_msgs/include/pyrobosim_msgs/pyrobosim_msgs/msg/detail/task_action__rosidl_typesupport_fastrtps_c.h
-- Symlinking: /convince_ws/install/pyrobosim_msgs/include/pyrobosim_msgs/pyrobosim_msgs/msg/detail/task_plan__rosidl_typesupport_fastrtps_c.h
-- Symlinking: /convince_ws/install/pyrobosim_msgs/include/pyrobosim_msgs/pyrobosim_msgs/msg/detail/world_info__rosidl_typesupport_fastrtps_c.h
-- Symlinking: /convince_ws/install/pyrobosim_msgs/include/pyrobosim_msgs/pyrobosim_msgs/msg/detail/world_state__rosidl_typesupport_fastrtps_c.h
-- Symlinking: /convince_ws/install/pyrobosim_msgs/include/pyrobosim_msgs/pyrobosim_msgs/msg/rosidl_typesupport_fastrtps_c__visibility_control.h
-- Symlinking: /convince_ws/install/pyrobosim_msgs/include/pyrobosim_msgs/pyrobosim_msgs/srv/detail/request_world_info__rosidl_typesupport_fastrtps_c.h
-- Symlinking: /convince_ws/install/pyrobosim_msgs/include/pyrobosim_msgs/pyrobosim_msgs/srv/detail/request_world_state__rosidl_typesupport_fastrtps_c.h
-- Symlinking: /convince_ws/install/pyrobosim_msgs/include/pyrobosim_msgs/pyrobosim_msgs/srv/detail/reset_world__rosidl_typesupport_fastrtps_c.h
-- Symlinking: /convince_ws/install/pyrobosim_msgs/include/pyrobosim_msgs/pyrobosim_msgs/srv/detail/set_location_state__rosidl_typesupport_fastrtps_c.h
-- Symlinking: /convince_ws/install/pyrobosim_msgs/include/pyrobosim_msgs/pyrobosim_msgs/action/detail/detect_objects__builder.hpp
-- Symlinking: /convince_ws/install/pyrobosim_msgs/include/pyrobosim_msgs/pyrobosim_msgs/action/detail/detect_objects__struct.hpp
-- Symlinking: /convince_ws/install/pyrobosim_msgs/include/pyrobosim_msgs/pyrobosim_msgs/action/detail/detect_objects__traits.hpp
-- Symlinking: /convince_ws/install/pyrobosim_msgs/include/pyrobosim_msgs/pyrobosim_msgs/action/detail/detect_objects__type_support.hpp
-- Symlinking: /convince_ws/install/pyrobosim_msgs/include/pyrobosim_msgs/pyrobosim_msgs/action/detail/execute_task_action__builder.hpp
-- Symlinking: /convince_ws/install/pyrobosim_msgs/include/pyrobosim_msgs/pyrobosim_msgs/action/detail/execute_task_action__struct.hpp
-- Symlinking: /convince_ws/install/pyrobosim_msgs/include/pyrobosim_msgs/pyrobosim_msgs/action/detail/execute_task_action__traits.hpp
-- Symlinking: /convince_ws/install/pyrobosim_msgs/include/pyrobosim_msgs/pyrobosim_msgs/action/detail/execute_task_action__type_support.hpp
-- Symlinking: /convince_ws/install/pyrobosim_msgs/include/pyrobosim_msgs/pyrobosim_msgs/action/detail/execute_task_plan__builder.hpp
-- Symlinking: /convince_ws/install/pyrobosim_msgs/include/pyrobosim_msgs/pyrobosim_msgs/action/detail/execute_task_plan__struct.hpp
-- Symlinking: /convince_ws/install/pyrobosim_msgs/include/pyrobosim_msgs/pyrobosim_msgs/action/detail/execute_task_plan__traits.hpp
-- Symlinking: /convince_ws/install/pyrobosim_msgs/include/pyrobosim_msgs/pyrobosim_msgs/action/detail/execute_task_plan__type_support.hpp
-- Symlinking: /convince_ws/install/pyrobosim_msgs/include/pyrobosim_msgs/pyrobosim_msgs/action/detail/follow_path__builder.hpp
-- Symlinking: /convince_ws/install/pyrobosim_msgs/include/pyrobosim_msgs/pyrobosim_msgs/action/detail/follow_path__struct.hpp
-- Symlinking: /convince_ws/install/pyrobosim_msgs/include/pyrobosim_msgs/pyrobosim_msgs/action/detail/follow_path__traits.hpp
-- Symlinking: /convince_ws/install/pyrobosim_msgs/include/pyrobosim_msgs/pyrobosim_msgs/action/detail/follow_path__type_support.hpp
-- Symlinking: /convince_ws/install/pyrobosim_msgs/include/pyrobosim_msgs/pyrobosim_msgs/action/detail/plan_path__builder.hpp
-- Symlinking: /convince_ws/install/pyrobosim_msgs/include/pyrobosim_msgs/pyrobosim_msgs/action/detail/plan_path__struct.hpp
-- Symlinking: /convince_ws/install/pyrobosim_msgs/include/pyrobosim_msgs/pyrobosim_msgs/action/detail/plan_path__traits.hpp
-- Symlinking: /convince_ws/install/pyrobosim_msgs/include/pyrobosim_msgs/pyrobosim_msgs/action/detail/plan_path__type_support.hpp
-- Symlinking: /convince_ws/install/pyrobosim_msgs/include/pyrobosim_msgs/pyrobosim_msgs/action/detect_objects.hpp
-- Symlinking: /convince_ws/install/pyrobosim_msgs/include/pyrobosim_msgs/pyrobosim_msgs/action/execute_task_action.hpp
-- Symlinking: /convince_ws/install/pyrobosim_msgs/include/pyrobosim_msgs/pyrobosim_msgs/action/execute_task_plan.hpp
-- Symlinking: /convince_ws/install/pyrobosim_msgs/include/pyrobosim_msgs/pyrobosim_msgs/action/follow_path.hpp
-- Symlinking: /convince_ws/install/pyrobosim_msgs/include/pyrobosim_msgs/pyrobosim_msgs/action/plan_path.hpp
-- Symlinking: /convince_ws/install/pyrobosim_msgs/include/pyrobosim_msgs/pyrobosim_msgs/msg/detail/execution_result__builder.hpp
-- Symlinking: /convince_ws/install/pyrobosim_msgs/include/pyrobosim_msgs/pyrobosim_msgs/msg/detail/execution_result__struct.hpp
-- Symlinking: /convince_ws/install/pyrobosim_msgs/include/pyrobosim_msgs/pyrobosim_msgs/msg/detail/execution_result__traits.hpp
-- Symlinking: /convince_ws/install/pyrobosim_msgs/include/pyrobosim_msgs/pyrobosim_msgs/msg/detail/execution_result__type_support.hpp
-- Symlinking: /convince_ws/install/pyrobosim_msgs/include/pyrobosim_msgs/pyrobosim_msgs/msg/detail/goal_predicate__builder.hpp
-- Symlinking: /convince_ws/install/pyrobosim_msgs/include/pyrobosim_msgs/pyrobosim_msgs/msg/detail/goal_predicate__struct.hpp
-- Symlinking: /convince_ws/install/pyrobosim_msgs/include/pyrobosim_msgs/pyrobosim_msgs/msg/detail/goal_predicate__traits.hpp
-- Symlinking: /convince_ws/install/pyrobosim_msgs/include/pyrobosim_msgs/pyrobosim_msgs/msg/detail/goal_predicate__type_support.hpp
-- Symlinking: /convince_ws/install/pyrobosim_msgs/include/pyrobosim_msgs/pyrobosim_msgs/msg/detail/goal_specification__builder.hpp
-- Symlinking: /convince_ws/install/pyrobosim_msgs/include/pyrobosim_msgs/pyrobosim_msgs/msg/detail/goal_specification__struct.hpp
-- Symlinking: /convince_ws/install/pyrobosim_msgs/include/pyrobosim_msgs/pyrobosim_msgs/msg/detail/goal_specification__traits.hpp
-- Symlinking: /convince_ws/install/pyrobosim_msgs/include/pyrobosim_msgs/pyrobosim_msgs/msg/detail/goal_specification__type_support.hpp
-- Symlinking: /convince_ws/install/pyrobosim_msgs/include/pyrobosim_msgs/pyrobosim_msgs/msg/detail/hallway_state__builder.hpp
-- Symlinking: /convince_ws/install/pyrobosim_msgs/include/pyrobosim_msgs/pyrobosim_msgs/msg/detail/hallway_state__struct.hpp
-- Symlinking: /convince_ws/install/pyrobosim_msgs/include/pyrobosim_msgs/pyrobosim_msgs/msg/detail/hallway_state__traits.hpp
-- Symlinking: /convince_ws/install/pyrobosim_msgs/include/pyrobosim_msgs/pyrobosim_msgs/msg/detail/hallway_state__type_support.hpp
-- Symlinking: /convince_ws/install/pyrobosim_msgs/include/pyrobosim_msgs/pyrobosim_msgs/msg/detail/location_state__builder.hpp
-- Symlinking: /convince_ws/install/pyrobosim_msgs/include/pyrobosim_msgs/pyrobosim_msgs/msg/detail/location_state__struct.hpp
-- Symlinking: /convince_ws/install/pyrobosim_msgs/include/pyrobosim_msgs/pyrobosim_msgs/msg/detail/location_state__traits.hpp
-- Symlinking: /convince_ws/install/pyrobosim_msgs/include/pyrobosim_msgs/pyrobosim_msgs/msg/detail/location_state__type_support.hpp
-- Symlinking: /convince_ws/install/pyrobosim_msgs/include/pyrobosim_msgs/pyrobosim_msgs/msg/detail/object_state__builder.hpp
-- Symlinking: /convince_ws/install/pyrobosim_msgs/include/pyrobosim_msgs/pyrobosim_msgs/msg/detail/object_state__struct.hpp
-- Symlinking: /convince_ws/install/pyrobosim_msgs/include/pyrobosim_msgs/pyrobosim_msgs/msg/detail/object_state__traits.hpp
-- Symlinking: /convince_ws/install/pyrobosim_msgs/include/pyrobosim_msgs/pyrobosim_msgs/msg/detail/object_state__type_support.hpp
-- Symlinking: /convince_ws/install/pyrobosim_msgs/include/pyrobosim_msgs/pyrobosim_msgs/msg/detail/path__builder.hpp
-- Symlinking: /convince_ws/install/pyrobosim_msgs/include/pyrobosim_msgs/pyrobosim_msgs/msg/detail/path__struct.hpp
-- Symlinking: /convince_ws/install/pyrobosim_msgs/include/pyrobosim_msgs/pyrobosim_msgs/msg/detail/path__traits.hpp
-- Symlinking: /convince_ws/install/pyrobosim_msgs/include/pyrobosim_msgs/pyrobosim_msgs/msg/detail/path__type_support.hpp
-- Symlinking: /convince_ws/install/pyrobosim_msgs/include/pyrobosim_msgs/pyrobosim_msgs/msg/detail/robot_state__builder.hpp
-- Symlinking: /convince_ws/install/pyrobosim_msgs/include/pyrobosim_msgs/pyrobosim_msgs/msg/detail/robot_state__struct.hpp
-- Symlinking: /convince_ws/install/pyrobosim_msgs/include/pyrobosim_msgs/pyrobosim_msgs/msg/detail/robot_state__traits.hpp
-- Symlinking: /convince_ws/install/pyrobosim_msgs/include/pyrobosim_msgs/pyrobosim_msgs/msg/detail/robot_state__type_support.hpp
-- Symlinking: /convince_ws/install/pyrobosim_msgs/include/pyrobosim_msgs/pyrobosim_msgs/msg/detail/task_action__builder.hpp
-- Symlinking: /convince_ws/install/pyrobosim_msgs/include/pyrobosim_msgs/pyrobosim_msgs/msg/detail/task_action__struct.hpp
-- Symlinking: /convince_ws/install/pyrobosim_msgs/include/pyrobosim_msgs/pyrobosim_msgs/msg/detail/task_action__traits.hpp
-- Symlinking: /convince_ws/install/pyrobosim_msgs/include/pyrobosim_msgs/pyrobosim_msgs/msg/detail/task_action__type_support.hpp
-- Symlinking: /convince_ws/install/pyrobosim_msgs/include/pyrobosim_msgs/pyrobosim_msgs/msg/detail/task_plan__builder.hpp
-- Symlinking: /convince_ws/install/pyrobosim_msgs/include/pyrobosim_msgs/pyrobosim_msgs/msg/detail/task_plan__struct.hpp
-- Symlinking: /convince_ws/install/pyrobosim_msgs/include/pyrobosim_msgs/pyrobosim_msgs/msg/detail/task_plan__traits.hpp
-- Symlinking: /convince_ws/install/pyrobosim_msgs/include/pyrobosim_msgs/pyrobosim_msgs/msg/detail/task_plan__type_support.hpp
-- Symlinking: /convince_ws/install/pyrobosim_msgs/include/pyrobosim_msgs/pyrobosim_msgs/msg/detail/world_info__builder.hpp
-- Symlinking: /convince_ws/install/pyrobosim_msgs/include/pyrobosim_msgs/pyrobosim_msgs/msg/detail/world_info__struct.hpp
-- Symlinking: /convince_ws/install/pyrobosim_msgs/include/pyrobosim_msgs/pyrobosim_msgs/msg/detail/world_info__traits.hpp
-- Symlinking: /convince_ws/install/pyrobosim_msgs/include/pyrobosim_msgs/pyrobosim_msgs/msg/detail/world_info__type_support.hpp
-- Symlinking: /convince_ws/install/pyrobosim_msgs/include/pyrobosim_msgs/pyrobosim_msgs/msg/detail/world_state__builder.hpp
-- Symlinking: /convince_ws/install/pyrobosim_msgs/include/pyrobosim_msgs/pyrobosim_msgs/msg/detail/world_state__struct.hpp
-- Symlinking: /convince_ws/install/pyrobosim_msgs/include/pyrobosim_msgs/pyrobosim_msgs/msg/detail/world_state__traits.hpp
-- Symlinking: /convince_ws/install/pyrobosim_msgs/include/pyrobosim_msgs/pyrobosim_msgs/msg/detail/world_state__type_support.hpp
-- Symlinking: /convince_ws/install/pyrobosim_msgs/include/pyrobosim_msgs/pyrobosim_msgs/msg/execution_result.hpp
-- Symlinking: /convince_ws/install/pyrobosim_msgs/include/pyrobosim_msgs/pyrobosim_msgs/msg/goal_predicate.hpp
-- Symlinking: /convince_ws/install/pyrobosim_msgs/include/pyrobosim_msgs/pyrobosim_msgs/msg/goal_specification.hpp
-- Symlinking: /convince_ws/install/pyrobosim_msgs/include/pyrobosim_msgs/pyrobosim_msgs/msg/hallway_state.hpp
-- Symlinking: /convince_ws/install/pyrobosim_msgs/include/pyrobosim_msgs/pyrobosim_msgs/msg/location_state.hpp
-- Symlinking: /convince_ws/install/pyrobosim_msgs/include/pyrobosim_msgs/pyrobosim_msgs/msg/object_state.hpp
-- Symlinking: /convince_ws/install/pyrobosim_msgs/include/pyrobosim_msgs/pyrobosim_msgs/msg/path.hpp
-- Symlinking: /convince_ws/install/pyrobosim_msgs/include/pyrobosim_msgs/pyrobosim_msgs/msg/robot_state.hpp
-- Symlinking: /convince_ws/install/pyrobosim_msgs/include/pyrobosim_msgs/pyrobosim_msgs/msg/rosidl_generator_cpp__visibility_control.hpp
-- Symlinking: /convince_ws/install/pyrobosim_msgs/include/pyrobosim_msgs/pyrobosim_msgs/msg/task_action.hpp
-- Symlinking: /convince_ws/install/pyrobosim_msgs/include/pyrobosim_msgs/pyrobosim_msgs/msg/task_plan.hpp
-- Symlinking: /convince_ws/install/pyrobosim_msgs/include/pyrobosim_msgs/pyrobosim_msgs/msg/world_info.hpp
-- Symlinking: /convince_ws/install/pyrobosim_msgs/include/pyrobosim_msgs/pyrobosim_msgs/msg/world_state.hpp
-- Symlinking: /convince_ws/install/pyrobosim_msgs/include/pyrobosim_msgs/pyrobosim_msgs/srv/detail/request_world_info__builder.hpp
-- Symlinking: /convince_ws/install/pyrobosim_msgs/include/pyrobosim_msgs/pyrobosim_msgs/srv/detail/request_world_info__struct.hpp
-- Symlinking: /convince_ws/install/pyrobosim_msgs/include/pyrobosim_msgs/pyrobosim_msgs/srv/detail/request_world_info__traits.hpp
-- Symlinking: /convince_ws/install/pyrobosim_msgs/include/pyrobosim_msgs/pyrobosim_msgs/srv/detail/request_world_info__type_support.hpp
-- Symlinking: /convince_ws/install/pyrobosim_msgs/include/pyrobosim_msgs/pyrobosim_msgs/srv/detail/request_world_state__builder.hpp
-- Symlinking: /convince_ws/install/pyrobosim_msgs/include/pyrobosim_msgs/pyrobosim_msgs/srv/detail/request_world_state__struct.hpp
-- Symlinking: /convince_ws/install/pyrobosim_msgs/include/pyrobosim_msgs/pyrobosim_msgs/srv/detail/request_world_state__traits.hpp
-- Symlinking: /convince_ws/install/pyrobosim_msgs/include/pyrobosim_msgs/pyrobosim_msgs/srv/detail/request_world_state__type_support.hpp
-- Symlinking: /convince_ws/install/pyrobosim_msgs/include/pyrobosim_msgs/pyrobosim_msgs/srv/detail/reset_world__builder.hpp
-- Symlinking: /convince_ws/install/pyrobosim_msgs/include/pyrobosim_msgs/pyrobosim_msgs/srv/detail/reset_world__struct.hpp
-- Symlinking: /convince_ws/install/pyrobosim_msgs/include/pyrobosim_msgs/pyrobosim_msgs/srv/detail/reset_world__traits.hpp
-- Symlinking: /convince_ws/install/pyrobosim_msgs/include/pyrobosim_msgs/pyrobosim_msgs/srv/detail/reset_world__type_support.hpp
-- Symlinking: /convince_ws/install/pyrobosim_msgs/include/pyrobosim_msgs/pyrobosim_msgs/srv/detail/set_location_state__builder.hpp
-- Symlinking: /convince_ws/install/pyrobosim_msgs/include/pyrobosim_msgs/pyrobosim_msgs/srv/detail/set_location_state__struct.hpp
-- Symlinking: /convince_ws/install/pyrobosim_msgs/include/pyrobosim_msgs/pyrobosim_msgs/srv/detail/set_location_state__traits.hpp
-- Symlinking: /convince_ws/install/pyrobosim_msgs/include/pyrobosim_msgs/pyrobosim_msgs/srv/detail/set_location_state__type_support.hpp
-- Symlinking: /convince_ws/install/pyrobosim_msgs/include/pyrobosim_msgs/pyrobosim_msgs/srv/request_world_info.hpp
-- Symlinking: /convince_ws/install/pyrobosim_msgs/include/pyrobosim_msgs/pyrobosim_msgs/srv/request_world_state.hpp
-- Symlinking: /convince_ws/install/pyrobosim_msgs/include/pyrobosim_msgs/pyrobosim_msgs/srv/reset_world.hpp
-- Symlinking: /convince_ws/install/pyrobosim_msgs/include/pyrobosim_msgs/pyrobosim_msgs/srv/set_location_state.hpp
-- Symlinking: /convince_ws/install/pyrobosim_msgs/include/pyrobosim_msgs/pyrobosim_msgs/action/detail/detect_objects__rosidl_typesupport_fastrtps_cpp.hpp
-- Symlinking: /convince_ws/install/pyrobosim_msgs/include/pyrobosim_msgs/pyrobosim_msgs/action/detail/execute_task_action__rosidl_typesupport_fastrtps_cpp.hpp
-- Symlinking: /convince_ws/install/pyrobosim_msgs/include/pyrobosim_msgs/pyrobosim_msgs/action/detail/execute_task_plan__rosidl_typesupport_fastrtps_cpp.hpp
-- Symlinking: /convince_ws/install/pyrobosim_msgs/include/pyrobosim_msgs/pyrobosim_msgs/action/detail/follow_path__rosidl_typesupport_fastrtps_cpp.hpp
-- Symlinking: /convince_ws/install/pyrobosim_msgs/include/pyrobosim_msgs/pyrobosim_msgs/action/detail/plan_path__rosidl_typesupport_fastrtps_cpp.hpp
-- Symlinking: /convince_ws/install/pyrobosim_msgs/include/pyrobosim_msgs/pyrobosim_msgs/msg/detail/execution_result__rosidl_typesupport_fastrtps_cpp.hpp
-- Symlinking: /convince_ws/install/pyrobosim_msgs/include/pyrobosim_msgs/pyrobosim_msgs/msg/detail/goal_predicate__rosidl_typesupport_fastrtps_cpp.hpp
-- Symlinking: /convince_ws/install/pyrobosim_msgs/include/pyrobosim_msgs/pyrobosim_msgs/msg/detail/goal_specification__rosidl_typesupport_fastrtps_cpp.hpp
-- Symlinking: /convince_ws/install/pyrobosim_msgs/include/pyrobosim_msgs/pyrobosim_msgs/msg/detail/hallway_state__rosidl_typesupport_fastrtps_cpp.hpp
-- Symlinking: /convince_ws/install/pyrobosim_msgs/include/pyrobosim_msgs/pyrobosim_msgs/msg/detail/location_state__rosidl_typesupport_fastrtps_cpp.hpp
-- Symlinking: /convince_ws/install/pyrobosim_msgs/include/pyrobosim_msgs/pyrobosim_msgs/msg/detail/object_state__rosidl_typesupport_fastrtps_cpp.hpp
-- Symlinking: /convince_ws/install/pyrobosim_msgs/include/pyrobosim_msgs/pyrobosim_msgs/msg/detail/path__rosidl_typesupport_fastrtps_cpp.hpp
-- Symlinking: /convince_ws/install/pyrobosim_msgs/include/pyrobosim_msgs/pyrobosim_msgs/msg/detail/robot_state__rosidl_typesupport_fastrtps_cpp.hpp
-- Symlinking: /convince_ws/install/pyrobosim_msgs/include/pyrobosim_msgs/pyrobosim_msgs/msg/detail/task_action__rosidl_typesupport_fastrtps_cpp.hpp
-- Symlinking: /convince_ws/install/pyrobosim_msgs/include/pyrobosim_msgs/pyrobosim_msgs/msg/detail/task_plan__rosidl_typesupport_fastrtps_cpp.hpp
-- Symlinking: /convince_ws/install/pyrobosim_msgs/include/pyrobosim_msgs/pyrobosim_msgs/msg/detail/world_info__rosidl_typesupport_fastrtps_cpp.hpp
-- Symlinking: /convince_ws/install/pyrobosim_msgs/include/pyrobosim_msgs/pyrobosim_msgs/msg/detail/world_state__rosidl_typesupport_fastrtps_cpp.hpp
-- Symlinking: /convince_ws/install/pyrobosim_msgs/include/pyrobosim_msgs/pyrobosim_msgs/msg/rosidl_typesupport_fastrtps_cpp__visibility_control.h
-- Symlinking: /convince_ws/install/pyrobosim_msgs/include/pyrobosim_msgs/pyrobosim_msgs/srv/detail/request_world_info__rosidl_typesupport_fastrtps_cpp.hpp
-- Symlinking: /convince_ws/install/pyrobosim_msgs/include/pyrobosim_msgs/pyrobosim_msgs/srv/detail/request_world_state__rosidl_typesupport_fastrtps_cpp.hpp
-- Symlinking: /convince_ws/install/pyrobosim_msgs/include/pyrobosim_msgs/pyrobosim_msgs/srv/detail/reset_world__rosidl_typesupport_fastrtps_cpp.hpp
-- Symlinking: /convince_ws/install/pyrobosim_msgs/include/pyrobosim_msgs/pyrobosim_msgs/srv/detail/set_location_state__rosidl_typesupport_fastrtps_cpp.hpp
-- Symlinking: /convince_ws/install/pyrobosim_msgs/include/pyrobosim_msgs/pyrobosim_msgs/action/detail/detect_objects__rosidl_typesupport_introspection_c.h
-- Symlinking: /convince_ws/install/pyrobosim_msgs/include/pyrobosim_msgs/pyrobosim_msgs/action/detail/execute_task_action__rosidl_typesupport_introspection_c.h
-- Symlinking: /convince_ws/install/pyrobosim_msgs/include/pyrobosim_msgs/pyrobosim_msgs/action/detail/execute_task_plan__rosidl_typesupport_introspection_c.h
-- Symlinking: /convince_ws/install/pyrobosim_msgs/include/pyrobosim_msgs/pyrobosim_msgs/action/detail/follow_path__rosidl_typesupport_introspection_c.h
-- Symlinking: /convince_ws/install/pyrobosim_msgs/include/pyrobosim_msgs/pyrobosim_msgs/action/detail/plan_path__rosidl_typesupport_introspection_c.h
-- Symlinking: /convince_ws/install/pyrobosim_msgs/include/pyrobosim_msgs/pyrobosim_msgs/msg/detail/execution_result__rosidl_typesupport_introspection_c.h
-- Symlinking: /convince_ws/install/pyrobosim_msgs/include/pyrobosim_msgs/pyrobosim_msgs/msg/detail/goal_predicate__rosidl_typesupport_introspection_c.h
-- Symlinking: /convince_ws/install/pyrobosim_msgs/include/pyrobosim_msgs/pyrobosim_msgs/msg/detail/goal_specification__rosidl_typesupport_introspection_c.h
-- Symlinking: /convince_ws/install/pyrobosim_msgs/include/pyrobosim_msgs/pyrobosim_msgs/msg/detail/hallway_state__rosidl_typesupport_introspection_c.h
-- Symlinking: /convince_ws/install/pyrobosim_msgs/include/pyrobosim_msgs/pyrobosim_msgs/msg/detail/location_state__rosidl_typesupport_introspection_c.h
-- Symlinking: /convince_ws/install/pyrobosim_msgs/include/pyrobosim_msgs/pyrobosim_msgs/msg/detail/object_state__rosidl_typesupport_introspection_c.h
-- Symlinking: /convince_ws/install/pyrobosim_msgs/include/pyrobosim_msgs/pyrobosim_msgs/msg/detail/path__rosidl_typesupport_introspection_c.h
-- Symlinking: /convince_ws/install/pyrobosim_msgs/include/pyrobosim_msgs/pyrobosim_msgs/msg/detail/robot_state__rosidl_typesupport_introspection_c.h
-- Symlinking: /convince_ws/install/pyrobosim_msgs/include/pyrobosim_msgs/pyrobosim_msgs/msg/detail/task_action__rosidl_typesupport_introspection_c.h
-- Symlinking: /convince_ws/install/pyrobosim_msgs/include/pyrobosim_msgs/pyrobosim_msgs/msg/detail/task_plan__rosidl_typesupport_introspection_c.h
-- Symlinking: /convince_ws/install/pyrobosim_msgs/include/pyrobosim_msgs/pyrobosim_msgs/msg/detail/world_info__rosidl_typesupport_introspection_c.h
-- Symlinking: /convince_ws/install/pyrobosim_msgs/include/pyrobosim_msgs/pyrobosim_msgs/msg/detail/world_state__rosidl_typesupport_introspection_c.h
-- Symlinking: /convince_ws/install/pyrobosim_msgs/include/pyrobosim_msgs/pyrobosim_msgs/msg/rosidl_typesupport_introspection_c__visibility_control.h
-- Symlinking: /convince_ws/install/pyrobosim_msgs/include/pyrobosim_msgs/pyrobosim_msgs/srv/detail/request_world_info__rosidl_typesupport_introspection_c.h
-- Symlinking: /convince_ws/install/pyrobosim_msgs/include/pyrobosim_msgs/pyrobosim_msgs/srv/detail/request_world_state__rosidl_typesupport_introspection_c.h
-- Symlinking: /convince_ws/install/pyrobosim_msgs/include/pyrobosim_msgs/pyrobosim_msgs/srv/detail/reset_world__rosidl_typesupport_introspection_c.h
-- Symlinking: /convince_ws/install/pyrobosim_msgs/include/pyrobosim_msgs/pyrobosim_msgs/srv/detail/set_location_state__rosidl_typesupport_introspection_c.h
-- Symlinking: /convince_ws/install/pyrobosim_msgs/include/pyrobosim_msgs/pyrobosim_msgs/action/detail/detect_objects__rosidl_typesupport_introspection_cpp.hpp
-- Symlinking: /convince_ws/install/pyrobosim_msgs/include/pyrobosim_msgs/pyrobosim_msgs/action/detail/execute_task_action__rosidl_typesupport_introspection_cpp.hpp
-- Symlinking: /convince_ws/install/pyrobosim_msgs/include/pyrobosim_msgs/pyrobosim_msgs/action/detail/execute_task_plan__rosidl_typesupport_introspection_cpp.hpp
-- Symlinking: /convince_ws/install/pyrobosim_msgs/include/pyrobosim_msgs/pyrobosim_msgs/action/detail/follow_path__rosidl_typesupport_introspection_cpp.hpp
-- Symlinking: /convince_ws/install/pyrobosim_msgs/include/pyrobosim_msgs/pyrobosim_msgs/action/detail/plan_path__rosidl_typesupport_introspection_cpp.hpp
-- Symlinking: /convince_ws/install/pyrobosim_msgs/include/pyrobosim_msgs/pyrobosim_msgs/msg/detail/execution_result__rosidl_typesupport_introspection_cpp.hpp
-- Symlinking: /convince_ws/install/pyrobosim_msgs/include/pyrobosim_msgs/pyrobosim_msgs/msg/detail/goal_predicate__rosidl_typesupport_introspection_cpp.hpp
-- Symlinking: /convince_ws/install/pyrobosim_msgs/include/pyrobosim_msgs/pyrobosim_msgs/msg/detail/goal_specification__rosidl_typesupport_introspection_cpp.hpp
-- Symlinking: /convince_ws/install/pyrobosim_msgs/include/pyrobosim_msgs/pyrobosim_msgs/msg/detail/hallway_state__rosidl_typesupport_introspection_cpp.hpp
-- Symlinking: /convince_ws/install/pyrobosim_msgs/include/pyrobosim_msgs/pyrobosim_msgs/msg/detail/location_state__rosidl_typesupport_introspection_cpp.hpp
-- Symlinking: /convince_ws/install/pyrobosim_msgs/include/pyrobosim_msgs/pyrobosim_msgs/msg/detail/object_state__rosidl_typesupport_introspection_cpp.hpp
-- Symlinking: /convince_ws/install/pyrobosim_msgs/include/pyrobosim_msgs/pyrobosim_msgs/msg/detail/path__rosidl_typesupport_introspection_cpp.hpp
-- Symlinking: /convince_ws/install/pyrobosim_msgs/include/pyrobosim_msgs/pyrobosim_msgs/msg/detail/robot_state__rosidl_typesupport_introspection_cpp.hpp
-- Symlinking: /convince_ws/install/pyrobosim_msgs/include/pyrobosim_msgs/pyrobosim_msgs/msg/detail/task_action__rosidl_typesupport_introspection_cpp.hpp
-- Symlinking: /convince_ws/install/pyrobosim_msgs/include/pyrobosim_msgs/pyrobosim_msgs/msg/detail/task_plan__rosidl_typesupport_introspection_cpp.hpp
-- Symlinking: /convince_ws/install/pyrobosim_msgs/include/pyrobosim_msgs/pyrobosim_msgs/msg/detail/world_info__rosidl_typesupport_introspection_cpp.hpp
-- Symlinking: /convince_ws/install/pyrobosim_msgs/include/pyrobosim_msgs/pyrobosim_msgs/msg/detail/world_state__rosidl_typesupport_introspection_cpp.hpp
-- Symlinking: /convince_ws/install/pyrobosim_msgs/include/pyrobosim_msgs/pyrobosim_msgs/srv/detail/request_world_info__rosidl_typesupport_introspection_cpp.hpp
-- Symlinking: /convince_ws/install/pyrobosim_msgs/include/pyrobosim_msgs/pyrobosim_msgs/srv/detail/request_world_state__rosidl_typesupport_introspection_cpp.hpp
-- Symlinking: /convince_ws/install/pyrobosim_msgs/include/pyrobosim_msgs/pyrobosim_msgs/srv/detail/reset_world__rosidl_typesupport_introspection_cpp.hpp
-- Symlinking: /convince_ws/install/pyrobosim_msgs/include/pyrobosim_msgs/pyrobosim_msgs/srv/detail/set_location_state__rosidl_typesupport_introspection_cpp.hpp
-- Symlinking: /convince_ws/install/pyrobosim_msgs/share/pyrobosim_msgs/environment/pythonpath.sh
-- Symlinking: /convince_ws/install/pyrobosim_msgs/share/pyrobosim_msgs/environment/pythonpath.dsv
-- Symlinking: /convince_ws/install/pyrobosim_msgs/lib/python3.12/site-packages/pyrobosim_msgs-4.3.3-py3.12.egg-info/PKG-INFO
-- Symlinking: /convince_ws/install/pyrobosim_msgs/lib/python3.12/site-packages/pyrobosim_msgs-4.3.3-py3.12.egg-info/SOURCES.txt
-- Symlinking: /convince_ws/install/pyrobosim_msgs/lib/python3.12/site-packages/pyrobosim_msgs-4.3.3-py3.12.egg-info/dependency_links.txt
-- Symlinking: /convince_ws/install/pyrobosim_msgs/lib/python3.12/site-packages/pyrobosim_msgs-4.3.3-py3.12.egg-info/top_level.txt
-- Symlinking: /convince_ws/install/pyrobosim_msgs/lib/python3.12/site-packages/pyrobosim_msgs/__init__.py
-- Symlinking: /convince_ws/install/pyrobosim_msgs/lib/python3.12/site-packages/pyrobosim_msgs/_pyrobosim_msgs_s.ep.rosidl_typesupport_c.c
-- Symlinking: /convince_ws/install/pyrobosim_msgs/lib/python3.12/site-packages/pyrobosim_msgs/_pyrobosim_msgs_s.ep.rosidl_typesupport_fastrtps_c.c
-- Symlinking: /convince_ws/install/pyrobosim_msgs/lib/python3.12/site-packages/pyrobosim_msgs/_pyrobosim_msgs_s.ep.rosidl_typesupport_introspection_c.c
-- Symlinking: /convince_ws/install/pyrobosim_msgs/lib/python3.12/site-packages/pyrobosim_msgs/action/__init__.py
-- Symlinking: /convince_ws/install/pyrobosim_msgs/lib/python3.12/site-packages/pyrobosim_msgs/action/_detect_objects.py
-- Symlinking: /convince_ws/install/pyrobosim_msgs/lib/python3.12/site-packages/pyrobosim_msgs/action/_detect_objects_s.c
-- Symlinking: /convince_ws/install/pyrobosim_msgs/lib/python3.12/site-packages/pyrobosim_msgs/action/_execute_task_action.py
-- Symlinking: /convince_ws/install/pyrobosim_msgs/lib/python3.12/site-packages/pyrobosim_msgs/action/_execute_task_action_s.c
-- Symlinking: /convince_ws/install/pyrobosim_msgs/lib/python3.12/site-packages/pyrobosim_msgs/action/_execute_task_plan.py
-- Symlinking: /convince_ws/install/pyrobosim_msgs/lib/python3.12/site-packages/pyrobosim_msgs/action/_execute_task_plan_s.c
-- Symlinking: /convince_ws/install/pyrobosim_msgs/lib/python3.12/site-packages/pyrobosim_msgs/action/_follow_path.py
-- Symlinking: /convince_ws/install/pyrobosim_msgs/lib/python3.12/site-packages/pyrobosim_msgs/action/_follow_path_s.c
-- Symlinking: /convince_ws/install/pyrobosim_msgs/lib/python3.12/site-packages/pyrobosim_msgs/action/_plan_path.py
-- Symlinking: /convince_ws/install/pyrobosim_msgs/lib/python3.12/site-packages/pyrobosim_msgs/action/_plan_path_s.c
-- Symlinking: /convince_ws/install/pyrobosim_msgs/lib/python3.12/site-packages/pyrobosim_msgs/msg/__init__.py
-- Symlinking: /convince_ws/install/pyrobosim_msgs/lib/python3.12/site-packages/pyrobosim_msgs/msg/_execution_result.py
-- Symlinking: /convince_ws/install/pyrobosim_msgs/lib/python3.12/site-packages/pyrobosim_msgs/msg/_execution_result_s.c
-- Symlinking: /convince_ws/install/pyrobosim_msgs/lib/python3.12/site-packages/pyrobosim_msgs/msg/_goal_predicate.py
-- Symlinking: /convince_ws/install/pyrobosim_msgs/lib/python3.12/site-packages/pyrobosim_msgs/msg/_goal_predicate_s.c
-- Symlinking: /convince_ws/install/pyrobosim_msgs/lib/python3.12/site-packages/pyrobosim_msgs/msg/_goal_specification.py
-- Symlinking: /convince_ws/install/pyrobosim_msgs/lib/python3.12/site-packages/pyrobosim_msgs/msg/_goal_specification_s.c
-- Symlinking: /convince_ws/install/pyrobosim_msgs/lib/python3.12/site-packages/pyrobosim_msgs/msg/_hallway_state.py
-- Symlinking: /convince_ws/install/pyrobosim_msgs/lib/python3.12/site-packages/pyrobosim_msgs/msg/_hallway_state_s.c
-- Symlinking: /convince_ws/install/pyrobosim_msgs/lib/python3.12/site-packages/pyrobosim_msgs/msg/_location_state.py
-- Symlinking: /convince_ws/install/pyrobosim_msgs/lib/python3.12/site-packages/pyrobosim_msgs/msg/_location_state_s.c
-- Symlinking: /convince_ws/install/pyrobosim_msgs/lib/python3.12/site-packages/pyrobosim_msgs/msg/_object_state.py
-- Symlinking: /convince_ws/install/pyrobosim_msgs/lib/python3.12/site-packages/pyrobosim_msgs/msg/_object_state_s.c
-- Symlinking: /convince_ws/install/pyrobosim_msgs/lib/python3.12/site-packages/pyrobosim_msgs/msg/_path.py
-- Symlinking: /convince_ws/install/pyrobosim_msgs/lib/python3.12/site-packages/pyrobosim_msgs/msg/_path_s.c
-- Symlinking: /convince_ws/install/pyrobosim_msgs/lib/python3.12/site-packages/pyrobosim_msgs/msg/_robot_state.py
-- Symlinking: /convince_ws/install/pyrobosim_msgs/lib/python3.12/site-packages/pyrobosim_msgs/msg/_robot_state_s.c
-- Symlinking: /convince_ws/install/pyrobosim_msgs/lib/python3.12/site-packages/pyrobosim_msgs/msg/_task_action.py
-- Symlinking: /convince_ws/install/pyrobosim_msgs/lib/python3.12/site-packages/pyrobosim_msgs/msg/_task_action_s.c
-- Symlinking: /convince_ws/install/pyrobosim_msgs/lib/python3.12/site-packages/pyrobosim_msgs/msg/_task_plan.py
-- Symlinking: /convince_ws/install/pyrobosim_msgs/lib/python3.12/site-packages/pyrobosim_msgs/msg/_task_plan_s.c
-- Symlinking: /convince_ws/install/pyrobosim_msgs/lib/python3.12/site-packages/pyrobosim_msgs/msg/_world_info.py
-- Symlinking: /convince_ws/install/pyrobosim_msgs/lib/python3.12/site-packages/pyrobosim_msgs/msg/_world_info_s.c
-- Symlinking: /convince_ws/install/pyrobosim_msgs/lib/python3.12/site-packages/pyrobosim_msgs/msg/_world_state.py
-- Symlinking: /convince_ws/install/pyrobosim_msgs/lib/python3.12/site-packages/pyrobosim_msgs/msg/_world_state_s.c
-- Symlinking: /convince_ws/install/pyrobosim_msgs/lib/python3.12/site-packages/pyrobosim_msgs/pyrobosim_msgs_s__rosidl_typesupport_c.so
-- Symlinking: /convince_ws/install/pyrobosim_msgs/lib/python3.12/site-packages/pyrobosim_msgs/pyrobosim_msgs_s__rosidl_typesupport_fastrtps_c.so
-- Symlinking: /convince_ws/install/pyrobosim_msgs/lib/python3.12/site-packages/pyrobosim_msgs/pyrobosim_msgs_s__rosidl_typesupport_introspection_c.so
-- Symlinking: /convince_ws/install/pyrobosim_msgs/lib/python3.12/site-packages/pyrobosim_msgs/srv/__init__.py
-- Symlinking: /convince_ws/install/pyrobosim_msgs/lib/python3.12/site-packages/pyrobosim_msgs/srv/_request_world_info.py
-- Symlinking: /convince_ws/install/pyrobosim_msgs/lib/python3.12/site-packages/pyrobosim_msgs/srv/_request_world_info_s.c
-- Symlinking: /convince_ws/install/pyrobosim_msgs/lib/python3.12/site-packages/pyrobosim_msgs/srv/_request_world_state.py
-- Symlinking: /convince_ws/install/pyrobosim_msgs/lib/python3.12/site-packages/pyrobosim_msgs/srv/_request_world_state_s.c
-- Symlinking: /convince_ws/install/pyrobosim_msgs/lib/python3.12/site-packages/pyrobosim_msgs/srv/_reset_world.py
-- Symlinking: /convince_ws/install/pyrobosim_msgs/lib/python3.12/site-packages/pyrobosim_msgs/srv/_reset_world_s.c
-- Symlinking: /convince_ws/install/pyrobosim_msgs/lib/python3.12/site-packages/pyrobosim_msgs/srv/_set_location_state.py
-- Symlinking: /convince_ws/install/pyrobosim_msgs/lib/python3.12/site-packages/pyrobosim_msgs/srv/_set_location_state_s.c
-- Up-to-date symlink: /convince_ws/install/pyrobosim_msgs/lib/python3.12/site-packages/pyrobosim_msgs/pyrobosim_msgs_s__rosidl_typesupport_fastrtps_c.so
-- Up-to-date symlink: /convince_ws/install/pyrobosim_msgs/lib/python3.12/site-packages/pyrobosim_msgs/pyrobosim_msgs_s__rosidl_typesupport_introspection_c.so
-- Up-to-date symlink: /convince_ws/install/pyrobosim_msgs/lib/python3.12/site-packages/pyrobosim_msgs/pyrobosim_msgs_s__rosidl_typesupport_c.so
-- Symlinking: /convince_ws/install/pyrobosim_msgs/share/pyrobosim_msgs/msg/ExecutionResult.idl
-- Symlinking: /convince_ws/install/pyrobosim_msgs/share/pyrobosim_msgs/msg/GoalPredicate.idl
-- Symlinking: /convince_ws/install/pyrobosim_msgs/share/pyrobosim_msgs/msg/GoalSpecification.idl
-- Symlinking: /convince_ws/install/pyrobosim_msgs/share/pyrobosim_msgs/msg/HallwayState.idl
-- Symlinking: /convince_ws/install/pyrobosim_msgs/share/pyrobosim_msgs/msg/LocationState.idl
-- Symlinking: /convince_ws/install/pyrobosim_msgs/share/pyrobosim_msgs/msg/ObjectState.idl
-- Symlinking: /convince_ws/install/pyrobosim_msgs/share/pyrobosim_msgs/msg/Path.idl
-- Symlinking: /convince_ws/install/pyrobosim_msgs/share/pyrobosim_msgs/msg/RobotState.idl
-- Symlinking: /convince_ws/install/pyrobosim_msgs/share/pyrobosim_msgs/msg/TaskAction.idl
-- Symlinking: /convince_ws/install/pyrobosim_msgs/share/pyrobosim_msgs/msg/TaskPlan.idl
-- Symlinking: /convince_ws/install/pyrobosim_msgs/share/pyrobosim_msgs/msg/WorldInfo.idl
-- Symlinking: /convince_ws/install/pyrobosim_msgs/share/pyrobosim_msgs/msg/WorldState.idl
-- Symlinking: /convince_ws/install/pyrobosim_msgs/share/pyrobosim_msgs/srv/RequestWorldInfo.idl
-- Symlinking: /convince_ws/install/pyrobosim_msgs/share/pyrobosim_msgs/srv/RequestWorldState.idl
-- Symlinking: /convince_ws/install/pyrobosim_msgs/share/pyrobosim_msgs/srv/ResetWorld.idl
-- Symlinking: /convince_ws/install/pyrobosim_msgs/share/pyrobosim_msgs/srv/SetLocationState.idl
-- Symlinking: /convince_ws/install/pyrobosim_msgs/share/pyrobosim_msgs/action/DetectObjects.idl
-- Symlinking: /convince_ws/install/pyrobosim_msgs/share/pyrobosim_msgs/action/ExecuteTaskAction.idl
-- Symlinking: /convince_ws/install/pyrobosim_msgs/share/pyrobosim_msgs/action/ExecuteTaskPlan.idl
-- Symlinking: /convince_ws/install/pyrobosim_msgs/share/pyrobosim_msgs/action/FollowPath.idl
-- Symlinking: /convince_ws/install/pyrobosim_msgs/share/pyrobosim_msgs/action/PlanPath.idl
-- Symlinking: /convince_ws/install/pyrobosim_msgs/share/pyrobosim_msgs/msg/ExecutionResult.msg
-- Symlinking: /convince_ws/install/pyrobosim_msgs/share/pyrobosim_msgs/msg/GoalPredicate.msg
-- Symlinking: /convince_ws/install/pyrobosim_msgs/share/pyrobosim_msgs/msg/GoalSpecification.msg
-- Symlinking: /convince_ws/install/pyrobosim_msgs/share/pyrobosim_msgs/msg/HallwayState.msg
-- Symlinking: /convince_ws/install/pyrobosim_msgs/share/pyrobosim_msgs/msg/LocationState.msg
-- Symlinking: /convince_ws/install/pyrobosim_msgs/share/pyrobosim_msgs/msg/ObjectState.msg
-- Symlinking: /convince_ws/install/pyrobosim_msgs/share/pyrobosim_msgs/msg/Path.msg
-- Symlinking: /convince_ws/install/pyrobosim_msgs/share/pyrobosim_msgs/msg/RobotState.msg
-- Symlinking: /convince_ws/install/pyrobosim_msgs/share/pyrobosim_msgs/msg/TaskAction.msg
-- Symlinking: /convince_ws/install/pyrobosim_msgs/share/pyrobosim_msgs/msg/TaskPlan.msg
-- Symlinking: /convince_ws/install/pyrobosim_msgs/share/pyrobosim_msgs/msg/WorldInfo.msg
-- Symlinking: /convince_ws/install/pyrobosim_msgs/share/pyrobosim_msgs/msg/WorldState.msg
-- Symlinking: /convince_ws/install/pyrobosim_msgs/share/pyrobosim_msgs/srv/RequestWorldInfo.srv
-- Symlinking: /convince_ws/install/pyrobosim_msgs/share/pyrobosim_msgs/srv/RequestWorldState.srv
-- Symlinking: /convince_ws/install/pyrobosim_msgs/share/pyrobosim_msgs/srv/ResetWorld.srv
-- Symlinking: /convince_ws/install/pyrobosim_msgs/share/pyrobosim_msgs/srv/SetLocationState.srv
-- Symlinking: /convince_ws/install/pyrobosim_msgs/share/pyrobosim_msgs/action/DetectObjects.action
-- Symlinking: /convince_ws/install/pyrobosim_msgs/share/pyrobosim_msgs/action/ExecuteTaskAction.action
-- Symlinking: /convince_ws/install/pyrobosim_msgs/share/pyrobosim_msgs/action/ExecuteTaskPlan.action
-- Symlinking: /convince_ws/install/pyrobosim_msgs/share/pyrobosim_msgs/action/FollowPath.action
-- Symlinking: /convince_ws/install/pyrobosim_msgs/share/pyrobosim_msgs/action/PlanPath.action
-- Symlinking: /convince_ws/install/pyrobosim_msgs/share/ament_index/resource_index/package_run_dependencies/pyrobosim_msgs
-- Symlinking: /convince_ws/install/pyrobosim_msgs/share/ament_index/resource_index/parent_prefix_path/pyrobosim_msgs
-- Symlinking: /convince_ws/install/pyrobosim_msgs/share/pyrobosim_msgs/environment/ament_prefix_path.sh
-- Symlinking: /convince_ws/install/pyrobosim_msgs/share/pyrobosim_msgs/environment/ament_prefix_path.dsv
-- Symlinking: /convince_ws/install/pyrobosim_msgs/share/pyrobosim_msgs/environment/path.sh
-- Symlinking: /convince_ws/install/pyrobosim_msgs/share/pyrobosim_msgs/environment/path.dsv
-- Symlinking: /convince_ws/install/pyrobosim_msgs/share/pyrobosim_msgs/local_setup.bash
-- Symlinking: /convince_ws/install/pyrobosim_msgs/share/pyrobosim_msgs/local_setup.sh
-- Symlinking: /convince_ws/install/pyrobosim_msgs/share/pyrobosim_msgs/local_setup.zsh
-- Symlinking: /convince_ws/install/pyrobosim_msgs/share/pyrobosim_msgs/local_setup.dsv
-- Symlinking: /convince_ws/install/pyrobosim_msgs/share/pyrobosim_msgs/package.dsv
-- Symlinking: /convince_ws/install/pyrobosim_msgs/share/ament_index/resource_index/packages/pyrobosim_msgs
-- Symlinking: /convince_ws/install/pyrobosim_msgs/share/pyrobosim_msgs/cmake/rosidl_cmake-extras.cmake
-- Symlinking: /convince_ws/install/pyrobosim_msgs/share/pyrobosim_msgs/cmake/ament_cmake_export_dependencies-extras.cmake
-- Symlinking: /convince_ws/install/pyrobosim_msgs/share/pyrobosim_msgs/cmake/ament_cmake_export_include_directories-extras.cmake
-- Symlinking: /convince_ws/install/pyrobosim_msgs/share/pyrobosim_msgs/cmake/ament_cmake_export_libraries-extras.cmake
-- Symlinking: /convince_ws/install/pyrobosim_msgs/share/pyrobosim_msgs/cmake/ament_cmake_export_targets-extras.cmake
-- Symlinking: /convince_ws/install/pyrobosim_msgs/share/pyrobosim_msgs/cmake/rosidl_cmake_export_typesupport_targets-extras.cmake
-- Symlinking: /convince_ws/install/pyrobosim_msgs/share/pyrobosim_msgs/cmake/rosidl_cmake_export_typesupport_libraries-extras.cmake
-- Symlinking: /convince_ws/install/pyrobosim_msgs/share/pyrobosim_msgs/cmake/pyrobosim_msgsConfig.cmake
-- Symlinking: /convince_ws/install/pyrobosim_msgs/share/pyrobosim_msgs/cmake/pyrobosim_msgsConfig-version.cmake
-- Symlinking: /convince_ws/install/pyrobosim_msgs/share/pyrobosim_msgs/package.xml
-- Installing: /convince_ws/install/pyrobosim_msgs/lib/libpyrobosim_msgs__rosidl_generator_c.so
-- Set non-toolchain portion of runtime path of "/convince_ws/install/pyrobosim_msgs/lib/libpyrobosim_msgs__rosidl_generator_c.so" to ""
-- Installing: /convince_ws/install/pyrobosim_msgs/lib/libpyrobosim_msgs__rosidl_typesupport_fastrtps_c.so
-- Set non-toolchain portion of runtime path of "/convince_ws/install/pyrobosim_msgs/lib/libpyrobosim_msgs__rosidl_typesupport_fastrtps_c.so" to ""
-- Installing: /convince_ws/install/pyrobosim_msgs/lib/libpyrobosim_msgs__rosidl_typesupport_fastrtps_cpp.so
-- Set non-toolchain portion of runtime path of "/convince_ws/install/pyrobosim_msgs/lib/libpyrobosim_msgs__rosidl_typesupport_fastrtps_cpp.so" to ""
-- Installing: /convince_ws/install/pyrobosim_msgs/lib/libpyrobosim_msgs__rosidl_typesupport_introspection_c.so
-- Set non-toolchain portion of runtime path of "/convince_ws/install/pyrobosim_msgs/lib/libpyrobosim_msgs__rosidl_typesupport_introspection_c.so" to ""
-- Installing: /convince_ws/install/pyrobosim_msgs/lib/libpyrobosim_msgs__rosidl_typesupport_c.so
-- Set non-toolchain portion of runtime path of "/convince_ws/install/pyrobosim_msgs/lib/libpyrobosim_msgs__rosidl_typesupport_c.so" to ""
-- Installing: /convince_ws/install/pyrobosim_msgs/lib/libpyrobosim_msgs__rosidl_typesupport_introspection_cpp.so
-- Set non-toolchain portion of runtime path of "/convince_ws/install/pyrobosim_msgs/lib/libpyrobosim_msgs__rosidl_typesupport_introspection_cpp.so" to ""
-- Installing: /convince_ws/install/pyrobosim_msgs/lib/libpyrobosim_msgs__rosidl_typesupport_cpp.so
-- Set non-toolchain portion of runtime path of "/convince_ws/install/pyrobosim_msgs/lib/libpyrobosim_msgs__rosidl_typesupport_cpp.so" to ""
Listing '/convince_ws/install/pyrobosim_msgs/lib/python3.12/site-packages/pyrobosim_msgs'...
Compiling '/convince_ws/install/pyrobosim_msgs/lib/python3.12/site-packages/pyrobosim_msgs/__init__.py'...
Listing '/convince_ws/install/pyrobosim_msgs/lib/python3.12/site-packages/pyrobosim_msgs/action'...
Compiling '/convince_ws/install/pyrobosim_msgs/lib/python3.12/site-packages/pyrobosim_msgs/action/__init__.py'...
Compiling '/convince_ws/install/pyrobosim_msgs/lib/python3.12/site-packages/pyrobosim_msgs/action/_detect_objects.py'...
Compiling '/convince_ws/install/pyrobosim_msgs/lib/python3.12/site-packages/pyrobosim_msgs/action/_execute_task_action.py'...
Compiling '/convince_ws/install/pyrobosim_msgs/lib/python3.12/site-packages/pyrobosim_msgs/action/_execute_task_plan.py'...
Compiling '/convince_ws/install/pyrobosim_msgs/lib/python3.12/site-packages/pyrobosim_msgs/action/_follow_path.py'...
Compiling '/convince_ws/install/pyrobosim_msgs/lib/python3.12/site-packages/pyrobosim_msgs/action/_plan_path.py'...
Listing '/convince_ws/install/pyrobosim_msgs/lib/python3.12/site-packages/pyrobosim_msgs/msg'...
Compiling '/convince_ws/install/pyrobosim_msgs/lib/python3.12/site-packages/pyrobosim_msgs/msg/__init__.py'...
Compiling '/convince_ws/install/pyrobosim_msgs/lib/python3.12/site-packages/pyrobosim_msgs/msg/_execution_result.py'...
Compiling '/convince_ws/install/pyrobosim_msgs/lib/python3.12/site-packages/pyrobosim_msgs/msg/_goal_predicate.py'...
Compiling '/convince_ws/install/pyrobosim_msgs/lib/python3.12/site-packages/pyrobosim_msgs/msg/_goal_specification.py'...
Compiling '/convince_ws/install/pyrobosim_msgs/lib/python3.12/site-packages/pyrobosim_msgs/msg/_hallway_state.py'...
Compiling '/convince_ws/install/pyrobosim_msgs/lib/python3.12/site-packages/pyrobosim_msgs/msg/_location_state.py'...
Compiling '/convince_ws/install/pyrobosim_msgs/lib/python3.12/site-packages/pyrobosim_msgs/msg/_object_state.py'...
Compiling '/convince_ws/install/pyrobosim_msgs/lib/python3.12/site-packages/pyrobosim_msgs/msg/_path.py'...
Compiling '/convince_ws/install/pyrobosim_msgs/lib/python3.12/site-packages/pyrobosim_msgs/msg/_robot_state.py'...
Compiling '/convince_ws/install/pyrobosim_msgs/lib/python3.12/site-packages/pyrobosim_msgs/msg/_task_action.py'...
Compiling '/convince_ws/install/pyrobosim_msgs/lib/python3.12/site-packages/pyrobosim_msgs/msg/_task_plan.py'...
Compiling '/convince_ws/install/pyrobosim_msgs/lib/python3.12/site-packages/pyrobosim_msgs/msg/_world_info.py'...
Compiling '/convince_ws/install/pyrobosim_msgs/lib/python3.12/site-packages/pyrobosim_msgs/msg/_world_state.py'...
Listing '/convince_ws/install/pyrobosim_msgs/lib/python3.12/site-packages/pyrobosim_msgs/srv'...
Compiling '/convince_ws/install/pyrobosim_msgs/lib/python3.12/site-packages/pyrobosim_msgs/srv/__init__.py'...
Compiling '/convince_ws/install/pyrobosim_msgs/lib/python3.12/site-packages/pyrobosim_msgs/srv/_request_world_info.py'...
Compiling '/convince_ws/install/pyrobosim_msgs/lib/python3.12/site-packages/pyrobosim_msgs/srv/_request_world_state.py'...
Compiling '/convince_ws/install/pyrobosim_msgs/lib/python3.12/site-packages/pyrobosim_msgs/srv/_reset_world.py'...
Compiling '/convince_ws/install/pyrobosim_msgs/lib/python3.12/site-packages/pyrobosim_msgs/srv/_set_location_state.py'...
-- Installing: /convince_ws/install/pyrobosim_msgs/lib/libpyrobosim_msgs__rosidl_generator_py.so
-- Set non-toolchain portion of runtime path of "/convince_ws/install/pyrobosim_msgs/lib/libpyrobosim_msgs__rosidl_generator_py.so" to ""
-- Installing: /convince_ws/install/pyrobosim_msgs/share/pyrobosim_msgs/cmake/export_pyrobosim_msgs__rosidl_generator_cExport.cmake
-- Installing: /convince_ws/install/pyrobosim_msgs/share/pyrobosim_msgs/cmake/export_pyrobosim_msgs__rosidl_generator_cExport-noconfig.cmake
-- Installing: /convince_ws/install/pyrobosim_msgs/share/pyrobosim_msgs/cmake/export_pyrobosim_msgs__rosidl_typesupport_fastrtps_cExport.cmake
-- Installing: /convince_ws/install/pyrobosim_msgs/share/pyrobosim_msgs/cmake/export_pyrobosim_msgs__rosidl_typesupport_fastrtps_cExport-noconfig.cmake
-- Installing: /convince_ws/install/pyrobosim_msgs/share/pyrobosim_msgs/cmake/export_pyrobosim_msgs__rosidl_generator_cppExport.cmake
-- Installing: /convince_ws/install/pyrobosim_msgs/share/pyrobosim_msgs/cmake/export_pyrobosim_msgs__rosidl_typesupport_fastrtps_cppExport.cmake
-- Installing: /convince_ws/install/pyrobosim_msgs/share/pyrobosim_msgs/cmake/export_pyrobosim_msgs__rosidl_typesupport_fastrtps_cppExport-noconfig.cmake
-- Installing: /convince_ws/install/pyrobosim_msgs/share/pyrobosim_msgs/cmake/pyrobosim_msgs__rosidl_typesupport_introspection_cExport.cmake
-- Installing: /convince_ws/install/pyrobosim_msgs/share/pyrobosim_msgs/cmake/pyrobosim_msgs__rosidl_typesupport_introspection_cExport-noconfig.cmake
-- Installing: /convince_ws/install/pyrobosim_msgs/share/pyrobosim_msgs/cmake/pyrobosim_msgs__rosidl_typesupport_cExport.cmake
-- Installing: /convince_ws/install/pyrobosim_msgs/share/pyrobosim_msgs/cmake/pyrobosim_msgs__rosidl_typesupport_cExport-noconfig.cmake
-- Installing: /convince_ws/install/pyrobosim_msgs/share/pyrobosim_msgs/cmake/pyrobosim_msgs__rosidl_typesupport_introspection_cppExport.cmake
-- Installing: /convince_ws/install/pyrobosim_msgs/share/pyrobosim_msgs/cmake/pyrobosim_msgs__rosidl_typesupport_introspection_cppExport-noconfig.cmake
-- Installing: /convince_ws/install/pyrobosim_msgs/share/pyrobosim_msgs/cmake/pyrobosim_msgs__rosidl_typesupport_cppExport.cmake
-- Installing: /convince_ws/install/pyrobosim_msgs/share/pyrobosim_msgs/cmake/pyrobosim_msgs__rosidl_typesupport_cppExport-noconfig.cmake
-- Installing: /convince_ws/install/pyrobosim_msgs/share/pyrobosim_msgs/cmake/export_pyrobosim_msgs__rosidl_generator_pyExport.cmake
-- Installing: /convince_ws/install/pyrobosim_msgs/share/pyrobosim_msgs/cmake/export_pyrobosim_msgs__rosidl_generator_pyExport-noconfig.cmake
