[0.006s] Invoking command in '/convince_ws/build/pyrobosim_msgs': CMAKE_PREFIX_PATH=/opt/ros/jazzy /usr/bin/cmake /convince_ws/src/pyrobosim/pyrobosim_msgs -DCMAKE_EXPORT_COMPILE_COMMANDS=ON --no-warn-unused-cli -DAMENT_CMAKE_SYMLINK_INSTALL=1 -DCMAKE_INSTALL_PREFIX=/convince_ws/install/pyrobosim_msgs
[0.012s] Not searching for unused variables given on the command line.
[0.037s] -- The C compiler identification is GNU 13.3.0
[0.067s] -- The CXX compiler identification is GNU 13.3.0
[0.076s] -- Detecting C compiler ABI info
[0.129s] -- Detecting C compiler ABI info - done
[0.134s] -- Check for working C compiler: /usr/bin/cc - skipped
[0.134s] -- Detecting C compile features
[0.134s] -- Detecting C compile features - done
[0.141s] -- Detecting CXX compiler ABI info
[0.205s] -- Detecting CXX compiler ABI info - done
[0.211s] -- Check for working CXX compiler: /usr/bin/c++ - skipped
[0.211s] -- Detecting CXX compile features
[0.211s] -- Detecting CXX compile features - done
[0.213s] -- Found ament_cmake: 2.5.5 (/opt/ros/jazzy/share/ament_cmake/cmake)
[0.306s] -- Found Python3: /usr/bin/python3 (found version "3.12.3") found components: Interpreter 
[0.348s] -- Override CMake install command with custom implementation using symlinks instead of copying resources
[0.364s] -- Found rclcpp: 28.1.16 (/opt/ros/jazzy/share/rclcpp/cmake)
[0.384s] -- Found rosidl_generator_c: 4.6.7 (/opt/ros/jazzy/share/rosidl_generator_c/cmake)
[0.392s] -- Found rosidl_generator_cpp: 4.6.7 (/opt/ros/jazzy/share/rosidl_generator_cpp/cmake)
[0.400s] -- Using all available rosidl_typesupport_c: rosidl_typesupport_fastrtps_c;rosidl_typesupport_introspection_c
[0.410s] -- Using all available rosidl_typesupport_cpp: rosidl_typesupport_fastrtps_cpp;rosidl_typesupport_introspection_cpp
[0.453s] -- Found rmw_implementation_cmake: 7.3.3 (/opt/ros/jazzy/share/rmw_implementation_cmake/cmake)
[0.455s] -- Found rmw_fastrtps_cpp: 8.4.3 (/opt/ros/jazzy/share/rmw_fastrtps_cpp/cmake)
[0.501s] -- Found OpenSSL: /usr/lib/x86_64-linux-gnu/libcrypto.so (found version "3.0.13")  
[0.512s] -- Found FastRTPS: /opt/ros/jazzy/include (Required is at least version "2.13") 
[0.527s] -- Using RMW implementation 'rmw_fastrtps_cpp' as default
[0.578s] -- Found rclpy: 7.1.9 (/opt/ros/jazzy/share/rclpy/cmake)
[0.579s] -- Found rosidl_default_generators: 1.6.0 (/opt/ros/jazzy/share/rosidl_default_generators/cmake)
[0.586s] -- Found rosidl_adapter: 4.6.7 (/opt/ros/jazzy/share/rosidl_adapter/cmake)
[0.588s] -- Found geometry_msgs: 5.3.6 (/opt/ros/jazzy/share/geometry_msgs/cmake)
[1.787s] -- Found ament_cmake_ros: 0.12.0 (/opt/ros/jazzy/share/ament_cmake_ros/cmake)
[2.505s] -- Using all available rosidl_typesupport_c: rosidl_typesupport_fastrtps_c;rosidl_typesupport_introspection_c
[2.728s] -- Using all available rosidl_typesupport_cpp: rosidl_typesupport_fastrtps_cpp;rosidl_typesupport_introspection_cpp
[2.730s] -- Found python_cmake_module: 0.11.1 (/opt/ros/jazzy/share/python_cmake_module/cmake)
[2.831s] -- Found PythonExtra: /usr/bin/python3  
[3.220s] -- Found Python3: /usr/bin/python3 (found version "3.12.3") found components: Interpreter Development NumPy Development.Module Development.Embed 
[3.276s] -- Configuring done (3.3s)
[3.370s] -- Generating done (0.1s)
[3.386s] -- Build files have been written to: /convince_ws/build/pyrobosim_msgs
[3.403s] Invoked command in '/convince_ws/build/pyrobosim_msgs' returned '0': CMAKE_PREFIX_PATH=/opt/ros/jazzy /usr/bin/cmake /convince_ws/src/pyrobosim/pyrobosim_msgs -DCMAKE_EXPORT_COMPILE_COMMANDS=ON --no-warn-unused-cli -DAMENT_CMAKE_SYMLINK_INSTALL=1 -DCMAKE_INSTALL_PREFIX=/convince_ws/install/pyrobosim_msgs
[3.404s] Invoking command in '/convince_ws/build/pyrobosim_msgs': CMAKE_PREFIX_PATH=/opt/ros/jazzy /usr/bin/cmake --build /convince_ws/build/pyrobosim_msgs -- -j20 -l20
[3.452s] [  0%] [34m[1mGenerating type hashes for ROS interfaces[0m
[3.453s] [  0%] Built target ament_cmake_python_symlink_pyrobosim_msgs
[3.560s] running egg_info
[3.560s] creating pyrobosim_msgs.egg-info
[3.567s] writing pyrobosim_msgs.egg-info/PKG-INFO
[3.568s] writing dependency_links to pyrobosim_msgs.egg-info/dependency_links.txt
[3.568s] writing top-level names to pyrobosim_msgs.egg-info/top_level.txt
[3.568s] writing manifest file 'pyrobosim_msgs.egg-info/SOURCES.txt'
[3.588s] reading manifest file 'pyrobosim_msgs.egg-info/SOURCES.txt'
[3.588s] writing manifest file 'pyrobosim_msgs.egg-info/SOURCES.txt'
[3.606s] [  0%] Built target ament_cmake_python_build_pyrobosim_msgs_egg
[4.011s] [  0%] Built target pyrobosim_msgs__rosidl_generator_type_description
[4.042s] [  1%] [34m[1mGenerating C code for ROS interfaces[0m
[4.048s] [  1%] [34m[1mGenerating C++ code for ROS interfaces[0m
[7.011s] [  1%] Built target pyrobosim_msgs__cpp
[7.480s] [  3%] [32mBuilding C object CMakeFiles/pyrobosim_msgs__rosidl_generator_c.dir/rosidl_generator_c/pyrobosim_msgs/msg/detail/goal_specification__description.c.o[0m
[7.481s] [  3%] [32mBuilding C object CMakeFiles/pyrobosim_msgs__rosidl_generator_c.dir/rosidl_generator_c/pyrobosim_msgs/msg/detail/goal_predicate__functions.c.o[0m
[7.481s] [  3%] [32mBuilding C object CMakeFiles/pyrobosim_msgs__rosidl_generator_c.dir/rosidl_generator_c/pyrobosim_msgs/msg/detail/execution_result__description.c.o[0m
[7.481s] [  4%] [32mBuilding C object CMakeFiles/pyrobosim_msgs__rosidl_generator_c.dir/rosidl_generator_c/pyrobosim_msgs/msg/detail/execution_result__functions.c.o[0m
[7.482s] [  5%] [32mBuilding C object CMakeFiles/pyrobosim_msgs__rosidl_generator_c.dir/rosidl_generator_c/pyrobosim_msgs/msg/detail/goal_specification__type_support.c.o[0m
[7.482s] [  5%] [32mBuilding C object CMakeFiles/pyrobosim_msgs__rosidl_generator_c.dir/rosidl_generator_c/pyrobosim_msgs/msg/detail/goal_predicate__description.c.o[0m
[7.482s] [  6%] [32mBuilding C object CMakeFiles/pyrobosim_msgs__rosidl_generator_c.dir/rosidl_generator_c/pyrobosim_msgs/msg/detail/hallway_state__description.c.o[0m
[7.482s] [  6%] [32mBuilding C object CMakeFiles/pyrobosim_msgs__rosidl_generator_c.dir/rosidl_generator_c/pyrobosim_msgs/msg/detail/hallway_state__type_support.c.o[0m
[7.482s] [  7%] [32mBuilding C object CMakeFiles/pyrobosim_msgs__rosidl_generator_c.dir/rosidl_generator_c/pyrobosim_msgs/msg/detail/location_state__functions.c.o[0m
[7.482s] [  8%] [32mBuilding C object CMakeFiles/pyrobosim_msgs__rosidl_generator_c.dir/rosidl_generator_c/pyrobosim_msgs/msg/detail/object_state__description.c.o[0m
[7.482s] [  8%] [32mBuilding C object CMakeFiles/pyrobosim_msgs__rosidl_generator_c.dir/rosidl_generator_c/pyrobosim_msgs/msg/detail/goal_predicate__type_support.c.o[0m
[7.482s] [  8%] [32mBuilding C object CMakeFiles/pyrobosim_msgs__rosidl_generator_c.dir/rosidl_generator_c/pyrobosim_msgs/msg/detail/hallway_state__functions.c.o[0m
[7.482s] [  8%] [32mBuilding C object CMakeFiles/pyrobosim_msgs__rosidl_generator_c.dir/rosidl_generator_c/pyrobosim_msgs/msg/detail/goal_specification__functions.c.o[0m
[7.482s] [  8%] [32mBuilding C object CMakeFiles/pyrobosim_msgs__rosidl_generator_c.dir/rosidl_generator_c/pyrobosim_msgs/msg/detail/object_state__functions.c.o[0m
[7.482s] [  8%] [32mBuilding C object CMakeFiles/pyrobosim_msgs__rosidl_generator_c.dir/rosidl_generator_c/pyrobosim_msgs/msg/detail/location_state__description.c.o[0m
[7.482s] [  8%] [32mBuilding C object CMakeFiles/pyrobosim_msgs__rosidl_generator_c.dir/rosidl_generator_c/pyrobosim_msgs/msg/detail/object_state__type_support.c.o[0m
[7.482s] [  8%] [32mBuilding C object CMakeFiles/pyrobosim_msgs__rosidl_generator_c.dir/rosidl_generator_c/pyrobosim_msgs/msg/detail/location_state__type_support.c.o[0m
[7.483s] [  8%] [32mBuilding C object CMakeFiles/pyrobosim_msgs__rosidl_generator_c.dir/rosidl_generator_c/pyrobosim_msgs/msg/detail/execution_result__type_support.c.o[0m
[7.486s] [  9%] [32mBuilding C object CMakeFiles/pyrobosim_msgs__rosidl_generator_c.dir/rosidl_generator_c/pyrobosim_msgs/msg/detail/path__description.c.o[0m
[7.487s] [  9%] [32mBuilding C object CMakeFiles/pyrobosim_msgs__rosidl_generator_c.dir/rosidl_generator_c/pyrobosim_msgs/msg/detail/path__functions.c.o[0m
[7.513s] [ 10%] [32mBuilding C object CMakeFiles/pyrobosim_msgs__rosidl_generator_c.dir/rosidl_generator_c/pyrobosim_msgs/msg/detail/path__type_support.c.o[0m
[7.513s] [ 10%] [32mBuilding C object CMakeFiles/pyrobosim_msgs__rosidl_generator_c.dir/rosidl_generator_c/pyrobosim_msgs/msg/detail/robot_state__description.c.o[0m
[7.516s] [ 10%] [32mBuilding C object CMakeFiles/pyrobosim_msgs__rosidl_generator_c.dir/rosidl_generator_c/pyrobosim_msgs/msg/detail/robot_state__type_support.c.o[0m
[7.518s] [ 11%] [32mBuilding C object CMakeFiles/pyrobosim_msgs__rosidl_generator_c.dir/rosidl_generator_c/pyrobosim_msgs/msg/detail/robot_state__functions.c.o[0m
[7.518s] [ 11%] [32mBuilding C object CMakeFiles/pyrobosim_msgs__rosidl_generator_c.dir/rosidl_generator_c/pyrobosim_msgs/msg/detail/task_action__description.c.o[0m
[7.521s] [ 12%] [32mBuilding C object CMakeFiles/pyrobosim_msgs__rosidl_generator_c.dir/rosidl_generator_c/pyrobosim_msgs/msg/detail/task_action__functions.c.o[0m
[7.522s] [ 12%] [32mBuilding C object CMakeFiles/pyrobosim_msgs__rosidl_generator_c.dir/rosidl_generator_c/pyrobosim_msgs/msg/detail/task_action__type_support.c.o[0m
[7.522s] [ 12%] [32mBuilding C object CMakeFiles/pyrobosim_msgs__rosidl_generator_c.dir/rosidl_generator_c/pyrobosim_msgs/msg/detail/task_plan__functions.c.o[0m
[7.523s] [ 13%] [32mBuilding C object CMakeFiles/pyrobosim_msgs__rosidl_generator_c.dir/rosidl_generator_c/pyrobosim_msgs/msg/detail/task_plan__description.c.o[0m
[7.527s] [ 13%] [32mBuilding C object CMakeFiles/pyrobosim_msgs__rosidl_generator_c.dir/rosidl_generator_c/pyrobosim_msgs/msg/detail/world_info__description.c.o[0m
[7.527s] [ 14%] [32mBuilding C object CMakeFiles/pyrobosim_msgs__rosidl_generator_c.dir/rosidl_generator_c/pyrobosim_msgs/msg/detail/task_plan__type_support.c.o[0m
[7.531s] [ 14%] [32mBuilding C object CMakeFiles/pyrobosim_msgs__rosidl_generator_c.dir/rosidl_generator_c/pyrobosim_msgs/msg/detail/world_info__functions.c.o[0m
[7.531s] [ 14%] [32mBuilding C object CMakeFiles/pyrobosim_msgs__rosidl_generator_c.dir/rosidl_generator_c/pyrobosim_msgs/msg/detail/world_state__description.c.o[0m
[7.535s] [ 15%] [32mBuilding C object CMakeFiles/pyrobosim_msgs__rosidl_generator_c.dir/rosidl_generator_c/pyrobosim_msgs/msg/detail/world_info__type_support.c.o[0m
[7.537s] [ 16%] [32mBuilding C object CMakeFiles/pyrobosim_msgs__rosidl_generator_c.dir/rosidl_generator_c/pyrobosim_msgs/msg/detail/world_state__functions.c.o[0m
[7.541s] [ 17%] [32mBuilding C object CMakeFiles/pyrobosim_msgs__rosidl_generator_c.dir/rosidl_generator_c/pyrobosim_msgs/srv/detail/request_world_info__description.c.o[0m
[7.541s] [ 16%] [32mBuilding C object CMakeFiles/pyrobosim_msgs__rosidl_generator_c.dir/rosidl_generator_c/pyrobosim_msgs/srv/detail/request_world_info__type_support.c.o[0m
[7.544s] [ 18%] [32mBuilding C object CMakeFiles/pyrobosim_msgs__rosidl_generator_c.dir/rosidl_generator_c/pyrobosim_msgs/srv/detail/request_world_state__description.c.o[0m
[7.545s] [ 18%] [32mBuilding C object CMakeFiles/pyrobosim_msgs__rosidl_generator_c.dir/rosidl_generator_c/pyrobosim_msgs/msg/detail/world_state__type_support.c.o[0m
[7.546s] [ 19%] [32mBuilding C object CMakeFiles/pyrobosim_msgs__rosidl_generator_c.dir/rosidl_generator_c/pyrobosim_msgs/srv/detail/request_world_state__type_support.c.o[0m
[7.546s] [ 19%] [32mBuilding C object CMakeFiles/pyrobosim_msgs__rosidl_generator_c.dir/rosidl_generator_c/pyrobosim_msgs/srv/detail/request_world_state__functions.c.o[0m
[7.551s] [ 19%] [32mBuilding C object CMakeFiles/pyrobosim_msgs__rosidl_generator_c.dir/rosidl_generator_c/pyrobosim_msgs/srv/detail/request_world_info__functions.c.o[0m
[7.558s] [ 19%] [32mBuilding C object CMakeFiles/pyrobosim_msgs__rosidl_generator_c.dir/rosidl_generator_c/pyrobosim_msgs/srv/detail/reset_world__description.c.o[0m
[7.558s] [ 19%] [32mBuilding C object CMakeFiles/pyrobosim_msgs__rosidl_generator_c.dir/rosidl_generator_c/pyrobosim_msgs/srv/detail/reset_world__type_support.c.o[0m
[7.564s] [ 20%] [32mBuilding C object CMakeFiles/pyrobosim_msgs__rosidl_generator_c.dir/rosidl_generator_c/pyrobosim_msgs/srv/detail/set_location_state__functions.c.o[0m
[7.566s] [ 21%] [32mBuilding C object CMakeFiles/pyrobosim_msgs__rosidl_generator_c.dir/rosidl_generator_c/pyrobosim_msgs/srv/detail/reset_world__functions.c.o[0m
[7.569s] [ 22%] [32mBuilding C object CMakeFiles/pyrobosim_msgs__rosidl_generator_c.dir/rosidl_generator_c/pyrobosim_msgs/action/detail/detect_objects__description.c.o[0m
[7.574s] [ 22%] [32mBuilding C object CMakeFiles/pyrobosim_msgs__rosidl_generator_c.dir/rosidl_generator_c/pyrobosim_msgs/srv/detail/set_location_state__description.c.o[0m
[7.575s] [ 23%] [32mBuilding C object CMakeFiles/pyrobosim_msgs__rosidl_generator_c.dir/rosidl_generator_c/pyrobosim_msgs/action/detail/detect_objects__type_support.c.o[0m
[7.575s] [ 23%] [32mBuilding C object CMakeFiles/pyrobosim_msgs__rosidl_generator_c.dir/rosidl_generator_c/pyrobosim_msgs/srv/detail/set_location_state__type_support.c.o[0m
[7.575s] [ 23%] [32mBuilding C object CMakeFiles/pyrobosim_msgs__rosidl_generator_c.dir/rosidl_generator_c/pyrobosim_msgs/action/detail/detect_objects__functions.c.o[0m
[7.578s] [ 23%] [32mBuilding C object CMakeFiles/pyrobosim_msgs__rosidl_generator_c.dir/rosidl_generator_c/pyrobosim_msgs/action/detail/execute_task_action__description.c.o[0m
[7.579s] [ 23%] [32mBuilding C object CMakeFiles/pyrobosim_msgs__rosidl_generator_c.dir/rosidl_generator_c/pyrobosim_msgs/action/detail/execute_task_action__functions.c.o[0m
[7.579s] [ 23%] [32mBuilding C object CMakeFiles/pyrobosim_msgs__rosidl_generator_c.dir/rosidl_generator_c/pyrobosim_msgs/action/detail/execute_task_plan__description.c.o[0m
[7.580s] [ 24%] [32mBuilding C object CMakeFiles/pyrobosim_msgs__rosidl_generator_c.dir/rosidl_generator_c/pyrobosim_msgs/action/detail/execute_task_plan__functions.c.o[0m
[7.581s] [ 25%] [32mBuilding C object CMakeFiles/pyrobosim_msgs__rosidl_generator_c.dir/rosidl_generator_c/pyrobosim_msgs/action/detail/execute_task_action__type_support.c.o[0m
[7.585s] [ 25%] [32mBuilding C object CMakeFiles/pyrobosim_msgs__rosidl_generator_c.dir/rosidl_generator_c/pyrobosim_msgs/action/detail/execute_task_plan__type_support.c.o[0m
[7.590s] [ 26%] [32mBuilding C object CMakeFiles/pyrobosim_msgs__rosidl_generator_c.dir/rosidl_generator_c/pyrobosim_msgs/action/detail/follow_path__description.c.o[0m
[7.602s] [ 26%] [32mBuilding C object CMakeFiles/pyrobosim_msgs__rosidl_generator_c.dir/rosidl_generator_c/pyrobosim_msgs/action/detail/follow_path__functions.c.o[0m
[7.604s] [ 27%] [32mBuilding C object CMakeFiles/pyrobosim_msgs__rosidl_generator_c.dir/rosidl_generator_c/pyrobosim_msgs/action/detail/plan_path__description.c.o[0m
[7.609s] [ 27%] [32mBuilding C object CMakeFiles/pyrobosim_msgs__rosidl_generator_c.dir/rosidl_generator_c/pyrobosim_msgs/action/detail/follow_path__type_support.c.o[0m
[7.617s] [ 27%] [32mBuilding C object CMakeFiles/pyrobosim_msgs__rosidl_generator_c.dir/rosidl_generator_c/pyrobosim_msgs/action/detail/plan_path__functions.c.o[0m
[7.621s] [ 28%] [32mBuilding C object CMakeFiles/pyrobosim_msgs__rosidl_generator_c.dir/rosidl_generator_c/pyrobosim_msgs/action/detail/plan_path__type_support.c.o[0m
[7.721s] [ 28%] [32m[1mLinking C shared library libpyrobosim_msgs__rosidl_generator_c.so[0m
[7.757s] [ 28%] Built target pyrobosim_msgs__rosidl_generator_c
[7.763s] [ 28%] [34m[1mGenerating C++ type support dispatch for ROS interfaces[0m
[7.763s] [ 28%] [34m[1mGenerating C type support dispatch for ROS interfaces[0m
[7.763s] [ 28%] [34m[1mGenerating C type support for eProsima Fast-RTPS[0m
[7.765s] [ 29%] [34m[1mGenerating C++ type support for eProsima Fast-RTPS[0m
[7.766s] [ 30%] [34m[1mGenerating C introspection for ROS interfaces[0m
[7.766s] [ 31%] [34m[1mGenerating C++ introspection for ROS interfaces[0m
[8.580s] [ 31%] [32mBuilding CXX object CMakeFiles/pyrobosim_msgs__rosidl_typesupport_c.dir/rosidl_typesupport_c/pyrobosim_msgs/msg/hallway_state__type_support.cpp.o[0m
[8.581s] [ 33%] [32mBuilding CXX object CMakeFiles/pyrobosim_msgs__rosidl_typesupport_c.dir/rosidl_typesupport_c/pyrobosim_msgs/msg/execution_result__type_support.cpp.o[0m
[8.581s] [ 34%] [32mBuilding CXX object CMakeFiles/pyrobosim_msgs__rosidl_typesupport_c.dir/rosidl_typesupport_c/pyrobosim_msgs/msg/location_state__type_support.cpp.o[0m
[8.581s] [ 33%] [32mBuilding CXX object CMakeFiles/pyrobosim_msgs__rosidl_typesupport_c.dir/rosidl_typesupport_c/pyrobosim_msgs/msg/robot_state__type_support.cpp.o[0m
[8.581s] [ 35%] [32mBuilding CXX object CMakeFiles/pyrobosim_msgs__rosidl_typesupport_c.dir/rosidl_typesupport_c/pyrobosim_msgs/msg/path__type_support.cpp.o[0m
[8.581s] [ 35%] [32mBuilding CXX object CMakeFiles/pyrobosim_msgs__rosidl_typesupport_c.dir/rosidl_typesupport_c/pyrobosim_msgs/msg/task_action__type_support.cpp.o[0m
[8.581s] [ 35%] [32mBuilding CXX object CMakeFiles/pyrobosim_msgs__rosidl_typesupport_c.dir/rosidl_typesupport_c/pyrobosim_msgs/msg/goal_specification__type_support.cpp.o[0m
[8.581s] [ 35%] [32mBuilding CXX object CMakeFiles/pyrobosim_msgs__rosidl_typesupport_c.dir/rosidl_typesupport_c/pyrobosim_msgs/msg/world_info__type_support.cpp.o[0m
[8.581s] [ 35%] [32mBuilding CXX object CMakeFiles/pyrobosim_msgs__rosidl_typesupport_c.dir/rosidl_typesupport_c/pyrobosim_msgs/msg/object_state__type_support.cpp.o[0m
[8.581s] [ 36%] [32mBuilding CXX object CMakeFiles/pyrobosim_msgs__rosidl_typesupport_c.dir/rosidl_typesupport_c/pyrobosim_msgs/msg/task_plan__type_support.cpp.o[0m
[8.581s] [ 36%] [32mBuilding CXX object CMakeFiles/pyrobosim_msgs__rosidl_typesupport_c.dir/rosidl_typesupport_c/pyrobosim_msgs/srv/request_world_info__type_support.cpp.o[0m
[8.582s] [ 37%] [32mBuilding CXX object CMakeFiles/pyrobosim_msgs__rosidl_typesupport_c.dir/rosidl_typesupport_c/pyrobosim_msgs/msg/world_state__type_support.cpp.o[0m
[8.582s] [ 37%] [32mBuilding CXX object CMakeFiles/pyrobosim_msgs__rosidl_typesupport_c.dir/rosidl_typesupport_c/pyrobosim_msgs/msg/goal_predicate__type_support.cpp.o[0m
[8.583s] [ 38%] [32mBuilding CXX object CMakeFiles/pyrobosim_msgs__rosidl_typesupport_c.dir/rosidl_typesupport_c/pyrobosim_msgs/srv/reset_world__type_support.cpp.o[0m
[8.584s] [ 38%] [32mBuilding CXX object CMakeFiles/pyrobosim_msgs__rosidl_typesupport_c.dir/rosidl_typesupport_c/pyrobosim_msgs/srv/request_world_state__type_support.cpp.o[0m
[8.621s] [ 38%] [32mBuilding CXX object CMakeFiles/pyrobosim_msgs__rosidl_typesupport_c.dir/rosidl_typesupport_c/pyrobosim_msgs/srv/set_location_state__type_support.cpp.o[0m
[8.621s] [ 39%] [32mBuilding CXX object CMakeFiles/pyrobosim_msgs__rosidl_typesupport_c.dir/rosidl_typesupport_c/pyrobosim_msgs/action/detect_objects__type_support.cpp.o[0m
[8.622s] [ 39%] [32mBuilding CXX object CMakeFiles/pyrobosim_msgs__rosidl_typesupport_c.dir/rosidl_typesupport_c/pyrobosim_msgs/action/execute_task_action__type_support.cpp.o[0m
[8.624s] [ 40%] [32mBuilding CXX object CMakeFiles/pyrobosim_msgs__rosidl_typesupport_c.dir/rosidl_typesupport_c/pyrobosim_msgs/action/execute_task_plan__type_support.cpp.o[0m
[8.630s] [ 40%] [32mBuilding CXX object CMakeFiles/pyrobosim_msgs__rosidl_typesupport_c.dir/rosidl_typesupport_c/pyrobosim_msgs/action/follow_path__type_support.cpp.o[0m
[8.631s] [ 40%] [32mBuilding CXX object CMakeFiles/pyrobosim_msgs__rosidl_typesupport_c.dir/rosidl_typesupport_c/pyrobosim_msgs/action/plan_path__type_support.cpp.o[0m
[8.658s] [ 40%] [32mBuilding CXX object CMakeFiles/pyrobosim_msgs__rosidl_typesupport_cpp.dir/rosidl_typesupport_cpp/pyrobosim_msgs/msg/hallway_state__type_support.cpp.o[0m
[8.659s] [ 40%] [32mBuilding CXX object CMakeFiles/pyrobosim_msgs__rosidl_typesupport_cpp.dir/rosidl_typesupport_cpp/pyrobosim_msgs/msg/location_state__type_support.cpp.o[0m
[8.659s] [ 41%] [32mBuilding CXX object CMakeFiles/pyrobosim_msgs__rosidl_typesupport_cpp.dir/rosidl_typesupport_cpp/pyrobosim_msgs/msg/execution_result__type_support.cpp.o[0m
[8.660s] [ 41%] [32mBuilding CXX object CMakeFiles/pyrobosim_msgs__rosidl_typesupport_cpp.dir/rosidl_typesupport_cpp/pyrobosim_msgs/msg/path__type_support.cpp.o[0m
[8.660s] [ 42%] [32mBuilding CXX object CMakeFiles/pyrobosim_msgs__rosidl_typesupport_cpp.dir/rosidl_typesupport_cpp/pyrobosim_msgs/msg/goal_specification__type_support.cpp.o[0m
[8.660s] [ 44%] [32mBuilding CXX object CMakeFiles/pyrobosim_msgs__rosidl_typesupport_cpp.dir/rosidl_typesupport_cpp/pyrobosim_msgs/msg/robot_state__type_support.cpp.o[0m
[8.660s] [ 43%] [32mBuilding CXX object CMakeFiles/pyrobosim_msgs__rosidl_typesupport_cpp.dir/rosidl_typesupport_cpp/pyrobosim_msgs/msg/object_state__type_support.cpp.o[0m
[8.661s] [ 44%] [32mBuilding CXX object CMakeFiles/pyrobosim_msgs__rosidl_typesupport_cpp.dir/rosidl_typesupport_cpp/pyrobosim_msgs/msg/goal_predicate__type_support.cpp.o[0m
[8.662s] [ 44%] [32mBuilding CXX object CMakeFiles/pyrobosim_msgs__rosidl_typesupport_cpp.dir/rosidl_typesupport_cpp/pyrobosim_msgs/msg/task_action__type_support.cpp.o[0m
[8.664s] [ 44%] [32mBuilding CXX object CMakeFiles/pyrobosim_msgs__rosidl_typesupport_cpp.dir/rosidl_typesupport_cpp/pyrobosim_msgs/msg/task_plan__type_support.cpp.o[0m
[8.666s] [ 45%] [32mBuilding CXX object CMakeFiles/pyrobosim_msgs__rosidl_typesupport_cpp.dir/rosidl_typesupport_cpp/pyrobosim_msgs/msg/world_info__type_support.cpp.o[0m
[8.671s] [ 46%] [32mBuilding CXX object CMakeFiles/pyrobosim_msgs__rosidl_typesupport_cpp.dir/rosidl_typesupport_cpp/pyrobosim_msgs/srv/request_world_info__type_support.cpp.o[0m
[8.673s] [ 46%] [32mBuilding CXX object CMakeFiles/pyrobosim_msgs__rosidl_typesupport_cpp.dir/rosidl_typesupport_cpp/pyrobosim_msgs/msg/world_state__type_support.cpp.o[0m
[8.677s] [ 46%] [32mBuilding CXX object CMakeFiles/pyrobosim_msgs__rosidl_typesupport_cpp.dir/rosidl_typesupport_cpp/pyrobosim_msgs/srv/request_world_state__type_support.cpp.o[0m
[8.688s] [ 47%] [32mBuilding CXX object CMakeFiles/pyrobosim_msgs__rosidl_typesupport_cpp.dir/rosidl_typesupport_cpp/pyrobosim_msgs/srv/reset_world__type_support.cpp.o[0m
[8.692s] [ 48%] [32m[1mLinking CXX shared library libpyrobosim_msgs__rosidl_typesupport_c.so[0m
[8.741s] [ 48%] Built target pyrobosim_msgs__rosidl_typesupport_c
[8.745s] [ 48%] [32mBuilding CXX object CMakeFiles/pyrobosim_msgs__rosidl_typesupport_cpp.dir/rosidl_typesupport_cpp/pyrobosim_msgs/srv/set_location_state__type_support.cpp.o[0m
[8.965s] [ 48%] [32mBuilding CXX object CMakeFiles/pyrobosim_msgs__rosidl_typesupport_cpp.dir/rosidl_typesupport_cpp/pyrobosim_msgs/action/detect_objects__type_support.cpp.o[0m
[8.984s] [ 49%] [32mBuilding CXX object CMakeFiles/pyrobosim_msgs__rosidl_typesupport_cpp.dir/rosidl_typesupport_cpp/pyrobosim_msgs/action/execute_task_action__type_support.cpp.o[0m
[8.989s] [ 49%] [32mBuilding CXX object CMakeFiles/pyrobosim_msgs__rosidl_typesupport_cpp.dir/rosidl_typesupport_cpp/pyrobosim_msgs/action/execute_task_plan__type_support.cpp.o[0m
[8.991s] [ 50%] [32mBuilding CXX object CMakeFiles/pyrobosim_msgs__rosidl_typesupport_cpp.dir/rosidl_typesupport_cpp/pyrobosim_msgs/action/follow_path__type_support.cpp.o[0m
[8.995s] [ 50%] [32mBuilding CXX object CMakeFiles/pyrobosim_msgs__rosidl_typesupport_cpp.dir/rosidl_typesupport_cpp/pyrobosim_msgs/action/plan_path__type_support.cpp.o[0m
[9.067s] [ 50%] [32mBuilding CXX object CMakeFiles/pyrobosim_msgs__rosidl_typesupport_introspection_cpp.dir/rosidl_typesupport_introspection_cpp/pyrobosim_msgs/msg/detail/execution_result__type_support.cpp.o[0m
[9.067s] [ 51%] [32mBuilding CXX object CMakeFiles/pyrobosim_msgs__rosidl_typesupport_introspection_cpp.dir/rosidl_typesupport_introspection_cpp/pyrobosim_msgs/msg/detail/goal_predicate__type_support.cpp.o[0m
[9.067s] [ 51%] [32mBuilding CXX object CMakeFiles/pyrobosim_msgs__rosidl_typesupport_introspection_cpp.dir/rosidl_typesupport_introspection_cpp/pyrobosim_msgs/msg/detail/goal_specification__type_support.cpp.o[0m
[9.067s] [ 52%] [32mBuilding CXX object CMakeFiles/pyrobosim_msgs__rosidl_typesupport_introspection_cpp.dir/rosidl_typesupport_introspection_cpp/pyrobosim_msgs/msg/detail/location_state__type_support.cpp.o[0m
[9.067s] [ 52%] [32mBuilding CXX object CMakeFiles/pyrobosim_msgs__rosidl_typesupport_introspection_cpp.dir/rosidl_typesupport_introspection_cpp/pyrobosim_msgs/msg/detail/object_state__type_support.cpp.o[0m
[9.067s] [ 52%] [32mBuilding CXX object CMakeFiles/pyrobosim_msgs__rosidl_typesupport_introspection_cpp.dir/rosidl_typesupport_introspection_cpp/pyrobosim_msgs/msg/detail/hallway_state__type_support.cpp.o[0m
[9.073s] [ 53%] [32mBuilding CXX object CMakeFiles/pyrobosim_msgs__rosidl_typesupport_introspection_cpp.dir/rosidl_typesupport_introspection_cpp/pyrobosim_msgs/msg/detail/path__type_support.cpp.o[0m
[9.073s] [ 53%] [32mBuilding CXX object CMakeFiles/pyrobosim_msgs__rosidl_typesupport_introspection_cpp.dir/rosidl_typesupport_introspection_cpp/pyrobosim_msgs/msg/detail/robot_state__type_support.cpp.o[0m
[9.079s] [ 53%] [32mBuilding C object CMakeFiles/pyrobosim_msgs__rosidl_typesupport_introspection_c.dir/rosidl_typesupport_introspection_c/pyrobosim_msgs/msg/detail/execution_result__type_support.c.o[0m
[9.088s] [ 53%] [32mBuilding CXX object CMakeFiles/pyrobosim_msgs__rosidl_typesupport_introspection_cpp.dir/rosidl_typesupport_introspection_cpp/pyrobosim_msgs/msg/detail/task_action__type_support.cpp.o[0m
[9.100s] [ 54%] [32mBuilding CXX object CMakeFiles/pyrobosim_msgs__rosidl_typesupport_introspection_cpp.dir/rosidl_typesupport_introspection_cpp/pyrobosim_msgs/msg/detail/task_plan__type_support.cpp.o[0m
[9.119s] [ 55%] [32mBuilding C object CMakeFiles/pyrobosim_msgs__rosidl_typesupport_introspection_c.dir/rosidl_typesupport_introspection_c/pyrobosim_msgs/msg/detail/goal_predicate__type_support.c.o[0m
[9.129s] [ 55%] [32mBuilding CXX object CMakeFiles/pyrobosim_msgs__rosidl_typesupport_introspection_cpp.dir/rosidl_typesupport_introspection_cpp/pyrobosim_msgs/msg/detail/world_info__type_support.cpp.o[0m
[9.170s] [ 55%] [32mBuilding C object CMakeFiles/pyrobosim_msgs__rosidl_typesupport_introspection_c.dir/rosidl_typesupport_introspection_c/pyrobosim_msgs/msg/detail/goal_specification__type_support.c.o[0m
[9.210s] [ 56%] [32mBuilding CXX object CMakeFiles/pyrobosim_msgs__rosidl_typesupport_introspection_cpp.dir/rosidl_typesupport_introspection_cpp/pyrobosim_msgs/msg/detail/world_state__type_support.cpp.o[0m
[9.229s] [ 56%] [32mBuilding C object CMakeFiles/pyrobosim_msgs__rosidl_typesupport_introspection_c.dir/rosidl_typesupport_introspection_c/pyrobosim_msgs/msg/detail/hallway_state__type_support.c.o[0m
[9.294s] [ 57%] [32mBuilding C object CMakeFiles/pyrobosim_msgs__rosidl_typesupport_introspection_c.dir/rosidl_typesupport_introspection_c/pyrobosim_msgs/msg/detail/location_state__type_support.c.o[0m
[9.346s] [ 57%] [32mBuilding C object CMakeFiles/pyrobosim_msgs__rosidl_typesupport_introspection_c.dir/rosidl_typesupport_introspection_c/pyrobosim_msgs/msg/detail/object_state__type_support.c.o[0m
[9.377s] [ 58%] [32mBuilding C object CMakeFiles/pyrobosim_msgs__rosidl_typesupport_introspection_c.dir/rosidl_typesupport_introspection_c/pyrobosim_msgs/msg/detail/path__type_support.c.o[0m
[9.380s] [ 58%] [32mBuilding CXX object CMakeFiles/pyrobosim_msgs__rosidl_typesupport_introspection_cpp.dir/rosidl_typesupport_introspection_cpp/pyrobosim_msgs/srv/detail/request_world_info__type_support.cpp.o[0m
[9.383s] [ 58%] [32mBuilding C object CMakeFiles/pyrobosim_msgs__rosidl_typesupport_introspection_c.dir/rosidl_typesupport_introspection_c/pyrobosim_msgs/msg/detail/robot_state__type_support.c.o[0m
[9.394s] [ 59%] [32mBuilding C object CMakeFiles/pyrobosim_msgs__rosidl_typesupport_introspection_c.dir/rosidl_typesupport_introspection_c/pyrobosim_msgs/msg/detail/task_action__type_support.c.o[0m
[9.395s] [ 59%] [32mBuilding C object CMakeFiles/pyrobosim_msgs__rosidl_typesupport_introspection_c.dir/rosidl_typesupport_introspection_c/pyrobosim_msgs/msg/detail/task_plan__type_support.c.o[0m
[9.402s] [ 59%] [32mBuilding C object CMakeFiles/pyrobosim_msgs__rosidl_typesupport_introspection_c.dir/rosidl_typesupport_introspection_c/pyrobosim_msgs/msg/detail/world_info__type_support.c.o[0m
[9.409s] [ 60%] [32mBuilding CXX object CMakeFiles/pyrobosim_msgs__rosidl_typesupport_introspection_cpp.dir/rosidl_typesupport_introspection_cpp/pyrobosim_msgs/srv/detail/request_world_state__type_support.cpp.o[0m
[9.423s] [ 60%] [32mBuilding CXX object CMakeFiles/pyrobosim_msgs__rosidl_typesupport_introspection_cpp.dir/rosidl_typesupport_introspection_cpp/pyrobosim_msgs/srv/detail/reset_world__type_support.cpp.o[0m
[9.428s] [ 61%] [32mBuilding C object CMakeFiles/pyrobosim_msgs__rosidl_typesupport_introspection_c.dir/rosidl_typesupport_introspection_c/pyrobosim_msgs/msg/detail/world_state__type_support.c.o[0m
[9.430s] [ 61%] [32mBuilding C object CMakeFiles/pyrobosim_msgs__rosidl_typesupport_introspection_c.dir/rosidl_typesupport_introspection_c/pyrobosim_msgs/srv/detail/request_world_info__type_support.c.o[0m
[9.432s] [ 61%] [32mBuilding CXX object CMakeFiles/pyrobosim_msgs__rosidl_typesupport_introspection_cpp.dir/rosidl_typesupport_introspection_cpp/pyrobosim_msgs/srv/detail/set_location_state__type_support.cpp.o[0m
[9.449s] [ 62%] [32mBuilding C object CMakeFiles/pyrobosim_msgs__rosidl_typesupport_introspection_c.dir/rosidl_typesupport_introspection_c/pyrobosim_msgs/srv/detail/request_world_state__type_support.c.o[0m
[9.467s] [ 63%] [32mBuilding CXX object CMakeFiles/pyrobosim_msgs__rosidl_typesupport_introspection_cpp.dir/rosidl_typesupport_introspection_cpp/pyrobosim_msgs/action/detail/detect_objects__type_support.cpp.o[0m
[9.468s] [ 63%] [32mBuilding C object CMakeFiles/pyrobosim_msgs__rosidl_typesupport_introspection_c.dir/rosidl_typesupport_introspection_c/pyrobosim_msgs/srv/detail/reset_world__type_support.c.o[0m
[9.472s] [ 63%] [32mBuilding CXX object CMakeFiles/pyrobosim_msgs__rosidl_typesupport_introspection_cpp.dir/rosidl_typesupport_introspection_cpp/pyrobosim_msgs/action/detail/execute_task_action__type_support.cpp.o[0m
[9.473s] [ 64%] [32mBuilding C object CMakeFiles/pyrobosim_msgs__rosidl_typesupport_introspection_c.dir/rosidl_typesupport_introspection_c/pyrobosim_msgs/srv/detail/set_location_state__type_support.c.o[0m
[9.476s] [ 65%] [32mBuilding CXX object CMakeFiles/pyrobosim_msgs__rosidl_typesupport_introspection_cpp.dir/rosidl_typesupport_introspection_cpp/pyrobosim_msgs/action/detail/execute_task_plan__type_support.cpp.o[0m
[9.492s] [ 65%] [32mBuilding CXX object CMakeFiles/pyrobosim_msgs__rosidl_typesupport_introspection_cpp.dir/rosidl_typesupport_introspection_cpp/pyrobosim_msgs/action/detail/follow_path__type_support.cpp.o[0m
[9.500s] [ 66%] [32mBuilding CXX object CMakeFiles/pyrobosim_msgs__rosidl_typesupport_introspection_cpp.dir/rosidl_typesupport_introspection_cpp/pyrobosim_msgs/action/detail/plan_path__type_support.cpp.o[0m
[9.511s] [ 66%] [32mBuilding C object CMakeFiles/pyrobosim_msgs__rosidl_typesupport_introspection_c.dir/rosidl_typesupport_introspection_c/pyrobosim_msgs/action/detail/detect_objects__type_support.c.o[0m
[9.512s] [ 66%] [32mBuilding C object CMakeFiles/pyrobosim_msgs__rosidl_typesupport_introspection_c.dir/rosidl_typesupport_introspection_c/pyrobosim_msgs/action/detail/execute_task_action__type_support.c.o[0m
[9.515s] [ 67%] [32mBuilding C object CMakeFiles/pyrobosim_msgs__rosidl_typesupport_introspection_c.dir/rosidl_typesupport_introspection_c/pyrobosim_msgs/action/detail/execute_task_plan__type_support.c.o[0m
[9.579s] [ 67%] [32mBuilding C object CMakeFiles/pyrobosim_msgs__rosidl_typesupport_introspection_c.dir/rosidl_typesupport_introspection_c/pyrobosim_msgs/action/detail/follow_path__type_support.c.o[0m
[9.581s] [ 68%] [32mBuilding C object CMakeFiles/pyrobosim_msgs__rosidl_typesupport_introspection_c.dir/rosidl_typesupport_introspection_c/pyrobosim_msgs/action/detail/plan_path__type_support.c.o[0m
[9.646s] [ 68%] [32m[1mLinking C shared library libpyrobosim_msgs__rosidl_typesupport_introspection_c.so[0m
[9.682s] [ 68%] Built target pyrobosim_msgs__rosidl_typesupport_introspection_c
[9.773s] [ 69%] [32m[1mLinking CXX shared library libpyrobosim_msgs__rosidl_typesupport_cpp.so[0m
[9.820s] [ 70%] [32mBuilding CXX object CMakeFiles/pyrobosim_msgs__rosidl_typesupport_fastrtps_cpp.dir/rosidl_typesupport_fastrtps_cpp/pyrobosim_msgs/msg/detail/dds_fastrtps/path__type_support.cpp.o[0m
[9.820s] [ 70%] [32mBuilding CXX object CMakeFiles/pyrobosim_msgs__rosidl_typesupport_fastrtps_cpp.dir/rosidl_typesupport_fastrtps_cpp/pyrobosim_msgs/msg/detail/dds_fastrtps/goal_specification__type_support.cpp.o[0m
[9.820s] [ 70%] [32mBuilding CXX object CMakeFiles/pyrobosim_msgs__rosidl_typesupport_fastrtps_cpp.dir/rosidl_typesupport_fastrtps_cpp/pyrobosim_msgs/msg/detail/dds_fastrtps/execution_result__type_support.cpp.o[0m
[9.820s] [ 71%] [32mBuilding CXX object CMakeFiles/pyrobosim_msgs__rosidl_typesupport_fastrtps_cpp.dir/rosidl_typesupport_fastrtps_cpp/pyrobosim_msgs/msg/detail/dds_fastrtps/object_state__type_support.cpp.o[0m
[9.820s] [ 71%] [32mBuilding CXX object CMakeFiles/pyrobosim_msgs__rosidl_typesupport_fastrtps_cpp.dir/rosidl_typesupport_fastrtps_cpp/pyrobosim_msgs/msg/detail/dds_fastrtps/location_state__type_support.cpp.o[0m
[9.820s] [ 72%] [32mBuilding CXX object CMakeFiles/pyrobosim_msgs__rosidl_typesupport_fastrtps_cpp.dir/rosidl_typesupport_fastrtps_cpp/pyrobosim_msgs/msg/detail/dds_fastrtps/task_action__type_support.cpp.o[0m
[9.820s] [ 72%] [32mBuilding CXX object CMakeFiles/pyrobosim_msgs__rosidl_typesupport_fastrtps_cpp.dir/rosidl_typesupport_fastrtps_cpp/pyrobosim_msgs/msg/detail/dds_fastrtps/goal_predicate__type_support.cpp.o[0m
[9.820s] [ 72%] [32mBuilding CXX object CMakeFiles/pyrobosim_msgs__rosidl_typesupport_fastrtps_cpp.dir/rosidl_typesupport_fastrtps_cpp/pyrobosim_msgs/msg/detail/dds_fastrtps/robot_state__type_support.cpp.o[0m
[9.820s] [ 72%] [32mBuilding CXX object CMakeFiles/pyrobosim_msgs__rosidl_typesupport_fastrtps_cpp.dir/rosidl_typesupport_fastrtps_cpp/pyrobosim_msgs/msg/detail/dds_fastrtps/task_plan__type_support.cpp.o[0m
[9.820s] [ 73%] [32mBuilding CXX object CMakeFiles/pyrobosim_msgs__rosidl_typesupport_fastrtps_cpp.dir/rosidl_typesupport_fastrtps_cpp/pyrobosim_msgs/msg/detail/dds_fastrtps/world_info__type_support.cpp.o[0m
[9.820s] [ 74%] [32mBuilding CXX object CMakeFiles/pyrobosim_msgs__rosidl_typesupport_fastrtps_cpp.dir/rosidl_typesupport_fastrtps_cpp/pyrobosim_msgs/msg/detail/dds_fastrtps/hallway_state__type_support.cpp.o[0m
[9.873s] [ 74%] [32mBuilding CXX object CMakeFiles/pyrobosim_msgs__rosidl_typesupport_fastrtps_cpp.dir/rosidl_typesupport_fastrtps_cpp/pyrobosim_msgs/msg/detail/dds_fastrtps/world_state__type_support.cpp.o[0m
[9.874s] [ 74%] Built target pyrobosim_msgs__rosidl_typesupport_cpp
[9.879s] [ 74%] [32mBuilding CXX object CMakeFiles/pyrobosim_msgs__rosidl_typesupport_fastrtps_cpp.dir/rosidl_typesupport_fastrtps_cpp/pyrobosim_msgs/srv/detail/dds_fastrtps/request_world_info__type_support.cpp.o[0m
[10.190s] [ 75%] [32mBuilding CXX object CMakeFiles/pyrobosim_msgs__rosidl_typesupport_fastrtps_cpp.dir/rosidl_typesupport_fastrtps_cpp/pyrobosim_msgs/srv/detail/dds_fastrtps/request_world_state__type_support.cpp.o[0m
[10.206s] [ 75%] [32mBuilding CXX object CMakeFiles/pyrobosim_msgs__rosidl_typesupport_fastrtps_cpp.dir/rosidl_typesupport_fastrtps_cpp/pyrobosim_msgs/srv/detail/dds_fastrtps/reset_world__type_support.cpp.o[0m
[10.235s] [ 76%] [32mBuilding CXX object CMakeFiles/pyrobosim_msgs__rosidl_typesupport_fastrtps_cpp.dir/rosidl_typesupport_fastrtps_cpp/pyrobosim_msgs/srv/detail/dds_fastrtps/set_location_state__type_support.cpp.o[0m
[10.271s] [ 76%] [32mBuilding CXX object CMakeFiles/pyrobosim_msgs__rosidl_typesupport_fastrtps_cpp.dir/rosidl_typesupport_fastrtps_cpp/pyrobosim_msgs/action/detail/dds_fastrtps/detect_objects__type_support.cpp.o[0m
[10.277s] [ 77%] [32mBuilding CXX object CMakeFiles/pyrobosim_msgs__rosidl_typesupport_fastrtps_cpp.dir/rosidl_typesupport_fastrtps_cpp/pyrobosim_msgs/action/detail/dds_fastrtps/execute_task_action__type_support.cpp.o[0m
[10.291s] [ 77%] [32mBuilding CXX object CMakeFiles/pyrobosim_msgs__rosidl_typesupport_fastrtps_cpp.dir/rosidl_typesupport_fastrtps_cpp/pyrobosim_msgs/action/detail/dds_fastrtps/execute_task_plan__type_support.cpp.o[0m
[10.299s] [ 77%] [32mBuilding CXX object CMakeFiles/pyrobosim_msgs__rosidl_typesupport_fastrtps_cpp.dir/rosidl_typesupport_fastrtps_cpp/pyrobosim_msgs/action/detail/dds_fastrtps/follow_path__type_support.cpp.o[0m
[10.313s] [ 78%] [32mBuilding CXX object CMakeFiles/pyrobosim_msgs__rosidl_typesupport_fastrtps_cpp.dir/rosidl_typesupport_fastrtps_cpp/pyrobosim_msgs/action/detail/dds_fastrtps/plan_path__type_support.cpp.o[0m
[10.427s] [ 78%] [32m[1mLinking CXX shared library libpyrobosim_msgs__rosidl_typesupport_introspection_cpp.so[0m
[10.439s] [ 78%] [32mBuilding CXX object CMakeFiles/pyrobosim_msgs__rosidl_typesupport_fastrtps_c.dir/rosidl_typesupport_fastrtps_c/pyrobosim_msgs/msg/detail/goal_specification__type_support_c.cpp.o[0m
[10.440s] [ 78%] [32mBuilding CXX object CMakeFiles/pyrobosim_msgs__rosidl_typesupport_fastrtps_c.dir/rosidl_typesupport_fastrtps_c/pyrobosim_msgs/msg/detail/execution_result__type_support_c.cpp.o[0m
[10.440s] [ 79%] [32mBuilding CXX object CMakeFiles/pyrobosim_msgs__rosidl_typesupport_fastrtps_c.dir/rosidl_typesupport_fastrtps_c/pyrobosim_msgs/msg/detail/goal_predicate__type_support_c.cpp.o[0m
[10.440s] [ 79%] [32mBuilding CXX object CMakeFiles/pyrobosim_msgs__rosidl_typesupport_fastrtps_c.dir/rosidl_typesupport_fastrtps_c/pyrobosim_msgs/msg/detail/path__type_support_c.cpp.o[0m
[10.440s] [ 78%] [32mBuilding CXX object CMakeFiles/pyrobosim_msgs__rosidl_typesupport_fastrtps_c.dir/rosidl_typesupport_fastrtps_c/pyrobosim_msgs/msg/detail/location_state__type_support_c.cpp.o[0m
[10.442s] [ 80%] [32mBuilding CXX object CMakeFiles/pyrobosim_msgs__rosidl_typesupport_fastrtps_c.dir/rosidl_typesupport_fastrtps_c/pyrobosim_msgs/msg/detail/hallway_state__type_support_c.cpp.o[0m
[10.445s] [ 81%] [32mBuilding CXX object CMakeFiles/pyrobosim_msgs__rosidl_typesupport_fastrtps_c.dir/rosidl_typesupport_fastrtps_c/pyrobosim_msgs/msg/detail/object_state__type_support_c.cpp.o[0m
[10.445s] [ 81%] [32mBuilding CXX object CMakeFiles/pyrobosim_msgs__rosidl_typesupport_fastrtps_c.dir/rosidl_typesupport_fastrtps_c/pyrobosim_msgs/msg/detail/robot_state__type_support_c.cpp.o[0m
[10.450s] [ 82%] [32mBuilding CXX object CMakeFiles/pyrobosim_msgs__rosidl_typesupport_fastrtps_c.dir/rosidl_typesupport_fastrtps_c/pyrobosim_msgs/msg/detail/task_action__type_support_c.cpp.o[0m
[10.468s] [ 82%] [32mBuilding CXX object CMakeFiles/pyrobosim_msgs__rosidl_typesupport_fastrtps_c.dir/rosidl_typesupport_fastrtps_c/pyrobosim_msgs/msg/detail/task_plan__type_support_c.cpp.o[0m
[10.517s] [ 83%] [32mBuilding CXX object CMakeFiles/pyrobosim_msgs__rosidl_typesupport_fastrtps_c.dir/rosidl_typesupport_fastrtps_c/pyrobosim_msgs/msg/detail/world_info__type_support_c.cpp.o[0m
[10.562s] [ 83%] Built target pyrobosim_msgs__rosidl_typesupport_introspection_cpp
[10.571s] [ 83%] [32mBuilding CXX object CMakeFiles/pyrobosim_msgs__rosidl_typesupport_fastrtps_c.dir/rosidl_typesupport_fastrtps_c/pyrobosim_msgs/msg/detail/world_state__type_support_c.cpp.o[0m
[10.701s] [ 84%] [32mBuilding CXX object CMakeFiles/pyrobosim_msgs__rosidl_typesupport_fastrtps_c.dir/rosidl_typesupport_fastrtps_c/pyrobosim_msgs/srv/detail/request_world_info__type_support_c.cpp.o[0m
[10.829s] [ 84%] [32mBuilding CXX object CMakeFiles/pyrobosim_msgs__rosidl_typesupport_fastrtps_c.dir/rosidl_typesupport_fastrtps_c/pyrobosim_msgs/srv/detail/request_world_state__type_support_c.cpp.o[0m
[10.881s] [ 85%] [32mBuilding CXX object CMakeFiles/pyrobosim_msgs__rosidl_typesupport_fastrtps_c.dir/rosidl_typesupport_fastrtps_c/pyrobosim_msgs/srv/detail/set_location_state__type_support_c.cpp.o[0m
[10.882s] [ 85%] [32mBuilding CXX object CMakeFiles/pyrobosim_msgs__rosidl_typesupport_fastrtps_c.dir/rosidl_typesupport_fastrtps_c/pyrobosim_msgs/srv/detail/reset_world__type_support_c.cpp.o[0m
[10.892s] [ 85%] [32mBuilding CXX object CMakeFiles/pyrobosim_msgs__rosidl_typesupport_fastrtps_c.dir/rosidl_typesupport_fastrtps_c/pyrobosim_msgs/action/detail/detect_objects__type_support_c.cpp.o[0m
[10.901s] [ 86%] [32mBuilding CXX object CMakeFiles/pyrobosim_msgs__rosidl_typesupport_fastrtps_c.dir/rosidl_typesupport_fastrtps_c/pyrobosim_msgs/action/detail/execute_task_action__type_support_c.cpp.o[0m
[10.929s] [ 86%] [32mBuilding CXX object CMakeFiles/pyrobosim_msgs__rosidl_typesupport_fastrtps_c.dir/rosidl_typesupport_fastrtps_c/pyrobosim_msgs/action/detail/execute_task_plan__type_support_c.cpp.o[0m
[10.979s] [ 86%] [32mBuilding CXX object CMakeFiles/pyrobosim_msgs__rosidl_typesupport_fastrtps_c.dir/rosidl_typesupport_fastrtps_c/pyrobosim_msgs/action/detail/plan_path__type_support_c.cpp.o[0m
[10.979s] [ 87%] [32mBuilding CXX object CMakeFiles/pyrobosim_msgs__rosidl_typesupport_fastrtps_c.dir/rosidl_typesupport_fastrtps_c/pyrobosim_msgs/action/detail/follow_path__type_support_c.cpp.o[0m
[11.329s] [ 87%] [32m[1mLinking CXX shared library libpyrobosim_msgs__rosidl_typesupport_fastrtps_cpp.so[0m
[11.401s] [ 87%] Built target pyrobosim_msgs__rosidl_typesupport_fastrtps_cpp
[11.426s] [ 87%] [32m[1mLinking CXX shared library libpyrobosim_msgs__rosidl_typesupport_fastrtps_c.so[0m
[11.477s] [ 87%] Built target pyrobosim_msgs__rosidl_typesupport_fastrtps_c
[11.489s] [ 87%] Built target pyrobosim_msgs
[11.503s] [ 87%] [34m[1mGenerating Python code for ROS interfaces[0m
[13.837s] [ 87%] Built target pyrobosim_msgs__py
[13.854s] [ 88%] [32mBuilding C object CMakeFiles/pyrobosim_msgs__rosidl_generator_py.dir/rosidl_generator_py/pyrobosim_msgs/msg/_location_state_s.c.o[0m
[13.854s] [ 88%] [32mBuilding C object CMakeFiles/pyrobosim_msgs__rosidl_generator_py.dir/rosidl_generator_py/pyrobosim_msgs/msg/_execution_result_s.c.o[0m
[13.854s] [ 88%] [32mBuilding C object CMakeFiles/pyrobosim_msgs__rosidl_generator_py.dir/rosidl_generator_py/pyrobosim_msgs/msg/_goal_specification_s.c.o[0m
[13.854s] [ 88%] [32mBuilding C object CMakeFiles/pyrobosim_msgs__rosidl_generator_py.dir/rosidl_generator_py/pyrobosim_msgs/msg/_goal_predicate_s.c.o[0m
[13.855s] [ 88%] [32mBuilding C object CMakeFiles/pyrobosim_msgs__rosidl_generator_py.dir/rosidl_generator_py/pyrobosim_msgs/msg/_task_action_s.c.o[0m
[13.855s] [ 88%] [32mBuilding C object CMakeFiles/pyrobosim_msgs__rosidl_generator_py.dir/rosidl_generator_py/pyrobosim_msgs/msg/_world_state_s.c.o[0m
[13.855s] [ 88%] [32mBuilding C object CMakeFiles/pyrobosim_msgs__rosidl_generator_py.dir/rosidl_generator_py/pyrobosim_msgs/msg/_task_plan_s.c.o[0m
[13.855s] [ 89%] [32mBuilding C object CMakeFiles/pyrobosim_msgs__rosidl_generator_py.dir/rosidl_generator_py/pyrobosim_msgs/msg/_hallway_state_s.c.o[0m
[13.855s] [ 91%] [32mBuilding C object CMakeFiles/pyrobosim_msgs__rosidl_generator_py.dir/rosidl_generator_py/pyrobosim_msgs/msg/_world_info_s.c.o[0m
[13.855s] [ 91%] [32mBuilding C object CMakeFiles/pyrobosim_msgs__rosidl_generator_py.dir/rosidl_generator_py/pyrobosim_msgs/msg/_object_state_s.c.o[0m
[13.855s] [ 91%] [32mBuilding C object CMakeFiles/pyrobosim_msgs__rosidl_generator_py.dir/rosidl_generator_py/pyrobosim_msgs/srv/_request_world_state_s.c.o[0m
[13.855s] [ 91%] [32mBuilding C object CMakeFiles/pyrobosim_msgs__rosidl_generator_py.dir/rosidl_generator_py/pyrobosim_msgs/msg/_path_s.c.o[0m
[13.855s] [ 92%] [32mBuilding C object CMakeFiles/pyrobosim_msgs__rosidl_generator_py.dir/rosidl_generator_py/pyrobosim_msgs/msg/_robot_state_s.c.o[0m
[13.855s] [ 92%] [32mBuilding C object CMakeFiles/pyrobosim_msgs__rosidl_generator_py.dir/rosidl_generator_py/pyrobosim_msgs/srv/_set_location_state_s.c.o[0m
[13.856s] [ 93%] [32mBuilding C object CMakeFiles/pyrobosim_msgs__rosidl_generator_py.dir/rosidl_generator_py/pyrobosim_msgs/srv/_request_world_info_s.c.o[0m
[13.859s] [ 95%] [32mBuilding C object CMakeFiles/pyrobosim_msgs__rosidl_generator_py.dir/rosidl_generator_py/pyrobosim_msgs/action/_execute_task_action_s.c.o[0m
[13.859s] [ 95%] [32mBuilding C object CMakeFiles/pyrobosim_msgs__rosidl_generator_py.dir/rosidl_generator_py/pyrobosim_msgs/srv/_reset_world_s.c.o[0m
[13.859s] [ 95%] [32mBuilding C object CMakeFiles/pyrobosim_msgs__rosidl_generator_py.dir/rosidl_generator_py/pyrobosim_msgs/action/_detect_objects_s.c.o[0m
[13.859s] [ 96%] [32mBuilding C object CMakeFiles/pyrobosim_msgs__rosidl_generator_py.dir/rosidl_generator_py/pyrobosim_msgs/action/_execute_task_plan_s.c.o[0m
[13.860s] [ 96%] [32mBuilding C object CMakeFiles/pyrobosim_msgs__rosidl_generator_py.dir/rosidl_generator_py/pyrobosim_msgs/action/_follow_path_s.c.o[0m
[13.997s] [ 96%] [32mBuilding C object CMakeFiles/pyrobosim_msgs__rosidl_generator_py.dir/rosidl_generator_py/pyrobosim_msgs/action/_plan_path_s.c.o[0m
[14.129s] [ 97%] [32m[1mLinking C shared library libpyrobosim_msgs__rosidl_generator_py.so[0m
[14.167s] [ 97%] Built target pyrobosim_msgs__rosidl_generator_py
[14.181s] [ 97%] [32mBuilding C object CMakeFiles/pyrobosim_msgs_s__rosidl_typesupport_c.dir/rosidl_generator_py/pyrobosim_msgs/_pyrobosim_msgs_s.ep.rosidl_typesupport_c.c.o[0m
[14.181s] [ 97%] [32mBuilding C object CMakeFiles/pyrobosim_msgs_s__rosidl_typesupport_introspection_c.dir/rosidl_generator_py/pyrobosim_msgs/_pyrobosim_msgs_s.ep.rosidl_typesupport_introspection_c.c.o[0m
[14.181s] [ 97%] [32mBuilding C object CMakeFiles/pyrobosim_msgs_s__rosidl_typesupport_fastrtps_c.dir/rosidl_generator_py/pyrobosim_msgs/_pyrobosim_msgs_s.ep.rosidl_typesupport_fastrtps_c.c.o[0m
[14.353s] [ 98%] [32m[1mLinking C shared module rosidl_generator_py/pyrobosim_msgs/pyrobosim_msgs_s__rosidl_typesupport_introspection_c.so[0m
[14.354s] [ 99%] [32m[1mLinking C shared module rosidl_generator_py/pyrobosim_msgs/pyrobosim_msgs_s__rosidl_typesupport_c.so[0m
[14.363s] [100%] [32m[1mLinking C shared module rosidl_generator_py/pyrobosim_msgs/pyrobosim_msgs_s__rosidl_typesupport_fastrtps_c.so[0m
[14.378s] [100%] Built target pyrobosim_msgs_s__rosidl_typesupport_introspection_c
[14.382s] [100%] Built target pyrobosim_msgs_s__rosidl_typesupport_c
[14.389s] [100%] Built target pyrobosim_msgs_s__rosidl_typesupport_fastrtps_c
[14.397s] Invoked command in '/convince_ws/build/pyrobosim_msgs' returned '0': CMAKE_PREFIX_PATH=/opt/ros/jazzy /usr/bin/cmake --build /convince_ws/build/pyrobosim_msgs -- -j20 -l20
[14.398s] Invoking command in '/convince_ws/build/pyrobosim_msgs': CMAKE_PREFIX_PATH=/opt/ros/jazzy /usr/bin/cmake --install /convince_ws/build/pyrobosim_msgs
[14.402s] -- Install configuration: ""
[14.403s] -- Execute custom install script
[14.403s] -- Symlinking: /convince_ws/install/pyrobosim_msgs/share/ament_index/resource_index/rosidl_interfaces/pyrobosim_msgs
[14.410s] -- Symlinking: /convince_ws/install/pyrobosim_msgs/share/pyrobosim_msgs/msg/ExecutionResult.json
[14.416s] -- Symlinking: /convince_ws/install/pyrobosim_msgs/share/pyrobosim_msgs/msg/GoalPredicate.json
[14.421s] -- Symlinking: /convince_ws/install/pyrobosim_msgs/share/pyrobosim_msgs/msg/GoalSpecification.json
[14.427s] -- Symlinking: /convince_ws/install/pyrobosim_msgs/share/pyrobosim_msgs/msg/HallwayState.json
[14.432s] -- Symlinking: /convince_ws/install/pyrobosim_msgs/share/pyrobosim_msgs/msg/LocationState.json
[14.437s] -- Symlinking: /convince_ws/install/pyrobosim_msgs/share/pyrobosim_msgs/msg/ObjectState.json
[14.442s] -- Symlinking: /convince_ws/install/pyrobosim_msgs/share/pyrobosim_msgs/msg/Path.json
[14.447s] -- Symlinking: /convince_ws/install/pyrobosim_msgs/share/pyrobosim_msgs/msg/RobotState.json
[14.452s] -- Symlinking: /convince_ws/install/pyrobosim_msgs/share/pyrobosim_msgs/msg/TaskAction.json
[14.459s] -- Symlinking: /convince_ws/install/pyrobosim_msgs/share/pyrobosim_msgs/msg/TaskPlan.json
[14.466s] -- Symlinking: /convince_ws/install/pyrobosim_msgs/share/pyrobosim_msgs/msg/WorldInfo.json
[14.472s] -- Symlinking: /convince_ws/install/pyrobosim_msgs/share/pyrobosim_msgs/msg/WorldState.json
[14.478s] -- Symlinking: /convince_ws/install/pyrobosim_msgs/share/pyrobosim_msgs/srv/RequestWorldInfo.json
[14.483s] -- Symlinking: /convince_ws/install/pyrobosim_msgs/share/pyrobosim_msgs/srv/RequestWorldState.json
[14.488s] -- Symlinking: /convince_ws/install/pyrobosim_msgs/share/pyrobosim_msgs/srv/ResetWorld.json
[14.492s] -- Symlinking: /convince_ws/install/pyrobosim_msgs/share/pyrobosim_msgs/srv/SetLocationState.json
[14.499s] -- Symlinking: /convince_ws/install/pyrobosim_msgs/share/pyrobosim_msgs/action/DetectObjects.json
[14.506s] -- Symlinking: /convince_ws/install/pyrobosim_msgs/share/pyrobosim_msgs/action/ExecuteTaskAction.json
[14.512s] -- Symlinking: /convince_ws/install/pyrobosim_msgs/share/pyrobosim_msgs/action/ExecuteTaskPlan.json
[14.518s] -- Symlinking: /convince_ws/install/pyrobosim_msgs/share/pyrobosim_msgs/action/FollowPath.json
[14.523s] -- Symlinking: /convince_ws/install/pyrobosim_msgs/share/pyrobosim_msgs/action/PlanPath.json
[14.528s] -- Symlinking: /convince_ws/install/pyrobosim_msgs/include/pyrobosim_msgs/pyrobosim_msgs/action/detail/detect_objects__functions.h
[14.534s] -- Symlinking: /convince_ws/install/pyrobosim_msgs/include/pyrobosim_msgs/pyrobosim_msgs/action/detail/detect_objects__struct.h
[14.540s] -- Symlinking: /convince_ws/install/pyrobosim_msgs/include/pyrobosim_msgs/pyrobosim_msgs/action/detail/detect_objects__type_support.h
[14.545s] -- Symlinking: /convince_ws/install/pyrobosim_msgs/include/pyrobosim_msgs/pyrobosim_msgs/action/detail/execute_task_action__functions.h
[14.551s] -- Symlinking: /convince_ws/install/pyrobosim_msgs/include/pyrobosim_msgs/pyrobosim_msgs/action/detail/execute_task_action__struct.h
[14.558s] -- Symlinking: /convince_ws/install/pyrobosim_msgs/include/pyrobosim_msgs/pyrobosim_msgs/action/detail/execute_task_action__type_support.h
[14.563s] -- Symlinking: /convince_ws/install/pyrobosim_msgs/include/pyrobosim_msgs/pyrobosim_msgs/action/detail/execute_task_plan__functions.h
[14.568s] -- Symlinking: /convince_ws/install/pyrobosim_msgs/include/pyrobosim_msgs/pyrobosim_msgs/action/detail/execute_task_plan__struct.h
[14.573s] -- Symlinking: /convince_ws/install/pyrobosim_msgs/include/pyrobosim_msgs/pyrobosim_msgs/action/detail/execute_task_plan__type_support.h
[14.579s] -- Symlinking: /convince_ws/install/pyrobosim_msgs/include/pyrobosim_msgs/pyrobosim_msgs/action/detail/follow_path__functions.h
[14.584s] -- Symlinking: /convince_ws/install/pyrobosim_msgs/include/pyrobosim_msgs/pyrobosim_msgs/action/detail/follow_path__struct.h
[14.589s] -- Symlinking: /convince_ws/install/pyrobosim_msgs/include/pyrobosim_msgs/pyrobosim_msgs/action/detail/follow_path__type_support.h
[14.593s] -- Symlinking: /convince_ws/install/pyrobosim_msgs/include/pyrobosim_msgs/pyrobosim_msgs/action/detail/plan_path__functions.h
[14.600s] -- Symlinking: /convince_ws/install/pyrobosim_msgs/include/pyrobosim_msgs/pyrobosim_msgs/action/detail/plan_path__struct.h
[14.606s] -- Symlinking: /convince_ws/install/pyrobosim_msgs/include/pyrobosim_msgs/pyrobosim_msgs/action/detail/plan_path__type_support.h
[14.611s] -- Symlinking: /convince_ws/install/pyrobosim_msgs/include/pyrobosim_msgs/pyrobosim_msgs/action/detect_objects.h
[14.618s] -- Symlinking: /convince_ws/install/pyrobosim_msgs/include/pyrobosim_msgs/pyrobosim_msgs/action/execute_task_action.h
[14.623s] -- Symlinking: /convince_ws/install/pyrobosim_msgs/include/pyrobosim_msgs/pyrobosim_msgs/action/execute_task_plan.h
[14.629s] -- Symlinking: /convince_ws/install/pyrobosim_msgs/include/pyrobosim_msgs/pyrobosim_msgs/action/follow_path.h
[14.634s] -- Symlinking: /convince_ws/install/pyrobosim_msgs/include/pyrobosim_msgs/pyrobosim_msgs/action/plan_path.h
[14.640s] -- Symlinking: /convince_ws/install/pyrobosim_msgs/include/pyrobosim_msgs/pyrobosim_msgs/msg/detail/execution_result__functions.h
[14.646s] -- Symlinking: /convince_ws/install/pyrobosim_msgs/include/pyrobosim_msgs/pyrobosim_msgs/msg/detail/execution_result__struct.h
[14.650s] -- Symlinking: /convince_ws/install/pyrobosim_msgs/include/pyrobosim_msgs/pyrobosim_msgs/msg/detail/execution_result__type_support.h
[14.655s] -- Symlinking: /convince_ws/install/pyrobosim_msgs/include/pyrobosim_msgs/pyrobosim_msgs/msg/detail/goal_predicate__functions.h
[14.661s] -- Symlinking: /convince_ws/install/pyrobosim_msgs/include/pyrobosim_msgs/pyrobosim_msgs/msg/detail/goal_predicate__struct.h
[14.667s] -- Symlinking: /convince_ws/install/pyrobosim_msgs/include/pyrobosim_msgs/pyrobosim_msgs/msg/detail/goal_predicate__type_support.h
[14.672s] -- Symlinking: /convince_ws/install/pyrobosim_msgs/include/pyrobosim_msgs/pyrobosim_msgs/msg/detail/goal_specification__functions.h
[14.676s] -- Symlinking: /convince_ws/install/pyrobosim_msgs/include/pyrobosim_msgs/pyrobosim_msgs/msg/detail/goal_specification__struct.h
[14.682s] -- Symlinking: /convince_ws/install/pyrobosim_msgs/include/pyrobosim_msgs/pyrobosim_msgs/msg/detail/goal_specification__type_support.h
[14.688s] -- Symlinking: /convince_ws/install/pyrobosim_msgs/include/pyrobosim_msgs/pyrobosim_msgs/msg/detail/hallway_state__functions.h
[14.693s] -- Symlinking: /convince_ws/install/pyrobosim_msgs/include/pyrobosim_msgs/pyrobosim_msgs/msg/detail/hallway_state__struct.h
[14.697s] -- Symlinking: /convince_ws/install/pyrobosim_msgs/include/pyrobosim_msgs/pyrobosim_msgs/msg/detail/hallway_state__type_support.h
[14.704s] -- Symlinking: /convince_ws/install/pyrobosim_msgs/include/pyrobosim_msgs/pyrobosim_msgs/msg/detail/location_state__functions.h
[14.709s] -- Symlinking: /convince_ws/install/pyrobosim_msgs/include/pyrobosim_msgs/pyrobosim_msgs/msg/detail/location_state__struct.h
[14.716s] -- Symlinking: /convince_ws/install/pyrobosim_msgs/include/pyrobosim_msgs/pyrobosim_msgs/msg/detail/location_state__type_support.h
[14.721s] -- Symlinking: /convince_ws/install/pyrobosim_msgs/include/pyrobosim_msgs/pyrobosim_msgs/msg/detail/object_state__functions.h
[14.726s] -- Symlinking: /convince_ws/install/pyrobosim_msgs/include/pyrobosim_msgs/pyrobosim_msgs/msg/detail/object_state__struct.h
[14.732s] -- Symlinking: /convince_ws/install/pyrobosim_msgs/include/pyrobosim_msgs/pyrobosim_msgs/msg/detail/object_state__type_support.h
[14.738s] -- Symlinking: /convince_ws/install/pyrobosim_msgs/include/pyrobosim_msgs/pyrobosim_msgs/msg/detail/path__functions.h
[14.743s] -- Symlinking: /convince_ws/install/pyrobosim_msgs/include/pyrobosim_msgs/pyrobosim_msgs/msg/detail/path__struct.h
[14.747s] -- Symlinking: /convince_ws/install/pyrobosim_msgs/include/pyrobosim_msgs/pyrobosim_msgs/msg/detail/path__type_support.h
[14.753s] -- Symlinking: /convince_ws/install/pyrobosim_msgs/include/pyrobosim_msgs/pyrobosim_msgs/msg/detail/robot_state__functions.h
[14.759s] -- Symlinking: /convince_ws/install/pyrobosim_msgs/include/pyrobosim_msgs/pyrobosim_msgs/msg/detail/robot_state__struct.h
[14.763s] -- Symlinking: /convince_ws/install/pyrobosim_msgs/include/pyrobosim_msgs/pyrobosim_msgs/msg/detail/robot_state__type_support.h
[14.770s] -- Symlinking: /convince_ws/install/pyrobosim_msgs/include/pyrobosim_msgs/pyrobosim_msgs/msg/detail/task_action__functions.h
[14.776s] -- Symlinking: /convince_ws/install/pyrobosim_msgs/include/pyrobosim_msgs/pyrobosim_msgs/msg/detail/task_action__struct.h
[14.780s] -- Symlinking: /convince_ws/install/pyrobosim_msgs/include/pyrobosim_msgs/pyrobosim_msgs/msg/detail/task_action__type_support.h
[14.785s] -- Symlinking: /convince_ws/install/pyrobosim_msgs/include/pyrobosim_msgs/pyrobosim_msgs/msg/detail/task_plan__functions.h
[14.790s] -- Symlinking: /convince_ws/install/pyrobosim_msgs/include/pyrobosim_msgs/pyrobosim_msgs/msg/detail/task_plan__struct.h
[14.794s] -- Symlinking: /convince_ws/install/pyrobosim_msgs/include/pyrobosim_msgs/pyrobosim_msgs/msg/detail/task_plan__type_support.h
[14.800s] -- Symlinking: /convince_ws/install/pyrobosim_msgs/include/pyrobosim_msgs/pyrobosim_msgs/msg/detail/world_info__functions.h
[14.806s] -- Symlinking: /convince_ws/install/pyrobosim_msgs/include/pyrobosim_msgs/pyrobosim_msgs/msg/detail/world_info__struct.h
[14.810s] -- Symlinking: /convince_ws/install/pyrobosim_msgs/include/pyrobosim_msgs/pyrobosim_msgs/msg/detail/world_info__type_support.h
[14.816s] -- Symlinking: /convince_ws/install/pyrobosim_msgs/include/pyrobosim_msgs/pyrobosim_msgs/msg/detail/world_state__functions.h
[14.821s] -- Symlinking: /convince_ws/install/pyrobosim_msgs/include/pyrobosim_msgs/pyrobosim_msgs/msg/detail/world_state__struct.h
[14.826s] -- Symlinking: /convince_ws/install/pyrobosim_msgs/include/pyrobosim_msgs/pyrobosim_msgs/msg/detail/world_state__type_support.h
[14.830s] -- Symlinking: /convince_ws/install/pyrobosim_msgs/include/pyrobosim_msgs/pyrobosim_msgs/msg/execution_result.h
[14.835s] -- Symlinking: /convince_ws/install/pyrobosim_msgs/include/pyrobosim_msgs/pyrobosim_msgs/msg/goal_predicate.h
[14.840s] -- Symlinking: /convince_ws/install/pyrobosim_msgs/include/pyrobosim_msgs/pyrobosim_msgs/msg/goal_specification.h
[14.846s] -- Symlinking: /convince_ws/install/pyrobosim_msgs/include/pyrobosim_msgs/pyrobosim_msgs/msg/hallway_state.h
[14.852s] -- Symlinking: /convince_ws/install/pyrobosim_msgs/include/pyrobosim_msgs/pyrobosim_msgs/msg/location_state.h
[14.857s] -- Symlinking: /convince_ws/install/pyrobosim_msgs/include/pyrobosim_msgs/pyrobosim_msgs/msg/object_state.h
[14.862s] -- Symlinking: /convince_ws/install/pyrobosim_msgs/include/pyrobosim_msgs/pyrobosim_msgs/msg/path.h
[14.867s] -- Symlinking: /convince_ws/install/pyrobosim_msgs/include/pyrobosim_msgs/pyrobosim_msgs/msg/robot_state.h
[14.872s] -- Symlinking: /convince_ws/install/pyrobosim_msgs/include/pyrobosim_msgs/pyrobosim_msgs/msg/rosidl_generator_c__visibility_control.h
[14.876s] -- Symlinking: /convince_ws/install/pyrobosim_msgs/include/pyrobosim_msgs/pyrobosim_msgs/msg/task_action.h
[14.881s] -- Symlinking: /convince_ws/install/pyrobosim_msgs/include/pyrobosim_msgs/pyrobosim_msgs/msg/task_plan.h
[14.887s] -- Symlinking: /convince_ws/install/pyrobosim_msgs/include/pyrobosim_msgs/pyrobosim_msgs/msg/world_info.h
[14.893s] -- Symlinking: /convince_ws/install/pyrobosim_msgs/include/pyrobosim_msgs/pyrobosim_msgs/msg/world_state.h
[14.898s] -- Symlinking: /convince_ws/install/pyrobosim_msgs/include/pyrobosim_msgs/pyrobosim_msgs/srv/detail/request_world_info__functions.h
[14.903s] -- Symlinking: /convince_ws/install/pyrobosim_msgs/include/pyrobosim_msgs/pyrobosim_msgs/srv/detail/request_world_info__struct.h
[14.908s] -- Symlinking: /convince_ws/install/pyrobosim_msgs/include/pyrobosim_msgs/pyrobosim_msgs/srv/detail/request_world_info__type_support.h
[14.913s] -- Symlinking: /convince_ws/install/pyrobosim_msgs/include/pyrobosim_msgs/pyrobosim_msgs/srv/detail/request_world_state__functions.h
[14.918s] -- Symlinking: /convince_ws/install/pyrobosim_msgs/include/pyrobosim_msgs/pyrobosim_msgs/srv/detail/request_world_state__struct.h
[14.923s] -- Symlinking: /convince_ws/install/pyrobosim_msgs/include/pyrobosim_msgs/pyrobosim_msgs/srv/detail/request_world_state__type_support.h
[14.927s] -- Symlinking: /convince_ws/install/pyrobosim_msgs/include/pyrobosim_msgs/pyrobosim_msgs/srv/detail/reset_world__functions.h
[14.933s] -- Symlinking: /convince_ws/install/pyrobosim_msgs/include/pyrobosim_msgs/pyrobosim_msgs/srv/detail/reset_world__struct.h
[14.939s] -- Symlinking: /convince_ws/install/pyrobosim_msgs/include/pyrobosim_msgs/pyrobosim_msgs/srv/detail/reset_world__type_support.h
[14.943s] -- Symlinking: /convince_ws/install/pyrobosim_msgs/include/pyrobosim_msgs/pyrobosim_msgs/srv/detail/set_location_state__functions.h
[14.948s] -- Symlinking: /convince_ws/install/pyrobosim_msgs/include/pyrobosim_msgs/pyrobosim_msgs/srv/detail/set_location_state__struct.h
[14.954s] -- Symlinking: /convince_ws/install/pyrobosim_msgs/include/pyrobosim_msgs/pyrobosim_msgs/srv/detail/set_location_state__type_support.h
[14.960s] -- Symlinking: /convince_ws/install/pyrobosim_msgs/include/pyrobosim_msgs/pyrobosim_msgs/srv/request_world_info.h
[14.965s] -- Symlinking: /convince_ws/install/pyrobosim_msgs/include/pyrobosim_msgs/pyrobosim_msgs/srv/request_world_state.h
[14.970s] -- Symlinking: /convince_ws/install/pyrobosim_msgs/include/pyrobosim_msgs/pyrobosim_msgs/srv/reset_world.h
[14.975s] -- Symlinking: /convince_ws/install/pyrobosim_msgs/include/pyrobosim_msgs/pyrobosim_msgs/srv/set_location_state.h
[14.980s] -- Symlinking: /convince_ws/install/pyrobosim_msgs/share/pyrobosim_msgs/environment/library_path.sh
[14.986s] -- Symlinking: /convince_ws/install/pyrobosim_msgs/share/pyrobosim_msgs/environment/library_path.dsv
[14.992s] -- Symlinking: /convince_ws/install/pyrobosim_msgs/include/pyrobosim_msgs/pyrobosim_msgs/action/detail/detect_objects__rosidl_typesupport_fastrtps_c.h
[14.998s] -- Symlinking: /convince_ws/install/pyrobosim_msgs/include/pyrobosim_msgs/pyrobosim_msgs/action/detail/execute_task_action__rosidl_typesupport_fastrtps_c.h
[15.003s] -- Symlinking: /convince_ws/install/pyrobosim_msgs/include/pyrobosim_msgs/pyrobosim_msgs/action/detail/execute_task_plan__rosidl_typesupport_fastrtps_c.h
[15.008s] -- Symlinking: /convince_ws/install/pyrobosim_msgs/include/pyrobosim_msgs/pyrobosim_msgs/action/detail/follow_path__rosidl_typesupport_fastrtps_c.h
[15.012s] -- Symlinking: /convince_ws/install/pyrobosim_msgs/include/pyrobosim_msgs/pyrobosim_msgs/action/detail/plan_path__rosidl_typesupport_fastrtps_c.h
[15.018s] -- Symlinking: /convince_ws/install/pyrobosim_msgs/include/pyrobosim_msgs/pyrobosim_msgs/msg/detail/execution_result__rosidl_typesupport_fastrtps_c.h
[15.022s] -- Symlinking: /convince_ws/install/pyrobosim_msgs/include/pyrobosim_msgs/pyrobosim_msgs/msg/detail/goal_predicate__rosidl_typesupport_fastrtps_c.h
[15.027s] -- Symlinking: /convince_ws/install/pyrobosim_msgs/include/pyrobosim_msgs/pyrobosim_msgs/msg/detail/goal_specification__rosidl_typesupport_fastrtps_c.h
[15.033s] -- Symlinking: /convince_ws/install/pyrobosim_msgs/include/pyrobosim_msgs/pyrobosim_msgs/msg/detail/hallway_state__rosidl_typesupport_fastrtps_c.h
[15.039s] -- Symlinking: /convince_ws/install/pyrobosim_msgs/include/pyrobosim_msgs/pyrobosim_msgs/msg/detail/location_state__rosidl_typesupport_fastrtps_c.h
[15.044s] -- Symlinking: /convince_ws/install/pyrobosim_msgs/include/pyrobosim_msgs/pyrobosim_msgs/msg/detail/object_state__rosidl_typesupport_fastrtps_c.h
[15.050s] -- Symlinking: /convince_ws/install/pyrobosim_msgs/include/pyrobosim_msgs/pyrobosim_msgs/msg/detail/path__rosidl_typesupport_fastrtps_c.h
[15.055s] -- Symlinking: /convince_ws/install/pyrobosim_msgs/include/pyrobosim_msgs/pyrobosim_msgs/msg/detail/robot_state__rosidl_typesupport_fastrtps_c.h
[15.060s] -- Symlinking: /convince_ws/install/pyrobosim_msgs/include/pyrobosim_msgs/pyrobosim_msgs/msg/detail/task_action__rosidl_typesupport_fastrtps_c.h
[15.064s] -- Symlinking: /convince_ws/install/pyrobosim_msgs/include/pyrobosim_msgs/pyrobosim_msgs/msg/detail/task_plan__rosidl_typesupport_fastrtps_c.h
[15.071s] -- Symlinking: /convince_ws/install/pyrobosim_msgs/include/pyrobosim_msgs/pyrobosim_msgs/msg/detail/world_info__rosidl_typesupport_fastrtps_c.h
[15.076s] -- Symlinking: /convince_ws/install/pyrobosim_msgs/include/pyrobosim_msgs/pyrobosim_msgs/msg/detail/world_state__rosidl_typesupport_fastrtps_c.h
[15.081s] -- Symlinking: /convince_ws/install/pyrobosim_msgs/include/pyrobosim_msgs/pyrobosim_msgs/msg/rosidl_typesupport_fastrtps_c__visibility_control.h
[15.085s] -- Symlinking: /convince_ws/install/pyrobosim_msgs/include/pyrobosim_msgs/pyrobosim_msgs/srv/detail/request_world_info__rosidl_typesupport_fastrtps_c.h
[15.092s] -- Symlinking: /convince_ws/install/pyrobosim_msgs/include/pyrobosim_msgs/pyrobosim_msgs/srv/detail/request_world_state__rosidl_typesupport_fastrtps_c.h
[15.096s] -- Symlinking: /convince_ws/install/pyrobosim_msgs/include/pyrobosim_msgs/pyrobosim_msgs/srv/detail/reset_world__rosidl_typesupport_fastrtps_c.h
[15.102s] -- Symlinking: /convince_ws/install/pyrobosim_msgs/include/pyrobosim_msgs/pyrobosim_msgs/srv/detail/set_location_state__rosidl_typesupport_fastrtps_c.h
[15.107s] -- Symlinking: /convince_ws/install/pyrobosim_msgs/include/pyrobosim_msgs/pyrobosim_msgs/action/detail/detect_objects__builder.hpp
[15.112s] -- Symlinking: /convince_ws/install/pyrobosim_msgs/include/pyrobosim_msgs/pyrobosim_msgs/action/detail/detect_objects__struct.hpp
[15.116s] -- Symlinking: /convince_ws/install/pyrobosim_msgs/include/pyrobosim_msgs/pyrobosim_msgs/action/detail/detect_objects__traits.hpp
[15.122s] -- Symlinking: /convince_ws/install/pyrobosim_msgs/include/pyrobosim_msgs/pyrobosim_msgs/action/detail/detect_objects__type_support.hpp
[15.126s] -- Symlinking: /convince_ws/install/pyrobosim_msgs/include/pyrobosim_msgs/pyrobosim_msgs/action/detail/execute_task_action__builder.hpp
[15.132s] -- Symlinking: /convince_ws/install/pyrobosim_msgs/include/pyrobosim_msgs/pyrobosim_msgs/action/detail/execute_task_action__struct.hpp
[15.137s] -- Symlinking: /convince_ws/install/pyrobosim_msgs/include/pyrobosim_msgs/pyrobosim_msgs/action/detail/execute_task_action__traits.hpp
[15.142s] -- Symlinking: /convince_ws/install/pyrobosim_msgs/include/pyrobosim_msgs/pyrobosim_msgs/action/detail/execute_task_action__type_support.hpp
[15.147s] -- Symlinking: /convince_ws/install/pyrobosim_msgs/include/pyrobosim_msgs/pyrobosim_msgs/action/detail/execute_task_plan__builder.hpp
[15.153s] -- Symlinking: /convince_ws/install/pyrobosim_msgs/include/pyrobosim_msgs/pyrobosim_msgs/action/detail/execute_task_plan__struct.hpp
[15.157s] -- Symlinking: /convince_ws/install/pyrobosim_msgs/include/pyrobosim_msgs/pyrobosim_msgs/action/detail/execute_task_plan__traits.hpp
[15.162s] -- Symlinking: /convince_ws/install/pyrobosim_msgs/include/pyrobosim_msgs/pyrobosim_msgs/action/detail/execute_task_plan__type_support.hpp
[15.168s] -- Symlinking: /convince_ws/install/pyrobosim_msgs/include/pyrobosim_msgs/pyrobosim_msgs/action/detail/follow_path__builder.hpp
[15.174s] -- Symlinking: /convince_ws/install/pyrobosim_msgs/include/pyrobosim_msgs/pyrobosim_msgs/action/detail/follow_path__struct.hpp
[15.179s] -- Symlinking: /convince_ws/install/pyrobosim_msgs/include/pyrobosim_msgs/pyrobosim_msgs/action/detail/follow_path__traits.hpp
[15.185s] -- Symlinking: /convince_ws/install/pyrobosim_msgs/include/pyrobosim_msgs/pyrobosim_msgs/action/detail/follow_path__type_support.hpp
[15.190s] -- Symlinking: /convince_ws/install/pyrobosim_msgs/include/pyrobosim_msgs/pyrobosim_msgs/action/detail/plan_path__builder.hpp
[15.195s] -- Symlinking: /convince_ws/install/pyrobosim_msgs/include/pyrobosim_msgs/pyrobosim_msgs/action/detail/plan_path__struct.hpp
[15.201s] -- Symlinking: /convince_ws/install/pyrobosim_msgs/include/pyrobosim_msgs/pyrobosim_msgs/action/detail/plan_path__traits.hpp
[15.206s] -- Symlinking: /convince_ws/install/pyrobosim_msgs/include/pyrobosim_msgs/pyrobosim_msgs/action/detail/plan_path__type_support.hpp
[15.210s] -- Symlinking: /convince_ws/install/pyrobosim_msgs/include/pyrobosim_msgs/pyrobosim_msgs/action/detect_objects.hpp
[15.216s] -- Symlinking: /convince_ws/install/pyrobosim_msgs/include/pyrobosim_msgs/pyrobosim_msgs/action/execute_task_action.hpp
[15.221s] -- Symlinking: /convince_ws/install/pyrobosim_msgs/include/pyrobosim_msgs/pyrobosim_msgs/action/execute_task_plan.hpp
[15.226s] -- Symlinking: /convince_ws/install/pyrobosim_msgs/include/pyrobosim_msgs/pyrobosim_msgs/action/follow_path.hpp
[15.232s] -- Symlinking: /convince_ws/install/pyrobosim_msgs/include/pyrobosim_msgs/pyrobosim_msgs/action/plan_path.hpp
[15.238s] -- Symlinking: /convince_ws/install/pyrobosim_msgs/include/pyrobosim_msgs/pyrobosim_msgs/msg/detail/execution_result__builder.hpp
[15.242s] -- Symlinking: /convince_ws/install/pyrobosim_msgs/include/pyrobosim_msgs/pyrobosim_msgs/msg/detail/execution_result__struct.hpp
[15.248s] -- Symlinking: /convince_ws/install/pyrobosim_msgs/include/pyrobosim_msgs/pyrobosim_msgs/msg/detail/execution_result__traits.hpp
[15.253s] -- Symlinking: /convince_ws/install/pyrobosim_msgs/include/pyrobosim_msgs/pyrobosim_msgs/msg/detail/execution_result__type_support.hpp
[15.260s] -- Symlinking: /convince_ws/install/pyrobosim_msgs/include/pyrobosim_msgs/pyrobosim_msgs/msg/detail/goal_predicate__builder.hpp
[15.264s] -- Symlinking: /convince_ws/install/pyrobosim_msgs/include/pyrobosim_msgs/pyrobosim_msgs/msg/detail/goal_predicate__struct.hpp
[15.271s] -- Symlinking: /convince_ws/install/pyrobosim_msgs/include/pyrobosim_msgs/pyrobosim_msgs/msg/detail/goal_predicate__traits.hpp
[15.277s] -- Symlinking: /convince_ws/install/pyrobosim_msgs/include/pyrobosim_msgs/pyrobosim_msgs/msg/detail/goal_predicate__type_support.hpp
[15.282s] -- Symlinking: /convince_ws/install/pyrobosim_msgs/include/pyrobosim_msgs/pyrobosim_msgs/msg/detail/goal_specification__builder.hpp
[15.287s] -- Symlinking: /convince_ws/install/pyrobosim_msgs/include/pyrobosim_msgs/pyrobosim_msgs/msg/detail/goal_specification__struct.hpp
[15.293s] -- Symlinking: /convince_ws/install/pyrobosim_msgs/include/pyrobosim_msgs/pyrobosim_msgs/msg/detail/goal_specification__traits.hpp
[15.298s] -- Symlinking: /convince_ws/install/pyrobosim_msgs/include/pyrobosim_msgs/pyrobosim_msgs/msg/detail/goal_specification__type_support.hpp
[15.303s] -- Symlinking: /convince_ws/install/pyrobosim_msgs/include/pyrobosim_msgs/pyrobosim_msgs/msg/detail/hallway_state__builder.hpp
[15.309s] -- Symlinking: /convince_ws/install/pyrobosim_msgs/include/pyrobosim_msgs/pyrobosim_msgs/msg/detail/hallway_state__struct.hpp
[15.314s] -- Symlinking: /convince_ws/install/pyrobosim_msgs/include/pyrobosim_msgs/pyrobosim_msgs/msg/detail/hallway_state__traits.hpp
[15.320s] -- Symlinking: /convince_ws/install/pyrobosim_msgs/include/pyrobosim_msgs/pyrobosim_msgs/msg/detail/hallway_state__type_support.hpp
[15.325s] -- Symlinking: /convince_ws/install/pyrobosim_msgs/include/pyrobosim_msgs/pyrobosim_msgs/msg/detail/location_state__builder.hpp
[15.330s] -- Symlinking: /convince_ws/install/pyrobosim_msgs/include/pyrobosim_msgs/pyrobosim_msgs/msg/detail/location_state__struct.hpp
[15.336s] -- Symlinking: /convince_ws/install/pyrobosim_msgs/include/pyrobosim_msgs/pyrobosim_msgs/msg/detail/location_state__traits.hpp
[15.341s] -- Symlinking: /convince_ws/install/pyrobosim_msgs/include/pyrobosim_msgs/pyrobosim_msgs/msg/detail/location_state__type_support.hpp
[15.345s] -- Symlinking: /convince_ws/install/pyrobosim_msgs/include/pyrobosim_msgs/pyrobosim_msgs/msg/detail/object_state__builder.hpp
[15.351s] -- Symlinking: /convince_ws/install/pyrobosim_msgs/include/pyrobosim_msgs/pyrobosim_msgs/msg/detail/object_state__struct.hpp
[15.356s] -- Symlinking: /convince_ws/install/pyrobosim_msgs/include/pyrobosim_msgs/pyrobosim_msgs/msg/detail/object_state__traits.hpp
[15.362s] -- Symlinking: /convince_ws/install/pyrobosim_msgs/include/pyrobosim_msgs/pyrobosim_msgs/msg/detail/object_state__type_support.hpp
[15.369s] -- Symlinking: /convince_ws/install/pyrobosim_msgs/include/pyrobosim_msgs/pyrobosim_msgs/msg/detail/path__builder.hpp
[15.375s] -- Symlinking: /convince_ws/install/pyrobosim_msgs/include/pyrobosim_msgs/pyrobosim_msgs/msg/detail/path__struct.hpp
[15.381s] -- Symlinking: /convince_ws/install/pyrobosim_msgs/include/pyrobosim_msgs/pyrobosim_msgs/msg/detail/path__traits.hpp
[15.385s] -- Symlinking: /convince_ws/install/pyrobosim_msgs/include/pyrobosim_msgs/pyrobosim_msgs/msg/detail/path__type_support.hpp
[15.391s] -- Symlinking: /convince_ws/install/pyrobosim_msgs/include/pyrobosim_msgs/pyrobosim_msgs/msg/detail/robot_state__builder.hpp
[15.396s] -- Symlinking: /convince_ws/install/pyrobosim_msgs/include/pyrobosim_msgs/pyrobosim_msgs/msg/detail/robot_state__struct.hpp
[15.403s] -- Symlinking: /convince_ws/install/pyrobosim_msgs/include/pyrobosim_msgs/pyrobosim_msgs/msg/detail/robot_state__traits.hpp
[15.408s] -- Symlinking: /convince_ws/install/pyrobosim_msgs/include/pyrobosim_msgs/pyrobosim_msgs/msg/detail/robot_state__type_support.hpp
[15.413s] -- Symlinking: /convince_ws/install/pyrobosim_msgs/include/pyrobosim_msgs/pyrobosim_msgs/msg/detail/task_action__builder.hpp
[15.417s] -- Symlinking: /convince_ws/install/pyrobosim_msgs/include/pyrobosim_msgs/pyrobosim_msgs/msg/detail/task_action__struct.hpp
[15.422s] -- Symlinking: /convince_ws/install/pyrobosim_msgs/include/pyrobosim_msgs/pyrobosim_msgs/msg/detail/task_action__traits.hpp
[15.427s] -- Symlinking: /convince_ws/install/pyrobosim_msgs/include/pyrobosim_msgs/pyrobosim_msgs/msg/detail/task_action__type_support.hpp
[15.431s] -- Symlinking: /convince_ws/install/pyrobosim_msgs/include/pyrobosim_msgs/pyrobosim_msgs/msg/detail/task_plan__builder.hpp
[15.436s] -- Symlinking: /convince_ws/install/pyrobosim_msgs/include/pyrobosim_msgs/pyrobosim_msgs/msg/detail/task_plan__struct.hpp
[15.441s] -- Symlinking: /convince_ws/install/pyrobosim_msgs/include/pyrobosim_msgs/pyrobosim_msgs/msg/detail/task_plan__traits.hpp
[15.446s] -- Symlinking: /convince_ws/install/pyrobosim_msgs/include/pyrobosim_msgs/pyrobosim_msgs/msg/detail/task_plan__type_support.hpp
[15.450s] -- Symlinking: /convince_ws/install/pyrobosim_msgs/include/pyrobosim_msgs/pyrobosim_msgs/msg/detail/world_info__builder.hpp
[15.455s] -- Symlinking: /convince_ws/install/pyrobosim_msgs/include/pyrobosim_msgs/pyrobosim_msgs/msg/detail/world_info__struct.hpp
[15.461s] -- Symlinking: /convince_ws/install/pyrobosim_msgs/include/pyrobosim_msgs/pyrobosim_msgs/msg/detail/world_info__traits.hpp
[15.467s] -- Symlinking: /convince_ws/install/pyrobosim_msgs/include/pyrobosim_msgs/pyrobosim_msgs/msg/detail/world_info__type_support.hpp
[15.471s] -- Symlinking: /convince_ws/install/pyrobosim_msgs/include/pyrobosim_msgs/pyrobosim_msgs/msg/detail/world_state__builder.hpp
[15.476s] -- Symlinking: /convince_ws/install/pyrobosim_msgs/include/pyrobosim_msgs/pyrobosim_msgs/msg/detail/world_state__struct.hpp
[15.481s] -- Symlinking: /convince_ws/install/pyrobosim_msgs/include/pyrobosim_msgs/pyrobosim_msgs/msg/detail/world_state__traits.hpp
[15.487s] -- Symlinking: /convince_ws/install/pyrobosim_msgs/include/pyrobosim_msgs/pyrobosim_msgs/msg/detail/world_state__type_support.hpp
[15.491s] -- Symlinking: /convince_ws/install/pyrobosim_msgs/include/pyrobosim_msgs/pyrobosim_msgs/msg/execution_result.hpp
[15.496s] -- Symlinking: /convince_ws/install/pyrobosim_msgs/include/pyrobosim_msgs/pyrobosim_msgs/msg/goal_predicate.hpp
[15.500s] -- Symlinking: /convince_ws/install/pyrobosim_msgs/include/pyrobosim_msgs/pyrobosim_msgs/msg/goal_specification.hpp
[15.504s] -- Symlinking: /convince_ws/install/pyrobosim_msgs/include/pyrobosim_msgs/pyrobosim_msgs/msg/hallway_state.hpp
[15.509s] -- Symlinking: /convince_ws/install/pyrobosim_msgs/include/pyrobosim_msgs/pyrobosim_msgs/msg/location_state.hpp
[15.514s] -- Symlinking: /convince_ws/install/pyrobosim_msgs/include/pyrobosim_msgs/pyrobosim_msgs/msg/object_state.hpp
[15.518s] -- Symlinking: /convince_ws/install/pyrobosim_msgs/include/pyrobosim_msgs/pyrobosim_msgs/msg/path.hpp
[15.523s] -- Symlinking: /convince_ws/install/pyrobosim_msgs/include/pyrobosim_msgs/pyrobosim_msgs/msg/robot_state.hpp
[15.528s] -- Symlinking: /convince_ws/install/pyrobosim_msgs/include/pyrobosim_msgs/pyrobosim_msgs/msg/rosidl_generator_cpp__visibility_control.hpp
[15.534s] -- Symlinking: /convince_ws/install/pyrobosim_msgs/include/pyrobosim_msgs/pyrobosim_msgs/msg/task_action.hpp
[15.538s] -- Symlinking: /convince_ws/install/pyrobosim_msgs/include/pyrobosim_msgs/pyrobosim_msgs/msg/task_plan.hpp
[15.543s] -- Symlinking: /convince_ws/install/pyrobosim_msgs/include/pyrobosim_msgs/pyrobosim_msgs/msg/world_info.hpp
[15.548s] -- Symlinking: /convince_ws/install/pyrobosim_msgs/include/pyrobosim_msgs/pyrobosim_msgs/msg/world_state.hpp
[15.554s] -- Symlinking: /convince_ws/install/pyrobosim_msgs/include/pyrobosim_msgs/pyrobosim_msgs/srv/detail/request_world_info__builder.hpp
[15.558s] -- Symlinking: /convince_ws/install/pyrobosim_msgs/include/pyrobosim_msgs/pyrobosim_msgs/srv/detail/request_world_info__struct.hpp
[15.562s] -- Symlinking: /convince_ws/install/pyrobosim_msgs/include/pyrobosim_msgs/pyrobosim_msgs/srv/detail/request_world_info__traits.hpp
[15.566s] -- Symlinking: /convince_ws/install/pyrobosim_msgs/include/pyrobosim_msgs/pyrobosim_msgs/srv/detail/request_world_info__type_support.hpp
[15.571s] -- Symlinking: /convince_ws/install/pyrobosim_msgs/include/pyrobosim_msgs/pyrobosim_msgs/srv/detail/request_world_state__builder.hpp
[15.577s] -- Symlinking: /convince_ws/install/pyrobosim_msgs/include/pyrobosim_msgs/pyrobosim_msgs/srv/detail/request_world_state__struct.hpp
[15.580s] -- Symlinking: /convince_ws/install/pyrobosim_msgs/include/pyrobosim_msgs/pyrobosim_msgs/srv/detail/request_world_state__traits.hpp
[15.586s] -- Symlinking: /convince_ws/install/pyrobosim_msgs/include/pyrobosim_msgs/pyrobosim_msgs/srv/detail/request_world_state__type_support.hpp
[15.590s] -- Symlinking: /convince_ws/install/pyrobosim_msgs/include/pyrobosim_msgs/pyrobosim_msgs/srv/detail/reset_world__builder.hpp
[15.595s] -- Symlinking: /convince_ws/install/pyrobosim_msgs/include/pyrobosim_msgs/pyrobosim_msgs/srv/detail/reset_world__struct.hpp
[15.599s] -- Symlinking: /convince_ws/install/pyrobosim_msgs/include/pyrobosim_msgs/pyrobosim_msgs/srv/detail/reset_world__traits.hpp
[15.603s] -- Symlinking: /convince_ws/install/pyrobosim_msgs/include/pyrobosim_msgs/pyrobosim_msgs/srv/detail/reset_world__type_support.hpp
[15.609s] -- Symlinking: /convince_ws/install/pyrobosim_msgs/include/pyrobosim_msgs/pyrobosim_msgs/srv/detail/set_location_state__builder.hpp
[15.615s] -- Symlinking: /convince_ws/install/pyrobosim_msgs/include/pyrobosim_msgs/pyrobosim_msgs/srv/detail/set_location_state__struct.hpp
[15.619s] -- Symlinking: /convince_ws/install/pyrobosim_msgs/include/pyrobosim_msgs/pyrobosim_msgs/srv/detail/set_location_state__traits.hpp
[15.624s] -- Symlinking: /convince_ws/install/pyrobosim_msgs/include/pyrobosim_msgs/pyrobosim_msgs/srv/detail/set_location_state__type_support.hpp
[15.630s] -- Symlinking: /convince_ws/install/pyrobosim_msgs/include/pyrobosim_msgs/pyrobosim_msgs/srv/request_world_info.hpp
[15.634s] -- Symlinking: /convince_ws/install/pyrobosim_msgs/include/pyrobosim_msgs/pyrobosim_msgs/srv/request_world_state.hpp
[15.639s] -- Symlinking: /convince_ws/install/pyrobosim_msgs/include/pyrobosim_msgs/pyrobosim_msgs/srv/reset_world.hpp
[15.645s] -- Symlinking: /convince_ws/install/pyrobosim_msgs/include/pyrobosim_msgs/pyrobosim_msgs/srv/set_location_state.hpp
[15.649s] -- Symlinking: /convince_ws/install/pyrobosim_msgs/include/pyrobosim_msgs/pyrobosim_msgs/action/detail/detect_objects__rosidl_typesupport_fastrtps_cpp.hpp
[15.656s] -- Symlinking: /convince_ws/install/pyrobosim_msgs/include/pyrobosim_msgs/pyrobosim_msgs/action/detail/execute_task_action__rosidl_typesupport_fastrtps_cpp.hpp
[15.662s] -- Symlinking: /convince_ws/install/pyrobosim_msgs/include/pyrobosim_msgs/pyrobosim_msgs/action/detail/execute_task_plan__rosidl_typesupport_fastrtps_cpp.hpp
[15.668s] -- Symlinking: /convince_ws/install/pyrobosim_msgs/include/pyrobosim_msgs/pyrobosim_msgs/action/detail/follow_path__rosidl_typesupport_fastrtps_cpp.hpp
[15.675s] -- Symlinking: /convince_ws/install/pyrobosim_msgs/include/pyrobosim_msgs/pyrobosim_msgs/action/detail/plan_path__rosidl_typesupport_fastrtps_cpp.hpp
[15.679s] -- Symlinking: /convince_ws/install/pyrobosim_msgs/include/pyrobosim_msgs/pyrobosim_msgs/msg/detail/execution_result__rosidl_typesupport_fastrtps_cpp.hpp
[15.686s] -- Symlinking: /convince_ws/install/pyrobosim_msgs/include/pyrobosim_msgs/pyrobosim_msgs/msg/detail/goal_predicate__rosidl_typesupport_fastrtps_cpp.hpp
[15.692s] -- Symlinking: /convince_ws/install/pyrobosim_msgs/include/pyrobosim_msgs/pyrobosim_msgs/msg/detail/goal_specification__rosidl_typesupport_fastrtps_cpp.hpp
[15.696s] -- Symlinking: /convince_ws/install/pyrobosim_msgs/include/pyrobosim_msgs/pyrobosim_msgs/msg/detail/hallway_state__rosidl_typesupport_fastrtps_cpp.hpp
[15.700s] -- Symlinking: /convince_ws/install/pyrobosim_msgs/include/pyrobosim_msgs/pyrobosim_msgs/msg/detail/location_state__rosidl_typesupport_fastrtps_cpp.hpp
[15.704s] -- Symlinking: /convince_ws/install/pyrobosim_msgs/include/pyrobosim_msgs/pyrobosim_msgs/msg/detail/object_state__rosidl_typesupport_fastrtps_cpp.hpp
[15.711s] -- Symlinking: /convince_ws/install/pyrobosim_msgs/include/pyrobosim_msgs/pyrobosim_msgs/msg/detail/path__rosidl_typesupport_fastrtps_cpp.hpp
[15.717s] -- Symlinking: /convince_ws/install/pyrobosim_msgs/include/pyrobosim_msgs/pyrobosim_msgs/msg/detail/robot_state__rosidl_typesupport_fastrtps_cpp.hpp
[15.722s] -- Symlinking: /convince_ws/install/pyrobosim_msgs/include/pyrobosim_msgs/pyrobosim_msgs/msg/detail/task_action__rosidl_typesupport_fastrtps_cpp.hpp
[15.727s] -- Symlinking: /convince_ws/install/pyrobosim_msgs/include/pyrobosim_msgs/pyrobosim_msgs/msg/detail/task_plan__rosidl_typesupport_fastrtps_cpp.hpp
[15.732s] -- Symlinking: /convince_ws/install/pyrobosim_msgs/include/pyrobosim_msgs/pyrobosim_msgs/msg/detail/world_info__rosidl_typesupport_fastrtps_cpp.hpp
[15.738s] -- Symlinking: /convince_ws/install/pyrobosim_msgs/include/pyrobosim_msgs/pyrobosim_msgs/msg/detail/world_state__rosidl_typesupport_fastrtps_cpp.hpp
[15.742s] -- Symlinking: /convince_ws/install/pyrobosim_msgs/include/pyrobosim_msgs/pyrobosim_msgs/msg/rosidl_typesupport_fastrtps_cpp__visibility_control.h
[15.747s] -- Symlinking: /convince_ws/install/pyrobosim_msgs/include/pyrobosim_msgs/pyrobosim_msgs/srv/detail/request_world_info__rosidl_typesupport_fastrtps_cpp.hpp
[15.752s] -- Symlinking: /convince_ws/install/pyrobosim_msgs/include/pyrobosim_msgs/pyrobosim_msgs/srv/detail/request_world_state__rosidl_typesupport_fastrtps_cpp.hpp
[15.760s] -- Symlinking: /convince_ws/install/pyrobosim_msgs/include/pyrobosim_msgs/pyrobosim_msgs/srv/detail/reset_world__rosidl_typesupport_fastrtps_cpp.hpp
[15.764s] -- Symlinking: /convince_ws/install/pyrobosim_msgs/include/pyrobosim_msgs/pyrobosim_msgs/srv/detail/set_location_state__rosidl_typesupport_fastrtps_cpp.hpp
[15.771s] -- Symlinking: /convince_ws/install/pyrobosim_msgs/include/pyrobosim_msgs/pyrobosim_msgs/action/detail/detect_objects__rosidl_typesupport_introspection_c.h
[15.776s] -- Symlinking: /convince_ws/install/pyrobosim_msgs/include/pyrobosim_msgs/pyrobosim_msgs/action/detail/execute_task_action__rosidl_typesupport_introspection_c.h
[15.781s] -- Symlinking: /convince_ws/install/pyrobosim_msgs/include/pyrobosim_msgs/pyrobosim_msgs/action/detail/execute_task_plan__rosidl_typesupport_introspection_c.h
[15.787s] -- Symlinking: /convince_ws/install/pyrobosim_msgs/include/pyrobosim_msgs/pyrobosim_msgs/action/detail/follow_path__rosidl_typesupport_introspection_c.h
[15.792s] -- Symlinking: /convince_ws/install/pyrobosim_msgs/include/pyrobosim_msgs/pyrobosim_msgs/action/detail/plan_path__rosidl_typesupport_introspection_c.h
[15.796s] -- Symlinking: /convince_ws/install/pyrobosim_msgs/include/pyrobosim_msgs/pyrobosim_msgs/msg/detail/execution_result__rosidl_typesupport_introspection_c.h
[15.801s] -- Symlinking: /convince_ws/install/pyrobosim_msgs/include/pyrobosim_msgs/pyrobosim_msgs/msg/detail/goal_predicate__rosidl_typesupport_introspection_c.h
[15.805s] -- Symlinking: /convince_ws/install/pyrobosim_msgs/include/pyrobosim_msgs/pyrobosim_msgs/msg/detail/goal_specification__rosidl_typesupport_introspection_c.h
[15.811s] -- Symlinking: /convince_ws/install/pyrobosim_msgs/include/pyrobosim_msgs/pyrobosim_msgs/msg/detail/hallway_state__rosidl_typesupport_introspection_c.h
[15.816s] -- Symlinking: /convince_ws/install/pyrobosim_msgs/include/pyrobosim_msgs/pyrobosim_msgs/msg/detail/location_state__rosidl_typesupport_introspection_c.h
[15.820s] -- Symlinking: /convince_ws/install/pyrobosim_msgs/include/pyrobosim_msgs/pyrobosim_msgs/msg/detail/object_state__rosidl_typesupport_introspection_c.h
[15.825s] -- Symlinking: /convince_ws/install/pyrobosim_msgs/include/pyrobosim_msgs/pyrobosim_msgs/msg/detail/path__rosidl_typesupport_introspection_c.h
[15.830s] -- Symlinking: /convince_ws/install/pyrobosim_msgs/include/pyrobosim_msgs/pyrobosim_msgs/msg/detail/robot_state__rosidl_typesupport_introspection_c.h
[15.835s] -- Symlinking: /convince_ws/install/pyrobosim_msgs/include/pyrobosim_msgs/pyrobosim_msgs/msg/detail/task_action__rosidl_typesupport_introspection_c.h
[15.840s] -- Symlinking: /convince_ws/install/pyrobosim_msgs/include/pyrobosim_msgs/pyrobosim_msgs/msg/detail/task_plan__rosidl_typesupport_introspection_c.h
[15.845s] -- Symlinking: /convince_ws/install/pyrobosim_msgs/include/pyrobosim_msgs/pyrobosim_msgs/msg/detail/world_info__rosidl_typesupport_introspection_c.h
[15.851s] -- Symlinking: /convince_ws/install/pyrobosim_msgs/include/pyrobosim_msgs/pyrobosim_msgs/msg/detail/world_state__rosidl_typesupport_introspection_c.h
[15.858s] -- Symlinking: /convince_ws/install/pyrobosim_msgs/include/pyrobosim_msgs/pyrobosim_msgs/msg/rosidl_typesupport_introspection_c__visibility_control.h
[15.864s] -- Symlinking: /convince_ws/install/pyrobosim_msgs/include/pyrobosim_msgs/pyrobosim_msgs/srv/detail/request_world_info__rosidl_typesupport_introspection_c.h
[15.871s] -- Symlinking: /convince_ws/install/pyrobosim_msgs/include/pyrobosim_msgs/pyrobosim_msgs/srv/detail/request_world_state__rosidl_typesupport_introspection_c.h
[15.876s] -- Symlinking: /convince_ws/install/pyrobosim_msgs/include/pyrobosim_msgs/pyrobosim_msgs/srv/detail/reset_world__rosidl_typesupport_introspection_c.h
[15.880s] -- Symlinking: /convince_ws/install/pyrobosim_msgs/include/pyrobosim_msgs/pyrobosim_msgs/srv/detail/set_location_state__rosidl_typesupport_introspection_c.h
[15.886s] -- Symlinking: /convince_ws/install/pyrobosim_msgs/include/pyrobosim_msgs/pyrobosim_msgs/action/detail/detect_objects__rosidl_typesupport_introspection_cpp.hpp
[15.892s] -- Symlinking: /convince_ws/install/pyrobosim_msgs/include/pyrobosim_msgs/pyrobosim_msgs/action/detail/execute_task_action__rosidl_typesupport_introspection_cpp.hpp
[15.896s] -- Symlinking: /convince_ws/install/pyrobosim_msgs/include/pyrobosim_msgs/pyrobosim_msgs/action/detail/execute_task_plan__rosidl_typesupport_introspection_cpp.hpp
[15.900s] -- Symlinking: /convince_ws/install/pyrobosim_msgs/include/pyrobosim_msgs/pyrobosim_msgs/action/detail/follow_path__rosidl_typesupport_introspection_cpp.hpp
[15.905s] -- Symlinking: /convince_ws/install/pyrobosim_msgs/include/pyrobosim_msgs/pyrobosim_msgs/action/detail/plan_path__rosidl_typesupport_introspection_cpp.hpp
[15.911s] -- Symlinking: /convince_ws/install/pyrobosim_msgs/include/pyrobosim_msgs/pyrobosim_msgs/msg/detail/execution_result__rosidl_typesupport_introspection_cpp.hpp
[15.916s] -- Symlinking: /convince_ws/install/pyrobosim_msgs/include/pyrobosim_msgs/pyrobosim_msgs/msg/detail/goal_predicate__rosidl_typesupport_introspection_cpp.hpp
[15.920s] -- Symlinking: /convince_ws/install/pyrobosim_msgs/include/pyrobosim_msgs/pyrobosim_msgs/msg/detail/goal_specification__rosidl_typesupport_introspection_cpp.hpp
[15.925s] -- Symlinking: /convince_ws/install/pyrobosim_msgs/include/pyrobosim_msgs/pyrobosim_msgs/msg/detail/hallway_state__rosidl_typesupport_introspection_cpp.hpp
[15.931s] -- Symlinking: /convince_ws/install/pyrobosim_msgs/include/pyrobosim_msgs/pyrobosim_msgs/msg/detail/location_state__rosidl_typesupport_introspection_cpp.hpp
[15.935s] -- Symlinking: /convince_ws/install/pyrobosim_msgs/include/pyrobosim_msgs/pyrobosim_msgs/msg/detail/object_state__rosidl_typesupport_introspection_cpp.hpp
[15.940s] -- Symlinking: /convince_ws/install/pyrobosim_msgs/include/pyrobosim_msgs/pyrobosim_msgs/msg/detail/path__rosidl_typesupport_introspection_cpp.hpp
[15.946s] -- Symlinking: /convince_ws/install/pyrobosim_msgs/include/pyrobosim_msgs/pyrobosim_msgs/msg/detail/robot_state__rosidl_typesupport_introspection_cpp.hpp
[15.951s] -- Symlinking: /convince_ws/install/pyrobosim_msgs/include/pyrobosim_msgs/pyrobosim_msgs/msg/detail/task_action__rosidl_typesupport_introspection_cpp.hpp
[15.956s] -- Symlinking: /convince_ws/install/pyrobosim_msgs/include/pyrobosim_msgs/pyrobosim_msgs/msg/detail/task_plan__rosidl_typesupport_introspection_cpp.hpp
[15.961s] -- Symlinking: /convince_ws/install/pyrobosim_msgs/include/pyrobosim_msgs/pyrobosim_msgs/msg/detail/world_info__rosidl_typesupport_introspection_cpp.hpp
[15.966s] -- Symlinking: /convince_ws/install/pyrobosim_msgs/include/pyrobosim_msgs/pyrobosim_msgs/msg/detail/world_state__rosidl_typesupport_introspection_cpp.hpp
[15.972s] -- Symlinking: /convince_ws/install/pyrobosim_msgs/include/pyrobosim_msgs/pyrobosim_msgs/srv/detail/request_world_info__rosidl_typesupport_introspection_cpp.hpp
[15.976s] -- Symlinking: /convince_ws/install/pyrobosim_msgs/include/pyrobosim_msgs/pyrobosim_msgs/srv/detail/request_world_state__rosidl_typesupport_introspection_cpp.hpp
[15.981s] -- Symlinking: /convince_ws/install/pyrobosim_msgs/include/pyrobosim_msgs/pyrobosim_msgs/srv/detail/reset_world__rosidl_typesupport_introspection_cpp.hpp
[15.986s] -- Symlinking: /convince_ws/install/pyrobosim_msgs/include/pyrobosim_msgs/pyrobosim_msgs/srv/detail/set_location_state__rosidl_typesupport_introspection_cpp.hpp
[15.992s] -- Symlinking: /convince_ws/install/pyrobosim_msgs/share/pyrobosim_msgs/environment/pythonpath.sh
[15.997s] -- Symlinking: /convince_ws/install/pyrobosim_msgs/share/pyrobosim_msgs/environment/pythonpath.dsv
[16.001s] -- Symlinking: /convince_ws/install/pyrobosim_msgs/lib/python3.12/site-packages/pyrobosim_msgs-4.3.3-py3.12.egg-info/PKG-INFO
[16.007s] -- Symlinking: /convince_ws/install/pyrobosim_msgs/lib/python3.12/site-packages/pyrobosim_msgs-4.3.3-py3.12.egg-info/SOURCES.txt
[16.012s] -- Symlinking: /convince_ws/install/pyrobosim_msgs/lib/python3.12/site-packages/pyrobosim_msgs-4.3.3-py3.12.egg-info/dependency_links.txt
[16.017s] -- Symlinking: /convince_ws/install/pyrobosim_msgs/lib/python3.12/site-packages/pyrobosim_msgs-4.3.3-py3.12.egg-info/top_level.txt
[16.021s] -- Symlinking: /convince_ws/install/pyrobosim_msgs/lib/python3.12/site-packages/pyrobosim_msgs/__init__.py
[16.027s] -- Symlinking: /convince_ws/install/pyrobosim_msgs/lib/python3.12/site-packages/pyrobosim_msgs/_pyrobosim_msgs_s.ep.rosidl_typesupport_c.c
[16.032s] -- Symlinking: /convince_ws/install/pyrobosim_msgs/lib/python3.12/site-packages/pyrobosim_msgs/_pyrobosim_msgs_s.ep.rosidl_typesupport_fastrtps_c.c
[16.037s] -- Symlinking: /convince_ws/install/pyrobosim_msgs/lib/python3.12/site-packages/pyrobosim_msgs/_pyrobosim_msgs_s.ep.rosidl_typesupport_introspection_c.c
[16.041s] -- Symlinking: /convince_ws/install/pyrobosim_msgs/lib/python3.12/site-packages/pyrobosim_msgs/action/__init__.py
[16.046s] -- Symlinking: /convince_ws/install/pyrobosim_msgs/lib/python3.12/site-packages/pyrobosim_msgs/action/_detect_objects.py
[16.052s] -- Symlinking: /convince_ws/install/pyrobosim_msgs/lib/python3.12/site-packages/pyrobosim_msgs/action/_detect_objects_s.c
[16.057s] -- Symlinking: /convince_ws/install/pyrobosim_msgs/lib/python3.12/site-packages/pyrobosim_msgs/action/_execute_task_action.py
[16.062s] -- Symlinking: /convince_ws/install/pyrobosim_msgs/lib/python3.12/site-packages/pyrobosim_msgs/action/_execute_task_action_s.c
[16.068s] -- Symlinking: /convince_ws/install/pyrobosim_msgs/lib/python3.12/site-packages/pyrobosim_msgs/action/_execute_task_plan.py
[16.074s] -- Symlinking: /convince_ws/install/pyrobosim_msgs/lib/python3.12/site-packages/pyrobosim_msgs/action/_execute_task_plan_s.c
[16.079s] -- Symlinking: /convince_ws/install/pyrobosim_msgs/lib/python3.12/site-packages/pyrobosim_msgs/action/_follow_path.py
[16.085s] -- Symlinking: /convince_ws/install/pyrobosim_msgs/lib/python3.12/site-packages/pyrobosim_msgs/action/_follow_path_s.c
[16.090s] -- Symlinking: /convince_ws/install/pyrobosim_msgs/lib/python3.12/site-packages/pyrobosim_msgs/action/_plan_path.py
[16.094s] -- Symlinking: /convince_ws/install/pyrobosim_msgs/lib/python3.12/site-packages/pyrobosim_msgs/action/_plan_path_s.c
[16.099s] -- Symlinking: /convince_ws/install/pyrobosim_msgs/lib/python3.12/site-packages/pyrobosim_msgs/msg/__init__.py
[16.103s] -- Symlinking: /convince_ws/install/pyrobosim_msgs/lib/python3.12/site-packages/pyrobosim_msgs/msg/_execution_result.py
[16.109s] -- Symlinking: /convince_ws/install/pyrobosim_msgs/lib/python3.12/site-packages/pyrobosim_msgs/msg/_execution_result_s.c
[16.113s] -- Symlinking: /convince_ws/install/pyrobosim_msgs/lib/python3.12/site-packages/pyrobosim_msgs/msg/_goal_predicate.py
[16.119s] -- Symlinking: /convince_ws/install/pyrobosim_msgs/lib/python3.12/site-packages/pyrobosim_msgs/msg/_goal_predicate_s.c
[16.123s] -- Symlinking: /convince_ws/install/pyrobosim_msgs/lib/python3.12/site-packages/pyrobosim_msgs/msg/_goal_specification.py
[16.129s] -- Symlinking: /convince_ws/install/pyrobosim_msgs/lib/python3.12/site-packages/pyrobosim_msgs/msg/_goal_specification_s.c
[16.134s] -- Symlinking: /convince_ws/install/pyrobosim_msgs/lib/python3.12/site-packages/pyrobosim_msgs/msg/_hallway_state.py
[16.139s] -- Symlinking: /convince_ws/install/pyrobosim_msgs/lib/python3.12/site-packages/pyrobosim_msgs/msg/_hallway_state_s.c
[16.143s] -- Symlinking: /convince_ws/install/pyrobosim_msgs/lib/python3.12/site-packages/pyrobosim_msgs/msg/_location_state.py
[16.149s] -- Symlinking: /convince_ws/install/pyrobosim_msgs/lib/python3.12/site-packages/pyrobosim_msgs/msg/_location_state_s.c
[16.155s] -- Symlinking: /convince_ws/install/pyrobosim_msgs/lib/python3.12/site-packages/pyrobosim_msgs/msg/_object_state.py
[16.160s] -- Symlinking: /convince_ws/install/pyrobosim_msgs/lib/python3.12/site-packages/pyrobosim_msgs/msg/_object_state_s.c
[16.166s] -- Symlinking: /convince_ws/install/pyrobosim_msgs/lib/python3.12/site-packages/pyrobosim_msgs/msg/_path.py
[16.172s] -- Symlinking: /convince_ws/install/pyrobosim_msgs/lib/python3.12/site-packages/pyrobosim_msgs/msg/_path_s.c
[16.177s] -- Symlinking: /convince_ws/install/pyrobosim_msgs/lib/python3.12/site-packages/pyrobosim_msgs/msg/_robot_state.py
[16.181s] -- Symlinking: /convince_ws/install/pyrobosim_msgs/lib/python3.12/site-packages/pyrobosim_msgs/msg/_robot_state_s.c
[16.187s] -- Symlinking: /convince_ws/install/pyrobosim_msgs/lib/python3.12/site-packages/pyrobosim_msgs/msg/_task_action.py
[16.192s] -- Symlinking: /convince_ws/install/pyrobosim_msgs/lib/python3.12/site-packages/pyrobosim_msgs/msg/_task_action_s.c
[16.197s] -- Symlinking: /convince_ws/install/pyrobosim_msgs/lib/python3.12/site-packages/pyrobosim_msgs/msg/_task_plan.py
[16.201s] -- Symlinking: /convince_ws/install/pyrobosim_msgs/lib/python3.12/site-packages/pyrobosim_msgs/msg/_task_plan_s.c
[16.206s] -- Symlinking: /convince_ws/install/pyrobosim_msgs/lib/python3.12/site-packages/pyrobosim_msgs/msg/_world_info.py
[16.211s] -- Symlinking: /convince_ws/install/pyrobosim_msgs/lib/python3.12/site-packages/pyrobosim_msgs/msg/_world_info_s.c
[16.217s] -- Symlinking: /convince_ws/install/pyrobosim_msgs/lib/python3.12/site-packages/pyrobosim_msgs/msg/_world_state.py
[16.221s] -- Symlinking: /convince_ws/install/pyrobosim_msgs/lib/python3.12/site-packages/pyrobosim_msgs/msg/_world_state_s.c
[16.225s] -- Symlinking: /convince_ws/install/pyrobosim_msgs/lib/python3.12/site-packages/pyrobosim_msgs/pyrobosim_msgs_s__rosidl_typesupport_c.so
[16.231s] -- Symlinking: /convince_ws/install/pyrobosim_msgs/lib/python3.12/site-packages/pyrobosim_msgs/pyrobosim_msgs_s__rosidl_typesupport_fastrtps_c.so
[16.235s] -- Symlinking: /convince_ws/install/pyrobosim_msgs/lib/python3.12/site-packages/pyrobosim_msgs/pyrobosim_msgs_s__rosidl_typesupport_introspection_c.so
[16.240s] -- Symlinking: /convince_ws/install/pyrobosim_msgs/lib/python3.12/site-packages/pyrobosim_msgs/srv/__init__.py
[16.244s] -- Symlinking: /convince_ws/install/pyrobosim_msgs/lib/python3.12/site-packages/pyrobosim_msgs/srv/_request_world_info.py
[16.249s] -- Symlinking: /convince_ws/install/pyrobosim_msgs/lib/python3.12/site-packages/pyrobosim_msgs/srv/_request_world_info_s.c
[16.255s] -- Symlinking: /convince_ws/install/pyrobosim_msgs/lib/python3.12/site-packages/pyrobosim_msgs/srv/_request_world_state.py
[16.260s] -- Symlinking: /convince_ws/install/pyrobosim_msgs/lib/python3.12/site-packages/pyrobosim_msgs/srv/_request_world_state_s.c
[16.265s] -- Symlinking: /convince_ws/install/pyrobosim_msgs/lib/python3.12/site-packages/pyrobosim_msgs/srv/_reset_world.py
[16.270s] -- Symlinking: /convince_ws/install/pyrobosim_msgs/lib/python3.12/site-packages/pyrobosim_msgs/srv/_reset_world_s.c
[16.274s] -- Symlinking: /convince_ws/install/pyrobosim_msgs/lib/python3.12/site-packages/pyrobosim_msgs/srv/_set_location_state.py
[16.279s] -- Symlinking: /convince_ws/install/pyrobosim_msgs/lib/python3.12/site-packages/pyrobosim_msgs/srv/_set_location_state_s.c
[16.284s] -- Up-to-date symlink: /convince_ws/install/pyrobosim_msgs/lib/python3.12/site-packages/pyrobosim_msgs/pyrobosim_msgs_s__rosidl_typesupport_fastrtps_c.so
[16.284s] -- Up-to-date symlink: /convince_ws/install/pyrobosim_msgs/lib/python3.12/site-packages/pyrobosim_msgs/pyrobosim_msgs_s__rosidl_typesupport_introspection_c.so
[16.284s] -- Up-to-date symlink: /convince_ws/install/pyrobosim_msgs/lib/python3.12/site-packages/pyrobosim_msgs/pyrobosim_msgs_s__rosidl_typesupport_c.so
[16.284s] -- Symlinking: /convince_ws/install/pyrobosim_msgs/share/pyrobosim_msgs/msg/ExecutionResult.idl
[16.288s] -- Symlinking: /convince_ws/install/pyrobosim_msgs/share/pyrobosim_msgs/msg/GoalPredicate.idl
[16.294s] -- Symlinking: /convince_ws/install/pyrobosim_msgs/share/pyrobosim_msgs/msg/GoalSpecification.idl
[16.300s] -- Symlinking: /convince_ws/install/pyrobosim_msgs/share/pyrobosim_msgs/msg/HallwayState.idl
[16.304s] -- Symlinking: /convince_ws/install/pyrobosim_msgs/share/pyrobosim_msgs/msg/LocationState.idl
[16.310s] -- Symlinking: /convince_ws/install/pyrobosim_msgs/share/pyrobosim_msgs/msg/ObjectState.idl
[16.315s] -- Symlinking: /convince_ws/install/pyrobosim_msgs/share/pyrobosim_msgs/msg/Path.idl
[16.321s] -- Symlinking: /convince_ws/install/pyrobosim_msgs/share/pyrobosim_msgs/msg/RobotState.idl
[16.325s] -- Symlinking: /convince_ws/install/pyrobosim_msgs/share/pyrobosim_msgs/msg/TaskAction.idl
[16.330s] -- Symlinking: /convince_ws/install/pyrobosim_msgs/share/pyrobosim_msgs/msg/TaskPlan.idl
[16.335s] -- Symlinking: /convince_ws/install/pyrobosim_msgs/share/pyrobosim_msgs/msg/WorldInfo.idl
[16.341s] -- Symlinking: /convince_ws/install/pyrobosim_msgs/share/pyrobosim_msgs/msg/WorldState.idl
[16.345s] -- Symlinking: /convince_ws/install/pyrobosim_msgs/share/pyrobosim_msgs/srv/RequestWorldInfo.idl
[16.349s] -- Symlinking: /convince_ws/install/pyrobosim_msgs/share/pyrobosim_msgs/srv/RequestWorldState.idl
[16.355s] -- Symlinking: /convince_ws/install/pyrobosim_msgs/share/pyrobosim_msgs/srv/ResetWorld.idl
[16.361s] -- Symlinking: /convince_ws/install/pyrobosim_msgs/share/pyrobosim_msgs/srv/SetLocationState.idl
[16.366s] -- Symlinking: /convince_ws/install/pyrobosim_msgs/share/pyrobosim_msgs/action/DetectObjects.idl
[16.370s] -- Symlinking: /convince_ws/install/pyrobosim_msgs/share/pyrobosim_msgs/action/ExecuteTaskAction.idl
[16.376s] -- Symlinking: /convince_ws/install/pyrobosim_msgs/share/pyrobosim_msgs/action/ExecuteTaskPlan.idl
[16.382s] -- Symlinking: /convince_ws/install/pyrobosim_msgs/share/pyrobosim_msgs/action/FollowPath.idl
[16.386s] -- Symlinking: /convince_ws/install/pyrobosim_msgs/share/pyrobosim_msgs/action/PlanPath.idl
[16.392s] -- Symlinking: /convince_ws/install/pyrobosim_msgs/share/pyrobosim_msgs/msg/ExecutionResult.msg
[16.396s] -- Symlinking: /convince_ws/install/pyrobosim_msgs/share/pyrobosim_msgs/msg/GoalPredicate.msg
[16.400s] -- Symlinking: /convince_ws/install/pyrobosim_msgs/share/pyrobosim_msgs/msg/GoalSpecification.msg
[16.407s] -- Symlinking: /convince_ws/install/pyrobosim_msgs/share/pyrobosim_msgs/msg/HallwayState.msg
[16.415s] -- Symlinking: /convince_ws/install/pyrobosim_msgs/share/pyrobosim_msgs/msg/LocationState.msg
[16.423s] -- Symlinking: /convince_ws/install/pyrobosim_msgs/share/pyrobosim_msgs/msg/ObjectState.msg
[16.430s] -- Symlinking: /convince_ws/install/pyrobosim_msgs/share/pyrobosim_msgs/msg/Path.msg
[16.438s] -- Symlinking: /convince_ws/install/pyrobosim_msgs/share/pyrobosim_msgs/msg/RobotState.msg
[16.444s] -- Symlinking: /convince_ws/install/pyrobosim_msgs/share/pyrobosim_msgs/msg/TaskAction.msg
[16.452s] -- Symlinking: /convince_ws/install/pyrobosim_msgs/share/pyrobosim_msgs/msg/TaskPlan.msg
[16.457s] -- Symlinking: /convince_ws/install/pyrobosim_msgs/share/pyrobosim_msgs/msg/WorldInfo.msg
[16.461s] -- Symlinking: /convince_ws/install/pyrobosim_msgs/share/pyrobosim_msgs/msg/WorldState.msg
[16.466s] -- Symlinking: /convince_ws/install/pyrobosim_msgs/share/pyrobosim_msgs/srv/RequestWorldInfo.srv
[16.471s] -- Symlinking: /convince_ws/install/pyrobosim_msgs/share/pyrobosim_msgs/srv/RequestWorldState.srv
[16.478s] -- Symlinking: /convince_ws/install/pyrobosim_msgs/share/pyrobosim_msgs/srv/ResetWorld.srv
[16.485s] -- Symlinking: /convince_ws/install/pyrobosim_msgs/share/pyrobosim_msgs/srv/SetLocationState.srv
[16.492s] -- Symlinking: /convince_ws/install/pyrobosim_msgs/share/pyrobosim_msgs/action/DetectObjects.action
[16.499s] -- Symlinking: /convince_ws/install/pyrobosim_msgs/share/pyrobosim_msgs/action/ExecuteTaskAction.action
[16.506s] -- Symlinking: /convince_ws/install/pyrobosim_msgs/share/pyrobosim_msgs/action/ExecuteTaskPlan.action
[16.513s] -- Symlinking: /convince_ws/install/pyrobosim_msgs/share/pyrobosim_msgs/action/FollowPath.action
[16.521s] -- Symlinking: /convince_ws/install/pyrobosim_msgs/share/pyrobosim_msgs/action/PlanPath.action
[16.529s] -- Symlinking: /convince_ws/install/pyrobosim_msgs/share/ament_index/resource_index/package_run_dependencies/pyrobosim_msgs
[16.536s] -- Symlinking: /convince_ws/install/pyrobosim_msgs/share/ament_index/resource_index/parent_prefix_path/pyrobosim_msgs
[16.544s] -- Symlinking: /convince_ws/install/pyrobosim_msgs/share/pyrobosim_msgs/environment/ament_prefix_path.sh
[16.552s] -- Symlinking: /convince_ws/install/pyrobosim_msgs/share/pyrobosim_msgs/environment/ament_prefix_path.dsv
[16.561s] -- Symlinking: /convince_ws/install/pyrobosim_msgs/share/pyrobosim_msgs/environment/path.sh
[16.569s] -- Symlinking: /convince_ws/install/pyrobosim_msgs/share/pyrobosim_msgs/environment/path.dsv
[16.576s] -- Symlinking: /convince_ws/install/pyrobosim_msgs/share/pyrobosim_msgs/local_setup.bash
[16.585s] -- Symlinking: /convince_ws/install/pyrobosim_msgs/share/pyrobosim_msgs/local_setup.sh
[16.592s] -- Symlinking: /convince_ws/install/pyrobosim_msgs/share/pyrobosim_msgs/local_setup.zsh
[16.600s] -- Symlinking: /convince_ws/install/pyrobosim_msgs/share/pyrobosim_msgs/local_setup.dsv
[16.606s] -- Symlinking: /convince_ws/install/pyrobosim_msgs/share/pyrobosim_msgs/package.dsv
[16.614s] -- Symlinking: /convince_ws/install/pyrobosim_msgs/share/ament_index/resource_index/packages/pyrobosim_msgs
[16.620s] -- Symlinking: /convince_ws/install/pyrobosim_msgs/share/pyrobosim_msgs/cmake/rosidl_cmake-extras.cmake
[16.627s] -- Symlinking: /convince_ws/install/pyrobosim_msgs/share/pyrobosim_msgs/cmake/ament_cmake_export_dependencies-extras.cmake
[16.635s] -- Symlinking: /convince_ws/install/pyrobosim_msgs/share/pyrobosim_msgs/cmake/ament_cmake_export_include_directories-extras.cmake
[16.641s] -- Symlinking: /convince_ws/install/pyrobosim_msgs/share/pyrobosim_msgs/cmake/ament_cmake_export_libraries-extras.cmake
[16.649s] -- Symlinking: /convince_ws/install/pyrobosim_msgs/share/pyrobosim_msgs/cmake/ament_cmake_export_targets-extras.cmake
[16.656s] -- Symlinking: /convince_ws/install/pyrobosim_msgs/share/pyrobosim_msgs/cmake/rosidl_cmake_export_typesupport_targets-extras.cmake
[16.664s] -- Symlinking: /convince_ws/install/pyrobosim_msgs/share/pyrobosim_msgs/cmake/rosidl_cmake_export_typesupport_libraries-extras.cmake
[16.672s] -- Symlinking: /convince_ws/install/pyrobosim_msgs/share/pyrobosim_msgs/cmake/pyrobosim_msgsConfig.cmake
[16.679s] -- Symlinking: /convince_ws/install/pyrobosim_msgs/share/pyrobosim_msgs/cmake/pyrobosim_msgsConfig-version.cmake
[16.687s] -- Symlinking: /convince_ws/install/pyrobosim_msgs/share/pyrobosim_msgs/package.xml
[16.694s] -- Installing: /convince_ws/install/pyrobosim_msgs/lib/libpyrobosim_msgs__rosidl_generator_c.so
[16.695s] -- Set non-toolchain portion of runtime path of "/convince_ws/install/pyrobosim_msgs/lib/libpyrobosim_msgs__rosidl_generator_c.so" to ""
[16.695s] -- Installing: /convince_ws/install/pyrobosim_msgs/lib/libpyrobosim_msgs__rosidl_typesupport_fastrtps_c.so
[16.696s] -- Set non-toolchain portion of runtime path of "/convince_ws/install/pyrobosim_msgs/lib/libpyrobosim_msgs__rosidl_typesupport_fastrtps_c.so" to ""
[16.696s] -- Installing: /convince_ws/install/pyrobosim_msgs/lib/libpyrobosim_msgs__rosidl_typesupport_fastrtps_cpp.so
[16.698s] -- Set non-toolchain portion of runtime path of "/convince_ws/install/pyrobosim_msgs/lib/libpyrobosim_msgs__rosidl_typesupport_fastrtps_cpp.so" to ""
[16.698s] -- Installing: /convince_ws/install/pyrobosim_msgs/lib/libpyrobosim_msgs__rosidl_typesupport_introspection_c.so
[16.699s] -- Set non-toolchain portion of runtime path of "/convince_ws/install/pyrobosim_msgs/lib/libpyrobosim_msgs__rosidl_typesupport_introspection_c.so" to ""
[16.699s] -- Installing: /convince_ws/install/pyrobosim_msgs/lib/libpyrobosim_msgs__rosidl_typesupport_c.so
[16.699s] -- Set non-toolchain portion of runtime path of "/convince_ws/install/pyrobosim_msgs/lib/libpyrobosim_msgs__rosidl_typesupport_c.so" to ""
[16.700s] -- Installing: /convince_ws/install/pyrobosim_msgs/lib/libpyrobosim_msgs__rosidl_typesupport_introspection_cpp.so
[16.701s] -- Set non-toolchain portion of runtime path of "/convince_ws/install/pyrobosim_msgs/lib/libpyrobosim_msgs__rosidl_typesupport_introspection_cpp.so" to ""
[16.701s] -- Installing: /convince_ws/install/pyrobosim_msgs/lib/libpyrobosim_msgs__rosidl_typesupport_cpp.so
[16.703s] -- Set non-toolchain portion of runtime path of "/convince_ws/install/pyrobosim_msgs/lib/libpyrobosim_msgs__rosidl_typesupport_cpp.so" to ""
[16.807s] Listing '/convince_ws/install/pyrobosim_msgs/lib/python3.12/site-packages/pyrobosim_msgs'...
[16.807s] Compiling '/convince_ws/install/pyrobosim_msgs/lib/python3.12/site-packages/pyrobosim_msgs/__init__.py'...
[16.808s] Listing '/convince_ws/install/pyrobosim_msgs/lib/python3.12/site-packages/pyrobosim_msgs/action'...
[16.808s] Compiling '/convince_ws/install/pyrobosim_msgs/lib/python3.12/site-packages/pyrobosim_msgs/action/__init__.py'...
[16.808s] Compiling '/convince_ws/install/pyrobosim_msgs/lib/python3.12/site-packages/pyrobosim_msgs/action/_detect_objects.py'...
[16.808s] Compiling '/convince_ws/install/pyrobosim_msgs/lib/python3.12/site-packages/pyrobosim_msgs/action/_execute_task_action.py'...
[16.808s] Compiling '/convince_ws/install/pyrobosim_msgs/lib/python3.12/site-packages/pyrobosim_msgs/action/_execute_task_plan.py'...
[16.808s] Compiling '/convince_ws/install/pyrobosim_msgs/lib/python3.12/site-packages/pyrobosim_msgs/action/_follow_path.py'...
[16.808s] Compiling '/convince_ws/install/pyrobosim_msgs/lib/python3.12/site-packages/pyrobosim_msgs/action/_plan_path.py'...
[16.808s] Listing '/convince_ws/install/pyrobosim_msgs/lib/python3.12/site-packages/pyrobosim_msgs/msg'...
[16.808s] Compiling '/convince_ws/install/pyrobosim_msgs/lib/python3.12/site-packages/pyrobosim_msgs/msg/__init__.py'...
[16.808s] Compiling '/convince_ws/install/pyrobosim_msgs/lib/python3.12/site-packages/pyrobosim_msgs/msg/_execution_result.py'...
[16.808s] Compiling '/convince_ws/install/pyrobosim_msgs/lib/python3.12/site-packages/pyrobosim_msgs/msg/_goal_predicate.py'...
[16.808s] Compiling '/convince_ws/install/pyrobosim_msgs/lib/python3.12/site-packages/pyrobosim_msgs/msg/_goal_specification.py'...
[16.808s] Compiling '/convince_ws/install/pyrobosim_msgs/lib/python3.12/site-packages/pyrobosim_msgs/msg/_hallway_state.py'...
[16.809s] Compiling '/convince_ws/install/pyrobosim_msgs/lib/python3.12/site-packages/pyrobosim_msgs/msg/_location_state.py'...
[16.809s] Compiling '/convince_ws/install/pyrobosim_msgs/lib/python3.12/site-packages/pyrobosim_msgs/msg/_object_state.py'...
[16.809s] Compiling '/convince_ws/install/pyrobosim_msgs/lib/python3.12/site-packages/pyrobosim_msgs/msg/_path.py'...
[16.809s] Compiling '/convince_ws/install/pyrobosim_msgs/lib/python3.12/site-packages/pyrobosim_msgs/msg/_robot_state.py'...
[16.809s] Compiling '/convince_ws/install/pyrobosim_msgs/lib/python3.12/site-packages/pyrobosim_msgs/msg/_task_action.py'...
[16.809s] Compiling '/convince_ws/install/pyrobosim_msgs/lib/python3.12/site-packages/pyrobosim_msgs/msg/_task_plan.py'...
[16.809s] Compiling '/convince_ws/install/pyrobosim_msgs/lib/python3.12/site-packages/pyrobosim_msgs/msg/_world_info.py'...
[16.809s] Compiling '/convince_ws/install/pyrobosim_msgs/lib/python3.12/site-packages/pyrobosim_msgs/msg/_world_state.py'...
[16.809s] Listing '/convince_ws/install/pyrobosim_msgs/lib/python3.12/site-packages/pyrobosim_msgs/srv'...
[16.809s] Compiling '/convince_ws/install/pyrobosim_msgs/lib/python3.12/site-packages/pyrobosim_msgs/srv/__init__.py'...
[16.809s] Compiling '/convince_ws/install/pyrobosim_msgs/lib/python3.12/site-packages/pyrobosim_msgs/srv/_request_world_info.py'...
[16.809s] Compiling '/convince_ws/install/pyrobosim_msgs/lib/python3.12/site-packages/pyrobosim_msgs/srv/_request_world_state.py'...
[16.809s] Compiling '/convince_ws/install/pyrobosim_msgs/lib/python3.12/site-packages/pyrobosim_msgs/srv/_reset_world.py'...
[16.809s] Compiling '/convince_ws/install/pyrobosim_msgs/lib/python3.12/site-packages/pyrobosim_msgs/srv/_set_location_state.py'...
[16.813s] -- Installing: /convince_ws/install/pyrobosim_msgs/lib/libpyrobosim_msgs__rosidl_generator_py.so
[16.814s] -- Set non-toolchain portion of runtime path of "/convince_ws/install/pyrobosim_msgs/lib/libpyrobosim_msgs__rosidl_generator_py.so" to ""
[16.814s] -- Installing: /convince_ws/install/pyrobosim_msgs/share/pyrobosim_msgs/cmake/export_pyrobosim_msgs__rosidl_generator_cExport.cmake
[16.814s] -- Installing: /convince_ws/install/pyrobosim_msgs/share/pyrobosim_msgs/cmake/export_pyrobosim_msgs__rosidl_generator_cExport-noconfig.cmake
[16.814s] -- Installing: /convince_ws/install/pyrobosim_msgs/share/pyrobosim_msgs/cmake/export_pyrobosim_msgs__rosidl_typesupport_fastrtps_cExport.cmake
[16.814s] -- Installing: /convince_ws/install/pyrobosim_msgs/share/pyrobosim_msgs/cmake/export_pyrobosim_msgs__rosidl_typesupport_fastrtps_cExport-noconfig.cmake
[16.815s] -- Installing: /convince_ws/install/pyrobosim_msgs/share/pyrobosim_msgs/cmake/export_pyrobosim_msgs__rosidl_generator_cppExport.cmake
[16.815s] -- Installing: /convince_ws/install/pyrobosim_msgs/share/pyrobosim_msgs/cmake/export_pyrobosim_msgs__rosidl_typesupport_fastrtps_cppExport.cmake
[16.815s] -- Installing: /convince_ws/install/pyrobosim_msgs/share/pyrobosim_msgs/cmake/export_pyrobosim_msgs__rosidl_typesupport_fastrtps_cppExport-noconfig.cmake
[16.815s] -- Installing: /convince_ws/install/pyrobosim_msgs/share/pyrobosim_msgs/cmake/pyrobosim_msgs__rosidl_typesupport_introspection_cExport.cmake
[16.815s] -- Installing: /convince_ws/install/pyrobosim_msgs/share/pyrobosim_msgs/cmake/pyrobosim_msgs__rosidl_typesupport_introspection_cExport-noconfig.cmake
[16.815s] -- Installing: /convince_ws/install/pyrobosim_msgs/share/pyrobosim_msgs/cmake/pyrobosim_msgs__rosidl_typesupport_cExport.cmake
[16.815s] -- Installing: /convince_ws/install/pyrobosim_msgs/share/pyrobosim_msgs/cmake/pyrobosim_msgs__rosidl_typesupport_cExport-noconfig.cmake
[16.815s] -- Installing: /convince_ws/install/pyrobosim_msgs/share/pyrobosim_msgs/cmake/pyrobosim_msgs__rosidl_typesupport_introspection_cppExport.cmake
[16.816s] -- Installing: /convince_ws/install/pyrobosim_msgs/share/pyrobosim_msgs/cmake/pyrobosim_msgs__rosidl_typesupport_introspection_cppExport-noconfig.cmake
[16.816s] -- Installing: /convince_ws/install/pyrobosim_msgs/share/pyrobosim_msgs/cmake/pyrobosim_msgs__rosidl_typesupport_cppExport.cmake
[16.816s] -- Installing: /convince_ws/install/pyrobosim_msgs/share/pyrobosim_msgs/cmake/pyrobosim_msgs__rosidl_typesupport_cppExport-noconfig.cmake
[16.816s] -- Installing: /convince_ws/install/pyrobosim_msgs/share/pyrobosim_msgs/cmake/export_pyrobosim_msgs__rosidl_generator_pyExport.cmake
[16.816s] -- Installing: /convince_ws/install/pyrobosim_msgs/share/pyrobosim_msgs/cmake/export_pyrobosim_msgs__rosidl_generator_pyExport-noconfig.cmake
[16.818s] Invoked command in '/convince_ws/build/pyrobosim_msgs' returned '0': CMAKE_PREFIX_PATH=/opt/ros/jazzy /usr/bin/cmake --install /convince_ws/build/pyrobosim_msgs
